downtime_id,machine_id,production_order_id,start_time,end_time,downtime_minutes,reason,downtime_category
DT000001,MC032,,2025-04-28 16:40:00,2025-04-28 17:34:00,54,Scheduled Maintenance,Planned
DT000002,MC015,PRD0003678,2025-12-16 08:40:00,2025-12-16 10:14:00,94,Mechanical Failure,Unplanned
DT000003,MC001,,2026-05-25 10:40:00,2026-05-25 10:58:00,18,Operator Break,Planned
DT000004,MC001,PRD0019784,2025-08-08 15:40:00,2025-08-08 18:58:00,198,Software/PLC Fault,Unplanned
DT000005,MC036,,2026-02-14 20:50:00,2026-02-14 21:39:00,49,Tooling Change,Planned
DT000006,MC036,PRD0000238,2025-10-10 17:30:00,2025-10-10 18:34:00,64,Tooling Change,Planned
DT000007,MC001,PRD0009656,2026-03-14 19:10:00,2026-03-14 20:39:00,89,Electrical Fault,Unplanned
DT000008,MC014,,2026-06-02 09:50:00,2026-06-02 11:27:00,97,Power Outage,Unplanned
DT000009,MC037,,2026-02-04 10:30:00,2026-02-04 11:15:00,45,Calibration,Planned
DT000010,MC041,PRD0013304,2025-04-15 07:20:00,2025-04-15 07:49:00,29,Material Shortage,Unplanned
DT000011,MC011,PRD0008883,2026-03-05 03:20:00,2026-03-05 05:00:00,100,Electrical Fault,Unplanned
DT000012,MC012,PRD0002417,2026-02-18 09:50:00,2026-02-18 10:31:00,41,Software/PLC Fault,Unplanned
DT000013,MC026,PRD0018449,2026-04-08 21:30:00,2026-04-08 22:18:00,48,Calibration,Planned
DT000014,MC004,PRD0001222,2026-06-14 00:00:00,2026-06-14 00:40:00,40,Calibration,Planned
DT000015,MC020,PRD0017235,2026-01-23 10:00:00,2026-01-23 11:30:00,90,Mechanical Failure,Unplanned
DT000016,MC001,PRD0009691,2025-04-10 12:10:00,2025-04-10 13:11:00,61,Calibration,Planned
DT000017,MC034,PRD0007602,2026-04-20 19:20:00,2026-04-20 19:46:00,26,Power Outage,Unplanned
DT000018,MC032,,2026-05-25 07:30:00,2026-05-25 09:00:00,90,Power Outage,Unplanned
DT000019,MC034,PRD0015138,2026-03-01 18:50:00,2026-03-01 19:31:00,41,Calibration,Planned
DT000020,MC012,,2025-11-27 02:00:00,2025-11-27 02:13:00,13,Power Outage,Unplanned
DT000021,MC002,PRD0014878,2025-11-13 08:40:00,2025-11-13 09:09:00,29,Software/PLC Fault,Unplanned
DT000022,MC037,,2025-08-01 18:40:00,2025-08-01 19:28:00,48,Calibration,Planned
DT000023,MC032,PRD0018159,2026-06-28 11:20:00,2026-06-28 11:59:00,39,Tooling Change,Planned
DT000024,MC045,,2025-09-19 15:30:00,2025-09-19 16:06:00,36,Operator Break,Planned
DT000025,MC031,PRD0016663,2026-06-20 07:40:00,2026-06-20 08:00:00,20,Material Shortage,Unplanned
DT000026,MC023,,2025-01-27 12:40:00,2025-01-27 13:14:00,34,Tooling Change,Planned
DT000027,MC028,,2025-01-21 22:00:00,2025-01-21 22:31:00,31,Electrical Fault,Unplanned
DT000028,MC046,PRD0013742,2025-04-03 08:30:00,2025-04-03 09:27:00,57,Electrical Fault,Unplanned
DT000029,MC046,PRD0015884,2025-09-21 22:40:00,2025-09-21 23:24:00,44,Material Shortage,Unplanned
DT000030,MC041,PRD0019148,2025-10-15 11:30:00,2025-10-15 12:00:00,30,Tooling Change,Planned
DT000031,MC010,,2025-11-21 01:10:00,2025-11-21 02:09:00,59,Tooling Change,Planned
DT000032,MC050,PRD0012946,2025-07-13 19:10:00,2025-07-13 19:41:00,31,Mechanical Failure,Unplanned
DT000033,MC017,PRD0002847,2025-05-17 15:20:00,2025-05-17 16:15:00,55,Power Outage,Unplanned
DT000034,MC013,PRD0015167,2025-07-01 13:20:00,2025-07-01 13:30:00,10,Electrical Fault,Unplanned
DT000035,MC015,,2025-04-22 09:40:00,2025-04-22 10:05:00,25,Electrical Fault,Unplanned
DT000036,MC045,,2025-03-28 00:10:00,2025-03-28 01:16:00,66,Operator Break,Planned
DT000037,MC017,PRD0004018,2025-09-13 08:20:00,2025-09-13 09:14:00,54,Calibration,Planned
DT000038,MC020,,2025-06-29 16:20:00,2025-06-29 16:48:00,28,Tooling Change,Planned
DT000039,MC007,PRD0002906,2025-11-22 13:40:00,2025-11-22 16:20:00,160,Software/PLC Fault,Unplanned
DT000040,MC027,PRD0006394,2025-06-03 21:00:00,2025-06-03 22:07:00,67,Operator Break,Planned
DT000041,MC005,PRD0011412,2025-02-13 00:10:00,2025-02-13 01:05:00,55,Scheduled Maintenance,Planned
DT000042,MC030,PRD0001684,2025-05-11 04:40:00,2025-05-11 04:59:00,19,Power Outage,Unplanned
DT000043,MC034,PRD0014165,2025-12-01 16:10:00,2025-12-01 16:46:00,36,Material Shortage,Unplanned
DT000044,MC042,,2026-03-21 21:10:00,2026-03-21 22:04:00,54,Tooling Change,Planned
DT000045,MC016,,2026-02-21 04:00:00,2026-02-21 04:25:00,25,Material Shortage,Unplanned
DT000046,MC007,,2025-04-29 02:30:00,2025-04-29 03:00:00,30,Calibration,Planned
DT000047,MC012,PRD0000026,2025-04-15 03:00:00,2025-04-15 04:16:00,76,Scheduled Maintenance,Planned
DT000048,MC039,PRD0016296,2025-09-28 12:50:00,2025-09-28 13:35:00,45,Material Shortage,Unplanned
DT000049,MC039,PRD0015672,2025-09-19 11:10:00,2025-09-19 11:38:00,28,Power Outage,Unplanned
DT000050,MC045,PRD0000173,2025-11-15 16:30:00,2025-11-15 18:11:00,101,Mechanical Failure,Unplanned
DT000051,MC032,PRD0003007,2025-12-02 15:40:00,2025-12-02 18:37:00,177,Power Outage,Unplanned
DT000052,MC002,,2025-08-31 13:30:00,2025-08-31 13:56:00,26,Software/PLC Fault,Unplanned
DT000053,MC016,PRD0009595,2026-06-21 15:40:00,2026-06-21 16:47:00,67,Scheduled Maintenance,Planned
DT000054,MC022,PRD0007020,2025-01-16 15:20:00,2025-01-16 15:54:00,34,Material Shortage,Unplanned
DT000055,MC039,,2025-03-09 07:50:00,2025-03-09 08:29:00,39,Tooling Change,Planned
DT000056,MC020,,2025-05-07 10:20:00,2025-05-07 10:35:00,15,Software/PLC Fault,Unplanned
DT000057,MC025,PRD0011692,2025-11-24 10:50:00,2025-11-24 11:41:00,51,Tooling Change,Planned
DT000058,MC042,PRD0017746,2026-04-02 15:30:00,2026-04-02 15:54:00,24,Material Shortage,Unplanned
DT000059,MC004,,2025-11-15 15:10:00,2025-11-15 15:46:00,36,Calibration,Planned
DT000060,MC031,,2025-08-21 04:10:00,2025-08-21 04:57:00,47,Calibration,Planned
DT000061,MC020,,2025-10-04 15:30:00,2025-10-04 15:49:00,19,Power Outage,Unplanned
DT000062,MC045,,2025-04-05 00:40:00,2025-04-05 01:49:00,69,Electrical Fault,Unplanned
DT000063,MC045,PRD0005175,2025-12-01 15:20:00,2025-12-01 15:50:00,30,Electrical Fault,Unplanned
DT000064,MC029,PRD0006400,2025-10-13 03:00:00,2025-10-13 03:35:00,35,Operator Break,Planned
DT000065,MC008,PRD0010112,2025-08-30 01:50:00,2025-08-30 02:51:00,61,Electrical Fault,Unplanned
DT000066,MC028,PRD0017132,2026-04-04 14:40:00,2026-04-04 15:40:00,60,Power Outage,Unplanned
DT000067,MC022,PRD0010212,2025-10-05 16:20:00,2025-10-05 16:52:00,32,Scheduled Maintenance,Planned
DT000068,MC030,PRD0003421,2025-03-03 09:20:00,2025-03-03 09:55:00,35,Tooling Change,Planned
DT000069,MC034,PRD0006911,2025-07-10 16:10:00,2025-07-10 16:53:00,43,Material Shortage,Unplanned
DT000070,MC007,PRD0015311,2025-02-10 04:20:00,2025-02-10 05:28:00,68,Scheduled Maintenance,Planned
DT000071,MC003,PRD0015170,2026-06-18 02:20:00,2026-06-18 03:06:00,46,Operator Break,Planned
DT000072,MC045,PRD0010531,2026-06-17 04:30:00,2026-06-17 05:13:00,43,Material Shortage,Unplanned
DT000073,MC017,PRD0007015,2025-11-30 07:10:00,2025-11-30 08:28:00,78,Operator Break,Planned
DT000074,MC032,PRD0004714,2025-10-28 12:10:00,2025-10-28 12:58:00,48,Power Outage,Unplanned
DT000075,MC042,PRD0007187,2025-02-23 11:40:00,2025-02-23 12:11:00,31,Electrical Fault,Unplanned
DT000076,MC017,PRD0015237,2025-02-26 06:30:00,2025-02-26 07:02:00,32,Operator Break,Planned
DT000077,MC005,,2025-11-28 08:00:00,2025-11-28 08:20:00,20,Operator Break,Planned
DT000078,MC004,,2026-05-05 18:10:00,2026-05-05 19:15:00,65,Scheduled Maintenance,Planned
DT000079,MC045,PRD0000855,2025-01-25 19:30:00,2025-01-25 19:48:00,18,Mechanical Failure,Unplanned
DT000080,MC036,PRD0019101,2026-03-19 11:00:00,2026-03-19 11:48:00,48,Operator Break,Planned
DT000081,MC026,PRD0001132,2026-04-30 13:30:00,2026-04-30 16:18:00,168,Electrical Fault,Unplanned
DT000082,MC037,PRD0004878,2026-05-22 02:50:00,2026-05-22 03:27:00,37,Scheduled Maintenance,Planned
DT000083,MC036,PRD0007997,2025-04-28 11:10:00,2025-04-28 11:22:00,12,Scheduled Maintenance,Planned
DT000084,MC001,,2026-03-02 16:00:00,2026-03-02 17:08:00,68,Operator Break,Planned
DT000085,MC018,PRD0006423,2026-01-29 21:40:00,2026-01-29 22:14:00,34,Scheduled Maintenance,Planned
DT000086,MC003,,2026-04-17 03:30:00,2026-04-17 03:49:00,19,Software/PLC Fault,Unplanned
DT000087,MC021,,2026-06-09 12:00:00,2026-06-09 12:46:00,46,Operator Break,Planned
DT000088,MC002,PRD0005676,2025-02-10 13:50:00,2025-02-10 14:33:00,43,Power Outage,Unplanned
DT000089,MC017,,2025-04-26 01:50:00,2025-04-26 02:06:00,16,Power Outage,Unplanned
DT000090,MC026,,2025-08-01 09:40:00,2025-08-01 10:36:00,56,Software/PLC Fault,Unplanned
DT000091,MC001,PRD0015641,2025-06-06 19:00:00,2025-06-06 19:24:00,24,Power Outage,Unplanned
DT000092,MC003,PRD0003096,2026-05-24 07:50:00,2026-05-24 08:08:00,18,Power Outage,Unplanned
DT000093,MC030,PRD0003670,2026-03-07 08:00:00,2026-03-07 08:37:00,37,Operator Break,Planned
DT000094,MC024,PRD0000687,2025-08-28 07:20:00,2025-08-28 08:08:00,48,Tooling Change,Planned
DT000095,MC014,PRD0019149,2025-11-19 13:50:00,2025-11-19 15:29:00,99,Material Shortage,Unplanned
DT000096,MC032,PRD0005794,2026-01-28 15:10:00,2026-01-28 15:34:00,24,Mechanical Failure,Unplanned
DT000097,MC013,PRD0002727,2025-07-16 00:00:00,2025-07-16 01:05:00,65,Power Outage,Unplanned
DT000098,MC008,PRD0016818,2026-06-18 05:00:00,2026-06-18 05:24:00,24,Operator Break,Planned
DT000099,MC012,PRD0002971,2026-05-13 01:20:00,2026-05-13 03:30:00,130,Mechanical Failure,Unplanned
DT000100,MC023,PRD0015401,2025-09-25 01:00:00,2025-09-25 06:13:00,313,Mechanical Failure,Unplanned
DT000101,MC039,,2025-12-20 11:50:00,2025-12-20 14:33:00,163,Power Outage,Unplanned
DT000102,MC029,PRD0001777,2025-03-22 19:40:00,2025-03-22 20:41:00,61,Tooling Change,Planned
DT000103,MC029,PRD0001537,2025-06-07 21:50:00,2025-06-07 23:03:00,73,Operator Break,Planned
DT000104,MC037,PRD0014881,2025-09-20 00:20:00,2025-09-20 01:44:00,84,Power Outage,Unplanned
DT000105,MC020,PRD0018623,2025-12-11 08:10:00,2025-12-11 09:34:00,84,Software/PLC Fault,Unplanned
DT000106,MC042,,2026-01-15 19:30:00,2026-01-15 20:28:00,58,Electrical Fault,Unplanned
DT000107,MC026,PRD0005598,2026-04-06 13:30:00,2026-04-06 15:31:00,121,Electrical Fault,Unplanned
DT000108,MC009,PRD0003145,2025-01-09 10:10:00,2025-01-09 10:47:00,37,Scheduled Maintenance,Planned
DT000109,MC006,PRD0002876,2025-05-07 00:50:00,2025-05-07 01:11:00,21,Operator Break,Planned
DT000110,MC031,PRD0011398,2025-06-02 05:40:00,2025-06-02 05:52:00,12,Material Shortage,Unplanned
DT000111,MC014,PRD0002786,2025-11-09 14:10:00,2025-11-09 14:48:00,38,Power Outage,Unplanned
DT000112,MC027,PRD0004951,2025-10-25 04:50:00,2025-10-25 05:59:00,69,Calibration,Planned
DT000113,MC012,,2025-12-16 06:00:00,2025-12-16 06:10:00,10,Operator Break,Planned
DT000114,MC009,PRD0004507,2025-07-18 16:40:00,2025-07-18 17:29:00,49,Scheduled Maintenance,Planned
DT000115,MC049,PRD0019038,2026-05-30 13:20:00,2026-05-30 14:01:00,41,Mechanical Failure,Unplanned
DT000116,MC008,PRD0016169,2026-02-07 15:30:00,2026-02-07 15:43:00,13,Scheduled Maintenance,Planned
DT000117,MC044,,2026-02-24 10:00:00,2026-02-24 10:10:00,10,Calibration,Planned
DT000118,MC034,PRD0012411,2026-01-23 18:30:00,2026-01-23 18:40:00,10,Software/PLC Fault,Unplanned
DT000119,MC050,PRD0009156,2025-07-19 19:30:00,2025-07-19 20:52:00,82,Material Shortage,Unplanned
DT000120,MC030,PRD0008399,2026-05-07 15:50:00,2026-05-07 16:41:00,51,Electrical Fault,Unplanned
DT000121,MC014,,2025-12-18 02:50:00,2025-12-18 03:01:00,11,Material Shortage,Unplanned
DT000122,MC040,PRD0009235,2025-03-11 10:20:00,2025-03-11 11:19:00,59,Operator Break,Planned
DT000123,MC012,PRD0017581,2025-04-19 01:40:00,2025-04-19 03:08:00,88,Operator Break,Planned
DT000124,MC024,PRD0004186,2026-03-05 06:10:00,2026-03-05 07:12:00,62,Electrical Fault,Unplanned
DT000125,MC023,PRD0012436,2026-02-26 00:50:00,2026-02-26 01:30:00,40,Software/PLC Fault,Unplanned
DT000126,MC042,PRD0007132,2026-06-20 01:10:00,2026-06-20 01:56:00,46,Mechanical Failure,Unplanned
DT000127,MC002,,2025-05-10 10:10:00,2025-05-10 14:07:00,237,Electrical Fault,Unplanned
DT000128,MC020,PRD0005878,2026-01-24 15:30:00,2026-01-24 16:07:00,37,Tooling Change,Planned
DT000129,MC033,PRD0000788,2026-01-30 00:50:00,2026-01-30 01:49:00,59,Electrical Fault,Unplanned
DT000130,MC022,PRD0011160,2025-09-19 06:40:00,2025-09-19 09:34:00,174,Software/PLC Fault,Unplanned
DT000131,MC030,PRD0013039,2026-01-07 21:40:00,2026-01-08 00:45:00,185,Power Outage,Unplanned
DT000132,MC018,,2026-06-13 18:00:00,2026-06-13 19:21:00,81,Scheduled Maintenance,Planned
DT000133,MC002,PRD0006259,2025-01-22 12:20:00,2025-01-22 14:36:00,136,Material Shortage,Unplanned
DT000134,MC002,,2025-12-21 07:40:00,2025-12-21 13:49:00,369,Software/PLC Fault,Unplanned
DT000135,MC033,PRD0003781,2026-06-15 09:00:00,2026-06-15 09:20:00,20,Tooling Change,Planned
DT000136,MC046,PRD0016064,2025-06-07 18:50:00,2025-06-07 20:13:00,83,Scheduled Maintenance,Planned
DT000137,MC031,,2025-09-08 10:00:00,2025-09-08 10:05:00,5,Power Outage,Unplanned
DT000138,MC003,PRD0016577,2025-10-07 16:00:00,2025-10-07 17:09:00,69,Operator Break,Planned
DT000139,MC043,PRD0009067,2025-11-17 19:40:00,2025-11-17 20:09:00,29,Mechanical Failure,Unplanned
DT000140,MC016,PRD0006735,2025-03-05 22:00:00,2025-03-05 22:23:00,23,Mechanical Failure,Unplanned
DT000141,MC043,,2025-05-06 15:20:00,2025-05-06 15:41:00,21,Material Shortage,Unplanned
DT000142,MC038,PRD0004835,2025-09-15 05:10:00,2025-09-15 06:31:00,81,Mechanical Failure,Unplanned
DT000143,MC043,PRD0004934,2025-02-16 09:40:00,2025-02-16 10:27:00,47,Operator Break,Planned
DT000144,MC008,,2025-10-06 15:10:00,2025-10-06 15:15:00,5,Software/PLC Fault,Unplanned
DT000145,MC025,PRD0002649,2026-06-05 09:30:00,2026-06-05 09:49:00,19,Power Outage,Unplanned
DT000146,MC031,,2026-02-05 14:10:00,2026-02-05 15:19:00,69,Mechanical Failure,Unplanned
DT000147,MC022,PRD0010214,2025-04-11 05:30:00,2025-04-11 06:41:00,71,Power Outage,Unplanned
DT000148,MC031,PRD0002063,2025-02-15 05:50:00,2025-02-15 06:32:00,42,Software/PLC Fault,Unplanned
DT000149,MC042,PRD0012600,2025-01-18 00:10:00,2025-01-18 00:38:00,28,Operator Break,Planned
DT000150,MC022,PRD0000086,2025-01-28 20:10:00,2025-01-28 20:43:00,33,Software/PLC Fault,Unplanned
DT000151,MC016,PRD0009257,2026-04-06 04:40:00,2026-04-06 05:21:00,41,Mechanical Failure,Unplanned
DT000152,MC038,PRD0000229,2025-06-10 14:10:00,2025-06-10 15:04:00,54,Mechanical Failure,Unplanned
DT000153,MC025,PRD0002641,2026-04-16 01:10:00,2026-04-16 01:30:00,20,Calibration,Planned
DT000154,MC008,PRD0011445,2026-02-27 06:00:00,2026-02-27 07:02:00,62,Tooling Change,Planned
DT000155,MC040,PRD0016606,2025-05-08 11:40:00,2025-05-08 12:12:00,32,Tooling Change,Planned
DT000156,MC013,PRD0017435,2025-12-09 19:20:00,2025-12-09 19:39:00,19,Material Shortage,Unplanned
DT000157,MC030,,2026-05-12 12:30:00,2026-05-12 13:18:00,48,Software/PLC Fault,Unplanned
DT000158,MC012,PRD0009832,2025-04-04 02:20:00,2025-04-04 03:12:00,52,Operator Break,Planned
DT000159,MC005,,2025-02-15 20:30:00,2025-02-15 21:21:00,51,Electrical Fault,Unplanned
DT000160,MC011,PRD0007530,2025-09-29 07:30:00,2025-09-29 08:33:00,63,Material Shortage,Unplanned
DT000161,MC019,PRD0005502,2026-04-17 12:40:00,2026-04-17 13:38:00,58,Operator Break,Planned
DT000162,MC011,,2026-02-12 11:30:00,2026-02-12 11:59:00,29,Operator Break,Planned
DT000163,MC001,PRD0011181,2025-01-11 16:10:00,2025-01-11 17:09:00,59,Operator Break,Planned
DT000164,MC022,PRD0006970,2026-01-04 08:00:00,2026-01-04 08:45:00,45,Mechanical Failure,Unplanned
DT000165,MC018,PRD0001830,2025-04-28 01:50:00,2025-04-28 07:45:00,355,Mechanical Failure,Unplanned
DT000166,MC019,PRD0003063,2026-03-22 02:30:00,2026-03-22 10:07:00,457,Mechanical Failure,Unplanned
DT000167,MC011,PRD0019830,2026-06-24 05:50:00,2026-06-24 06:44:00,54,Tooling Change,Planned
DT000168,MC019,PRD0006425,2025-07-13 07:30:00,2025-07-13 07:44:00,14,Operator Break,Planned
DT000169,MC043,PRD0009683,2025-01-11 08:10:00,2025-01-11 09:16:00,66,Software/PLC Fault,Unplanned
DT000170,MC026,PRD0006444,2025-03-19 19:00:00,2025-03-19 20:10:00,70,Scheduled Maintenance,Planned
DT000171,MC001,PRD0005616,2025-10-21 12:20:00,2025-10-21 13:55:00,95,Software/PLC Fault,Unplanned
DT000172,MC022,PRD0003395,2026-04-24 00:40:00,2026-04-24 01:33:00,53,Software/PLC Fault,Unplanned
DT000173,MC017,PRD0013508,2025-07-20 16:40:00,2025-07-20 17:02:00,22,Tooling Change,Planned
DT000174,MC035,,2026-01-15 19:10:00,2026-01-15 19:30:00,20,Operator Break,Planned
DT000175,MC037,PRD0001459,2025-06-17 20:30:00,2025-06-17 21:18:00,48,Software/PLC Fault,Unplanned
DT000176,MC048,PRD0003461,2025-10-14 19:20:00,2025-10-14 19:39:00,19,Mechanical Failure,Unplanned
DT000177,MC018,PRD0004779,2026-04-28 03:40:00,2026-04-28 04:44:00,64,Calibration,Planned
DT000178,MC027,PRD0006080,2025-07-15 12:20:00,2025-07-15 13:14:00,54,Software/PLC Fault,Unplanned
DT000179,MC025,PRD0011434,2025-07-16 04:10:00,2025-07-16 04:31:00,21,Mechanical Failure,Unplanned
DT000180,MC022,PRD0001794,2025-12-12 08:10:00,2025-12-12 09:23:00,73,Mechanical Failure,Unplanned
DT000181,MC001,,2025-09-25 18:10:00,2025-09-25 18:57:00,47,Scheduled Maintenance,Planned
DT000182,MC017,PRD0003995,2026-04-19 21:10:00,2026-04-19 21:52:00,42,Material Shortage,Unplanned
DT000183,MC012,PRD0008038,2026-03-14 13:10:00,2026-03-14 13:40:00,30,Operator Break,Planned
DT000184,MC040,PRD0019535,2026-05-28 09:00:00,2026-05-28 10:10:00,70,Scheduled Maintenance,Planned
DT000185,MC019,,2026-02-08 18:20:00,2026-02-08 19:08:00,48,Power Outage,Unplanned
DT000186,MC047,PRD0012937,2026-06-14 09:30:00,2026-06-14 10:34:00,64,Scheduled Maintenance,Planned
DT000187,MC025,,2026-03-13 11:40:00,2026-03-13 11:58:00,18,Software/PLC Fault,Unplanned
DT000188,MC010,PRD0003473,2025-10-21 04:40:00,2025-10-21 05:39:00,59,Scheduled Maintenance,Planned
DT000189,MC027,PRD0004290,2025-11-13 07:00:00,2025-11-13 08:28:00,88,Electrical Fault,Unplanned
DT000190,MC033,PRD0006007,2025-10-10 09:20:00,2025-10-10 10:01:00,41,Calibration,Planned
DT000191,MC010,PRD0019648,2025-08-11 07:00:00,2025-08-11 07:49:00,49,Material Shortage,Unplanned
DT000192,MC001,PRD0015477,2025-12-20 15:00:00,2025-12-20 15:45:00,45,Tooling Change,Planned
DT000193,MC004,,2025-02-28 01:00:00,2025-02-28 01:16:00,16,Electrical Fault,Unplanned
DT000194,MC040,PRD0003516,2025-07-27 11:50:00,2025-07-27 12:29:00,39,Electrical Fault,Unplanned
DT000195,MC032,PRD0002993,2026-03-24 22:00:00,2026-03-24 22:49:00,49,Electrical Fault,Unplanned
DT000196,MC009,,2025-05-05 17:10:00,2025-05-05 17:39:00,29,Electrical Fault,Unplanned
DT000197,MC027,,2025-06-08 16:20:00,2025-06-08 17:50:00,90,Power Outage,Unplanned
DT000198,MC027,PRD0012705,2025-01-10 05:10:00,2025-01-10 07:31:00,141,Software/PLC Fault,Unplanned
DT000199,MC003,PRD0019797,2026-02-16 19:40:00,2026-02-16 20:26:00,46,Software/PLC Fault,Unplanned
DT000200,MC046,,2026-02-17 10:20:00,2026-02-17 10:55:00,35,Tooling Change,Planned
DT000201,MC023,PRD0019966,2025-02-11 13:50:00,2025-02-11 15:02:00,72,Operator Break,Planned
DT000202,MC003,,2026-04-03 12:10:00,2026-04-03 12:39:00,29,Scheduled Maintenance,Planned
DT000203,MC045,,2026-06-16 01:00:00,2026-06-16 01:24:00,24,Scheduled Maintenance,Planned
DT000204,MC012,,2025-04-09 03:20:00,2025-04-09 03:30:00,10,Tooling Change,Planned
DT000205,MC013,PRD0006267,2025-11-10 14:50:00,2025-11-10 15:14:00,24,Mechanical Failure,Unplanned
DT000206,MC010,PRD0018718,2025-11-04 20:20:00,2025-11-04 21:44:00,84,Tooling Change,Planned
DT000207,MC015,,2026-02-17 12:20:00,2026-02-17 13:06:00,46,Tooling Change,Planned
DT000208,MC011,PRD0002611,2026-06-16 05:20:00,2026-06-16 06:13:00,53,Operator Break,Planned
DT000209,MC050,PRD0017549,2025-06-05 16:20:00,2025-06-05 16:29:00,9,Material Shortage,Unplanned
DT000210,MC043,PRD0005510,2025-01-26 04:30:00,2025-01-26 04:49:00,19,Software/PLC Fault,Unplanned
DT000211,MC047,PRD0011414,2025-04-02 16:40:00,2025-04-02 17:03:00,23,Mechanical Failure,Unplanned
DT000212,MC035,PRD0000298,2025-08-30 02:00:00,2025-08-30 02:20:00,20,Calibration,Planned
DT000213,MC022,PRD0007551,2025-11-13 02:50:00,2025-11-13 03:59:00,69,Material Shortage,Unplanned
DT000214,MC008,PRD0013449,2025-01-21 16:50:00,2025-01-21 17:21:00,31,Mechanical Failure,Unplanned
DT000215,MC046,PRD0004600,2025-05-07 04:10:00,2025-05-07 04:18:00,8,Software/PLC Fault,Unplanned
DT000216,MC006,,2025-01-15 14:20:00,2025-01-15 14:33:00,13,Material Shortage,Unplanned
DT000217,MC038,,2025-04-21 00:20:00,2025-04-21 01:05:00,45,Material Shortage,Unplanned
DT000218,MC040,,2025-09-07 04:00:00,2025-09-07 04:13:00,13,Mechanical Failure,Unplanned
DT000219,MC045,,2026-03-01 03:30:00,2026-03-01 04:34:00,64,Power Outage,Unplanned
DT000220,MC050,PRD0012431,2025-08-02 15:50:00,2025-08-02 17:07:00,77,Tooling Change,Planned
DT000221,MC023,PRD0009635,2026-02-21 22:20:00,2026-02-21 23:34:00,74,Tooling Change,Planned
DT000222,MC050,PRD0018454,2025-12-11 01:00:00,2025-12-11 01:07:00,7,Software/PLC Fault,Unplanned
DT000223,MC006,PRD0014299,2026-04-04 14:40:00,2026-04-04 14:58:00,18,Tooling Change,Planned
DT000224,MC049,,2025-09-30 10:00:00,2025-09-30 11:01:00,61,Operator Break,Planned
DT000225,MC049,PRD0018571,2025-10-01 09:00:00,2025-10-01 10:02:00,62,Operator Break,Planned
DT000226,MC010,,2026-04-13 18:30:00,2026-04-13 19:38:00,68,Scheduled Maintenance,Planned
DT000227,MC047,PRD0002658,2026-05-24 05:40:00,2026-05-24 06:26:00,46,Operator Break,Planned
DT000228,MC038,PRD0004106,2025-09-11 22:30:00,2025-09-11 23:40:00,70,Tooling Change,Planned
DT000229,MC046,PRD0012392,2026-01-13 16:20:00,2026-01-13 17:15:00,55,Scheduled Maintenance,Planned
DT000230,MC023,PRD0019191,2026-03-03 21:10:00,2026-03-03 21:42:00,32,Calibration,Planned
DT000231,MC036,PRD0003655,2025-02-27 14:10:00,2025-02-27 16:00:00,110,Material Shortage,Unplanned
DT000232,MC028,PRD0009206,2025-10-12 11:30:00,2025-10-12 12:42:00,72,Power Outage,Unplanned
DT000233,MC007,PRD0017478,2025-12-14 11:00:00,2025-12-14 12:22:00,82,Mechanical Failure,Unplanned
DT000234,MC039,PRD0000977,2026-04-26 14:20:00,2026-04-26 14:55:00,35,Mechanical Failure,Unplanned
DT000235,MC032,PRD0011911,2025-12-12 06:10:00,2025-12-12 06:28:00,18,Power Outage,Unplanned
DT000236,MC023,PRD0019245,2025-07-27 03:40:00,2025-07-27 04:26:00,46,Electrical Fault,Unplanned
DT000237,MC011,PRD0010722,2026-06-30 16:30:00,2026-06-30 18:10:00,100,Software/PLC Fault,Unplanned
DT000238,MC041,PRD0019012,2025-05-09 21:00:00,2025-05-09 22:24:00,84,Electrical Fault,Unplanned
DT000239,MC047,PRD0004466,2026-03-13 15:40:00,2026-03-13 16:51:00,71,Tooling Change,Planned
DT000240,MC049,,2025-05-02 15:40:00,2025-05-02 16:56:00,76,Electrical Fault,Unplanned
DT000241,MC020,PRD0012821,2025-10-13 22:30:00,2025-10-13 22:50:00,20,Software/PLC Fault,Unplanned
DT000242,MC022,,2026-02-27 10:20:00,2026-02-27 11:16:00,56,Material Shortage,Unplanned
DT000243,MC006,PRD0009225,2025-01-23 14:50:00,2025-01-23 15:05:00,15,Tooling Change,Planned
DT000244,MC047,,2025-12-14 16:30:00,2025-12-14 17:03:00,33,Power Outage,Unplanned
DT000245,MC040,PRD0003447,2025-08-01 08:10:00,2025-08-01 09:18:00,68,Material Shortage,Unplanned
DT000246,MC049,PRD0002861,2025-07-09 10:20:00,2025-07-09 10:51:00,31,Power Outage,Unplanned
DT000247,MC046,PRD0013789,2026-04-28 15:10:00,2026-04-28 15:35:00,25,Scheduled Maintenance,Planned
DT000248,MC030,PRD0011408,2025-09-06 02:30:00,2025-09-06 02:45:00,15,Electrical Fault,Unplanned
DT000249,MC047,,2025-02-01 12:10:00,2025-02-01 12:23:00,13,Material Shortage,Unplanned
DT000250,MC018,,2025-12-29 13:10:00,2025-12-29 13:33:00,23,Tooling Change,Planned
DT000251,MC001,PRD0018871,2026-06-01 16:40:00,2026-06-01 17:20:00,40,Calibration,Planned
DT000252,MC041,PRD0009809,2025-08-09 16:40:00,2025-08-09 17:28:00,48,Electrical Fault,Unplanned
DT000253,MC042,PRD0019040,2026-04-06 22:10:00,2026-04-07 00:01:00,111,Material Shortage,Unplanned
DT000254,MC003,,2026-03-23 09:30:00,2026-03-23 10:30:00,60,Scheduled Maintenance,Planned
DT000255,MC008,PRD0016229,2025-09-20 02:10:00,2025-09-20 04:07:00,117,Mechanical Failure,Unplanned
DT000256,MC050,PRD0013600,2025-03-08 05:20:00,2025-03-08 05:30:00,10,Tooling Change,Planned
DT000257,MC018,PRD0012571,2025-06-17 18:20:00,2025-06-17 19:53:00,93,Tooling Change,Planned
DT000258,MC003,PRD0014428,2025-05-18 14:50:00,2025-05-18 15:44:00,54,Scheduled Maintenance,Planned
DT000259,MC030,,2026-06-04 01:50:00,2026-06-04 04:20:00,150,Power Outage,Unplanned
DT000260,MC017,,2025-02-03 07:50:00,2025-02-03 09:29:00,99,Material Shortage,Unplanned
DT000261,MC021,PRD0011051,2025-05-28 21:40:00,2025-05-28 22:01:00,21,Mechanical Failure,Unplanned
DT000262,MC029,PRD0002825,2026-05-25 07:10:00,2026-05-25 07:58:00,48,Operator Break,Planned
DT000263,MC044,PRD0014465,2026-06-21 19:40:00,2026-06-21 20:07:00,27,Power Outage,Unplanned
DT000264,MC011,PRD0011615,2025-10-20 01:50:00,2025-10-20 02:13:00,23,Operator Break,Planned
DT000265,MC033,,2025-11-17 12:00:00,2025-11-17 12:10:00,10,Calibration,Planned
DT000266,MC047,,2026-06-09 04:50:00,2026-06-09 05:27:00,37,Operator Break,Planned
DT000267,MC027,,2025-02-03 04:10:00,2025-02-03 04:52:00,42,Scheduled Maintenance,Planned
DT000268,MC015,PRD0001402,2025-07-21 05:40:00,2025-07-21 06:08:00,28,Power Outage,Unplanned
DT000269,MC018,PRD0010945,2025-09-19 20:20:00,2025-09-19 20:42:00,22,Scheduled Maintenance,Planned
DT000270,MC041,PRD0004565,2025-10-25 00:20:00,2025-10-25 00:56:00,36,Tooling Change,Planned
DT000271,MC016,,2025-04-24 01:40:00,2025-04-24 02:34:00,54,Operator Break,Planned
DT000272,MC003,,2026-01-28 02:00:00,2026-01-28 02:24:00,24,Material Shortage,Unplanned
DT000273,MC031,,2025-04-16 12:00:00,2025-04-16 12:40:00,40,Electrical Fault,Unplanned
DT000274,MC017,,2025-10-26 11:20:00,2025-10-26 12:06:00,46,Scheduled Maintenance,Planned
DT000275,MC047,PRD0001506,2025-01-17 02:20:00,2025-01-17 02:55:00,35,Scheduled Maintenance,Planned
DT000276,MC002,PRD0014617,2026-04-17 12:10:00,2026-04-17 12:32:00,22,Mechanical Failure,Unplanned
DT000277,MC024,PRD0013308,2026-06-06 14:50:00,2026-06-06 15:17:00,27,Electrical Fault,Unplanned
DT000278,MC012,,2025-10-17 20:20:00,2025-10-17 20:45:00,25,Scheduled Maintenance,Planned
DT000279,MC004,,2025-08-19 04:50:00,2025-08-19 06:00:00,70,Software/PLC Fault,Unplanned
DT000280,MC001,PRD0016555,2025-11-04 14:50:00,2025-11-05 00:50:00,600,Material Shortage,Unplanned
DT000281,MC021,PRD0009679,2025-07-19 21:00:00,2025-07-19 21:19:00,19,Software/PLC Fault,Unplanned
DT000282,MC037,,2026-05-30 21:50:00,2026-05-30 22:12:00,22,Mechanical Failure,Unplanned
DT000283,MC004,PRD0009385,2025-05-26 03:20:00,2025-05-26 04:05:00,45,Tooling Change,Planned
DT000284,MC026,PRD0012781,2026-01-15 12:30:00,2026-01-15 12:35:00,5,Electrical Fault,Unplanned
DT000285,MC041,PRD0017834,2025-09-19 05:40:00,2025-09-19 06:58:00,78,Calibration,Planned
DT000286,MC002,,2026-02-07 03:20:00,2026-02-07 04:36:00,76,Mechanical Failure,Unplanned
DT000287,MC001,,2025-10-06 03:00:00,2025-10-06 03:40:00,40,Material Shortage,Unplanned
DT000288,MC006,PRD0001471,2025-06-13 15:50:00,2025-06-13 16:19:00,29,Power Outage,Unplanned
DT000289,MC013,PRD0015026,2026-05-26 11:20:00,2026-05-26 13:14:00,114,Power Outage,Unplanned
DT000290,MC007,,2025-09-28 16:00:00,2025-09-28 17:27:00,87,Software/PLC Fault,Unplanned
DT000291,MC030,PRD0019547,2026-05-30 07:30:00,2026-05-30 08:17:00,47,Power Outage,Unplanned
DT000292,MC021,PRD0011016,2025-04-10 15:40:00,2025-04-10 16:03:00,23,Scheduled Maintenance,Planned
DT000293,MC025,PRD0005634,2025-12-17 10:20:00,2025-12-17 16:24:00,364,Software/PLC Fault,Unplanned
DT000294,MC035,,2026-01-24 02:50:00,2026-01-24 05:02:00,132,Electrical Fault,Unplanned
DT000295,MC044,PRD0008601,2025-11-30 03:40:00,2025-11-30 04:46:00,66,Scheduled Maintenance,Planned
DT000296,MC025,PRD0000458,2025-08-31 13:30:00,2025-08-31 13:40:00,10,Material Shortage,Unplanned
DT000297,MC028,PRD0019789,2025-05-28 21:10:00,2025-05-28 22:48:00,98,Power Outage,Unplanned
DT000298,MC035,PRD0003815,2026-06-07 13:10:00,2026-06-07 13:33:00,23,Software/PLC Fault,Unplanned
DT000299,MC004,PRD0019433,2025-09-10 02:30:00,2025-09-10 03:02:00,32,Operator Break,Planned
DT000300,MC021,PRD0018878,2026-01-15 08:40:00,2026-01-15 09:30:00,50,Scheduled Maintenance,Planned
DT000301,MC027,PRD0010739,2025-06-06 04:30:00,2025-06-06 05:11:00,41,Tooling Change,Planned
DT000302,MC004,PRD0005729,2025-07-03 10:50:00,2025-07-03 11:59:00,69,Material Shortage,Unplanned
DT000303,MC049,,2025-01-08 17:50:00,2025-01-08 19:10:00,80,Calibration,Planned
DT000304,MC035,PRD0012267,2026-04-22 04:40:00,2026-04-22 05:31:00,51,Scheduled Maintenance,Planned
DT000305,MC040,PRD0009391,2026-03-11 21:40:00,2026-03-11 22:29:00,49,Software/PLC Fault,Unplanned
DT000306,MC028,PRD0011783,2025-05-31 08:30:00,2025-05-31 09:00:00,30,Calibration,Planned
DT000307,MC048,PRD0002313,2025-02-02 05:00:00,2025-02-02 05:59:00,59,Software/PLC Fault,Unplanned
DT000308,MC011,PRD0017857,2025-06-15 12:40:00,2025-06-15 13:08:00,28,Tooling Change,Planned
DT000309,MC001,,2025-05-07 17:00:00,2025-05-07 17:58:00,58,Mechanical Failure,Unplanned
DT000310,MC026,PRD0006593,2025-05-03 11:40:00,2025-05-03 11:53:00,13,Power Outage,Unplanned
DT000311,MC019,PRD0019583,2026-03-01 14:50:00,2026-03-01 16:03:00,73,Power Outage,Unplanned
DT000312,MC013,PRD0015070,2025-10-11 14:40:00,2025-10-11 15:03:00,23,Electrical Fault,Unplanned
DT000313,MC017,PRD0019669,2026-01-19 06:00:00,2026-01-19 06:33:00,33,Operator Break,Planned
DT000314,MC024,,2026-04-22 09:50:00,2026-04-22 10:16:00,26,Electrical Fault,Unplanned
DT000315,MC012,PRD0014598,2026-02-21 10:20:00,2026-02-21 11:01:00,41,Power Outage,Unplanned
DT000316,MC019,,2026-05-20 09:00:00,2026-05-20 09:39:00,39,Software/PLC Fault,Unplanned
DT000317,MC011,PRD0004210,2025-08-16 00:50:00,2025-08-16 01:40:00,50,Operator Break,Planned
DT000318,MC016,PRD0002936,2025-06-05 18:00:00,2025-06-05 20:46:00,166,Power Outage,Unplanned
DT000319,MC039,PRD0003651,2025-04-29 10:50:00,2025-04-29 11:17:00,27,Electrical Fault,Unplanned
DT000320,MC041,,2025-12-07 01:30:00,2025-12-07 01:58:00,28,Calibration,Planned
DT000321,MC048,PRD0012232,2025-01-13 17:00:00,2025-01-13 17:36:00,36,Scheduled Maintenance,Planned
DT000322,MC011,,2026-05-15 14:40:00,2026-05-15 16:04:00,84,Software/PLC Fault,Unplanned
DT000323,MC018,,2025-12-29 10:40:00,2025-12-29 11:09:00,29,Mechanical Failure,Unplanned
DT000324,MC019,PRD0010459,2026-06-26 04:20:00,2026-06-26 04:33:00,13,Electrical Fault,Unplanned
DT000325,MC041,PRD0010738,2026-05-08 15:00:00,2026-05-08 22:29:00,449,Software/PLC Fault,Unplanned
DT000326,MC029,,2025-07-10 00:40:00,2025-07-10 01:08:00,28,Operator Break,Planned
DT000327,MC013,PRD0018717,2025-07-13 19:00:00,2025-07-13 20:01:00,61,Electrical Fault,Unplanned
DT000328,MC017,PRD0019409,2026-01-02 01:20:00,2026-01-02 02:32:00,72,Material Shortage,Unplanned
DT000329,MC003,PRD0017489,2025-02-01 18:40:00,2025-02-01 19:47:00,67,Power Outage,Unplanned
DT000330,MC002,PRD0014420,2026-06-18 13:40:00,2026-06-18 14:47:00,67,Electrical Fault,Unplanned
DT000331,MC047,PRD0019121,2025-11-11 07:00:00,2025-11-11 08:18:00,78,Calibration,Planned
DT000332,MC044,,2026-04-17 18:00:00,2026-04-17 18:51:00,51,Operator Break,Planned
DT000333,MC025,,2025-10-11 03:20:00,2025-10-11 04:58:00,98,Power Outage,Unplanned
DT000334,MC006,PRD0011245,2025-03-04 04:30:00,2025-03-04 05:14:00,44,Electrical Fault,Unplanned
DT000335,MC009,PRD0001494,2025-11-20 12:00:00,2025-11-20 12:18:00,18,Mechanical Failure,Unplanned
DT000336,MC012,,2025-07-01 00:50:00,2025-07-01 01:25:00,35,Software/PLC Fault,Unplanned
DT000337,MC034,PRD0016826,2025-11-16 06:30:00,2025-11-16 09:09:00,159,Material Shortage,Unplanned
DT000338,MC023,PRD0019245,2025-07-27 11:30:00,2025-07-27 12:12:00,42,Calibration,Planned
DT000339,MC008,PRD0011706,2025-07-21 06:00:00,2025-07-21 06:51:00,51,Scheduled Maintenance,Planned
DT000340,MC041,PRD0001799,2025-09-05 10:20:00,2025-09-05 11:00:00,40,Material Shortage,Unplanned
DT000341,MC045,PRD0015101,2025-08-04 01:30:00,2025-08-04 03:08:00,98,Software/PLC Fault,Unplanned
DT000342,MC039,PRD0010669,2025-12-29 16:20:00,2025-12-29 16:56:00,36,Calibration,Planned
DT000343,MC035,PRD0012060,2025-06-22 17:30:00,2025-06-22 17:58:00,28,Mechanical Failure,Unplanned
DT000344,MC018,PRD0007110,2026-04-23 20:20:00,2026-04-23 20:49:00,29,Material Shortage,Unplanned
DT000345,MC018,PRD0001136,2025-03-18 11:10:00,2025-03-18 11:40:00,30,Mechanical Failure,Unplanned
DT000346,MC037,PRD0013468,2025-09-03 18:50:00,2025-09-03 19:19:00,29,Material Shortage,Unplanned
DT000347,MC020,,2025-12-07 14:00:00,2025-12-07 15:25:00,85,Scheduled Maintenance,Planned
DT000348,MC002,,2026-03-31 07:10:00,2026-03-31 07:51:00,41,Software/PLC Fault,Unplanned
DT000349,MC039,PRD0015301,2026-01-31 21:00:00,2026-01-31 21:30:00,30,Operator Break,Planned
DT000350,MC006,PRD0016849,2025-05-03 06:50:00,2025-05-03 07:41:00,51,Software/PLC Fault,Unplanned
DT000351,MC029,,2025-04-01 10:50:00,2025-04-01 11:47:00,57,Mechanical Failure,Unplanned
DT000352,MC016,PRD0001338,2025-11-01 03:30:00,2025-11-01 05:03:00,93,Material Shortage,Unplanned
DT000353,MC045,PRD0000877,2025-05-11 12:20:00,2025-05-11 12:55:00,35,Scheduled Maintenance,Planned
DT000354,MC036,,2026-04-03 16:50:00,2026-04-03 16:58:00,8,Software/PLC Fault,Unplanned
DT000355,MC029,PRD0006340,2025-06-11 20:40:00,2025-06-11 21:13:00,33,Tooling Change,Planned
DT000356,MC031,,2025-01-03 10:30:00,2025-01-03 11:43:00,73,Scheduled Maintenance,Planned
DT000357,MC013,PRD0003938,2025-08-10 02:00:00,2025-08-10 03:00:00,60,Electrical Fault,Unplanned
DT000358,MC047,PRD0012936,2025-03-07 00:30:00,2025-03-07 00:57:00,27,Material Shortage,Unplanned
DT000359,MC019,PRD0007471,2025-02-17 19:00:00,2025-02-17 21:03:00,123,Electrical Fault,Unplanned
DT000360,MC019,PRD0009877,2025-07-19 00:40:00,2025-07-19 02:05:00,85,Tooling Change,Planned
DT000361,MC008,,2025-09-08 21:30:00,2025-09-08 22:01:00,31,Calibration,Planned
DT000362,MC017,,2025-07-12 18:50:00,2025-07-12 19:10:00,20,Scheduled Maintenance,Planned
DT000363,MC045,PRD0008770,2026-03-16 21:20:00,2026-03-16 21:33:00,13,Material Shortage,Unplanned
DT000364,MC018,PRD0001392,2025-03-14 17:20:00,2025-03-14 17:57:00,37,Mechanical Failure,Unplanned
DT000365,MC033,,2025-10-27 20:40:00,2025-10-27 21:29:00,49,Tooling Change,Planned
DT000366,MC004,PRD0005156,2025-04-28 00:20:00,2025-04-28 00:51:00,31,Scheduled Maintenance,Planned
DT000367,MC031,PRD0004240,2025-04-07 17:30:00,2025-04-07 17:54:00,24,Material Shortage,Unplanned
DT000368,MC011,,2026-06-10 19:30:00,2026-06-10 20:12:00,42,Mechanical Failure,Unplanned
DT000369,MC016,PRD0012807,2025-04-21 05:10:00,2025-04-21 05:51:00,41,Mechanical Failure,Unplanned
DT000370,MC040,,2025-11-27 09:50:00,2025-11-27 10:19:00,29,Software/PLC Fault,Unplanned
DT000371,MC024,PRD0003391,2025-10-07 21:10:00,2025-10-07 21:20:00,10,Electrical Fault,Unplanned
DT000372,MC003,PRD0000419,2025-02-10 19:40:00,2025-02-10 20:20:00,40,Operator Break,Planned
DT000373,MC017,PRD0003641,2025-09-18 05:00:00,2025-09-18 05:46:00,46,Operator Break,Planned
DT000374,MC013,PRD0000634,2025-12-20 13:20:00,2025-12-20 13:52:00,32,Tooling Change,Planned
DT000375,MC031,,2026-02-28 20:20:00,2026-02-28 21:15:00,55,Material Shortage,Unplanned
DT000376,MC009,,2025-03-21 07:30:00,2025-03-21 08:37:00,67,Scheduled Maintenance,Planned
DT000377,MC003,PRD0010203,2025-07-11 16:20:00,2025-07-11 17:07:00,47,Scheduled Maintenance,Planned
DT000378,MC036,PRD0017232,2025-04-23 20:50:00,2025-04-23 21:27:00,37,Scheduled Maintenance,Planned
DT000379,MC048,PRD0009855,2025-08-21 17:40:00,2025-08-21 19:06:00,86,Electrical Fault,Unplanned
DT000380,MC005,PRD0019986,2025-01-02 08:20:00,2025-01-02 09:25:00,65,Mechanical Failure,Unplanned
DT000381,MC005,PRD0017990,2026-03-30 13:20:00,2026-03-30 14:30:00,70,Mechanical Failure,Unplanned
DT000382,MC016,PRD0019760,2025-07-13 18:20:00,2025-07-13 19:24:00,64,Calibration,Planned
DT000383,MC004,PRD0000172,2026-01-28 07:10:00,2026-01-28 07:31:00,21,Electrical Fault,Unplanned
DT000384,MC023,,2025-06-06 00:10:00,2025-06-06 00:34:00,24,Calibration,Planned
DT000385,MC003,PRD0011272,2025-03-27 08:20:00,2025-03-27 09:15:00,55,Scheduled Maintenance,Planned
DT000386,MC015,PRD0014460,2025-03-05 22:40:00,2025-03-05 22:50:00,10,Power Outage,Unplanned
DT000387,MC025,PRD0018826,2026-05-19 17:50:00,2026-05-19 18:34:00,44,Calibration,Planned
DT000388,MC031,,2025-01-22 10:30:00,2025-01-22 10:45:00,15,Tooling Change,Planned
DT000389,MC036,PRD0007466,2025-02-04 03:10:00,2025-02-04 03:55:00,45,Calibration,Planned
DT000390,MC006,PRD0000504,2025-12-19 21:50:00,2025-12-19 22:13:00,23,Power Outage,Unplanned
DT000391,MC027,PRD0016588,2025-01-22 08:10:00,2025-01-22 08:24:00,14,Electrical Fault,Unplanned
DT000392,MC044,PRD0001211,2026-05-21 08:40:00,2026-05-21 09:31:00,51,Software/PLC Fault,Unplanned
DT000393,MC026,PRD0015821,2026-01-15 20:40:00,2026-01-15 22:17:00,97,Material Shortage,Unplanned
DT000394,MC020,,2026-04-22 13:20:00,2026-04-22 13:40:00,20,Software/PLC Fault,Unplanned
DT000395,MC038,,2025-02-14 10:20:00,2025-02-14 11:38:00,78,Software/PLC Fault,Unplanned
DT000396,MC005,,2025-02-08 22:40:00,2025-02-08 23:05:00,25,Scheduled Maintenance,Planned
DT000397,MC010,PRD0008849,2026-06-09 09:10:00,2026-06-09 09:35:00,25,Software/PLC Fault,Unplanned
DT000398,MC019,PRD0008558,2025-07-11 05:50:00,2025-07-11 06:43:00,53,Operator Break,Planned
DT000399,MC026,PRD0017257,2025-08-17 22:20:00,2025-08-18 03:35:00,315,Material Shortage,Unplanned
DT000400,MC018,,2026-02-15 09:40:00,2026-02-15 09:59:00,19,Software/PLC Fault,Unplanned
DT000401,MC009,,2026-02-21 19:00:00,2026-02-21 19:10:00,10,Calibration,Planned
DT000402,MC008,,2025-03-10 12:10:00,2025-03-10 12:40:00,30,Operator Break,Planned
DT000403,MC032,PRD0010842,2025-04-02 20:40:00,2025-04-02 21:42:00,62,Scheduled Maintenance,Planned
DT000404,MC035,PRD0008408,2025-02-14 06:10:00,2025-02-14 07:10:00,60,Operator Break,Planned
DT000405,MC024,,2025-10-02 04:20:00,2025-10-02 04:50:00,30,Mechanical Failure,Unplanned
DT000406,MC044,PRD0016157,2025-05-25 15:20:00,2025-05-25 16:17:00,57,Operator Break,Planned
DT000407,MC031,PRD0014363,2026-06-24 02:30:00,2026-06-24 02:48:00,18,Electrical Fault,Unplanned
DT000408,MC033,,2026-02-21 19:30:00,2026-02-21 20:12:00,42,Operator Break,Planned
DT000409,MC046,PRD0016593,2026-02-23 14:30:00,2026-02-23 15:41:00,71,Calibration,Planned
DT000410,MC032,PRD0006489,2025-09-27 17:20:00,2025-09-27 18:04:00,44,Tooling Change,Planned
DT000411,MC020,PRD0004896,2026-04-19 05:40:00,2026-04-19 06:16:00,36,Software/PLC Fault,Unplanned
DT000412,MC013,PRD0018762,2026-06-18 20:00:00,2026-06-18 20:26:00,26,Electrical Fault,Unplanned
DT000413,MC004,PRD0017495,2025-10-22 20:00:00,2025-10-22 20:19:00,19,Material Shortage,Unplanned
DT000414,MC050,,2025-09-05 11:50:00,2025-09-05 12:23:00,33,Scheduled Maintenance,Planned
DT000415,MC043,PRD0013206,2026-05-04 15:20:00,2026-05-04 16:13:00,53,Power Outage,Unplanned
DT000416,MC048,,2025-12-30 22:00:00,2025-12-30 22:45:00,45,Software/PLC Fault,Unplanned
DT000417,MC042,,2025-07-26 14:30:00,2025-07-26 15:24:00,54,Tooling Change,Planned
DT000418,MC011,PRD0010652,2025-09-24 15:40:00,2025-09-24 15:57:00,17,Calibration,Planned
DT000419,MC019,,2025-09-18 13:30:00,2025-09-18 13:58:00,28,Software/PLC Fault,Unplanned
DT000420,MC001,,2026-05-16 20:10:00,2026-05-16 20:32:00,22,Calibration,Planned
DT000421,MC013,PRD0017435,2025-12-09 14:20:00,2025-12-09 15:19:00,59,Electrical Fault,Unplanned
DT000422,MC050,,2025-12-02 22:50:00,2025-12-02 23:53:00,63,Tooling Change,Planned
DT000423,MC018,,2025-11-21 12:00:00,2025-11-21 12:38:00,38,Tooling Change,Planned
DT000424,MC004,PRD0011123,2026-03-03 21:00:00,2026-03-03 21:49:00,49,Power Outage,Unplanned
DT000425,MC021,PRD0006683,2025-02-11 07:00:00,2025-02-11 09:32:00,152,Power Outage,Unplanned
DT000426,MC040,PRD0018564,2026-03-07 05:10:00,2026-03-07 06:23:00,73,Power Outage,Unplanned
DT000427,MC011,PRD0004206,2025-02-05 08:30:00,2025-02-05 09:27:00,57,Software/PLC Fault,Unplanned
DT000428,MC004,PRD0003095,2025-07-21 02:50:00,2025-07-21 03:22:00,32,Mechanical Failure,Unplanned
DT000429,MC020,PRD0005363,2026-02-26 09:30:00,2026-02-26 09:37:00,7,Power Outage,Unplanned
DT000430,MC012,PRD0010698,2026-06-06 03:10:00,2026-06-06 03:30:00,20,Operator Break,Planned
DT000431,MC010,PRD0014809,2025-01-10 02:10:00,2025-01-10 03:09:00,59,Operator Break,Planned
DT000432,MC024,,2026-02-19 09:10:00,2026-02-19 13:35:00,265,Electrical Fault,Unplanned
DT000433,MC026,,2025-09-09 14:00:00,2025-09-09 14:48:00,48,Power Outage,Unplanned
DT000434,MC004,PRD0002438,2026-05-09 10:10:00,2026-05-09 11:20:00,70,Calibration,Planned
DT000435,MC020,,2025-08-29 09:40:00,2025-08-29 10:25:00,45,Calibration,Planned
DT000436,MC007,,2025-09-01 02:40:00,2025-09-01 03:08:00,28,Scheduled Maintenance,Planned
DT000437,MC038,,2025-03-12 02:30:00,2025-03-12 03:09:00,39,Software/PLC Fault,Unplanned
DT000438,MC021,PRD0008835,2025-05-17 07:40:00,2025-05-17 08:42:00,62,Calibration,Planned
DT000439,MC031,PRD0014231,2025-02-07 11:30:00,2025-02-07 13:01:00,91,Mechanical Failure,Unplanned
DT000440,MC044,,2026-05-17 13:00:00,2026-05-17 13:34:00,34,Power Outage,Unplanned
DT000441,MC001,,2026-06-30 10:00:00,2026-06-30 13:30:00,210,Material Shortage,Unplanned
DT000442,MC049,PRD0018657,2025-10-20 20:50:00,2025-10-20 21:07:00,17,Scheduled Maintenance,Planned
DT000443,MC049,PRD0013563,2025-11-22 04:40:00,2025-11-22 05:24:00,44,Scheduled Maintenance,Planned
DT000444,MC013,,2025-04-09 20:30:00,2025-04-09 21:22:00,52,Scheduled Maintenance,Planned
DT000445,MC004,PRD0011442,2025-05-09 20:50:00,2025-05-10 02:19:00,329,Material Shortage,Unplanned
DT000446,MC046,PRD0011710,2025-08-03 22:20:00,2025-08-03 22:50:00,30,Operator Break,Planned
DT000447,MC020,PRD0006620,2026-05-28 19:00:00,2026-05-28 20:29:00,89,Power Outage,Unplanned
DT000448,MC025,PRD0002641,2026-04-16 10:20:00,2026-04-16 10:57:00,37,Mechanical Failure,Unplanned
DT000449,MC007,PRD0005082,2025-11-21 07:00:00,2025-11-21 07:22:00,22,Mechanical Failure,Unplanned
DT000450,MC021,,2025-07-20 06:20:00,2025-07-20 07:48:00,88,Electrical Fault,Unplanned
DT000451,MC034,PRD0003156,2025-03-11 12:40:00,2025-03-11 13:28:00,48,Tooling Change,Planned
DT000452,MC042,PRD0019997,2026-06-05 06:30:00,2026-06-05 07:44:00,74,Scheduled Maintenance,Planned
DT000453,MC028,PRD0012031,2026-06-25 02:50:00,2026-06-25 03:24:00,34,Operator Break,Planned
DT000454,MC004,,2025-02-15 05:10:00,2025-02-15 05:49:00,39,Calibration,Planned
DT000455,MC026,PRD0004378,2025-07-18 15:10:00,2025-07-18 15:30:00,20,Electrical Fault,Unplanned
DT000456,MC037,,2025-04-12 15:00:00,2025-04-12 15:13:00,13,Software/PLC Fault,Unplanned
DT000457,MC041,PRD0017530,2026-03-14 00:30:00,2026-03-14 00:41:00,11,Material Shortage,Unplanned
DT000458,MC010,PRD0015127,2026-05-12 07:20:00,2026-05-12 07:35:00,15,Calibration,Planned
DT000459,MC029,PRD0004775,2026-01-04 16:20:00,2026-01-04 16:59:00,39,Scheduled Maintenance,Planned
DT000460,MC026,PRD0008547,2025-06-18 14:20:00,2025-06-18 15:05:00,45,Scheduled Maintenance,Planned
DT000461,MC036,PRD0014241,2026-04-19 13:20:00,2026-04-19 13:30:00,10,Operator Break,Planned
DT000462,MC022,,2026-06-06 09:10:00,2026-06-06 10:37:00,87,Calibration,Planned
DT000463,MC030,PRD0016172,2026-02-26 21:50:00,2026-02-26 22:41:00,51,Power Outage,Unplanned
DT000464,MC036,PRD0017763,2025-10-02 18:40:00,2025-10-02 22:39:00,239,Material Shortage,Unplanned
DT000465,MC038,PRD0003294,2025-02-17 06:50:00,2025-02-17 07:11:00,21,Power Outage,Unplanned
DT000466,MC045,PRD0000927,2026-03-01 22:10:00,2026-03-01 22:52:00,42,Scheduled Maintenance,Planned
DT000467,MC037,,2025-11-03 12:30:00,2025-11-03 13:39:00,69,Software/PLC Fault,Unplanned
DT000468,MC042,,2026-03-16 19:20:00,2026-03-16 21:01:00,101,Software/PLC Fault,Unplanned
DT000469,MC011,,2026-04-02 04:10:00,2026-04-02 06:52:00,162,Mechanical Failure,Unplanned
DT000470,MC032,,2025-04-30 07:20:00,2025-04-30 09:22:00,122,Material Shortage,Unplanned
DT000471,MC006,PRD0018264,2025-05-09 17:40:00,2025-05-09 18:43:00,63,Software/PLC Fault,Unplanned
DT000472,MC030,PRD0002863,2026-05-20 11:00:00,2026-05-20 13:10:00,130,Power Outage,Unplanned
DT000473,MC012,,2026-02-22 00:50:00,2026-02-22 01:36:00,46,Scheduled Maintenance,Planned
DT000474,MC042,PRD0007108,2026-03-24 05:10:00,2026-03-24 06:19:00,69,Tooling Change,Planned
DT000475,MC031,PRD0010691,2025-10-07 03:50:00,2025-10-07 04:55:00,65,Power Outage,Unplanned
DT000476,MC027,PRD0018912,2025-02-15 00:10:00,2025-02-15 01:33:00,83,Mechanical Failure,Unplanned
DT000477,MC034,PRD0018420,2026-05-03 13:30:00,2026-05-03 16:14:00,164,Material Shortage,Unplanned
DT000478,MC049,,2025-11-05 19:20:00,2025-11-05 19:30:00,10,Scheduled Maintenance,Planned
DT000479,MC038,,2025-01-11 02:00:00,2025-01-11 05:05:00,185,Material Shortage,Unplanned
DT000480,MC002,PRD0002298,2025-03-05 20:10:00,2025-03-05 21:03:00,53,Calibration,Planned
DT000481,MC020,PRD0008610,2025-11-29 17:10:00,2025-11-29 18:01:00,51,Calibration,Planned
DT000482,MC035,PRD0003644,2025-01-17 22:30:00,2025-01-17 23:08:00,38,Tooling Change,Planned
DT000483,MC032,PRD0007040,2026-02-12 21:20:00,2026-02-12 22:12:00,52,Mechanical Failure,Unplanned
DT000484,MC047,PRD0014199,2025-10-19 12:00:00,2025-10-19 12:10:00,10,Electrical Fault,Unplanned
DT000485,MC032,PRD0002812,2025-03-08 15:10:00,2025-03-08 17:27:00,137,Software/PLC Fault,Unplanned
DT000486,MC002,,2026-03-02 10:10:00,2026-03-02 10:35:00,25,Calibration,Planned
DT000487,MC019,,2026-06-02 09:00:00,2026-06-02 09:28:00,28,Electrical Fault,Unplanned
DT000488,MC007,,2025-03-20 21:40:00,2025-03-20 22:05:00,25,Electrical Fault,Unplanned
DT000489,MC039,PRD0001636,2025-07-12 04:40:00,2025-07-12 09:15:00,275,Power Outage,Unplanned
DT000490,MC018,PRD0009075,2025-03-27 10:50:00,2025-03-27 20:21:00,571,Material Shortage,Unplanned
DT000491,MC018,PRD0012273,2025-07-07 21:00:00,2025-07-07 21:10:00,10,Software/PLC Fault,Unplanned
DT000492,MC040,,2025-06-29 14:20:00,2025-06-29 15:16:00,56,Tooling Change,Planned
DT000493,MC015,PRD0008211,2025-03-31 14:00:00,2025-03-31 14:10:00,10,Material Shortage,Unplanned
DT000494,MC023,PRD0008184,2025-05-26 03:00:00,2025-05-26 03:40:00,40,Material Shortage,Unplanned
DT000495,MC001,PRD0013012,2026-06-27 09:20:00,2026-06-27 09:48:00,28,Power Outage,Unplanned
DT000496,MC046,PRD0019503,2025-10-08 20:30:00,2025-10-08 20:35:00,5,Software/PLC Fault,Unplanned
DT000497,MC010,PRD0010326,2026-01-01 03:10:00,2026-01-01 03:56:00,46,Calibration,Planned
DT000498,MC034,,2025-04-09 06:50:00,2025-04-09 07:24:00,34,Tooling Change,Planned
DT000499,MC039,,2026-03-24 12:50:00,2026-03-24 13:11:00,21,Software/PLC Fault,Unplanned
DT000500,MC029,PRD0008663,2025-09-22 14:00:00,2025-09-22 14:10:00,10,Software/PLC Fault,Unplanned
DT000501,MC002,,2025-10-12 10:20:00,2025-10-12 12:06:00,106,Software/PLC Fault,Unplanned
DT000502,MC041,PRD0013221,2026-03-09 11:30:00,2026-03-09 12:45:00,75,Tooling Change,Planned
DT000503,MC026,PRD0018171,2025-10-01 09:40:00,2025-10-01 11:39:00,119,Material Shortage,Unplanned
DT000504,MC046,PRD0014090,2025-08-12 12:40:00,2025-08-12 13:37:00,57,Calibration,Planned
DT000505,MC003,,2025-06-08 06:00:00,2025-06-08 08:16:00,136,Power Outage,Unplanned
DT000506,MC049,,2026-06-01 16:00:00,2026-06-01 16:49:00,49,Operator Break,Planned
DT000507,MC040,PRD0009121,2025-10-30 15:00:00,2025-10-30 15:17:00,17,Mechanical Failure,Unplanned
DT000508,MC036,,2026-02-13 03:00:00,2026-02-13 03:25:00,25,Tooling Change,Planned
DT000509,MC037,,2026-05-19 02:40:00,2026-05-19 03:33:00,53,Scheduled Maintenance,Planned
DT000510,MC003,PRD0012783,2025-10-06 06:40:00,2025-10-06 06:55:00,15,Power Outage,Unplanned
DT000511,MC031,PRD0009285,2026-04-29 08:10:00,2026-04-29 08:53:00,43,Calibration,Planned
DT000512,MC004,PRD0009901,2025-11-11 04:50:00,2025-11-11 05:36:00,46,Calibration,Planned
DT000513,MC008,,2025-10-14 02:40:00,2025-10-14 03:22:00,42,Material Shortage,Unplanned
DT000514,MC037,PRD0008624,2026-05-19 02:10:00,2026-05-19 02:34:00,24,Mechanical Failure,Unplanned
DT000515,MC022,,2025-05-24 00:00:00,2025-05-24 02:15:00,135,Electrical Fault,Unplanned
DT000516,MC026,PRD0016937,2026-01-15 10:40:00,2026-01-15 10:59:00,19,Tooling Change,Planned
DT000517,MC025,PRD0012367,2025-12-18 16:40:00,2025-12-18 17:11:00,31,Power Outage,Unplanned
DT000518,MC020,PRD0004942,2025-06-16 15:30:00,2025-06-16 16:33:00,63,Material Shortage,Unplanned
DT000519,MC048,,2026-06-10 21:30:00,2026-06-11 00:46:00,196,Material Shortage,Unplanned
DT000520,MC001,,2025-04-12 11:00:00,2025-04-12 11:16:00,16,Mechanical Failure,Unplanned
DT000521,MC026,PRD0017723,2025-08-14 02:50:00,2025-08-14 03:10:00,20,Calibration,Planned
DT000522,MC001,PRD0014432,2026-01-10 08:40:00,2026-01-10 09:35:00,55,Scheduled Maintenance,Planned
DT000523,MC021,,2026-06-21 11:30:00,2026-06-21 13:12:00,102,Mechanical Failure,Unplanned
DT000524,MC049,PRD0010329,2025-02-12 06:10:00,2025-02-12 07:27:00,77,Power Outage,Unplanned
DT000525,MC010,,2025-12-06 22:50:00,2025-12-06 22:59:00,9,Electrical Fault,Unplanned
DT000526,MC023,PRD0012056,2026-01-16 09:00:00,2026-01-16 09:14:00,14,Mechanical Failure,Unplanned
DT000527,MC026,PRD0011770,2025-11-23 12:20:00,2025-11-23 16:11:00,231,Material Shortage,Unplanned
DT000528,MC042,PRD0007229,2026-02-08 06:20:00,2026-02-08 06:43:00,23,Electrical Fault,Unplanned
DT000529,MC023,PRD0013920,2025-12-06 09:40:00,2025-12-06 10:14:00,34,Material Shortage,Unplanned
DT000530,MC008,PRD0005917,2025-08-11 18:50:00,2025-08-11 19:58:00,68,Software/PLC Fault,Unplanned
DT000531,MC048,,2026-05-13 14:20:00,2026-05-13 15:08:00,48,Scheduled Maintenance,Planned
DT000532,MC038,PRD0010566,2025-01-08 04:30:00,2025-01-08 05:47:00,77,Electrical Fault,Unplanned
DT000533,MC014,,2025-02-13 16:30:00,2025-02-13 17:21:00,51,Scheduled Maintenance,Planned
DT000534,MC019,,2025-10-23 21:20:00,2025-10-23 22:24:00,64,Calibration,Planned
DT000535,MC015,PRD0003768,2025-02-20 06:20:00,2025-02-20 06:55:00,35,Scheduled Maintenance,Planned
DT000536,MC009,PRD0010477,2025-08-16 07:30:00,2025-08-16 08:07:00,37,Operator Break,Planned
DT000537,MC033,PRD0018789,2026-02-11 18:00:00,2026-02-11 18:40:00,40,Material Shortage,Unplanned
DT000538,MC022,,2025-04-03 19:50:00,2025-04-03 20:19:00,29,Operator Break,Planned
DT000539,MC031,PRD0005108,2026-03-19 16:30:00,2026-03-19 17:47:00,77,Material Shortage,Unplanned
DT000540,MC023,PRD0015437,2025-11-05 09:30:00,2025-11-05 09:56:00,26,Mechanical Failure,Unplanned
DT000541,MC029,PRD0009406,2026-03-12 09:10:00,2026-03-12 10:15:00,65,Power Outage,Unplanned
DT000542,MC038,PRD0014130,2025-02-06 13:30:00,2025-02-06 13:55:00,25,Calibration,Planned
DT000543,MC041,PRD0019199,2025-03-20 09:20:00,2025-03-20 09:50:00,30,Mechanical Failure,Unplanned
DT000544,MC036,,2025-11-13 07:40:00,2025-11-13 08:06:00,26,Scheduled Maintenance,Planned
DT000545,MC035,PRD0010809,2026-06-20 09:10:00,2026-06-20 09:25:00,15,Tooling Change,Planned
DT000546,MC025,,2025-04-11 02:50:00,2025-04-11 03:44:00,54,Operator Break,Planned
DT000547,MC033,PRD0016687,2025-12-09 02:40:00,2025-12-09 03:24:00,44,Scheduled Maintenance,Planned
DT000548,MC001,,2025-07-22 21:40:00,2025-07-22 22:00:00,20,Material Shortage,Unplanned
DT000549,MC013,PRD0003845,2026-02-03 12:50:00,2026-02-03 13:03:00,13,Software/PLC Fault,Unplanned
DT000550,MC037,,2026-06-21 02:20:00,2026-06-21 03:06:00,46,Scheduled Maintenance,Planned
DT000551,MC021,PRD0003302,2026-06-13 01:50:00,2026-06-13 06:42:00,292,Material Shortage,Unplanned
DT000552,MC011,,2025-01-24 11:00:00,2025-01-24 12:13:00,73,Software/PLC Fault,Unplanned
DT000553,MC030,,2026-06-13 21:10:00,2026-06-13 21:55:00,45,Mechanical Failure,Unplanned
DT000554,MC043,PRD0003165,2026-06-09 19:00:00,2026-06-09 19:55:00,55,Calibration,Planned
DT000555,MC032,,2025-02-14 00:50:00,2025-02-14 01:17:00,27,Operator Break,Planned
DT000556,MC012,PRD0015575,2025-11-23 13:00:00,2025-11-23 14:07:00,67,Material Shortage,Unplanned
DT000557,MC037,,2026-02-04 04:50:00,2026-02-04 05:02:00,12,Power Outage,Unplanned
DT000558,MC017,PRD0008331,2025-11-14 12:20:00,2025-11-14 14:13:00,113,Material Shortage,Unplanned
DT000559,MC010,PRD0007587,2025-09-28 03:00:00,2025-09-28 03:53:00,53,Calibration,Planned
DT000560,MC033,PRD0010781,2025-08-08 08:30:00,2025-08-08 14:03:00,333,Material Shortage,Unplanned
DT000561,MC034,PRD0013306,2025-11-18 19:30:00,2025-11-18 20:21:00,51,Calibration,Planned
DT000562,MC045,PRD0009085,2025-11-23 16:20:00,2025-11-23 16:55:00,35,Power Outage,Unplanned
DT000563,MC023,PRD0019811,2025-07-13 15:20:00,2025-07-13 15:41:00,21,Material Shortage,Unplanned
DT000564,MC030,PRD0006556,2025-01-09 10:20:00,2025-01-09 11:00:00,40,Scheduled Maintenance,Planned
DT000565,MC013,PRD0001990,2025-04-25 22:30:00,2025-04-25 22:58:00,28,Electrical Fault,Unplanned
DT000566,MC010,PRD0012674,2025-01-07 17:00:00,2025-01-07 17:39:00,39,Operator Break,Planned
DT000567,MC016,PRD0012037,2025-07-06 17:10:00,2025-07-06 18:00:00,50,Mechanical Failure,Unplanned
DT000568,MC013,,2025-02-22 11:40:00,2025-02-22 12:11:00,31,Scheduled Maintenance,Planned
DT000569,MC022,PRD0008093,2026-02-24 04:40:00,2026-02-24 05:30:00,50,Calibration,Planned
DT000570,MC001,PRD0003041,2025-09-24 21:50:00,2025-09-24 22:54:00,64,Electrical Fault,Unplanned
DT000571,MC045,,2025-02-13 06:30:00,2025-02-13 07:11:00,41,Calibration,Planned
DT000572,MC037,PRD0013317,2025-02-17 14:30:00,2025-02-17 18:39:00,249,Material Shortage,Unplanned
DT000573,MC026,PRD0007155,2026-06-09 15:20:00,2026-06-09 17:01:00,101,Mechanical Failure,Unplanned
DT000574,MC033,,2025-12-20 18:50:00,2025-12-20 19:32:00,42,Operator Break,Planned
DT000575,MC015,PRD0016414,2026-01-11 21:00:00,2026-01-11 21:37:00,37,Calibration,Planned
DT000576,MC034,PRD0019176,2025-01-24 05:20:00,2025-01-24 06:03:00,43,Operator Break,Planned
DT000577,MC038,PRD0011909,2025-11-20 06:10:00,2025-11-20 06:18:00,8,Electrical Fault,Unplanned
DT000578,MC017,PRD0010086,2025-02-10 06:10:00,2025-02-10 07:05:00,55,Mechanical Failure,Unplanned
DT000579,MC010,,2025-02-20 13:50:00,2025-02-20 14:15:00,25,Software/PLC Fault,Unplanned
DT000580,MC018,PRD0007556,2026-06-06 15:30:00,2026-06-06 16:24:00,54,Operator Break,Planned
DT000581,MC025,PRD0007274,2026-04-05 09:40:00,2026-04-05 11:02:00,82,Software/PLC Fault,Unplanned
DT000582,MC011,,2025-12-07 18:50:00,2025-12-07 19:33:00,43,Software/PLC Fault,Unplanned
DT000583,MC043,PRD0008164,2025-10-02 19:40:00,2025-10-02 20:12:00,32,Mechanical Failure,Unplanned
DT000584,MC034,,2025-08-31 20:30:00,2025-08-31 21:09:00,39,Electrical Fault,Unplanned
DT000585,MC006,PRD0011530,2025-01-09 18:00:00,2025-01-09 19:23:00,83,Software/PLC Fault,Unplanned
DT000586,MC009,PRD0019984,2026-02-04 02:20:00,2026-02-04 03:02:00,42,Calibration,Planned
DT000587,MC016,PRD0005761,2026-05-21 06:00:00,2026-05-21 06:41:00,41,Tooling Change,Planned
DT000588,MC006,PRD0005435,2025-02-11 09:20:00,2025-02-11 10:35:00,75,Mechanical Failure,Unplanned
DT000589,MC010,PRD0016109,2025-06-13 20:00:00,2025-06-13 21:36:00,96,Software/PLC Fault,Unplanned
DT000590,MC045,,2025-05-11 15:30:00,2025-05-11 15:55:00,25,Scheduled Maintenance,Planned
DT000591,MC006,PRD0010936,2025-06-24 09:30:00,2025-06-24 09:56:00,26,Electrical Fault,Unplanned
DT000592,MC005,PRD0014537,2025-11-29 16:10:00,2025-11-29 16:32:00,22,Calibration,Planned
DT000593,MC045,,2025-12-13 22:10:00,2025-12-13 23:26:00,76,Mechanical Failure,Unplanned
DT000594,MC006,,2025-08-10 01:30:00,2025-08-10 03:01:00,91,Power Outage,Unplanned
DT000595,MC046,PRD0015939,2026-03-17 11:20:00,2026-03-17 11:47:00,27,Tooling Change,Planned
DT000596,MC013,,2026-04-03 02:20:00,2026-04-03 03:29:00,69,Scheduled Maintenance,Planned
DT000597,MC028,PRD0000308,2026-01-03 04:00:00,2026-01-03 06:28:00,148,Mechanical Failure,Unplanned
DT000598,MC042,,2025-03-29 11:50:00,2025-03-29 14:42:00,172,Software/PLC Fault,Unplanned
DT000599,MC018,,2025-12-07 11:10:00,2025-12-07 11:59:00,49,Electrical Fault,Unplanned
DT000600,MC030,PRD0010984,2026-05-15 17:40:00,2026-05-15 21:40:00,240,Mechanical Failure,Unplanned
DT000601,MC009,,2026-04-19 09:40:00,2026-04-19 10:32:00,52,Operator Break,Planned
DT000602,MC044,PRD0015516,2025-08-13 03:10:00,2025-08-13 03:30:00,20,Material Shortage,Unplanned
DT000603,MC041,PRD0002672,2025-08-20 07:00:00,2025-08-20 08:33:00,93,Software/PLC Fault,Unplanned
DT000604,MC001,PRD0017094,2026-05-05 04:40:00,2026-05-05 05:14:00,34,Software/PLC Fault,Unplanned
DT000605,MC014,PRD0008289,2025-03-05 18:40:00,2025-03-05 19:56:00,76,Calibration,Planned
DT000606,MC031,PRD0005814,2025-01-27 01:40:00,2025-01-27 01:58:00,18,Operator Break,Planned
DT000607,MC041,,2026-04-28 01:30:00,2026-04-28 02:03:00,33,Operator Break,Planned
DT000608,MC012,PRD0000831,2025-02-09 11:40:00,2025-02-09 12:06:00,26,Operator Break,Planned
DT000609,MC001,PRD0012704,2026-01-13 03:00:00,2026-01-13 05:18:00,138,Mechanical Failure,Unplanned
DT000610,MC007,,2026-04-19 18:10:00,2026-04-19 18:54:00,44,Scheduled Maintenance,Planned
DT000611,MC017,PRD0013517,2026-03-02 19:00:00,2026-03-02 19:21:00,21,Calibration,Planned
DT000612,MC017,PRD0005910,2025-01-02 14:00:00,2025-01-02 14:20:00,20,Electrical Fault,Unplanned
DT000613,MC031,,2025-07-29 20:10:00,2025-07-29 21:26:00,76,Material Shortage,Unplanned
DT000614,MC002,PRD0008412,2025-03-03 01:00:00,2025-03-03 06:34:00,334,Power Outage,Unplanned
DT000615,MC008,,2026-06-18 05:30:00,2026-06-18 06:12:00,42,Tooling Change,Planned
DT000616,MC019,PRD0008017,2026-03-02 18:30:00,2026-03-02 19:22:00,52,Scheduled Maintenance,Planned
DT000617,MC036,PRD0004796,2025-12-27 21:30:00,2025-12-27 22:01:00,31,Calibration,Planned
DT000618,MC040,PRD0012973,2025-06-29 03:50:00,2025-06-29 04:35:00,45,Scheduled Maintenance,Planned
DT000619,MC049,,2026-05-09 06:20:00,2026-05-09 06:55:00,35,Calibration,Planned
DT000620,MC048,,2025-04-17 22:00:00,2025-04-17 23:24:00,84,Electrical Fault,Unplanned
DT000621,MC016,PRD0007367,2025-06-02 08:10:00,2025-06-02 08:55:00,45,Scheduled Maintenance,Planned
DT000622,MC036,PRD0000888,2025-10-18 18:10:00,2025-10-18 20:59:00,169,Power Outage,Unplanned
DT000623,MC019,PRD0010459,2026-06-26 08:00:00,2026-06-26 08:30:00,30,Software/PLC Fault,Unplanned
DT000624,MC021,PRD0009078,2025-09-01 12:40:00,2025-09-01 13:00:00,20,Calibration,Planned
DT000625,MC010,PRD0010608,2025-02-13 16:40:00,2025-02-13 16:55:00,15,Software/PLC Fault,Unplanned
DT000626,MC010,PRD0018880,2026-03-10 18:10:00,2026-03-10 18:35:00,25,Software/PLC Fault,Unplanned
DT000627,MC050,PRD0008775,2025-04-17 16:10:00,2025-04-17 17:46:00,96,Mechanical Failure,Unplanned
DT000628,MC018,PRD0001649,2026-04-26 08:30:00,2026-04-26 12:45:00,255,Power Outage,Unplanned
DT000629,MC014,PRD0003994,2025-07-22 10:00:00,2025-07-22 10:10:00,10,Operator Break,Planned
DT000630,MC049,,2025-09-13 22:40:00,2025-09-13 23:39:00,59,Calibration,Planned
DT000631,MC045,,2025-04-25 20:20:00,2025-04-25 20:53:00,33,Scheduled Maintenance,Planned
DT000632,MC010,PRD0019345,2025-01-20 06:30:00,2025-01-20 06:54:00,24,Electrical Fault,Unplanned
DT000633,MC013,,2025-08-16 13:30:00,2025-08-16 13:50:00,20,Software/PLC Fault,Unplanned
DT000634,MC024,PRD0011857,2025-11-11 00:20:00,2025-11-11 00:52:00,32,Scheduled Maintenance,Planned
DT000635,MC034,,2025-07-11 22:00:00,2025-07-11 22:39:00,39,Calibration,Planned
DT000636,MC013,PRD0009194,2025-02-16 22:00:00,2025-02-16 23:53:00,113,Software/PLC Fault,Unplanned
DT000637,MC002,PRD0019140,2025-06-17 12:00:00,2025-06-17 13:13:00,73,Scheduled Maintenance,Planned
DT000638,MC031,PRD0013598,2025-01-21 00:10:00,2025-01-21 00:44:00,34,Calibration,Planned
DT000639,MC046,PRD0003820,2026-06-02 02:10:00,2026-06-02 02:42:00,32,Scheduled Maintenance,Planned
DT000640,MC033,PRD0017381,2025-03-11 03:20:00,2025-03-11 05:07:00,107,Material Shortage,Unplanned
DT000641,MC045,PRD0005194,2025-12-02 20:20:00,2025-12-02 20:58:00,38,Calibration,Planned
DT000642,MC029,PRD0009831,2025-08-20 15:40:00,2025-08-20 16:36:00,56,Operator Break,Planned
DT000643,MC039,PRD0013097,2026-06-22 02:30:00,2026-06-22 02:51:00,21,Software/PLC Fault,Unplanned
DT000644,MC005,PRD0017367,2025-08-19 04:20:00,2025-08-19 05:45:00,85,Software/PLC Fault,Unplanned
DT000645,MC011,PRD0015241,2025-08-28 19:00:00,2025-08-28 20:14:00,74,Software/PLC Fault,Unplanned
DT000646,MC022,PRD0018703,2026-05-30 08:20:00,2026-05-30 09:16:00,56,Tooling Change,Planned
DT000647,MC017,PRD0018351,2025-07-05 10:40:00,2025-07-05 11:32:00,52,Mechanical Failure,Unplanned
DT000648,MC046,,2025-10-19 11:40:00,2025-10-19 12:32:00,52,Scheduled Maintenance,Planned
DT000649,MC016,PRD0018096,2026-01-23 19:00:00,2026-01-23 19:13:00,13,Power Outage,Unplanned
DT000650,MC016,,2025-12-11 13:50:00,2025-12-11 15:55:00,125,Mechanical Failure,Unplanned
DT000651,MC027,PRD0011535,2025-04-01 21:10:00,2025-04-01 22:52:00,102,Mechanical Failure,Unplanned
DT000652,MC036,PRD0010568,2026-03-20 22:20:00,2026-03-20 23:03:00,43,Tooling Change,Planned
DT000653,MC015,,2026-06-02 15:50:00,2026-06-02 16:50:00,60,Operator Break,Planned
DT000654,MC012,PRD0011578,2025-10-27 15:40:00,2025-10-27 15:54:00,14,Material Shortage,Unplanned
DT000655,MC015,,2026-02-03 14:40:00,2026-02-03 15:08:00,28,Power Outage,Unplanned
DT000656,MC042,PRD0008360,2026-03-29 19:30:00,2026-03-29 20:03:00,33,Operator Break,Planned
DT000657,MC013,,2025-08-26 04:10:00,2025-08-26 05:05:00,55,Operator Break,Planned
DT000658,MC014,PRD0017545,2025-11-23 06:20:00,2025-11-23 08:18:00,118,Mechanical Failure,Unplanned
DT000659,MC041,PRD0017991,2025-10-13 08:30:00,2025-10-13 09:09:00,39,Mechanical Failure,Unplanned
DT000660,MC049,PRD0010597,2025-08-13 05:10:00,2025-08-13 05:59:00,49,Electrical Fault,Unplanned
DT000661,MC024,PRD0001017,2026-01-02 19:40:00,2026-01-02 20:47:00,67,Tooling Change,Planned
DT000662,MC021,PRD0000167,2026-05-11 22:50:00,2026-05-11 23:17:00,27,Operator Break,Planned
DT000663,MC016,PRD0008281,2025-09-06 06:30:00,2025-09-06 07:17:00,47,Tooling Change,Planned
DT000664,MC049,PRD0012583,2025-04-03 00:20:00,2025-04-03 06:16:00,356,Power Outage,Unplanned
DT000665,MC019,PRD0001183,2025-07-03 00:50:00,2025-07-03 01:00:00,10,Calibration,Planned
DT000666,MC016,PRD0016515,2025-04-14 12:50:00,2025-04-14 13:57:00,67,Tooling Change,Planned
DT000667,MC050,PRD0000093,2025-06-26 10:50:00,2025-06-26 11:53:00,63,Scheduled Maintenance,Planned
DT000668,MC023,,2026-02-08 15:10:00,2026-02-08 16:18:00,68,Scheduled Maintenance,Planned
DT000669,MC032,PRD0012405,2025-07-13 00:50:00,2025-07-13 01:50:00,60,Tooling Change,Planned
DT000670,MC024,PRD0016044,2025-01-11 22:00:00,2025-01-11 23:15:00,75,Calibration,Planned
DT000671,MC027,,2025-08-18 12:10:00,2025-08-18 12:20:00,10,Calibration,Planned
DT000672,MC038,,2026-06-28 13:40:00,2026-06-28 14:26:00,46,Calibration,Planned
DT000673,MC043,PRD0003740,2026-06-12 22:00:00,2026-06-12 22:37:00,37,Electrical Fault,Unplanned
DT000674,MC021,,2025-09-28 10:40:00,2025-09-28 10:57:00,17,Software/PLC Fault,Unplanned
DT000675,MC028,PRD0010128,2025-08-03 17:00:00,2025-08-03 18:03:00,63,Power Outage,Unplanned
DT000676,MC041,PRD0006137,2025-12-10 11:20:00,2025-12-10 11:59:00,39,Tooling Change,Planned
DT000677,MC038,PRD0012262,2025-05-28 22:30:00,2025-05-28 22:45:00,15,Electrical Fault,Unplanned
DT000678,MC036,PRD0014592,2026-01-07 20:10:00,2026-01-07 20:50:00,40,Calibration,Planned
DT000679,MC036,PRD0006836,2025-10-01 05:50:00,2025-10-01 06:51:00,61,Scheduled Maintenance,Planned
DT000680,MC023,PRD0012655,2026-06-04 19:40:00,2026-06-04 20:03:00,23,Tooling Change,Planned
DT000681,MC008,PRD0014310,2026-02-12 14:10:00,2026-02-12 15:12:00,62,Operator Break,Planned
DT000682,MC005,,2026-06-21 01:10:00,2026-06-21 02:14:00,64,Software/PLC Fault,Unplanned
DT000683,MC042,PRD0000665,2025-05-07 01:00:00,2025-05-07 01:43:00,43,Scheduled Maintenance,Planned
DT000684,MC029,,2025-10-27 03:10:00,2025-10-27 04:25:00,75,Calibration,Planned
DT000685,MC034,PRD0013993,2025-05-22 00:20:00,2025-05-22 00:46:00,26,Calibration,Planned
DT000686,MC047,PRD0012863,2025-04-22 00:50:00,2025-04-22 01:03:00,13,Software/PLC Fault,Unplanned
DT000687,MC049,PRD0012434,2025-07-10 07:20:00,2025-07-10 08:44:00,84,Material Shortage,Unplanned
DT000688,MC047,,2025-09-26 09:40:00,2025-09-26 10:24:00,44,Electrical Fault,Unplanned
DT000689,MC012,PRD0004310,2025-09-08 00:00:00,2025-09-08 02:01:00,121,Mechanical Failure,Unplanned
DT000690,MC039,PRD0017616,2026-06-12 04:10:00,2026-06-12 04:55:00,45,Calibration,Planned
DT000691,MC029,PRD0005276,2025-06-02 16:20:00,2025-06-02 18:14:00,114,Mechanical Failure,Unplanned
DT000692,MC011,PRD0000616,2026-05-10 20:00:00,2026-05-10 20:31:00,31,Scheduled Maintenance,Planned
DT000693,MC043,PRD0005070,2026-02-15 11:20:00,2026-02-15 11:29:00,9,Electrical Fault,Unplanned
DT000694,MC045,,2025-03-07 16:10:00,2025-03-07 16:30:00,20,Software/PLC Fault,Unplanned
DT000695,MC044,,2025-07-26 17:50:00,2025-07-26 18:33:00,43,Material Shortage,Unplanned
DT000696,MC012,PRD0015615,2025-05-09 13:30:00,2025-05-09 13:53:00,23,Scheduled Maintenance,Planned
DT000697,MC042,PRD0001215,2025-01-07 07:00:00,2025-01-07 07:57:00,57,Scheduled Maintenance,Planned
DT000698,MC007,,2025-09-25 13:50:00,2025-09-25 15:00:00,70,Operator Break,Planned
DT000699,MC001,,2025-02-23 10:50:00,2025-02-23 11:14:00,24,Software/PLC Fault,Unplanned
DT000700,MC002,,2025-03-17 12:10:00,2025-03-17 13:35:00,85,Software/PLC Fault,Unplanned
DT000701,MC002,PRD0019138,2025-03-09 22:20:00,2025-03-09 22:56:00,36,Mechanical Failure,Unplanned
DT000702,MC008,PRD0003558,2025-07-11 07:30:00,2025-07-11 08:00:00,30,Power Outage,Unplanned
DT000703,MC025,PRD0018246,2025-07-29 09:40:00,2025-07-29 11:52:00,132,Mechanical Failure,Unplanned
DT000704,MC023,PRD0006127,2026-04-26 02:20:00,2026-04-26 03:06:00,46,Operator Break,Planned
DT000705,MC009,PRD0009513,2025-11-12 07:40:00,2025-11-12 08:09:00,29,Software/PLC Fault,Unplanned
DT000706,MC042,,2025-02-23 15:20:00,2025-02-23 15:42:00,22,Operator Break,Planned
DT000707,MC035,PRD0015288,2025-05-29 15:10:00,2025-05-29 15:30:00,20,Mechanical Failure,Unplanned
DT000708,MC037,PRD0000810,2025-01-02 16:40:00,2025-01-02 16:53:00,13,Operator Break,Planned
DT000709,MC025,PRD0008369,2025-12-12 17:30:00,2025-12-12 18:12:00,42,Scheduled Maintenance,Planned
DT000710,MC039,PRD0012879,2025-02-06 03:20:00,2025-02-06 03:56:00,36,Scheduled Maintenance,Planned
DT000711,MC032,,2026-05-19 06:20:00,2026-05-19 07:18:00,58,Tooling Change,Planned
DT000712,MC018,PRD0001006,2025-04-21 07:10:00,2025-04-21 09:22:00,132,Software/PLC Fault,Unplanned
DT000713,MC031,,2026-06-22 08:50:00,2026-06-22 10:06:00,76,Tooling Change,Planned
DT000714,MC013,,2026-02-12 06:30:00,2026-02-12 07:34:00,64,Tooling Change,Planned
DT000715,MC039,PRD0002284,2025-04-04 10:40:00,2025-04-04 15:32:00,292,Software/PLC Fault,Unplanned
DT000716,MC008,,2025-07-26 20:40:00,2025-07-26 21:32:00,52,Software/PLC Fault,Unplanned
DT000717,MC016,PRD0017597,2025-12-01 07:10:00,2025-12-01 08:15:00,65,Calibration,Planned
DT000718,MC033,PRD0004412,2026-06-24 17:00:00,2026-06-24 17:59:00,59,Calibration,Planned
DT000719,MC028,PRD0000141,2025-04-15 14:00:00,2025-04-15 14:39:00,39,Power Outage,Unplanned
DT000720,MC021,PRD0017529,2026-01-19 14:20:00,2026-01-19 15:50:00,90,Electrical Fault,Unplanned
DT000721,MC031,,2026-04-16 04:10:00,2026-04-16 04:32:00,22,Software/PLC Fault,Unplanned
DT000722,MC031,PRD0014451,2026-03-31 14:50:00,2026-03-31 19:36:00,286,Material Shortage,Unplanned
DT000723,MC034,PRD0018420,2026-05-03 19:20:00,2026-05-03 19:34:00,14,Power Outage,Unplanned
DT000724,MC003,PRD0012969,2026-02-09 03:40:00,2026-02-09 04:24:00,44,Operator Break,Planned
DT000725,MC038,PRD0015054,2025-12-24 05:20:00,2025-12-24 05:35:00,15,Software/PLC Fault,Unplanned
DT000726,MC044,,2026-05-06 05:50:00,2026-05-06 07:00:00,70,Mechanical Failure,Unplanned
DT000727,MC010,,2025-01-08 21:30:00,2025-01-08 22:28:00,58,Operator Break,Planned
DT000728,MC050,,2025-08-03 18:20:00,2025-08-03 19:20:00,60,Calibration,Planned
DT000729,MC045,PRD0009401,2025-05-13 05:50:00,2025-05-13 06:19:00,29,Calibration,Planned
DT000730,MC012,PRD0007966,2025-12-01 07:10:00,2025-12-01 08:24:00,74,Tooling Change,Planned
DT000731,MC007,PRD0006274,2025-04-18 01:20:00,2025-04-18 01:49:00,29,Software/PLC Fault,Unplanned
DT000732,MC010,PRD0002561,2026-02-16 11:30:00,2026-02-16 13:25:00,115,Material Shortage,Unplanned
DT000733,MC046,PRD0014400,2025-03-23 10:40:00,2025-03-23 10:50:00,10,Scheduled Maintenance,Planned
DT000734,MC016,PRD0010579,2026-01-11 10:10:00,2026-01-11 10:47:00,37,Material Shortage,Unplanned
DT000735,MC029,PRD0005898,2025-01-26 22:20:00,2025-01-26 23:19:00,59,Operator Break,Planned
DT000736,MC020,PRD0009818,2025-08-14 07:20:00,2025-08-14 07:50:00,30,Software/PLC Fault,Unplanned
DT000737,MC012,PRD0019419,2026-05-23 18:40:00,2026-05-23 19:25:00,45,Material Shortage,Unplanned
DT000738,MC015,PRD0008597,2026-02-05 05:10:00,2026-02-05 05:20:00,10,Scheduled Maintenance,Planned
DT000739,MC014,PRD0002392,2026-01-25 20:10:00,2026-01-25 20:49:00,39,Power Outage,Unplanned
DT000740,MC050,,2025-12-14 10:20:00,2025-12-14 11:16:00,56,Power Outage,Unplanned
DT000741,MC033,PRD0006035,2025-02-04 17:00:00,2025-02-04 18:24:00,84,Material Shortage,Unplanned
DT000742,MC028,PRD0010599,2026-06-17 14:10:00,2026-06-17 14:56:00,46,Tooling Change,Planned
DT000743,MC048,PRD0006638,2025-06-21 21:10:00,2025-06-21 22:41:00,91,Tooling Change,Planned
DT000744,MC007,PRD0001694,2025-02-11 01:00:00,2025-02-11 01:26:00,26,Tooling Change,Planned
DT000745,MC025,PRD0013041,2025-03-06 16:00:00,2025-03-06 16:36:00,36,Electrical Fault,Unplanned
DT000746,MC006,,2025-11-25 11:40:00,2025-11-25 12:09:00,29,Tooling Change,Planned
DT000747,MC038,,2025-02-27 06:00:00,2025-02-27 06:20:00,20,Mechanical Failure,Unplanned
DT000748,MC033,PRD0009900,2025-02-27 17:10:00,2025-02-27 18:11:00,61,Calibration,Planned
DT000749,MC043,,2025-03-25 02:10:00,2025-03-25 03:45:00,95,Software/PLC Fault,Unplanned
DT000750,MC045,PRD0002270,2025-12-18 08:30:00,2025-12-18 08:58:00,28,Material Shortage,Unplanned
DT000751,MC039,PRD0008074,2026-01-28 03:30:00,2026-01-28 04:50:00,80,Electrical Fault,Unplanned
DT000752,MC024,,2026-01-14 18:40:00,2026-01-14 18:58:00,18,Operator Break,Planned
DT000753,MC001,,2025-12-16 14:00:00,2025-12-16 14:20:00,20,Operator Break,Planned
DT000754,MC008,PRD0005742,2025-10-02 07:40:00,2025-10-02 08:15:00,35,Scheduled Maintenance,Planned
DT000755,MC026,,2025-02-04 17:30:00,2025-02-04 17:59:00,29,Scheduled Maintenance,Planned
DT000756,MC028,,2025-09-18 10:40:00,2025-09-18 11:48:00,68,Calibration,Planned
DT000757,MC029,PRD0002276,2025-05-30 12:00:00,2025-05-30 12:55:00,55,Calibration,Planned
DT000758,MC041,PRD0015295,2025-04-13 02:00:00,2025-04-13 03:13:00,73,Material Shortage,Unplanned
DT000759,MC032,PRD0006489,2025-09-27 20:40:00,2025-09-27 21:03:00,23,Software/PLC Fault,Unplanned
DT000760,MC046,PRD0002638,2026-02-18 04:10:00,2026-02-18 04:23:00,13,Mechanical Failure,Unplanned
DT000761,MC014,,2026-02-09 16:30:00,2026-02-09 17:40:00,70,Mechanical Failure,Unplanned
DT000762,MC030,PRD0004606,2026-02-03 08:10:00,2026-02-03 08:45:00,35,Scheduled Maintenance,Planned
DT000763,MC017,PRD0014530,2025-06-24 12:10:00,2025-06-24 13:43:00,93,Mechanical Failure,Unplanned
DT000764,MC030,,2025-01-22 13:40:00,2025-01-22 13:49:00,9,Electrical Fault,Unplanned
DT000765,MC046,PRD0012933,2025-04-22 04:40:00,2025-04-22 05:50:00,70,Scheduled Maintenance,Planned
DT000766,MC028,PRD0002046,2025-05-23 12:40:00,2025-05-23 13:25:00,45,Scheduled Maintenance,Planned
DT000767,MC037,,2025-12-20 06:00:00,2025-12-20 06:41:00,41,Software/PLC Fault,Unplanned
DT000768,MC012,,2025-09-27 05:00:00,2025-09-27 06:16:00,76,Electrical Fault,Unplanned
DT000769,MC034,,2025-05-21 03:10:00,2025-05-21 04:04:00,54,Operator Break,Planned
DT000770,MC048,,2026-06-03 11:30:00,2026-06-03 12:20:00,50,Scheduled Maintenance,Planned
DT000771,MC021,PRD0016787,2025-08-31 12:50:00,2025-08-31 13:08:00,18,Material Shortage,Unplanned
DT000772,MC044,,2025-06-02 01:00:00,2025-06-02 01:55:00,55,Scheduled Maintenance,Planned
DT000773,MC050,PRD0001753,2026-02-16 00:20:00,2026-02-16 01:36:00,76,Material Shortage,Unplanned
DT000774,MC008,PRD0007299,2025-02-07 03:10:00,2025-02-07 04:11:00,61,Mechanical Failure,Unplanned
DT000775,MC040,PRD0001464,2025-08-20 03:40:00,2025-08-20 03:55:00,15,Mechanical Failure,Unplanned
DT000776,MC024,PRD0017867,2026-06-28 05:10:00,2026-06-28 06:09:00,59,Calibration,Planned
DT000777,MC047,PRD0009439,2025-10-13 20:20:00,2025-10-13 21:09:00,49,Tooling Change,Planned
DT000778,MC001,PRD0017305,2026-05-17 20:30:00,2026-05-17 20:42:00,12,Power Outage,Unplanned
DT000779,MC031,PRD0015069,2025-05-26 09:10:00,2025-05-26 10:07:00,57,Scheduled Maintenance,Planned
DT000780,MC037,PRD0000608,2025-10-13 21:30:00,2025-10-13 22:43:00,73,Calibration,Planned
DT000781,MC024,PRD0003487,2026-06-13 09:10:00,2026-06-13 09:54:00,44,Power Outage,Unplanned
DT000782,MC040,,2025-09-24 00:50:00,2025-09-24 01:17:00,27,Material Shortage,Unplanned
DT000783,MC009,,2026-01-20 03:10:00,2026-01-20 04:35:00,85,Electrical Fault,Unplanned
DT000784,MC007,PRD0017700,2025-05-14 16:20:00,2025-05-14 17:15:00,55,Tooling Change,Planned
DT000785,MC029,PRD0017602,2025-01-27 02:00:00,2025-01-27 03:48:00,108,Power Outage,Unplanned
DT000786,MC004,,2026-04-18 13:50:00,2026-04-18 14:30:00,40,Operator Break,Planned
DT000787,MC050,,2026-06-02 02:00:00,2026-06-02 02:49:00,49,Operator Break,Planned
DT000788,MC037,PRD0016694,2025-06-02 22:20:00,2025-06-02 22:39:00,19,Electrical Fault,Unplanned
DT000789,MC044,,2025-12-08 02:10:00,2025-12-08 05:55:00,225,Power Outage,Unplanned
DT000790,MC033,PRD0017208,2025-04-15 17:20:00,2025-04-15 18:31:00,71,Material Shortage,Unplanned
DT000791,MC033,PRD0014414,2025-11-26 15:30:00,2025-11-26 16:25:00,55,Mechanical Failure,Unplanned
DT000792,MC013,PRD0010245,2025-01-09 06:10:00,2025-01-09 06:50:00,40,Calibration,Planned
DT000793,MC048,PRD0014125,2025-02-28 16:20:00,2025-02-28 17:10:00,50,Electrical Fault,Unplanned
DT000794,MC033,,2025-09-30 09:40:00,2025-09-30 10:11:00,31,Scheduled Maintenance,Planned
DT000795,MC002,PRD0017783,2025-04-27 01:50:00,2025-04-27 02:14:00,24,Power Outage,Unplanned
DT000796,MC029,,2025-06-04 04:00:00,2025-06-04 04:49:00,49,Scheduled Maintenance,Planned
DT000797,MC043,,2025-07-23 21:40:00,2025-07-23 22:18:00,38,Scheduled Maintenance,Planned
DT000798,MC025,PRD0010592,2025-09-27 00:40:00,2025-09-27 02:42:00,122,Power Outage,Unplanned
DT000799,MC012,,2026-02-21 20:10:00,2026-02-21 20:48:00,38,Material Shortage,Unplanned
DT000800,MC002,PRD0002756,2026-03-24 08:30:00,2026-03-24 13:08:00,278,Electrical Fault,Unplanned
DT000801,MC019,PRD0004439,2025-11-18 07:30:00,2025-11-18 08:18:00,48,Operator Break,Planned
DT000802,MC049,PRD0002062,2025-09-20 13:50:00,2025-09-20 15:12:00,82,Software/PLC Fault,Unplanned
DT000803,MC023,PRD0013988,2025-02-24 20:30:00,2025-02-24 21:13:00,43,Operator Break,Planned
DT000804,MC041,PRD0009349,2025-09-22 02:40:00,2025-09-22 03:45:00,65,Power Outage,Unplanned
DT000805,MC046,PRD0009571,2025-09-09 14:40:00,2025-09-09 15:31:00,51,Power Outage,Unplanned
DT000806,MC037,PRD0011247,2026-05-31 09:50:00,2026-05-31 10:43:00,53,Tooling Change,Planned
DT000807,MC040,PRD0012958,2026-06-16 08:00:00,2026-06-16 08:10:00,10,Tooling Change,Planned
DT000808,MC029,,2025-03-14 08:30:00,2025-03-14 09:17:00,47,Calibration,Planned
DT000809,MC029,,2026-06-07 03:00:00,2026-06-07 04:12:00,72,Power Outage,Unplanned
DT000810,MC041,PRD0001150,2026-06-19 00:10:00,2026-06-19 01:03:00,53,Tooling Change,Planned
DT000811,MC038,,2025-11-07 16:20:00,2025-11-07 17:01:00,41,Calibration,Planned
DT000812,MC029,PRD0004275,2025-08-08 22:20:00,2025-08-09 00:13:00,113,Electrical Fault,Unplanned
DT000813,MC014,PRD0016230,2025-06-04 03:10:00,2025-06-04 03:26:00,16,Mechanical Failure,Unplanned
DT000814,MC002,PRD0007028,2026-06-30 07:30:00,2026-06-30 08:30:00,60,Scheduled Maintenance,Planned
DT000815,MC021,PRD0006906,2026-06-21 02:40:00,2026-06-21 03:13:00,33,Electrical Fault,Unplanned
DT000816,MC007,PRD0004756,2025-08-20 18:10:00,2025-08-20 18:44:00,34,Calibration,Planned
DT000817,MC037,PRD0014335,2025-06-16 04:00:00,2025-06-16 05:01:00,61,Calibration,Planned
DT000818,MC020,PRD0007339,2025-05-11 01:20:00,2025-05-11 03:36:00,136,Power Outage,Unplanned
DT000819,MC035,PRD0005589,2025-05-19 02:50:00,2025-05-19 03:55:00,65,Scheduled Maintenance,Planned
DT000820,MC032,PRD0004917,2025-08-22 13:40:00,2025-08-22 15:11:00,91,Material Shortage,Unplanned
DT000821,MC022,PRD0001794,2025-12-12 08:30:00,2025-12-12 08:47:00,17,Electrical Fault,Unplanned
DT000822,MC040,PRD0003698,2025-04-21 20:10:00,2025-04-21 21:26:00,76,Scheduled Maintenance,Planned
DT000823,MC023,PRD0011540,2025-07-05 12:40:00,2025-07-05 13:12:00,32,Mechanical Failure,Unplanned
DT000824,MC025,,2026-03-11 21:40:00,2026-03-11 21:47:00,7,Mechanical Failure,Unplanned
DT000825,MC034,,2026-04-20 15:10:00,2026-04-20 16:06:00,56,Electrical Fault,Unplanned
DT000826,MC018,PRD0019231,2025-05-24 06:30:00,2025-05-24 07:44:00,74,Calibration,Planned
DT000827,MC007,PRD0015181,2025-06-04 22:50:00,2025-06-05 00:27:00,97,Operator Break,Planned
DT000828,MC022,,2026-03-22 02:50:00,2026-03-22 04:10:00,80,Material Shortage,Unplanned
DT000829,MC045,PRD0017966,2026-03-22 03:10:00,2026-03-22 03:53:00,43,Calibration,Planned
DT000830,MC046,,2025-05-08 20:00:00,2025-05-08 20:10:00,10,Calibration,Planned
DT000831,MC049,,2026-01-26 21:00:00,2026-01-26 21:36:00,36,Tooling Change,Planned
DT000832,MC046,PRD0014753,2025-12-12 09:40:00,2025-12-12 10:15:00,35,Software/PLC Fault,Unplanned
DT000833,MC003,,2025-09-05 05:30:00,2025-09-05 09:39:00,249,Mechanical Failure,Unplanned
DT000834,MC006,,2025-07-20 05:10:00,2025-07-20 05:50:00,40,Calibration,Planned
DT000835,MC001,PRD0014934,2025-02-14 01:50:00,2025-02-14 02:32:00,42,Tooling Change,Planned
DT000836,MC050,,2026-01-30 08:50:00,2026-01-30 09:56:00,66,Calibration,Planned
DT000837,MC038,,2025-10-01 11:40:00,2025-10-01 12:27:00,47,Calibration,Planned
DT000838,MC025,PRD0010815,2025-06-24 19:50:00,2025-06-24 19:59:00,9,Mechanical Failure,Unplanned
DT000839,MC013,PRD0003967,2025-09-18 17:10:00,2025-09-18 18:09:00,59,Calibration,Planned
DT000840,MC005,,2025-08-14 01:50:00,2025-08-14 02:36:00,46,Scheduled Maintenance,Planned
DT000841,MC029,PRD0009641,2025-08-22 20:30:00,2025-08-22 20:53:00,23,Power Outage,Unplanned
DT000842,MC026,,2025-10-22 20:30:00,2025-10-22 21:10:00,40,Calibration,Planned
DT000843,MC038,,2025-12-30 12:50:00,2025-12-30 13:06:00,16,Material Shortage,Unplanned
DT000844,MC018,,2026-02-16 17:30:00,2026-02-16 18:57:00,87,Mechanical Failure,Unplanned
DT000845,MC014,PRD0002293,2026-03-11 19:30:00,2026-03-11 19:54:00,24,Calibration,Planned
DT000846,MC031,,2026-01-16 13:30:00,2026-01-16 13:40:00,10,Operator Break,Planned
DT000847,MC033,PRD0003197,2026-03-28 22:30:00,2026-03-28 23:02:00,32,Power Outage,Unplanned
DT000848,MC007,PRD0005407,2026-05-15 22:20:00,2026-05-15 23:19:00,59,Electrical Fault,Unplanned
DT000849,MC037,PRD0006766,2026-03-04 03:40:00,2026-03-04 04:09:00,29,Material Shortage,Unplanned
DT000850,MC007,,2025-01-03 08:20:00,2025-01-03 09:03:00,43,Electrical Fault,Unplanned
DT000851,MC036,PRD0004758,2026-04-27 19:00:00,2026-04-27 19:34:00,34,Mechanical Failure,Unplanned
DT000852,MC050,PRD0006642,2025-12-08 01:50:00,2025-12-08 02:11:00,21,Software/PLC Fault,Unplanned
DT000853,MC009,,2025-02-28 03:30:00,2025-02-28 04:33:00,63,Power Outage,Unplanned
DT000854,MC005,PRD0002874,2025-12-04 21:30:00,2025-12-04 22:46:00,76,Electrical Fault,Unplanned
DT000855,MC025,PRD0005342,2025-11-06 11:10:00,2025-11-06 11:33:00,23,Material Shortage,Unplanned
DT000856,MC027,,2025-05-01 01:40:00,2025-05-01 02:22:00,42,Software/PLC Fault,Unplanned
DT000857,MC013,PRD0012488,2025-05-23 16:00:00,2025-05-23 16:39:00,39,Material Shortage,Unplanned
DT000858,MC024,PRD0000711,2025-12-22 09:40:00,2025-12-22 10:01:00,21,Electrical Fault,Unplanned
DT000859,MC030,,2026-06-26 00:30:00,2026-06-26 01:25:00,55,Calibration,Planned
DT000860,MC033,,2026-06-15 06:10:00,2026-06-15 06:38:00,28,Calibration,Planned
DT000861,MC014,,2025-10-31 22:30:00,2025-10-31 23:48:00,78,Mechanical Failure,Unplanned
DT000862,MC040,PRD0008603,2026-05-11 06:00:00,2026-05-11 07:10:00,70,Tooling Change,Planned
DT000863,MC041,PRD0000440,2025-07-14 14:10:00,2025-07-14 15:01:00,51,Tooling Change,Planned
DT000864,MC017,PRD0015197,2025-06-09 08:30:00,2025-06-09 11:55:00,205,Software/PLC Fault,Unplanned
DT000865,MC040,PRD0019792,2025-10-15 08:10:00,2025-10-15 08:30:00,20,Operator Break,Planned
DT000866,MC033,PRD0012390,2025-01-08 21:50:00,2025-01-08 21:59:00,9,Electrical Fault,Unplanned
DT000867,MC046,,2026-04-28 15:50:00,2026-04-28 16:15:00,25,Mechanical Failure,Unplanned
DT000868,MC022,PRD0019553,2026-05-11 03:20:00,2026-05-11 04:12:00,52,Calibration,Planned
DT000869,MC049,,2025-03-19 20:50:00,2025-03-19 22:00:00,70,Tooling Change,Planned
DT000870,MC019,PRD0003491,2026-02-16 01:30:00,2026-02-16 02:53:00,83,Power Outage,Unplanned
DT000871,MC042,PRD0007108,2026-03-24 21:20:00,2026-03-24 23:45:00,145,Mechanical Failure,Unplanned
DT000872,MC042,,2025-01-04 10:10:00,2025-01-04 10:34:00,24,Mechanical Failure,Unplanned
DT000873,MC030,PRD0018302,2026-04-06 09:10:00,2026-04-06 09:27:00,17,Calibration,Planned
DT000874,MC025,PRD0015636,2026-01-14 20:40:00,2026-01-14 21:54:00,74,Operator Break,Planned
DT000875,MC015,PRD0002423,2025-05-20 08:40:00,2025-05-20 09:26:00,46,Material Shortage,Unplanned
DT000876,MC029,PRD0005224,2025-01-17 17:30:00,2025-01-17 20:50:00,200,Material Shortage,Unplanned
DT000877,MC039,PRD0006810,2025-06-20 11:30:00,2025-06-20 12:00:00,30,Electrical Fault,Unplanned
DT000878,MC050,,2026-06-10 12:20:00,2026-06-10 13:23:00,63,Operator Break,Planned
DT000879,MC048,PRD0004012,2026-02-21 18:10:00,2026-02-21 18:15:00,5,Mechanical Failure,Unplanned
DT000880,MC031,,2026-05-22 13:50:00,2026-05-22 14:19:00,29,Calibration,Planned
DT000881,MC028,PRD0016137,2025-05-19 03:30:00,2025-05-19 03:58:00,28,Scheduled Maintenance,Planned
DT000882,MC008,,2025-03-19 22:20:00,2025-03-19 22:29:00,9,Power Outage,Unplanned
DT000883,MC043,PRD0003208,2025-10-25 15:20:00,2025-10-25 18:48:00,208,Electrical Fault,Unplanned
DT000884,MC020,,2025-02-21 12:20:00,2025-02-21 12:32:00,12,Material Shortage,Unplanned
DT000885,MC017,,2025-01-10 08:00:00,2025-01-10 09:24:00,84,Power Outage,Unplanned
DT000886,MC022,PRD0009905,2025-04-08 05:20:00,2025-04-08 06:57:00,97,Electrical Fault,Unplanned
DT000887,MC031,PRD0013103,2026-05-10 15:10:00,2026-05-10 15:24:00,14,Power Outage,Unplanned
DT000888,MC039,PRD0014871,2025-11-15 09:50:00,2025-11-15 11:42:00,112,Software/PLC Fault,Unplanned
DT000889,MC011,,2025-11-30 10:10:00,2025-11-30 10:26:00,16,Software/PLC Fault,Unplanned
DT000890,MC040,PRD0006334,2025-10-06 03:30:00,2025-10-06 04:11:00,41,Operator Break,Planned
DT000891,MC034,PRD0009748,2025-05-02 19:00:00,2025-05-02 21:01:00,121,Mechanical Failure,Unplanned
DT000892,MC035,PRD0003843,2025-03-24 14:30:00,2025-03-24 16:45:00,135,Software/PLC Fault,Unplanned
DT000893,MC006,,2025-07-30 17:40:00,2025-07-30 18:21:00,41,Tooling Change,Planned
DT000894,MC001,,2025-07-11 12:20:00,2025-07-11 13:17:00,57,Electrical Fault,Unplanned
DT000895,MC001,,2026-01-11 22:00:00,2026-01-11 22:51:00,51,Software/PLC Fault,Unplanned
DT000896,MC021,PRD0001230,2025-05-12 17:40:00,2025-05-12 18:06:00,26,Material Shortage,Unplanned
DT000897,MC017,PRD0010688,2025-02-27 15:40:00,2025-02-27 16:53:00,73,Operator Break,Planned
DT000898,MC005,PRD0010332,2026-02-14 18:30:00,2026-02-14 18:39:00,9,Power Outage,Unplanned
DT000899,MC007,,2026-05-07 17:50:00,2026-05-07 20:36:00,166,Mechanical Failure,Unplanned
DT000900,MC014,,2025-10-07 06:10:00,2025-10-07 06:29:00,19,Electrical Fault,Unplanned
DT000901,MC014,PRD0006929,2026-01-19 14:40:00,2026-01-19 15:24:00,44,Tooling Change,Planned
DT000902,MC036,PRD0013852,2025-02-12 17:20:00,2025-02-12 18:07:00,47,Calibration,Planned
DT000903,MC032,PRD0013982,2025-11-02 18:10:00,2025-11-02 18:23:00,13,Electrical Fault,Unplanned
DT000904,MC049,,2025-04-16 10:00:00,2025-04-16 12:47:00,167,Mechanical Failure,Unplanned
DT000905,MC022,PRD0003344,2026-01-28 12:40:00,2026-01-28 13:18:00,38,Mechanical Failure,Unplanned
DT000906,MC025,PRD0004594,2026-04-03 22:50:00,2026-04-03 23:26:00,36,Tooling Change,Planned
DT000907,MC035,PRD0012730,2025-05-23 07:00:00,2025-05-23 07:43:00,43,Mechanical Failure,Unplanned
DT000908,MC006,PRD0013049,2025-04-22 16:30:00,2025-04-22 17:23:00,53,Power Outage,Unplanned
DT000909,MC041,,2026-04-22 02:40:00,2026-04-22 03:02:00,22,Electrical Fault,Unplanned
DT000910,MC049,PRD0006882,2025-06-11 21:40:00,2025-06-11 22:36:00,56,Operator Break,Planned
DT000911,MC038,PRD0018629,2025-05-01 12:20:00,2025-05-01 13:10:00,50,Power Outage,Unplanned
DT000912,MC015,PRD0008211,2025-03-31 20:10:00,2025-03-31 20:52:00,42,Tooling Change,Planned
DT000913,MC012,PRD0011805,2025-01-11 06:40:00,2025-01-11 07:40:00,60,Electrical Fault,Unplanned
DT000914,MC039,,2025-09-02 16:20:00,2025-09-02 19:23:00,183,Material Shortage,Unplanned
DT000915,MC049,PRD0009943,2025-08-18 08:30:00,2025-08-18 09:27:00,57,Scheduled Maintenance,Planned
DT000916,MC005,PRD0007552,2025-01-29 14:30:00,2025-01-29 14:50:00,20,Operator Break,Planned
DT000917,MC042,PRD0006842,2025-05-02 12:00:00,2025-05-02 12:16:00,16,Calibration,Planned
DT000918,MC037,PRD0014641,2025-06-04 14:00:00,2025-06-04 16:51:00,171,Power Outage,Unplanned
DT000919,MC031,PRD0014893,2025-09-26 05:30:00,2025-09-26 05:46:00,16,Software/PLC Fault,Unplanned
DT000920,MC047,PRD0008593,2025-03-04 11:50:00,2025-03-04 12:20:00,30,Software/PLC Fault,Unplanned
DT000921,MC009,,2025-12-10 17:10:00,2025-12-10 19:52:00,162,Material Shortage,Unplanned
DT000922,MC021,,2025-10-03 04:40:00,2025-10-03 06:04:00,84,Electrical Fault,Unplanned
DT000923,MC018,PRD0012285,2026-06-19 03:00:00,2026-06-19 03:10:00,10,Operator Break,Planned
DT000924,MC049,PRD0012652,2025-06-20 13:40:00,2025-06-20 13:57:00,17,Power Outage,Unplanned
DT000925,MC027,PRD0011996,2025-04-24 03:40:00,2025-04-24 06:19:00,159,Software/PLC Fault,Unplanned
DT000926,MC022,PRD0009922,2025-06-10 00:20:00,2025-06-10 00:38:00,18,Software/PLC Fault,Unplanned
DT000927,MC020,PRD0011836,2025-10-27 13:30:00,2025-10-27 14:10:00,40,Electrical Fault,Unplanned
DT000928,MC007,,2025-09-07 18:10:00,2025-09-07 18:31:00,21,Power Outage,Unplanned
DT000929,MC042,PRD0012923,2026-02-11 11:10:00,2026-02-11 11:40:00,30,Material Shortage,Unplanned
DT000930,MC020,,2025-08-09 02:20:00,2025-08-09 02:29:00,9,Material Shortage,Unplanned
DT000931,MC018,,2025-12-28 16:00:00,2025-12-28 16:31:00,31,Scheduled Maintenance,Planned
DT000932,MC034,,2026-02-12 15:50:00,2026-02-12 16:29:00,39,Operator Break,Planned
DT000933,MC005,,2025-07-27 06:40:00,2025-07-27 06:59:00,19,Calibration,Planned
DT000934,MC008,PRD0019350,2025-05-29 01:50:00,2025-05-29 02:16:00,26,Scheduled Maintenance,Planned
DT000935,MC031,PRD0011281,2025-07-03 13:00:00,2025-07-03 13:33:00,33,Calibration,Planned
DT000936,MC012,,2025-05-16 20:20:00,2025-05-16 21:48:00,88,Operator Break,Planned
DT000937,MC024,PRD0017982,2026-02-13 06:50:00,2026-02-13 07:10:00,20,Software/PLC Fault,Unplanned
DT000938,MC048,PRD0005541,2025-09-16 08:10:00,2025-09-16 08:41:00,31,Electrical Fault,Unplanned
DT000939,MC016,PRD0001381,2025-12-20 02:10:00,2025-12-20 03:07:00,57,Mechanical Failure,Unplanned
DT000940,MC033,PRD0009524,2025-09-11 08:00:00,2025-09-11 08:54:00,54,Mechanical Failure,Unplanned
DT000941,MC016,PRD0005400,2026-02-11 04:40:00,2026-02-11 05:04:00,24,Operator Break,Planned
DT000942,MC007,,2026-03-11 21:10:00,2026-03-11 21:52:00,42,Tooling Change,Planned
DT000943,MC036,PRD0013246,2025-04-20 19:10:00,2025-04-20 20:36:00,86,Electrical Fault,Unplanned
DT000944,MC008,,2025-06-13 22:20:00,2025-06-13 22:30:00,10,Tooling Change,Planned
DT000945,MC045,PRD0001591,2025-08-19 18:50:00,2025-08-19 19:07:00,17,Scheduled Maintenance,Planned
DT000946,MC011,PRD0004105,2026-04-16 17:00:00,2026-04-16 17:14:00,14,Mechanical Failure,Unplanned
DT000947,MC028,,2026-01-26 19:10:00,2026-01-26 20:14:00,64,Material Shortage,Unplanned
DT000948,MC021,PRD0014413,2025-09-06 19:40:00,2025-09-06 19:58:00,18,Material Shortage,Unplanned
DT000949,MC018,PRD0019620,2025-10-28 07:50:00,2025-10-28 08:11:00,21,Tooling Change,Planned
DT000950,MC046,PRD0007289,2025-07-21 01:40:00,2025-07-21 02:24:00,44,Scheduled Maintenance,Planned
DT000951,MC021,PRD0004726,2025-02-26 21:30:00,2025-02-26 21:50:00,20,Software/PLC Fault,Unplanned
DT000952,MC026,PRD0006802,2026-03-12 22:30:00,2026-03-12 23:39:00,69,Material Shortage,Unplanned
DT000953,MC014,PRD0011843,2026-02-13 01:10:00,2026-02-13 01:28:00,18,Power Outage,Unplanned
DT000954,MC018,PRD0008710,2025-08-22 22:30:00,2025-08-22 23:26:00,56,Tooling Change,Planned
DT000955,MC036,,2025-01-22 00:40:00,2025-01-22 01:31:00,51,Power Outage,Unplanned
DT000956,MC003,PRD0013784,2026-03-23 00:40:00,2026-03-23 01:11:00,31,Mechanical Failure,Unplanned
DT000957,MC027,PRD0006720,2025-08-13 11:20:00,2025-08-13 11:55:00,35,Calibration,Planned
DT000958,MC015,PRD0019159,2026-05-13 10:20:00,2026-05-13 11:34:00,74,Tooling Change,Planned
DT000959,MC013,PRD0004216,2026-05-07 09:30:00,2026-05-07 09:44:00,14,Calibration,Planned
DT000960,MC050,,2025-03-10 08:20:00,2025-03-10 08:53:00,33,Scheduled Maintenance,Planned
DT000961,MC021,,2025-02-13 06:00:00,2025-02-13 07:02:00,62,Power Outage,Unplanned
DT000962,MC043,PRD0006117,2025-03-02 02:10:00,2025-03-02 02:54:00,44,Operator Break,Planned
DT000963,MC044,,2026-06-16 16:40:00,2026-06-16 16:47:00,7,Mechanical Failure,Unplanned
DT000964,MC011,PRD0009984,2025-07-25 13:20:00,2025-07-25 13:32:00,12,Calibration,Planned
DT000965,MC008,PRD0012399,2025-08-25 06:10:00,2025-08-25 06:20:00,10,Scheduled Maintenance,Planned
DT000966,MC038,PRD0013040,2025-11-05 10:30:00,2025-11-05 11:06:00,36,Material Shortage,Unplanned
DT000967,MC040,,2025-10-27 20:50:00,2025-10-27 21:45:00,55,Calibration,Planned
DT000968,MC003,PRD0014280,2026-05-08 07:00:00,2026-05-08 10:19:00,199,Power Outage,Unplanned
DT000969,MC031,,2026-02-04 11:50:00,2026-02-04 12:17:00,27,Calibration,Planned
DT000970,MC019,PRD0016077,2025-07-28 17:20:00,2025-07-28 18:19:00,59,Scheduled Maintenance,Planned
DT000971,MC010,,2025-04-24 07:50:00,2025-04-24 08:33:00,43,Calibration,Planned
DT000972,MC008,,2025-04-29 13:40:00,2025-04-29 14:27:00,47,Operator Break,Planned
DT000973,MC011,,2025-11-25 11:20:00,2025-11-25 11:44:00,24,Mechanical Failure,Unplanned
DT000974,MC034,PRD0008701,2025-08-01 10:50:00,2025-08-01 12:20:00,90,Material Shortage,Unplanned
DT000975,MC037,PRD0019580,2025-04-19 19:30:00,2025-04-19 19:57:00,27,Calibration,Planned
DT000976,MC047,PRD0000784,2026-01-27 16:20:00,2026-01-27 16:49:00,29,Mechanical Failure,Unplanned
DT000977,MC036,PRD0018484,2025-02-26 16:40:00,2025-02-26 17:32:00,52,Operator Break,Planned
DT000978,MC030,PRD0015890,2025-04-29 15:30:00,2025-04-29 16:27:00,57,Mechanical Failure,Unplanned
DT000979,MC037,PRD0005074,2025-09-02 00:20:00,2025-09-02 00:32:00,12,Operator Break,Planned
DT000980,MC005,PRD0006625,2026-05-10 17:50:00,2026-05-10 18:02:00,12,Electrical Fault,Unplanned
DT000981,MC010,PRD0019560,2025-01-28 09:00:00,2025-01-28 09:37:00,37,Scheduled Maintenance,Planned
DT000982,MC021,PRD0015529,2026-01-24 14:40:00,2026-01-24 15:51:00,71,Scheduled Maintenance,Planned
DT000983,MC004,PRD0014654,2025-03-31 06:30:00,2025-03-31 06:52:00,22,Tooling Change,Planned
DT000984,MC029,,2025-02-24 00:10:00,2025-02-24 04:01:00,231,Power Outage,Unplanned
DT000985,MC039,PRD0005657,2026-04-27 09:50:00,2026-04-27 10:21:00,31,Software/PLC Fault,Unplanned
DT000986,MC007,PRD0001454,2025-01-19 19:50:00,2025-01-19 20:01:00,11,Material Shortage,Unplanned
DT000987,MC039,,2025-02-09 07:50:00,2025-02-09 08:16:00,26,Mechanical Failure,Unplanned
DT000988,MC040,,2026-02-18 20:30:00,2026-02-18 20:35:00,5,Power Outage,Unplanned
DT000989,MC035,PRD0009996,2025-04-01 17:10:00,2025-04-01 18:18:00,68,Mechanical Failure,Unplanned
DT000990,MC044,,2026-02-21 12:10:00,2026-02-21 12:53:00,43,Calibration,Planned
DT000991,MC025,PRD0013265,2025-04-11 08:10:00,2025-04-11 09:17:00,67,Operator Break,Planned
DT000992,MC046,PRD0006884,2025-11-24 07:50:00,2025-11-24 08:46:00,56,Electrical Fault,Unplanned
DT000993,MC046,PRD0014743,2026-03-16 11:30:00,2026-03-16 13:19:00,109,Software/PLC Fault,Unplanned
DT000994,MC011,,2025-08-04 22:40:00,2025-08-04 22:50:00,10,Software/PLC Fault,Unplanned
DT000995,MC016,PRD0009969,2025-08-11 03:20:00,2025-08-11 04:07:00,47,Material Shortage,Unplanned
DT000996,MC040,,2025-05-10 05:00:00,2025-05-10 08:33:00,213,Power Outage,Unplanned
DT000997,MC008,,2026-06-27 02:30:00,2026-06-27 05:18:00,168,Mechanical Failure,Unplanned
DT000998,MC047,PRD0019448,2025-10-20 09:00:00,2025-10-20 09:55:00,55,Tooling Change,Planned
DT000999,MC014,PRD0012064,2025-10-08 09:10:00,2025-10-08 11:08:00,118,Mechanical Failure,Unplanned
DT001000,MC036,PRD0008881,2026-05-07 16:00:00,2026-05-07 16:41:00,41,Scheduled Maintenance,Planned
DT001001,MC008,PRD0006670,2025-02-02 08:30:00,2025-02-02 08:54:00,24,Calibration,Planned
DT001002,MC004,PRD0018245,2025-09-02 04:00:00,2025-09-02 04:50:00,50,Material Shortage,Unplanned
DT001003,MC027,PRD0011378,2025-08-21 10:20:00,2025-08-21 10:45:00,25,Software/PLC Fault,Unplanned
DT001004,MC022,,2025-10-30 15:00:00,2025-10-30 15:51:00,51,Calibration,Planned
DT001005,MC007,PRD0013136,2026-01-24 21:50:00,2026-01-24 22:00:00,10,Calibration,Planned
DT001006,MC028,,2025-06-05 09:40:00,2025-06-05 10:11:00,31,Scheduled Maintenance,Planned
DT001007,MC036,PRD0019291,2025-01-10 13:40:00,2025-01-10 15:05:00,85,Material Shortage,Unplanned
DT001008,MC038,PRD0014130,2025-02-06 01:50:00,2025-02-06 02:17:00,27,Calibration,Planned
DT001009,MC009,PRD0012612,2025-01-21 17:20:00,2025-01-21 18:08:00,48,Scheduled Maintenance,Planned
DT001010,MC013,,2025-06-09 22:30:00,2025-06-09 23:53:00,83,Scheduled Maintenance,Planned
DT001011,MC044,PRD0012221,2025-03-24 22:00:00,2025-03-24 22:10:00,10,Power Outage,Unplanned
DT001012,MC027,PRD0016060,2026-05-02 19:30:00,2026-05-02 20:32:00,62,Software/PLC Fault,Unplanned
DT001013,MC031,,2026-05-14 18:10:00,2026-05-14 18:34:00,24,Software/PLC Fault,Unplanned
DT001014,MC023,PRD0003771,2025-11-02 22:00:00,2025-11-02 23:11:00,71,Scheduled Maintenance,Planned
DT001015,MC010,,2026-02-22 05:20:00,2026-02-22 06:23:00,63,Calibration,Planned
DT001016,MC050,PRD0019934,2025-02-05 19:20:00,2025-02-05 20:30:00,70,Calibration,Planned
DT001017,MC007,,2026-02-08 17:20:00,2026-02-08 17:58:00,38,Calibration,Planned
DT001018,MC025,,2026-06-12 13:10:00,2026-06-12 15:27:00,137,Material Shortage,Unplanned
DT001019,MC022,PRD0012723,2025-11-30 21:30:00,2025-11-30 21:45:00,15,Mechanical Failure,Unplanned
DT001020,MC042,PRD0005982,2025-06-18 06:20:00,2025-06-18 06:53:00,33,Operator Break,Planned
DT001021,MC044,,2025-07-01 06:00:00,2025-07-01 06:48:00,48,Calibration,Planned
DT001022,MC009,,2025-09-06 00:10:00,2025-09-06 00:34:00,24,Electrical Fault,Unplanned
DT001023,MC011,PRD0006397,2026-05-11 05:10:00,2026-05-11 05:39:00,29,Power Outage,Unplanned
DT001024,MC026,PRD0010180,2025-12-23 00:20:00,2025-12-23 01:30:00,70,Material Shortage,Unplanned
DT001025,MC044,,2026-02-15 08:20:00,2026-02-15 08:54:00,34,Operator Break,Planned
DT001026,MC008,PRD0002963,2025-01-15 17:00:00,2025-01-15 17:36:00,36,Power Outage,Unplanned
DT001027,MC007,PRD0017724,2026-06-17 08:50:00,2026-06-17 09:39:00,49,Electrical Fault,Unplanned
DT001028,MC022,PRD0005420,2026-03-20 08:10:00,2026-03-20 09:24:00,74,Operator Break,Planned
DT001029,MC040,PRD0012502,2026-01-15 02:20:00,2026-01-15 04:00:00,100,Electrical Fault,Unplanned
DT001030,MC011,PRD0016808,2025-02-12 18:50:00,2025-02-12 19:26:00,36,Tooling Change,Planned
DT001031,MC019,,2026-03-18 16:50:00,2026-03-18 17:43:00,53,Calibration,Planned
DT001032,MC033,PRD0013382,2026-01-10 19:50:00,2026-01-10 20:22:00,32,Calibration,Planned
DT001033,MC038,PRD0019295,2025-11-15 04:00:00,2025-11-15 05:20:00,80,Tooling Change,Planned
DT001034,MC047,PRD0015013,2026-03-12 11:20:00,2026-03-12 12:13:00,53,Calibration,Planned
DT001035,MC014,,2025-09-28 15:20:00,2025-09-28 15:50:00,30,Software/PLC Fault,Unplanned
DT001036,MC012,PRD0013885,2026-06-21 21:40:00,2026-06-21 22:08:00,28,Material Shortage,Unplanned
DT001037,MC004,,2025-10-05 21:30:00,2025-10-05 22:25:00,55,Software/PLC Fault,Unplanned
DT001038,MC031,,2025-07-17 06:00:00,2025-07-17 06:50:00,50,Calibration,Planned
DT001039,MC038,,2026-04-10 11:40:00,2026-04-10 14:35:00,175,Electrical Fault,Unplanned
DT001040,MC001,,2025-06-01 08:50:00,2025-06-01 09:27:00,37,Mechanical Failure,Unplanned
DT001041,MC044,,2025-09-05 18:50:00,2025-09-05 19:30:00,40,Power Outage,Unplanned
DT001042,MC015,PRD0016976,2025-01-01 01:30:00,2025-01-01 02:17:00,47,Calibration,Planned
DT001043,MC041,PRD0007091,2025-05-15 03:20:00,2025-05-15 04:07:00,47,Software/PLC Fault,Unplanned
DT001044,MC018,,2025-12-28 17:40:00,2025-12-28 18:03:00,23,Scheduled Maintenance,Planned
DT001045,MC025,,2026-06-20 05:00:00,2026-06-20 05:57:00,57,Mechanical Failure,Unplanned
DT001046,MC030,,2025-04-25 00:20:00,2025-04-25 01:04:00,44,Electrical Fault,Unplanned
DT001047,MC046,PRD0011521,2025-08-14 05:30:00,2025-08-14 06:45:00,75,Electrical Fault,Unplanned
DT001048,MC028,PRD0003166,2025-11-26 17:20:00,2025-11-26 18:13:00,53,Tooling Change,Planned
DT001049,MC012,,2025-01-02 09:20:00,2025-01-02 09:37:00,17,Electrical Fault,Unplanned
DT001050,MC030,PRD0008249,2026-06-22 08:10:00,2026-06-22 08:56:00,46,Calibration,Planned
DT001051,MC018,,2025-09-04 02:20:00,2025-09-04 03:10:00,50,Tooling Change,Planned
DT001052,MC026,,2025-03-07 01:30:00,2025-03-07 02:36:00,66,Tooling Change,Planned
DT001053,MC004,,2026-05-03 12:00:00,2026-05-03 12:26:00,26,Calibration,Planned
DT001054,MC025,,2025-10-25 02:50:00,2025-10-25 03:02:00,12,Mechanical Failure,Unplanned
DT001055,MC029,PRD0011933,2026-06-02 08:50:00,2026-06-02 09:51:00,61,Software/PLC Fault,Unplanned
DT001056,MC047,PRD0002682,2025-02-15 20:30:00,2025-02-15 21:03:00,33,Calibration,Planned
DT001057,MC029,PRD0003878,2025-10-03 11:10:00,2025-10-03 12:41:00,91,Mechanical Failure,Unplanned
DT001058,MC006,PRD0008088,2025-09-20 12:00:00,2025-09-20 12:28:00,28,Software/PLC Fault,Unplanned
DT001059,MC040,,2025-12-08 15:50:00,2025-12-08 17:17:00,87,Mechanical Failure,Unplanned
DT001060,MC047,PRD0002658,2026-05-24 06:50:00,2026-05-24 06:57:00,7,Software/PLC Fault,Unplanned
DT001061,MC031,PRD0015137,2025-03-29 21:40:00,2025-03-29 22:16:00,36,Material Shortage,Unplanned
DT001062,MC007,PRD0014410,2026-04-27 21:10:00,2026-04-27 21:28:00,18,Tooling Change,Planned
DT001063,MC045,PRD0004771,2025-05-19 20:20:00,2025-05-19 20:56:00,36,Operator Break,Planned
DT001064,MC006,PRD0000967,2025-07-29 22:30:00,2025-07-29 23:17:00,47,Software/PLC Fault,Unplanned
DT001065,MC038,,2026-03-12 08:10:00,2026-03-12 09:22:00,72,Electrical Fault,Unplanned
DT001066,MC011,PRD0015822,2025-08-26 03:20:00,2025-08-26 03:57:00,37,Tooling Change,Planned
DT001067,MC043,,2026-01-23 04:00:00,2026-01-23 05:07:00,67,Scheduled Maintenance,Planned
DT001068,MC037,,2025-07-15 12:30:00,2025-07-15 13:06:00,36,Mechanical Failure,Unplanned
DT001069,MC020,PRD0019155,2026-06-06 18:00:00,2026-06-06 18:05:00,5,Material Shortage,Unplanned
DT001070,MC031,PRD0011586,2026-01-03 10:20:00,2026-01-03 10:51:00,31,Tooling Change,Planned
DT001071,MC049,PRD0013428,2025-12-30 18:00:00,2025-12-30 18:19:00,19,Tooling Change,Planned
DT001072,MC033,PRD0010662,2025-03-20 22:00:00,2025-03-20 22:43:00,43,Electrical Fault,Unplanned
DT001073,MC049,PRD0012583,2025-04-03 21:30:00,2025-04-03 22:21:00,51,Calibration,Planned
DT001074,MC004,PRD0016063,2025-07-05 07:20:00,2025-07-05 07:50:00,30,Software/PLC Fault,Unplanned
DT001075,MC032,PRD0012932,2025-05-18 01:50:00,2025-05-18 02:18:00,28,Software/PLC Fault,Unplanned
DT001076,MC023,,2026-03-24 01:40:00,2026-03-24 01:58:00,18,Electrical Fault,Unplanned
DT001077,MC023,PRD0005632,2025-07-23 09:30:00,2025-07-23 10:00:00,30,Electrical Fault,Unplanned
DT001078,MC048,PRD0010242,2026-01-16 22:40:00,2026-01-16 23:35:00,55,Tooling Change,Planned
DT001079,MC009,PRD0014261,2025-07-18 12:30:00,2025-07-18 12:51:00,21,Scheduled Maintenance,Planned
DT001080,MC009,PRD0005341,2025-05-14 05:40:00,2025-05-14 05:59:00,19,Scheduled Maintenance,Planned
DT001081,MC049,PRD0013170,2026-02-24 05:40:00,2026-02-24 06:03:00,23,Tooling Change,Planned
DT001082,MC043,PRD0003462,2025-01-15 12:10:00,2025-01-15 12:36:00,26,Operator Break,Planned
DT001083,MC020,PRD0011841,2025-03-12 18:40:00,2025-03-12 19:09:00,29,Mechanical Failure,Unplanned
DT001084,MC002,,2026-01-05 11:30:00,2026-01-05 12:09:00,39,Scheduled Maintenance,Planned
DT001085,MC006,PRD0004710,2025-11-11 17:10:00,2025-11-11 17:37:00,27,Mechanical Failure,Unplanned
DT001086,MC034,,2025-04-17 09:10:00,2025-04-17 09:55:00,45,Electrical Fault,Unplanned
DT001087,MC027,PRD0012914,2026-05-21 14:10:00,2026-05-21 15:59:00,109,Material Shortage,Unplanned
DT001088,MC031,PRD0014796,2025-11-26 10:30:00,2025-11-26 11:37:00,67,Mechanical Failure,Unplanned
DT001089,MC011,,2026-05-31 14:50:00,2026-05-31 16:03:00,73,Calibration,Planned
DT001090,MC046,PRD0009044,2025-07-26 07:10:00,2025-07-26 07:45:00,35,Calibration,Planned
DT001091,MC020,,2025-03-21 00:00:00,2025-03-21 00:40:00,40,Operator Break,Planned
DT001092,MC010,,2026-06-12 12:50:00,2026-06-12 14:02:00,72,Power Outage,Unplanned
DT001093,MC044,PRD0017276,2025-08-26 17:30:00,2025-08-26 18:35:00,65,Material Shortage,Unplanned
DT001094,MC008,,2026-03-28 06:50:00,2026-03-28 07:22:00,32,Material Shortage,Unplanned
DT001095,MC025,PRD0006021,2025-08-20 15:00:00,2025-08-20 16:01:00,61,Material Shortage,Unplanned
DT001096,MC021,PRD0006982,2025-05-11 12:20:00,2025-05-11 12:41:00,21,Software/PLC Fault,Unplanned
DT001097,MC026,PRD0002538,2025-03-31 01:00:00,2025-03-31 01:11:00,11,Electrical Fault,Unplanned
DT001098,MC006,PRD0011006,2026-05-05 11:20:00,2026-05-05 12:30:00,70,Software/PLC Fault,Unplanned
DT001099,MC015,,2025-03-08 16:30:00,2025-03-08 16:53:00,23,Power Outage,Unplanned
DT001100,MC001,,2025-04-03 05:00:00,2025-04-03 05:20:00,20,Tooling Change,Planned
DT001101,MC038,PRD0005031,2025-05-15 08:00:00,2025-05-15 08:23:00,23,Software/PLC Fault,Unplanned
DT001102,MC040,PRD0017266,2025-01-27 14:00:00,2025-01-27 14:35:00,35,Calibration,Planned
DT001103,MC007,,2025-01-14 12:10:00,2025-01-14 13:21:00,71,Software/PLC Fault,Unplanned
DT001104,MC016,PRD0006330,2025-06-27 02:20:00,2025-06-27 02:39:00,19,Material Shortage,Unplanned
DT001105,MC022,PRD0011899,2025-02-11 18:00:00,2025-02-11 19:22:00,82,Material Shortage,Unplanned
DT001106,MC021,PRD0012133,2025-02-13 07:40:00,2025-02-13 08:03:00,23,Power Outage,Unplanned
DT001107,MC011,,2025-02-03 15:10:00,2025-02-03 16:29:00,79,Calibration,Planned
DT001108,MC025,PRD0001847,2025-06-20 07:20:00,2025-06-20 08:35:00,75,Scheduled Maintenance,Planned
DT001109,MC011,PRD0004803,2026-02-08 15:20:00,2026-02-08 15:41:00,21,Electrical Fault,Unplanned
DT001110,MC013,PRD0000216,2025-05-07 15:30:00,2025-05-07 16:06:00,36,Operator Break,Planned
DT001111,MC024,PRD0010752,2026-04-26 07:30:00,2026-04-26 08:07:00,37,Calibration,Planned
DT001112,MC019,,2025-06-24 21:20:00,2025-06-25 01:50:00,270,Power Outage,Unplanned
DT001113,MC018,PRD0001543,2025-03-03 16:10:00,2025-03-03 16:30:00,20,Mechanical Failure,Unplanned
DT001114,MC019,PRD0011119,2026-01-04 16:00:00,2026-01-04 16:24:00,24,Electrical Fault,Unplanned
DT001115,MC010,PRD0010156,2025-03-16 00:40:00,2025-03-16 01:48:00,68,Operator Break,Planned
DT001116,MC006,PRD0018116,2026-06-26 01:10:00,2026-06-26 01:32:00,22,Software/PLC Fault,Unplanned
DT001117,MC050,PRD0012431,2025-08-02 22:30:00,2025-08-02 23:39:00,69,Calibration,Planned
DT001118,MC041,PRD0019924,2026-01-31 05:40:00,2026-01-31 06:43:00,63,Calibration,Planned
DT001119,MC029,PRD0000132,2025-11-25 02:00:00,2025-11-25 02:27:00,27,Material Shortage,Unplanned
DT001120,MC038,PRD0000795,2025-12-09 06:30:00,2025-12-09 07:29:00,59,Scheduled Maintenance,Planned
DT001121,MC040,PRD0005287,2025-09-21 10:40:00,2025-09-21 11:25:00,45,Material Shortage,Unplanned
DT001122,MC010,PRD0009236,2025-04-18 17:40:00,2025-04-18 18:16:00,36,Power Outage,Unplanned
DT001123,MC004,PRD0019393,2025-04-04 21:00:00,2025-04-04 21:55:00,55,Calibration,Planned
DT001124,MC044,PRD0006292,2026-03-21 17:20:00,2026-03-21 18:04:00,44,Tooling Change,Planned
DT001125,MC032,,2025-06-24 11:30:00,2025-06-24 12:37:00,67,Electrical Fault,Unplanned
DT001126,MC043,PRD0004025,2026-04-27 19:30:00,2026-04-27 19:49:00,19,Operator Break,Planned
DT001127,MC029,PRD0000642,2025-06-12 11:50:00,2025-06-12 12:12:00,22,Software/PLC Fault,Unplanned
DT001128,MC033,,2026-03-27 21:00:00,2026-03-27 21:25:00,25,Mechanical Failure,Unplanned
DT001129,MC016,,2025-02-05 20:20:00,2025-02-05 21:16:00,56,Tooling Change,Planned
DT001130,MC045,PRD0000740,2025-12-01 20:10:00,2025-12-01 22:01:00,111,Electrical Fault,Unplanned
DT001131,MC035,PRD0016823,2025-12-12 15:40:00,2025-12-12 16:50:00,70,Power Outage,Unplanned
DT001132,MC041,PRD0006318,2025-02-05 12:10:00,2025-02-05 12:45:00,35,Material Shortage,Unplanned
DT001133,MC031,PRD0010699,2025-10-31 13:10:00,2025-10-31 14:44:00,94,Power Outage,Unplanned
DT001134,MC012,,2025-01-15 20:10:00,2025-01-15 21:55:00,105,Electrical Fault,Unplanned
DT001135,MC002,PRD0019842,2025-04-10 01:00:00,2025-04-10 01:10:00,10,Scheduled Maintenance,Planned
DT001136,MC034,PRD0014162,2025-11-21 03:20:00,2025-11-21 04:03:00,43,Operator Break,Planned
DT001137,MC037,,2025-07-24 12:20:00,2025-07-24 13:44:00,84,Software/PLC Fault,Unplanned
DT001138,MC050,PRD0012946,2025-07-13 17:00:00,2025-07-13 19:06:00,126,Electrical Fault,Unplanned
DT001139,MC020,PRD0005112,2026-04-01 04:50:00,2026-04-01 05:35:00,45,Mechanical Failure,Unplanned
DT001140,MC007,PRD0001694,2025-02-11 12:50:00,2025-02-11 13:13:00,23,Electrical Fault,Unplanned
DT001141,MC003,PRD0010203,2025-07-11 14:00:00,2025-07-11 14:44:00,44,Tooling Change,Planned
DT001142,MC046,PRD0014573,2025-08-11 04:20:00,2025-08-11 04:57:00,37,Electrical Fault,Unplanned
DT001143,MC038,PRD0008210,2025-03-19 21:00:00,2025-03-19 21:38:00,38,Calibration,Planned
DT001144,MC037,PRD0013820,2026-02-10 19:30:00,2026-02-10 19:54:00,24,Scheduled Maintenance,Planned
DT001145,MC011,,2026-03-19 08:40:00,2026-03-19 12:05:00,205,Software/PLC Fault,Unplanned
DT001146,MC041,PRD0004565,2025-10-25 19:30:00,2025-10-25 20:52:00,82,Power Outage,Unplanned
DT001147,MC041,PRD0003722,2025-07-05 08:00:00,2025-07-05 08:26:00,26,Tooling Change,Planned
DT001148,MC025,,2025-11-25 17:30:00,2025-11-25 21:27:00,237,Power Outage,Unplanned
DT001149,MC035,,2025-10-30 10:30:00,2025-10-30 12:08:00,98,Material Shortage,Unplanned
DT001150,MC043,PRD0014547,2025-07-14 04:20:00,2025-07-14 06:06:00,106,Mechanical Failure,Unplanned
DT001151,MC007,PRD0013656,2025-10-11 18:10:00,2025-10-11 18:58:00,48,Power Outage,Unplanned
DT001152,MC004,,2025-03-16 18:20:00,2025-03-16 18:57:00,37,Mechanical Failure,Unplanned
DT001153,MC023,PRD0011343,2026-06-07 02:00:00,2026-06-07 05:20:00,200,Material Shortage,Unplanned
DT001154,MC003,PRD0004767,2025-06-26 16:40:00,2025-06-26 16:55:00,15,Material Shortage,Unplanned
DT001155,MC007,PRD0010476,2026-01-28 11:20:00,2026-01-28 13:34:00,134,Mechanical Failure,Unplanned
DT001156,MC034,PRD0013974,2025-10-28 09:10:00,2025-10-28 09:18:00,8,Electrical Fault,Unplanned
DT001157,MC028,PRD0001809,2025-01-09 07:20:00,2025-01-09 07:43:00,23,Power Outage,Unplanned
DT001158,MC034,PRD0003927,2026-04-23 19:00:00,2026-04-23 20:09:00,69,Scheduled Maintenance,Planned
DT001159,MC015,PRD0006079,2025-01-13 04:00:00,2025-01-13 04:39:00,39,Calibration,Planned
DT001160,MC002,,2026-04-29 15:20:00,2026-04-29 16:02:00,42,Calibration,Planned
DT001161,MC020,,2025-11-21 07:30:00,2025-11-21 08:29:00,59,Material Shortage,Unplanned
DT001162,MC045,PRD0008512,2025-11-12 17:20:00,2025-11-12 17:30:00,10,Scheduled Maintenance,Planned
DT001163,MC026,PRD0004763,2025-11-18 21:00:00,2025-11-18 21:45:00,45,Operator Break,Planned
DT001164,MC001,PRD0011991,2026-02-21 00:30:00,2026-02-21 01:48:00,78,Tooling Change,Planned
DT001165,MC009,,2025-08-17 10:50:00,2025-08-17 11:01:00,11,Operator Break,Planned
DT001166,MC009,PRD0008991,2026-04-05 08:30:00,2026-04-05 09:05:00,35,Operator Break,Planned
DT001167,MC011,PRD0011894,2026-04-25 01:20:00,2026-04-25 01:44:00,24,Material Shortage,Unplanned
DT001168,MC049,PRD0012018,2025-11-30 19:20:00,2025-11-30 20:07:00,47,Calibration,Planned
DT001169,MC046,PRD0013623,2026-06-07 05:00:00,2026-06-07 05:28:00,28,Material Shortage,Unplanned
DT001170,MC014,PRD0016189,2025-03-30 08:00:00,2025-03-30 08:40:00,40,Tooling Change,Planned
DT001171,MC016,,2026-02-03 16:00:00,2026-02-03 16:16:00,16,Software/PLC Fault,Unplanned
DT001172,MC036,,2025-02-01 15:10:00,2025-02-01 15:58:00,48,Power Outage,Unplanned
DT001173,MC024,PRD0011314,2026-04-10 00:10:00,2026-04-10 00:31:00,21,Material Shortage,Unplanned
DT001174,MC045,PRD0014107,2025-05-02 07:20:00,2025-05-02 08:12:00,52,Tooling Change,Planned
DT001175,MC036,PRD0003215,2025-06-19 00:40:00,2025-06-19 01:49:00,69,Operator Break,Planned
DT001176,MC001,,2025-04-27 13:50:00,2025-04-27 14:51:00,61,Tooling Change,Planned
DT001177,MC009,PRD0002071,2025-03-21 01:10:00,2025-03-21 01:31:00,21,Software/PLC Fault,Unplanned
DT001178,MC033,,2025-08-08 18:10:00,2025-08-08 18:31:00,21,Mechanical Failure,Unplanned
DT001179,MC027,PRD0009175,2025-03-30 17:20:00,2025-03-30 18:48:00,88,Material Shortage,Unplanned
DT001180,MC009,PRD0009119,2026-04-18 16:40:00,2026-04-18 21:37:00,297,Mechanical Failure,Unplanned
DT001181,MC017,PRD0018427,2026-06-27 18:00:00,2026-06-27 18:46:00,46,Power Outage,Unplanned
DT001182,MC030,,2026-04-20 17:30:00,2026-04-20 18:15:00,45,Power Outage,Unplanned
DT001183,MC010,PRD0010326,2026-01-01 18:20:00,2026-01-01 19:32:00,72,Power Outage,Unplanned
DT001184,MC021,PRD0012753,2025-02-22 08:10:00,2025-02-22 08:15:00,5,Software/PLC Fault,Unplanned
DT001185,MC034,,2025-06-30 19:20:00,2025-06-30 20:17:00,57,Tooling Change,Planned
DT001186,MC035,PRD0014005,2026-02-14 10:20:00,2026-02-14 11:26:00,66,Scheduled Maintenance,Planned
DT001187,MC013,PRD0006153,2026-01-30 12:40:00,2026-01-30 12:51:00,11,Software/PLC Fault,Unplanned
DT001188,MC049,,2025-04-22 12:00:00,2025-04-22 12:05:00,5,Power Outage,Unplanned
DT001189,MC005,,2026-06-22 18:50:00,2026-06-22 19:45:00,55,Material Shortage,Unplanned
DT001190,MC038,PRD0008530,2025-11-13 10:10:00,2025-11-13 11:30:00,80,Mechanical Failure,Unplanned
DT001191,MC027,PRD0018512,2025-11-30 20:30:00,2025-11-30 20:56:00,26,Material Shortage,Unplanned
DT001192,MC046,PRD0017800,2026-05-08 07:00:00,2026-05-08 07:10:00,10,Scheduled Maintenance,Planned
DT001193,MC006,PRD0010936,2025-06-24 09:00:00,2025-06-24 10:07:00,67,Electrical Fault,Unplanned
DT001194,MC043,PRD0018994,2025-08-03 14:10:00,2025-08-03 15:50:00,100,Software/PLC Fault,Unplanned
DT001195,MC004,PRD0017169,2025-05-26 21:10:00,2025-05-26 22:06:00,56,Calibration,Planned
DT001196,MC010,,2025-12-22 17:00:00,2025-12-22 18:33:00,93,Electrical Fault,Unplanned
DT001197,MC011,,2025-04-08 14:00:00,2025-04-08 14:19:00,19,Scheduled Maintenance,Planned
DT001198,MC042,,2026-05-31 06:00:00,2026-05-31 07:12:00,72,Tooling Change,Planned
DT001199,MC040,,2026-02-21 04:20:00,2026-02-21 04:56:00,36,Operator Break,Planned
DT001200,MC043,PRD0004814,2025-10-15 06:00:00,2025-10-15 06:54:00,54,Power Outage,Unplanned
DT001201,MC047,PRD0005751,2025-08-30 20:30:00,2025-08-30 21:21:00,51,Scheduled Maintenance,Planned
DT001202,MC005,,2025-12-01 15:00:00,2025-12-01 16:05:00,65,Power Outage,Unplanned
DT001203,MC007,,2025-12-19 02:40:00,2025-12-19 03:16:00,36,Scheduled Maintenance,Planned
DT001204,MC020,,2025-10-22 00:50:00,2025-10-22 01:45:00,55,Calibration,Planned
DT001205,MC039,PRD0011677,2025-11-13 15:20:00,2025-11-13 16:06:00,46,Scheduled Maintenance,Planned
DT001206,MC047,PRD0003322,2025-11-24 06:40:00,2025-11-24 06:53:00,13,Operator Break,Planned
DT001207,MC027,PRD0012228,2025-10-21 18:50:00,2025-10-21 19:29:00,39,Operator Break,Planned
DT001208,MC010,,2025-03-25 16:10:00,2025-03-25 17:23:00,73,Power Outage,Unplanned
DT001209,MC029,PRD0013404,2025-09-01 00:20:00,2025-09-01 01:21:00,61,Software/PLC Fault,Unplanned
DT001210,MC004,PRD0019107,2025-08-01 20:00:00,2025-08-01 21:00:00,60,Calibration,Planned
DT001211,MC039,,2025-12-17 17:20:00,2025-12-17 18:00:00,40,Calibration,Planned
DT001212,MC029,PRD0006967,2026-01-25 01:50:00,2026-01-25 02:07:00,17,Material Shortage,Unplanned
DT001213,MC050,PRD0019677,2025-08-06 09:10:00,2025-08-06 09:39:00,29,Mechanical Failure,Unplanned
DT001214,MC022,PRD0015117,2026-04-25 03:20:00,2026-04-25 03:34:00,14,Power Outage,Unplanned
DT001215,MC010,PRD0006940,2025-02-06 18:00:00,2025-02-06 18:11:00,11,Material Shortage,Unplanned
DT001216,MC031,PRD0005208,2026-06-24 19:00:00,2026-06-24 20:11:00,71,Operator Break,Planned
DT001217,MC045,PRD0010813,2025-07-13 22:10:00,2025-07-13 23:45:00,95,Mechanical Failure,Unplanned
DT001218,MC050,,2026-03-29 08:00:00,2026-03-29 08:32:00,32,Calibration,Planned
DT001219,MC032,,2025-03-03 12:30:00,2025-03-03 13:11:00,41,Scheduled Maintenance,Planned
DT001220,MC050,PRD0003106,2026-06-27 18:30:00,2026-06-27 20:09:00,99,Material Shortage,Unplanned
DT001221,MC048,PRD0006328,2025-01-16 11:30:00,2025-01-16 12:00:00,30,Scheduled Maintenance,Planned
DT001222,MC047,PRD0019368,2025-10-20 20:10:00,2025-10-20 20:38:00,28,Software/PLC Fault,Unplanned
DT001223,MC029,,2025-12-20 00:00:00,2025-12-20 01:17:00,77,Software/PLC Fault,Unplanned
DT001224,MC048,,2025-11-21 00:30:00,2025-11-21 02:04:00,94,Electrical Fault,Unplanned
DT001225,MC006,,2026-05-13 04:10:00,2026-05-13 05:53:00,103,Material Shortage,Unplanned
DT001226,MC045,PRD0007860,2025-05-18 14:50:00,2025-05-18 16:26:00,96,Mechanical Failure,Unplanned
DT001227,MC006,PRD0019481,2025-07-25 09:20:00,2025-07-25 09:40:00,20,Power Outage,Unplanned
DT001228,MC007,PRD0016923,2025-10-29 02:40:00,2025-10-29 03:18:00,38,Scheduled Maintenance,Planned
DT001229,MC032,PRD0001971,2026-01-28 10:10:00,2026-01-28 10:27:00,17,Power Outage,Unplanned
DT001230,MC015,,2025-07-26 00:30:00,2025-07-26 02:07:00,97,Power Outage,Unplanned
DT001231,MC048,,2025-07-13 06:10:00,2025-07-13 06:18:00,8,Material Shortage,Unplanned
DT001232,MC046,PRD0005650,2025-06-30 01:40:00,2025-06-30 02:55:00,75,Operator Break,Planned
DT001233,MC031,PRD0008255,2025-02-20 04:00:00,2025-02-20 04:40:00,40,Calibration,Planned
DT001234,MC043,PRD0018862,2026-06-18 22:30:00,2026-06-18 23:57:00,87,Scheduled Maintenance,Planned
DT001235,MC024,,2025-07-14 22:00:00,2025-07-14 22:51:00,51,Operator Break,Planned
DT001236,MC008,PRD0015992,2026-05-21 09:10:00,2026-05-21 11:44:00,154,Power Outage,Unplanned
DT001237,MC037,PRD0016390,2025-08-02 22:30:00,2025-08-02 22:40:00,10,Calibration,Planned
DT001238,MC020,,2026-04-26 15:00:00,2026-04-26 15:11:00,11,Operator Break,Planned
DT001239,MC018,PRD0005268,2025-06-20 00:50:00,2025-06-20 02:31:00,101,Material Shortage,Unplanned
DT001240,MC003,,2025-11-28 10:40:00,2025-11-28 11:35:00,55,Tooling Change,Planned
DT001241,MC044,PRD0014412,2026-04-29 17:00:00,2026-04-29 17:34:00,34,Power Outage,Unplanned
DT001242,MC023,,2025-10-18 11:50:00,2025-10-18 12:56:00,66,Tooling Change,Planned
DT001243,MC015,,2025-08-29 01:30:00,2025-08-29 03:05:00,95,Mechanical Failure,Unplanned
DT001244,MC027,PRD0015405,2025-07-25 09:50:00,2025-07-25 10:20:00,30,Software/PLC Fault,Unplanned
DT001245,MC026,,2026-04-08 04:50:00,2026-04-08 05:24:00,34,Electrical Fault,Unplanned
DT001246,MC033,PRD0012279,2025-09-07 07:40:00,2025-09-07 08:24:00,44,Calibration,Planned
DT001247,MC009,PRD0009530,2025-05-16 01:50:00,2025-05-16 02:33:00,43,Scheduled Maintenance,Planned
DT001248,MC017,PRD0005944,2025-06-06 17:20:00,2025-06-06 17:59:00,39,Calibration,Planned
DT001249,MC003,,2025-12-22 05:50:00,2025-12-22 06:11:00,21,Software/PLC Fault,Unplanned
DT001250,MC033,PRD0015094,2025-06-27 17:10:00,2025-06-27 17:38:00,28,Scheduled Maintenance,Planned
DT001251,MC028,PRD0001999,2025-03-21 06:30:00,2025-03-21 07:12:00,42,Operator Break,Planned
DT001252,MC012,,2025-05-26 12:10:00,2025-05-26 14:06:00,116,Material Shortage,Unplanned
DT001253,MC015,PRD0001827,2026-02-24 08:00:00,2026-02-24 08:44:00,44,Operator Break,Planned
DT001254,MC021,PRD0011632,2025-06-22 13:30:00,2025-06-22 14:47:00,77,Mechanical Failure,Unplanned
DT001255,MC010,PRD0005334,2025-09-05 00:00:00,2025-09-05 00:21:00,21,Material Shortage,Unplanned
DT001256,MC049,PRD0008761,2026-05-07 11:00:00,2026-05-07 11:28:00,28,Mechanical Failure,Unplanned
DT001257,MC025,PRD0009777,2025-01-29 00:10:00,2025-01-29 00:30:00,20,Software/PLC Fault,Unplanned
DT001258,MC031,PRD0005561,2025-07-28 13:40:00,2025-07-28 13:50:00,10,Tooling Change,Planned
DT001259,MC019,,2025-03-29 10:10:00,2025-03-29 11:53:00,103,Power Outage,Unplanned
DT001260,MC007,PRD0009563,2026-04-12 12:10:00,2026-04-12 12:57:00,47,Material Shortage,Unplanned
DT001261,MC011,,2025-11-30 10:30:00,2025-11-30 10:40:00,10,Scheduled Maintenance,Planned
DT001262,MC013,,2025-03-17 05:00:00,2025-03-17 07:13:00,133,Power Outage,Unplanned
DT001263,MC006,,2026-06-20 04:20:00,2026-06-20 05:35:00,75,Operator Break,Planned
DT001264,MC021,PRD0017639,2026-03-09 01:30:00,2026-03-09 01:50:00,20,Power Outage,Unplanned
DT001265,MC050,,2026-03-12 06:20:00,2026-03-12 07:13:00,53,Software/PLC Fault,Unplanned
DT001266,MC047,PRD0011832,2026-05-24 12:10:00,2026-05-24 13:22:00,72,Mechanical Failure,Unplanned
DT001267,MC011,PRD0000850,2025-07-28 02:50:00,2025-07-28 03:51:00,61,Operator Break,Planned
DT001268,MC005,,2025-11-22 02:20:00,2025-11-22 04:38:00,138,Power Outage,Unplanned
DT001269,MC023,PRD0000234,2026-05-02 07:30:00,2026-05-02 07:53:00,23,Scheduled Maintenance,Planned
DT001270,MC049,,2026-01-14 18:40:00,2026-01-14 19:16:00,36,Calibration,Planned
DT001271,MC014,PRD0004686,2025-12-21 21:00:00,2025-12-21 21:45:00,45,Tooling Change,Planned
DT001272,MC039,,2026-01-14 04:30:00,2026-01-14 04:58:00,28,Material Shortage,Unplanned
DT001273,MC030,PRD0003916,2025-09-18 08:50:00,2025-09-18 10:08:00,78,Mechanical Failure,Unplanned
DT001274,MC003,PRD0015170,2026-06-18 05:00:00,2026-06-18 06:37:00,97,Mechanical Failure,Unplanned
DT001275,MC022,PRD0006310,2026-02-07 03:30:00,2026-02-07 04:12:00,42,Software/PLC Fault,Unplanned
DT001276,MC046,PRD0018222,2025-07-12 06:10:00,2025-07-12 11:21:00,311,Mechanical Failure,Unplanned
DT001277,MC042,PRD0010325,2026-06-05 16:20:00,2026-06-05 17:07:00,47,Operator Break,Planned
DT001278,MC023,PRD0009895,2025-05-08 18:10:00,2025-05-08 18:50:00,40,Mechanical Failure,Unplanned
DT001279,MC015,PRD0008771,2025-02-09 18:00:00,2025-02-09 18:40:00,40,Operator Break,Planned
DT001280,MC034,PRD0008008,2026-05-12 18:00:00,2026-05-12 19:02:00,62,Mechanical Failure,Unplanned
DT001281,MC002,PRD0005094,2026-06-15 14:00:00,2026-06-15 14:25:00,25,Calibration,Planned
DT001282,MC047,PRD0001270,2026-03-04 13:30:00,2026-03-04 14:10:00,40,Scheduled Maintenance,Planned
DT001283,MC036,PRD0003809,2025-07-29 18:00:00,2025-07-29 18:36:00,36,Power Outage,Unplanned
DT001284,MC005,,2026-04-10 02:30:00,2026-04-10 02:54:00,24,Calibration,Planned
DT001285,MC010,PRD0006940,2025-02-06 20:00:00,2025-02-06 20:30:00,30,Tooling Change,Planned
DT001286,MC028,PRD0001645,2025-06-16 05:20:00,2025-06-16 05:44:00,24,Operator Break,Planned
DT001287,MC011,PRD0000874,2025-06-16 09:50:00,2025-06-16 10:44:00,54,Electrical Fault,Unplanned
DT001288,MC010,PRD0011151,2025-05-14 03:20:00,2025-05-14 04:32:00,72,Software/PLC Fault,Unplanned
DT001289,MC012,,2025-01-28 19:10:00,2025-01-28 19:48:00,38,Scheduled Maintenance,Planned
DT001290,MC040,PRD0016361,2026-03-27 07:40:00,2026-03-27 07:50:00,10,Calibration,Planned
DT001291,MC036,PRD0004122,2025-11-10 16:00:00,2025-11-10 16:11:00,11,Mechanical Failure,Unplanned
DT001292,MC047,,2025-11-02 04:20:00,2025-11-02 04:42:00,22,Operator Break,Planned
DT001293,MC026,PRD0018356,2025-10-09 08:20:00,2025-10-09 08:50:00,30,Mechanical Failure,Unplanned
DT001294,MC011,,2025-03-30 08:40:00,2025-03-30 08:53:00,13,Material Shortage,Unplanned
DT001295,MC008,,2026-04-01 15:20:00,2026-04-01 15:29:00,9,Electrical Fault,Unplanned
DT001296,MC004,PRD0000969,2026-06-25 19:20:00,2026-06-25 20:03:00,43,Operator Break,Planned
DT001297,MC046,PRD0000575,2025-06-02 05:20:00,2025-06-02 06:42:00,82,Mechanical Failure,Unplanned
DT001298,MC018,PRD0008482,2026-06-15 14:10:00,2026-06-15 15:28:00,78,Material Shortage,Unplanned
DT001299,MC043,,2026-04-14 22:50:00,2026-04-15 00:00:00,70,Power Outage,Unplanned
DT001300,MC027,PRD0006868,2025-10-31 10:00:00,2025-10-31 10:55:00,55,Mechanical Failure,Unplanned
DT001301,MC012,PRD0001185,2025-07-18 03:30:00,2025-07-18 06:03:00,153,Software/PLC Fault,Unplanned
DT001302,MC018,PRD0014848,2025-09-01 14:30:00,2025-09-01 15:03:00,33,Operator Break,Planned
DT001303,MC027,PRD0011294,2026-05-21 16:30:00,2026-05-21 16:37:00,7,Power Outage,Unplanned
DT001304,MC043,PRD0019886,2025-06-07 07:30:00,2025-06-07 08:14:00,44,Operator Break,Planned
DT001305,MC015,PRD0007618,2026-04-15 01:20:00,2026-04-15 02:36:00,76,Mechanical Failure,Unplanned
DT001306,MC050,PRD0007415,2026-05-31 08:00:00,2026-05-31 08:56:00,56,Tooling Change,Planned
DT001307,MC004,PRD0015901,2025-04-28 10:00:00,2025-04-28 10:33:00,33,Scheduled Maintenance,Planned
DT001308,MC040,PRD0003516,2025-07-27 05:10:00,2025-07-27 06:03:00,53,Material Shortage,Unplanned
DT001309,MC018,PRD0010008,2026-05-06 21:00:00,2026-05-06 21:10:00,10,Tooling Change,Planned
DT001310,MC003,,2025-06-01 05:40:00,2025-06-01 07:12:00,92,Software/PLC Fault,Unplanned
DT001311,MC002,,2025-04-21 21:40:00,2025-04-21 22:10:00,30,Scheduled Maintenance,Planned
DT001312,MC037,PRD0003868,2026-06-28 10:10:00,2026-06-28 11:12:00,62,Power Outage,Unplanned
DT001313,MC030,PRD0018293,2025-09-14 10:40:00,2025-09-14 12:40:00,120,Material Shortage,Unplanned
DT001314,MC015,,2025-08-29 09:00:00,2025-08-29 12:51:00,231,Material Shortage,Unplanned
DT001315,MC044,PRD0014519,2026-04-21 08:50:00,2026-04-21 09:29:00,39,Tooling Change,Planned
DT001316,MC023,PRD0019362,2025-02-27 09:50:00,2025-02-27 11:06:00,76,Software/PLC Fault,Unplanned
DT001317,MC006,,2026-06-16 17:00:00,2026-06-16 17:30:00,30,Scheduled Maintenance,Planned
DT001318,MC013,,2025-02-14 13:00:00,2025-02-14 15:04:00,124,Material Shortage,Unplanned
DT001319,MC023,PRD0005233,2025-03-26 19:00:00,2025-03-26 19:41:00,41,Tooling Change,Planned
DT001320,MC036,,2025-04-25 22:00:00,2025-04-25 22:13:00,13,Scheduled Maintenance,Planned
DT001321,MC036,PRD0018149,2026-06-08 07:00:00,2026-06-08 07:07:00,7,Software/PLC Fault,Unplanned
DT001322,MC040,PRD0008648,2026-04-25 15:30:00,2026-04-25 15:45:00,15,Operator Break,Planned
DT001323,MC031,PRD0006686,2025-09-19 16:10:00,2025-09-19 18:23:00,133,Software/PLC Fault,Unplanned
DT001324,MC046,PRD0008222,2025-03-16 04:40:00,2025-03-16 05:10:00,30,Tooling Change,Planned
DT001325,MC028,,2025-09-07 10:20:00,2025-09-07 10:49:00,29,Material Shortage,Unplanned
DT001326,MC032,PRD0008636,2025-05-24 12:20:00,2025-05-24 13:04:00,44,Scheduled Maintenance,Planned
DT001327,MC027,PRD0007213,2025-06-21 12:10:00,2025-06-21 12:32:00,22,Electrical Fault,Unplanned
DT001328,MC016,,2025-02-01 20:50:00,2025-02-01 21:52:00,62,Calibration,Planned
DT001329,MC027,,2025-05-19 05:50:00,2025-05-19 10:39:00,289,Power Outage,Unplanned
DT001330,MC034,,2026-03-21 02:10:00,2026-03-21 03:12:00,62,Tooling Change,Planned
DT001331,MC019,,2025-12-17 05:30:00,2025-12-17 06:30:00,60,Tooling Change,Planned
DT001332,MC014,PRD0006454,2025-05-09 11:20:00,2025-05-09 12:07:00,47,Electrical Fault,Unplanned
DT001333,MC002,,2025-01-02 10:20:00,2025-01-02 11:01:00,41,Tooling Change,Planned
DT001334,MC031,,2025-03-18 18:40:00,2025-03-18 19:05:00,25,Electrical Fault,Unplanned
DT001335,MC035,,2025-12-28 18:00:00,2025-12-28 18:55:00,55,Electrical Fault,Unplanned
DT001336,MC017,PRD0017526,2025-01-18 02:50:00,2025-01-18 03:53:00,63,Tooling Change,Planned
DT001337,MC004,PRD0001426,2026-02-20 22:00:00,2026-02-20 23:06:00,66,Electrical Fault,Unplanned
DT001338,MC038,PRD0011256,2025-06-30 17:50:00,2025-06-30 18:22:00,32,Software/PLC Fault,Unplanned
DT001339,MC050,PRD0006306,2025-04-03 06:20:00,2025-04-03 07:21:00,61,Tooling Change,Planned
DT001340,MC046,,2025-07-11 21:20:00,2025-07-11 21:34:00,14,Mechanical Failure,Unplanned
DT001341,MC019,PRD0002559,2025-12-20 16:10:00,2025-12-20 16:38:00,28,Calibration,Planned
DT001342,MC029,PRD0018519,2025-08-26 00:40:00,2025-08-26 00:50:00,10,Mechanical Failure,Unplanned
DT001343,MC002,PRD0006895,2026-06-18 04:00:00,2026-06-18 05:07:00,67,Scheduled Maintenance,Planned
DT001344,MC010,,2025-08-02 22:50:00,2025-08-02 23:19:00,29,Power Outage,Unplanned
DT001345,MC045,PRD0016081,2025-05-02 13:30:00,2025-05-02 14:09:00,39,Electrical Fault,Unplanned
DT001346,MC005,PRD0006403,2025-09-27 04:10:00,2025-09-27 05:06:00,56,Tooling Change,Planned
DT001347,MC036,PRD0019659,2026-03-21 07:20:00,2026-03-21 08:01:00,41,Calibration,Planned
DT001348,MC014,PRD0015994,2026-06-23 21:10:00,2026-06-23 21:37:00,27,Software/PLC Fault,Unplanned
DT001349,MC002,,2026-05-28 21:50:00,2026-05-28 22:34:00,44,Tooling Change,Planned
DT001350,MC046,,2025-02-21 14:00:00,2025-02-21 14:38:00,38,Scheduled Maintenance,Planned
DT001351,MC046,PRD0013516,2026-02-17 00:50:00,2026-02-17 01:25:00,35,Electrical Fault,Unplanned
DT001352,MC017,,2025-03-03 15:40:00,2025-03-03 16:13:00,33,Scheduled Maintenance,Planned
DT001353,MC012,PRD0001831,2025-12-04 22:20:00,2025-12-04 23:02:00,42,Material Shortage,Unplanned
DT001354,MC019,PRD0001755,2025-02-27 09:30:00,2025-02-27 10:30:00,60,Software/PLC Fault,Unplanned
DT001355,MC049,PRD0018974,2026-04-24 01:50:00,2026-04-24 02:04:00,14,Calibration,Planned
DT001356,MC018,PRD0001446,2025-08-19 10:40:00,2025-08-19 10:48:00,8,Mechanical Failure,Unplanned
DT001357,MC042,PRD0019941,2025-02-16 10:30:00,2025-02-16 12:48:00,138,Software/PLC Fault,Unplanned
DT001358,MC045,PRD0006104,2025-05-10 17:30:00,2025-05-10 17:56:00,26,Scheduled Maintenance,Planned
DT001359,MC039,PRD0011221,2025-05-23 09:50:00,2025-05-23 10:00:00,10,Calibration,Planned
DT001360,MC035,,2025-11-03 02:10:00,2025-11-03 03:12:00,62,Operator Break,Planned
DT001361,MC044,PRD0004665,2025-02-23 03:00:00,2025-02-23 03:31:00,31,Scheduled Maintenance,Planned
DT001362,MC009,PRD0013984,2025-07-09 08:10:00,2025-07-09 08:15:00,5,Software/PLC Fault,Unplanned
DT001363,MC048,PRD0000655,2025-09-16 02:30:00,2025-09-16 02:57:00,27,Scheduled Maintenance,Planned
DT001364,MC034,,2026-03-25 15:40:00,2026-03-25 16:18:00,38,Tooling Change,Planned
DT001365,MC023,,2025-06-23 22:10:00,2025-06-23 22:27:00,17,Operator Break,Planned
DT001366,MC016,PRD0001613,2025-04-18 19:00:00,2025-04-18 22:57:00,237,Material Shortage,Unplanned
DT001367,MC037,PRD0014407,2025-08-20 21:40:00,2025-08-20 22:01:00,21,Power Outage,Unplanned
DT001368,MC034,PRD0019685,2026-02-13 18:50:00,2026-02-13 19:08:00,18,Electrical Fault,Unplanned
DT001369,MC028,PRD0019857,2025-08-02 00:40:00,2025-08-02 01:00:00,20,Calibration,Planned
DT001370,MC031,PRD0017404,2025-07-01 10:30:00,2025-07-01 11:17:00,47,Material Shortage,Unplanned
DT001371,MC026,PRD0017257,2025-08-17 18:30:00,2025-08-17 22:33:00,243,Power Outage,Unplanned
DT001372,MC050,PRD0004790,2025-03-04 00:00:00,2025-03-04 00:10:00,10,Scheduled Maintenance,Planned
DT001373,MC008,PRD0008737,2025-10-14 16:50:00,2025-10-14 17:06:00,16,Operator Break,Planned
DT001374,MC006,PRD0003694,2025-05-09 05:30:00,2025-05-09 06:31:00,61,Tooling Change,Planned
DT001375,MC042,PRD0016200,2025-11-16 08:30:00,2025-11-16 09:09:00,39,Software/PLC Fault,Unplanned
DT001376,MC020,PRD0001368,2025-02-08 10:00:00,2025-02-08 12:13:00,133,Mechanical Failure,Unplanned
DT001377,MC044,PRD0005843,2025-03-07 16:10:00,2025-03-07 16:31:00,21,Material Shortage,Unplanned
DT001378,MC029,PRD0008576,2025-04-08 16:40:00,2025-04-08 18:45:00,125,Software/PLC Fault,Unplanned
DT001379,MC018,,2025-03-28 12:10:00,2025-03-28 12:27:00,17,Mechanical Failure,Unplanned
DT001380,MC018,PRD0000104,2025-03-12 20:00:00,2025-03-12 20:45:00,45,Mechanical Failure,Unplanned
DT001381,MC025,PRD0001998,2026-01-27 06:40:00,2026-01-27 07:01:00,21,Electrical Fault,Unplanned
DT001382,MC034,PRD0004015,2026-01-16 16:30:00,2026-01-16 17:14:00,44,Operator Break,Planned
DT001383,MC037,PRD0002090,2025-09-18 13:00:00,2025-09-18 13:26:00,26,Operator Break,Planned
DT001384,MC030,PRD0009250,2025-06-05 10:10:00,2025-06-05 10:27:00,17,Calibration,Planned
DT001385,MC037,,2025-11-05 14:10:00,2025-11-05 15:22:00,72,Scheduled Maintenance,Planned
DT001386,MC007,PRD0010773,2025-10-09 06:20:00,2025-10-09 07:09:00,49,Scheduled Maintenance,Planned
DT001387,MC030,,2025-03-01 15:00:00,2025-03-01 15:30:00,30,Power Outage,Unplanned
DT001388,MC042,PRD0013619,2026-02-26 12:00:00,2026-02-26 12:10:00,10,Operator Break,Planned
DT001389,MC041,PRD0002522,2025-03-28 00:40:00,2025-03-28 01:25:00,45,Material Shortage,Unplanned
DT001390,MC022,PRD0002889,2026-01-10 04:50:00,2026-01-10 05:08:00,18,Electrical Fault,Unplanned
DT001391,MC008,,2026-06-02 04:00:00,2026-06-02 04:15:00,15,Material Shortage,Unplanned
DT001392,MC002,PRD0016878,2026-06-06 01:00:00,2026-06-06 01:14:00,14,Electrical Fault,Unplanned
DT001393,MC008,PRD0009596,2025-08-10 19:30:00,2025-08-10 19:45:00,15,Software/PLC Fault,Unplanned
DT001394,MC016,PRD0007684,2026-06-17 12:30:00,2026-06-17 13:05:00,35,Electrical Fault,Unplanned
DT001395,MC017,,2025-02-02 14:50:00,2025-02-02 15:20:00,30,Mechanical Failure,Unplanned
DT001396,MC036,PRD0015911,2025-12-21 04:20:00,2025-12-21 05:20:00,60,Scheduled Maintenance,Planned
DT001397,MC032,PRD0000270,2025-02-19 03:10:00,2025-02-19 04:21:00,71,Operator Break,Planned
DT001398,MC013,,2025-01-15 12:40:00,2025-01-15 13:12:00,32,Operator Break,Planned
DT001399,MC006,PRD0009282,2026-05-08 03:40:00,2026-05-08 04:06:00,26,Material Shortage,Unplanned
DT001400,MC016,PRD0001638,2026-01-24 13:40:00,2026-01-24 14:19:00,39,Material Shortage,Unplanned
DT001401,MC013,PRD0015514,2025-09-16 15:00:00,2025-09-16 15:59:00,59,Tooling Change,Planned
DT001402,MC047,,2025-04-11 04:20:00,2025-04-11 05:05:00,45,Operator Break,Planned
DT001403,MC044,PRD0003280,2025-07-06 01:00:00,2025-07-06 01:45:00,45,Tooling Change,Planned
DT001404,MC024,,2026-06-20 00:50:00,2026-06-20 01:20:00,30,Operator Break,Planned
DT001405,MC014,PRD0012169,2025-04-08 16:40:00,2025-04-08 17:16:00,36,Operator Break,Planned
DT001406,MC013,PRD0000136,2025-04-10 18:50:00,2025-04-10 19:41:00,51,Calibration,Planned
DT001407,MC024,PRD0011144,2025-03-04 05:50:00,2025-03-04 06:12:00,22,Calibration,Planned
DT001408,MC005,PRD0000444,2026-04-14 17:40:00,2026-04-14 18:33:00,53,Mechanical Failure,Unplanned
DT001409,MC038,PRD0017805,2026-03-02 16:40:00,2026-03-02 17:06:00,26,Calibration,Planned
DT001410,MC016,,2026-05-16 04:20:00,2026-05-16 04:34:00,14,Power Outage,Unplanned
DT001411,MC017,,2026-05-11 11:00:00,2026-05-11 11:33:00,33,Tooling Change,Planned
DT001412,MC004,PRD0001980,2025-04-27 04:50:00,2025-04-27 05:29:00,39,Scheduled Maintenance,Planned
DT001413,MC019,PRD0009834,2025-01-25 04:10:00,2025-01-25 04:20:00,10,Electrical Fault,Unplanned
DT001414,MC043,PRD0003165,2026-06-09 02:40:00,2026-06-09 02:51:00,11,Calibration,Planned
DT001415,MC044,PRD0013348,2025-01-06 12:20:00,2025-01-06 14:21:00,121,Material Shortage,Unplanned
DT001416,MC008,PRD0001559,2025-04-18 03:20:00,2025-04-18 05:17:00,117,Material Shortage,Unplanned
DT001417,MC017,PRD0017288,2025-03-22 10:10:00,2025-03-22 10:58:00,48,Operator Break,Planned
DT001418,MC025,PRD0019537,2025-01-21 00:10:00,2025-01-21 02:01:00,111,Electrical Fault,Unplanned
DT001419,MC045,PRD0004335,2025-03-24 00:40:00,2025-03-24 00:50:00,10,Material Shortage,Unplanned
DT001420,MC014,,2025-09-28 03:00:00,2025-09-28 03:45:00,45,Tooling Change,Planned
DT001421,MC027,PRD0011225,2026-05-21 15:30:00,2026-05-21 16:22:00,52,Tooling Change,Planned
DT001422,MC005,PRD0002274,2025-08-25 22:50:00,2025-08-25 23:42:00,52,Operator Break,Planned
DT001423,MC026,PRD0004378,2025-07-18 10:40:00,2025-07-18 11:47:00,67,Tooling Change,Planned
DT001424,MC029,,2025-07-17 17:30:00,2025-07-17 20:42:00,192,Electrical Fault,Unplanned
DT001425,MC027,PRD0016854,2026-02-05 19:30:00,2026-02-05 20:01:00,31,Calibration,Planned
DT001426,MC033,PRD0018992,2025-01-19 16:20:00,2025-01-19 17:28:00,68,Operator Break,Planned
DT001427,MC011,,2025-02-17 01:20:00,2025-02-17 01:57:00,37,Material Shortage,Unplanned
DT001428,MC046,,2025-07-31 22:00:00,2025-07-31 22:47:00,47,Scheduled Maintenance,Planned
DT001429,MC017,,2025-05-21 17:10:00,2025-05-21 17:42:00,32,Power Outage,Unplanned
DT001430,MC031,PRD0019816,2025-10-12 01:20:00,2025-10-12 01:51:00,31,Power Outage,Unplanned
DT001431,MC001,PRD0006166,2025-05-17 20:50:00,2025-05-17 21:14:00,24,Electrical Fault,Unplanned
DT001432,MC003,PRD0014750,2026-02-07 14:40:00,2026-02-07 15:01:00,21,Electrical Fault,Unplanned
DT001433,MC014,,2025-06-17 00:40:00,2025-06-17 01:29:00,49,Tooling Change,Planned
DT001434,MC005,PRD0017909,2025-04-30 20:10:00,2025-04-30 20:59:00,49,Scheduled Maintenance,Planned
DT001435,MC037,PRD0001679,2025-10-19 05:40:00,2025-10-19 06:33:00,53,Operator Break,Planned
DT001436,MC018,PRD0008482,2026-06-15 10:00:00,2026-06-15 10:23:00,23,Tooling Change,Planned
DT001437,MC033,,2025-10-06 20:40:00,2025-10-06 21:17:00,37,Operator Break,Planned
DT001438,MC027,PRD0001359,2025-03-13 03:30:00,2025-03-13 06:46:00,196,Mechanical Failure,Unplanned
DT001439,MC014,,2026-02-11 13:20:00,2026-02-11 13:51:00,31,Software/PLC Fault,Unplanned
DT001440,MC034,PRD0011121,2025-11-15 02:50:00,2025-11-15 03:50:00,60,Scheduled Maintenance,Planned
DT001441,MC020,,2025-06-16 11:20:00,2025-06-16 11:57:00,37,Software/PLC Fault,Unplanned
DT001442,MC046,PRD0017481,2025-11-10 16:30:00,2025-11-11 01:38:00,548,Mechanical Failure,Unplanned
DT001443,MC003,,2026-02-07 00:30:00,2026-02-07 02:50:00,140,Material Shortage,Unplanned
DT001444,MC049,,2025-04-11 11:10:00,2025-04-11 11:41:00,31,Software/PLC Fault,Unplanned
DT001445,MC014,PRD0019765,2026-02-23 22:20:00,2026-02-23 22:35:00,15,Scheduled Maintenance,Planned
DT001446,MC018,,2026-05-02 10:00:00,2026-05-02 10:32:00,32,Electrical Fault,Unplanned
DT001447,MC047,PRD0018321,2026-05-21 11:40:00,2026-05-21 13:06:00,86,Electrical Fault,Unplanned
DT001448,MC043,PRD0004071,2025-04-14 20:00:00,2025-04-14 20:19:00,19,Operator Break,Planned
DT001449,MC002,,2025-03-02 18:10:00,2025-03-02 18:29:00,19,Mechanical Failure,Unplanned
DT001450,MC020,PRD0014263,2025-12-02 21:00:00,2025-12-02 21:58:00,58,Electrical Fault,Unplanned
DT001451,MC029,PRD0002092,2026-03-28 07:40:00,2026-03-28 08:11:00,31,Material Shortage,Unplanned
DT001452,MC030,,2025-12-13 05:00:00,2025-12-13 09:43:00,283,Material Shortage,Unplanned
DT001453,MC011,PRD0004324,2025-02-07 00:10:00,2025-02-07 01:04:00,54,Electrical Fault,Unplanned
DT001454,MC019,PRD0008669,2026-05-07 10:30:00,2026-05-07 12:25:00,115,Electrical Fault,Unplanned
DT001455,MC016,PRD0013878,2025-06-27 07:10:00,2025-06-27 07:34:00,24,Mechanical Failure,Unplanned
DT001456,MC019,PRD0012983,2026-06-13 06:00:00,2026-06-13 07:04:00,64,Tooling Change,Planned
DT001457,MC002,PRD0016839,2025-09-30 18:30:00,2025-09-30 19:57:00,87,Electrical Fault,Unplanned
DT001458,MC016,PRD0001513,2026-01-02 11:00:00,2026-01-02 11:26:00,26,Software/PLC Fault,Unplanned
DT001459,MC048,PRD0000061,2026-03-09 22:00:00,2026-03-09 22:31:00,31,Power Outage,Unplanned
DT001460,MC020,PRD0016971,2025-03-12 16:20:00,2025-03-12 16:46:00,26,Mechanical Failure,Unplanned
DT001461,MC001,,2026-06-09 13:20:00,2026-06-09 13:59:00,39,Power Outage,Unplanned
DT001462,MC021,PRD0001328,2026-03-23 17:30:00,2026-03-23 17:47:00,17,Operator Break,Planned
DT001463,MC023,PRD0008640,2026-03-26 13:20:00,2026-03-26 13:58:00,38,Power Outage,Unplanned
DT001464,MC003,PRD0016986,2025-07-01 10:50:00,2025-07-01 12:02:00,72,Scheduled Maintenance,Planned
DT001465,MC025,PRD0018993,2026-01-21 01:10:00,2026-01-21 01:31:00,21,Scheduled Maintenance,Planned
DT001466,MC027,,2025-03-03 17:50:00,2025-03-03 19:52:00,122,Power Outage,Unplanned
DT001467,MC046,PRD0013230,2025-09-07 03:20:00,2025-09-07 05:22:00,122,Material Shortage,Unplanned
DT001468,MC002,,2025-04-27 05:40:00,2025-04-27 05:50:00,10,Material Shortage,Unplanned
DT001469,MC046,PRD0013742,2025-04-03 12:50:00,2025-04-03 15:07:00,137,Electrical Fault,Unplanned
DT001470,MC009,,2025-02-22 12:50:00,2025-02-22 13:46:00,56,Electrical Fault,Unplanned
DT001471,MC029,,2026-02-12 17:40:00,2026-02-12 18:21:00,41,Calibration,Planned
DT001472,MC014,,2025-06-29 15:10:00,2025-06-29 15:36:00,26,Material Shortage,Unplanned
DT001473,MC019,,2025-10-30 03:40:00,2025-10-30 06:18:00,158,Power Outage,Unplanned
DT001474,MC038,PRD0009592,2025-06-14 12:50:00,2025-06-14 13:08:00,18,Operator Break,Planned
DT001475,MC004,,2025-02-21 18:30:00,2025-02-21 19:36:00,66,Material Shortage,Unplanned
DT001476,MC043,PRD0015677,2025-03-02 19:50:00,2025-03-02 20:34:00,44,Operator Break,Planned
DT001477,MC048,PRD0019405,2025-12-04 14:00:00,2025-12-04 14:44:00,44,Calibration,Planned
DT001478,MC023,PRD0001782,2026-04-07 20:10:00,2026-04-07 20:56:00,46,Tooling Change,Planned
DT001479,MC017,PRD0004513,2025-05-19 10:30:00,2025-05-19 11:43:00,73,Scheduled Maintenance,Planned
DT001480,MC040,,2025-11-16 06:10:00,2025-11-16 08:14:00,124,Software/PLC Fault,Unplanned
DT001481,MC045,PRD0006800,2025-09-17 07:40:00,2025-09-17 08:16:00,36,Tooling Change,Planned
DT001482,MC004,,2025-06-15 15:40:00,2025-06-15 16:12:00,32,Operator Break,Planned
DT001483,MC045,PRD0007434,2025-01-26 08:20:00,2025-01-26 09:15:00,55,Electrical Fault,Unplanned
DT001484,MC014,PRD0002133,2026-05-28 14:50:00,2026-05-28 15:14:00,24,Electrical Fault,Unplanned
DT001485,MC026,PRD0011446,2025-05-18 07:10:00,2025-05-18 08:33:00,83,Power Outage,Unplanned
DT001486,MC017,,2025-04-02 09:00:00,2025-04-02 09:10:00,10,Scheduled Maintenance,Planned
DT001487,MC049,PRD0001073,2025-01-03 06:50:00,2025-01-03 07:24:00,34,Power Outage,Unplanned
DT001488,MC031,PRD0010028,2025-11-24 21:30:00,2025-11-24 22:25:00,55,Material Shortage,Unplanned
DT001489,MC020,PRD0004751,2025-10-16 07:40:00,2025-10-16 09:41:00,121,Material Shortage,Unplanned
DT001490,MC018,,2025-01-14 14:20:00,2025-01-14 14:58:00,38,Scheduled Maintenance,Planned
DT001491,MC021,,2025-05-26 11:30:00,2025-05-26 11:49:00,19,Power Outage,Unplanned
DT001492,MC042,PRD0000902,2026-05-01 22:00:00,2026-05-01 23:22:00,82,Software/PLC Fault,Unplanned
DT001493,MC018,PRD0007631,2026-06-02 16:10:00,2026-06-02 16:44:00,34,Tooling Change,Planned
DT001494,MC020,,2026-06-18 22:10:00,2026-06-18 23:08:00,58,Scheduled Maintenance,Planned
DT001495,MC020,PRD0019354,2025-10-09 06:00:00,2025-10-09 07:05:00,65,Tooling Change,Planned
DT001496,MC039,PRD0004742,2026-06-04 04:40:00,2026-06-04 05:16:00,36,Electrical Fault,Unplanned
DT001497,MC004,PRD0005263,2025-10-20 10:20:00,2025-10-20 17:28:00,428,Software/PLC Fault,Unplanned
DT001498,MC017,,2025-05-10 18:40:00,2025-05-10 19:22:00,42,Operator Break,Planned
DT001499,MC020,PRD0006439,2025-02-19 09:20:00,2025-02-19 10:30:00,70,Electrical Fault,Unplanned
DT001500,MC049,PRD0009564,2025-11-28 14:40:00,2025-11-28 15:18:00,38,Operator Break,Planned
DT001501,MC005,PRD0005304,2025-11-08 06:30:00,2025-11-08 07:20:00,50,Tooling Change,Planned
DT001502,MC037,PRD0014323,2025-11-24 05:20:00,2025-11-24 05:29:00,9,Material Shortage,Unplanned
DT001503,MC004,,2025-01-03 02:40:00,2025-01-03 03:29:00,49,Electrical Fault,Unplanned
DT001504,MC035,,2025-04-17 17:00:00,2025-04-17 17:50:00,50,Tooling Change,Planned
DT001505,MC039,PRD0014665,2025-05-18 13:00:00,2025-05-18 13:35:00,35,Scheduled Maintenance,Planned
DT001506,MC010,PRD0019648,2025-08-11 21:40:00,2025-08-11 23:41:00,121,Power Outage,Unplanned
DT001507,MC009,PRD0011297,2025-07-07 10:20:00,2025-07-07 11:33:00,73,Operator Break,Planned
DT001508,MC027,PRD0001942,2025-07-23 03:20:00,2025-07-23 04:01:00,41,Calibration,Planned
DT001509,MC003,PRD0000048,2026-03-09 04:30:00,2026-03-09 07:00:00,150,Power Outage,Unplanned
DT001510,MC017,PRD0015046,2025-05-16 10:00:00,2025-05-16 11:11:00,71,Power Outage,Unplanned
DT001511,MC001,PRD0014442,2025-10-22 17:30:00,2025-10-22 17:58:00,28,Material Shortage,Unplanned
DT001512,MC006,PRD0008345,2026-01-20 10:10:00,2026-01-20 10:23:00,13,Electrical Fault,Unplanned
DT001513,MC013,,2026-06-24 20:00:00,2026-06-24 21:04:00,64,Power Outage,Unplanned
DT001514,MC027,PRD0009506,2025-05-21 08:00:00,2025-05-21 08:32:00,32,Software/PLC Fault,Unplanned
DT001515,MC025,PRD0012533,2025-06-23 05:00:00,2025-06-23 05:26:00,26,Power Outage,Unplanned
DT001516,MC024,PRD0016044,2025-01-11 22:20:00,2025-01-11 22:56:00,36,Scheduled Maintenance,Planned
DT001517,MC022,PRD0002144,2026-02-02 22:20:00,2026-02-02 22:58:00,38,Scheduled Maintenance,Planned
DT001518,MC028,,2026-03-25 04:50:00,2026-03-25 05:29:00,39,Software/PLC Fault,Unplanned
DT001519,MC017,PRD0013707,2025-12-06 10:50:00,2025-12-06 11:56:00,66,Calibration,Planned
DT001520,MC042,,2025-08-12 06:20:00,2025-08-12 07:01:00,41,Operator Break,Planned
DT001521,MC011,PRD0005291,2025-08-31 01:50:00,2025-08-31 02:41:00,51,Calibration,Planned
DT001522,MC037,,2025-02-03 03:30:00,2025-02-03 04:26:00,56,Software/PLC Fault,Unplanned
DT001523,MC037,PRD0015688,2025-07-23 11:50:00,2025-07-23 13:28:00,98,Power Outage,Unplanned
DT001524,MC036,PRD0003985,2025-08-01 17:40:00,2025-08-01 17:47:00,7,Electrical Fault,Unplanned
DT001525,MC027,,2025-04-04 11:30:00,2025-04-04 12:27:00,57,Software/PLC Fault,Unplanned
DT001526,MC007,PRD0012486,2025-03-20 08:00:00,2025-03-20 09:02:00,62,Electrical Fault,Unplanned
DT001527,MC018,PRD0015332,2025-04-18 04:40:00,2025-04-18 05:19:00,39,Scheduled Maintenance,Planned
DT001528,MC046,PRD0006608,2025-10-29 01:10:00,2025-10-29 01:40:00,30,Calibration,Planned
DT001529,MC038,PRD0000717,2026-05-22 22:50:00,2026-05-22 23:06:00,16,Power Outage,Unplanned
DT001530,MC006,PRD0002925,2025-09-26 14:40:00,2025-09-26 15:53:00,73,Scheduled Maintenance,Planned
DT001531,MC050,,2025-07-09 13:40:00,2025-07-09 14:34:00,54,Tooling Change,Planned
DT001532,MC049,PRD0005885,2025-01-25 21:50:00,2025-01-25 21:59:00,9,Material Shortage,Unplanned
DT001533,MC030,PRD0001337,2025-01-21 14:10:00,2025-01-21 15:09:00,59,Tooling Change,Planned
DT001534,MC035,,2025-12-14 09:10:00,2025-12-14 09:28:00,18,Material Shortage,Unplanned
DT001535,MC025,PRD0011763,2025-07-29 06:20:00,2025-07-29 08:46:00,146,Electrical Fault,Unplanned
DT001536,MC037,PRD0008880,2025-05-01 14:00:00,2025-05-01 14:47:00,47,Mechanical Failure,Unplanned
DT001537,MC016,PRD0013066,2025-10-13 02:50:00,2025-10-13 05:57:00,187,Material Shortage,Unplanned
DT001538,MC038,PRD0003773,2025-05-08 00:30:00,2025-05-08 01:36:00,66,Operator Break,Planned
DT001539,MC016,PRD0006785,2025-04-24 13:30:00,2025-04-24 15:04:00,94,Power Outage,Unplanned
DT001540,MC022,PRD0018671,2025-04-02 13:40:00,2025-04-02 14:44:00,64,Tooling Change,Planned
DT001541,MC015,PRD0018435,2025-02-25 21:40:00,2025-02-25 22:49:00,69,Software/PLC Fault,Unplanned
DT001542,MC044,,2025-11-18 05:00:00,2025-11-18 05:05:00,5,Software/PLC Fault,Unplanned
DT001543,MC035,PRD0013891,2025-07-30 07:10:00,2025-07-30 10:40:00,210,Material Shortage,Unplanned
DT001544,MC037,PRD0007470,2026-06-03 15:20:00,2026-06-03 16:01:00,41,Power Outage,Unplanned
DT001545,MC040,PRD0018001,2025-02-02 09:40:00,2025-02-02 10:22:00,42,Tooling Change,Planned
DT001546,MC022,,2026-03-21 18:50:00,2026-03-21 19:13:00,23,Tooling Change,Planned
DT001547,MC023,PRD0006727,2025-11-07 14:00:00,2025-11-07 15:03:00,63,Operator Break,Planned
DT001548,MC027,PRD0003648,2025-08-02 22:50:00,2025-08-02 23:27:00,37,Electrical Fault,Unplanned
DT001549,MC031,,2025-01-19 04:00:00,2025-01-19 04:28:00,28,Calibration,Planned
DT001550,MC044,,2025-09-23 15:00:00,2025-09-23 16:04:00,64,Calibration,Planned
DT001551,MC033,,2025-09-05 19:50:00,2025-09-05 20:04:00,14,Material Shortage,Unplanned
DT001552,MC050,,2025-02-22 02:40:00,2025-02-22 03:30:00,50,Calibration,Planned
DT001553,MC002,PRD0014486,2025-05-20 12:20:00,2025-05-20 13:25:00,65,Scheduled Maintenance,Planned
DT001554,MC013,PRD0003325,2025-01-09 18:50:00,2025-01-09 19:46:00,56,Tooling Change,Planned
DT001555,MC013,,2025-05-21 06:00:00,2025-05-21 07:03:00,63,Scheduled Maintenance,Planned
DT001556,MC027,PRD0004023,2025-03-24 04:50:00,2025-03-24 05:44:00,54,Software/PLC Fault,Unplanned
DT001557,MC023,,2025-11-23 21:10:00,2025-11-23 22:23:00,73,Operator Break,Planned
DT001558,MC014,PRD0011320,2026-06-10 04:40:00,2026-06-10 06:26:00,106,Material Shortage,Unplanned
DT001559,MC009,,2025-03-14 21:30:00,2025-03-14 21:49:00,19,Mechanical Failure,Unplanned
DT001560,MC017,PRD0016793,2025-08-02 00:00:00,2025-08-02 01:12:00,72,Power Outage,Unplanned
DT001561,MC020,PRD0010114,2025-11-08 04:40:00,2025-11-08 05:50:00,70,Operator Break,Planned
DT001562,MC046,PRD0005687,2025-06-27 17:10:00,2025-06-27 18:59:00,109,Electrical Fault,Unplanned
DT001563,MC023,PRD0005727,2025-08-18 07:10:00,2025-08-18 07:57:00,47,Software/PLC Fault,Unplanned
DT001564,MC040,PRD0003199,2025-10-12 18:00:00,2025-10-12 18:46:00,46,Scheduled Maintenance,Planned
DT001565,MC049,PRD0008864,2025-04-03 19:40:00,2025-04-03 19:45:00,5,Software/PLC Fault,Unplanned
DT001566,MC005,,2025-11-06 19:10:00,2025-11-06 19:43:00,33,Software/PLC Fault,Unplanned
DT001567,MC016,PRD0012417,2025-02-20 00:50:00,2025-02-20 01:58:00,68,Power Outage,Unplanned
DT001568,MC014,PRD0009386,2025-11-23 22:00:00,2025-11-23 23:58:00,118,Electrical Fault,Unplanned
DT001569,MC023,PRD0011700,2025-03-17 13:00:00,2025-03-17 13:51:00,51,Software/PLC Fault,Unplanned
DT001570,MC036,PRD0000752,2025-12-15 08:50:00,2025-12-15 09:32:00,42,Electrical Fault,Unplanned
DT001571,MC001,,2026-02-10 12:20:00,2026-02-10 12:46:00,26,Material Shortage,Unplanned
DT001572,MC007,PRD0008099,2025-03-03 07:40:00,2025-03-03 07:50:00,10,Scheduled Maintenance,Planned
DT001573,MC041,,2025-01-28 05:00:00,2025-01-28 05:44:00,44,Power Outage,Unplanned
DT001574,MC011,PRD0000454,2026-04-27 20:30:00,2026-04-28 00:00:00,210,Mechanical Failure,Unplanned
DT001575,MC010,,2025-02-01 22:20:00,2025-02-01 23:28:00,68,Power Outage,Unplanned
DT001576,MC007,PRD0010703,2026-04-25 09:40:00,2026-04-25 19:40:00,600,Electrical Fault,Unplanned
DT001577,MC033,PRD0006106,2026-03-22 08:10:00,2026-03-22 09:09:00,59,Tooling Change,Planned
DT001578,MC045,PRD0000360,2026-05-15 03:30:00,2026-05-15 03:42:00,12,Mechanical Failure,Unplanned
DT001579,MC005,PRD0006546,2025-11-14 20:40:00,2025-11-14 22:58:00,138,Software/PLC Fault,Unplanned
DT001580,MC044,PRD0004182,2026-01-03 02:10:00,2026-01-03 02:31:00,21,Calibration,Planned
DT001581,MC031,PRD0004642,2025-06-29 15:10:00,2025-06-29 15:57:00,47,Operator Break,Planned
DT001582,MC008,PRD0004359,2025-10-17 15:10:00,2025-10-17 15:34:00,24,Mechanical Failure,Unplanned
DT001583,MC028,PRD0016675,2025-06-29 21:00:00,2025-06-29 21:18:00,18,Mechanical Failure,Unplanned
DT001584,MC042,PRD0006375,2026-01-15 03:00:00,2026-01-15 03:59:00,59,Operator Break,Planned
DT001585,MC008,,2025-04-01 00:40:00,2025-04-01 01:16:00,36,Tooling Change,Planned
DT001586,MC043,PRD0008273,2026-05-02 01:30:00,2026-05-02 01:49:00,19,Power Outage,Unplanned
DT001587,MC041,PRD0010260,2026-05-31 02:50:00,2026-05-31 04:02:00,72,Mechanical Failure,Unplanned
DT001588,MC011,,2025-04-08 16:30:00,2025-04-08 17:14:00,44,Operator Break,Planned
DT001589,MC015,PRD0004787,2025-11-12 00:40:00,2025-11-12 01:51:00,71,Operator Break,Planned
DT001590,MC034,PRD0005466,2025-09-19 20:40:00,2025-09-19 21:08:00,28,Mechanical Failure,Unplanned
DT001591,MC049,,2025-10-11 21:20:00,2025-10-11 21:37:00,17,Power Outage,Unplanned
DT001592,MC015,PRD0013366,2026-06-14 10:00:00,2026-06-14 10:19:00,19,Material Shortage,Unplanned
DT001593,MC045,,2025-10-07 21:50:00,2025-10-07 22:20:00,30,Software/PLC Fault,Unplanned
DT001594,MC037,,2025-10-19 13:50:00,2025-10-19 15:16:00,86,Electrical Fault,Unplanned
DT001595,MC037,PRD0008952,2026-06-18 05:10:00,2026-06-18 05:38:00,28,Power Outage,Unplanned
DT001596,MC023,PRD0019638,2025-08-21 14:10:00,2025-08-21 15:14:00,64,Mechanical Failure,Unplanned
DT001597,MC044,,2025-08-04 00:50:00,2025-08-04 01:14:00,24,Mechanical Failure,Unplanned
DT001598,MC038,PRD0015172,2025-05-22 07:10:00,2025-05-22 07:51:00,41,Tooling Change,Planned
DT001599,MC016,,2025-11-05 05:20:00,2025-11-05 06:07:00,47,Operator Break,Planned
DT001600,MC002,PRD0010951,2026-01-03 07:50:00,2026-01-03 08:51:00,61,Material Shortage,Unplanned
DT001601,MC003,PRD0010499,2026-01-31 06:00:00,2026-01-31 06:50:00,50,Mechanical Failure,Unplanned
DT001602,MC006,PRD0006468,2025-01-12 12:50:00,2025-01-12 14:22:00,92,Material Shortage,Unplanned
DT001603,MC037,,2026-05-14 22:20:00,2026-05-14 23:11:00,51,Material Shortage,Unplanned
DT001604,MC036,PRD0018336,2026-02-10 08:00:00,2026-02-10 08:53:00,53,Operator Break,Planned
DT001605,MC006,PRD0008200,2025-04-01 06:30:00,2025-04-01 07:10:00,40,Software/PLC Fault,Unplanned
DT001606,MC034,PRD0016365,2025-12-14 09:30:00,2025-12-14 10:32:00,62,Scheduled Maintenance,Planned
DT001607,MC044,PRD0008179,2026-06-27 01:00:00,2026-06-27 02:59:00,119,Tooling Change,Planned
DT001608,MC044,,2026-05-24 06:00:00,2026-05-24 06:37:00,37,Operator Break,Planned
DT001609,MC041,PRD0014668,2026-01-25 01:00:00,2026-01-25 01:32:00,32,Operator Break,Planned
DT001610,MC044,PRD0003561,2026-06-07 17:10:00,2026-06-07 18:15:00,65,Mechanical Failure,Unplanned
DT001611,MC025,PRD0006899,2026-05-08 03:50:00,2026-05-08 04:30:00,40,Scheduled Maintenance,Planned
DT001612,MC039,,2025-07-10 10:50:00,2025-07-10 11:52:00,62,Scheduled Maintenance,Planned
DT001613,MC015,,2026-05-16 00:30:00,2026-05-16 01:25:00,55,Operator Break,Planned
DT001614,MC002,PRD0007733,2025-09-24 08:40:00,2025-09-24 08:57:00,17,Tooling Change,Planned
DT001615,MC034,,2025-12-21 00:40:00,2025-12-21 01:39:00,59,Calibration,Planned
DT001616,MC007,PRD0009929,2025-03-01 11:10:00,2025-03-01 11:46:00,36,Operator Break,Planned
DT001617,MC012,PRD0007797,2026-02-13 11:50:00,2026-02-13 12:03:00,13,Material Shortage,Unplanned
DT001618,MC048,PRD0010507,2025-09-08 19:10:00,2025-09-08 20:12:00,62,Electrical Fault,Unplanned
DT001619,MC023,,2026-05-18 01:30:00,2026-05-18 01:53:00,23,Calibration,Planned
DT001620,MC014,PRD0006806,2025-04-12 17:40:00,2025-04-12 18:32:00,52,Tooling Change,Planned
DT001621,MC036,,2025-09-17 15:10:00,2025-09-17 15:54:00,44,Scheduled Maintenance,Planned
DT001622,MC014,,2025-07-04 17:40:00,2025-07-04 18:02:00,22,Mechanical Failure,Unplanned
DT001623,MC044,,2026-04-12 15:10:00,2026-04-12 15:30:00,20,Scheduled Maintenance,Planned
DT001624,MC005,,2025-03-09 14:30:00,2025-03-09 14:58:00,28,Electrical Fault,Unplanned
DT001625,MC007,PRD0013120,2025-09-05 07:20:00,2025-09-05 08:17:00,57,Calibration,Planned
DT001626,MC013,PRD0000237,2026-04-21 02:00:00,2026-04-21 04:12:00,132,Software/PLC Fault,Unplanned
DT001627,MC019,PRD0000860,2025-11-05 15:00:00,2025-11-05 15:54:00,54,Power Outage,Unplanned
DT001628,MC045,PRD0002361,2026-03-19 01:20:00,2026-03-19 02:37:00,77,Scheduled Maintenance,Planned
DT001629,MC008,PRD0010204,2025-09-26 03:50:00,2025-09-26 04:00:00,10,Tooling Change,Planned
DT001630,MC002,,2026-06-04 13:10:00,2026-06-04 16:56:00,226,Mechanical Failure,Unplanned
DT001631,MC007,,2026-01-20 20:00:00,2026-01-20 20:49:00,49,Scheduled Maintenance,Planned
DT001632,MC050,PRD0019900,2026-05-22 10:40:00,2026-05-22 11:58:00,78,Operator Break,Planned
DT001633,MC028,PRD0016640,2025-05-08 05:10:00,2025-05-08 11:12:00,362,Software/PLC Fault,Unplanned
DT001634,MC019,PRD0012520,2025-05-09 04:00:00,2025-05-09 05:05:00,65,Mechanical Failure,Unplanned
DT001635,MC028,,2026-04-11 16:00:00,2026-04-11 16:47:00,47,Tooling Change,Planned
DT001636,MC007,PRD0005542,2025-02-04 17:50:00,2025-02-04 18:56:00,66,Power Outage,Unplanned
DT001637,MC045,PRD0007345,2025-12-22 02:40:00,2025-12-22 03:08:00,28,Tooling Change,Planned
DT001638,MC015,PRD0009532,2025-05-30 15:00:00,2025-05-30 15:17:00,17,Electrical Fault,Unplanned
DT001639,MC038,PRD0003773,2025-05-08 08:40:00,2025-05-08 09:20:00,40,Scheduled Maintenance,Planned
DT001640,MC025,PRD0004582,2026-01-08 02:40:00,2026-01-08 03:25:00,45,Software/PLC Fault,Unplanned
DT001641,MC020,,2026-05-21 10:30:00,2026-05-21 11:21:00,51,Calibration,Planned
DT001642,MC002,PRD0017814,2025-05-04 04:50:00,2025-05-04 05:00:00,10,Calibration,Planned
DT001643,MC007,,2025-03-13 00:50:00,2025-03-13 01:30:00,40,Scheduled Maintenance,Planned
DT001644,MC018,PRD0016994,2026-02-23 11:10:00,2026-02-23 12:38:00,88,Software/PLC Fault,Unplanned
DT001645,MC001,,2025-01-09 12:20:00,2025-01-09 13:01:00,41,Scheduled Maintenance,Planned
DT001646,MC023,PRD0000658,2025-10-30 14:50:00,2025-10-30 16:22:00,92,Software/PLC Fault,Unplanned
DT001647,MC021,PRD0013208,2026-01-02 01:30:00,2026-01-02 03:02:00,92,Electrical Fault,Unplanned
DT001648,MC025,,2025-12-04 14:30:00,2025-12-04 22:07:00,457,Mechanical Failure,Unplanned
DT001649,MC037,PRD0015507,2025-11-06 05:20:00,2025-11-06 05:38:00,18,Calibration,Planned
DT001650,MC017,,2025-05-26 02:30:00,2025-05-26 02:58:00,28,Mechanical Failure,Unplanned
DT001651,MC040,PRD0008470,2025-02-01 01:40:00,2025-02-01 02:20:00,40,Power Outage,Unplanned
DT001652,MC010,PRD0002841,2026-06-09 04:00:00,2026-06-09 04:25:00,25,Power Outage,Unplanned
DT001653,MC001,PRD0003355,2026-05-22 18:20:00,2026-05-22 18:30:00,10,Scheduled Maintenance,Planned
DT001654,MC005,PRD0016945,2026-03-05 02:00:00,2026-03-05 02:22:00,22,Tooling Change,Planned
DT001655,MC015,,2026-01-13 11:20:00,2026-01-13 11:32:00,12,Software/PLC Fault,Unplanned
DT001656,MC047,,2025-11-26 10:30:00,2025-11-26 11:05:00,35,Mechanical Failure,Unplanned
DT001657,MC013,PRD0013148,2025-07-19 18:30:00,2025-07-19 18:47:00,17,Mechanical Failure,Unplanned
DT001658,MC044,PRD0013147,2026-06-02 11:20:00,2026-06-02 11:54:00,34,Material Shortage,Unplanned
DT001659,MC014,,2025-12-06 07:10:00,2025-12-06 08:10:00,60,Calibration,Planned
DT001660,MC029,PRD0001411,2025-03-11 01:40:00,2025-03-11 03:05:00,85,Material Shortage,Unplanned
DT001661,MC039,,2026-06-01 04:40:00,2026-06-01 05:31:00,51,Tooling Change,Planned
DT001662,MC022,PRD0018475,2026-03-18 17:00:00,2026-03-18 18:49:00,109,Software/PLC Fault,Unplanned
DT001663,MC027,PRD0018752,2025-05-19 14:40:00,2025-05-19 15:20:00,40,Scheduled Maintenance,Planned
DT001664,MC033,PRD0007956,2025-12-05 08:20:00,2025-12-05 09:20:00,60,Software/PLC Fault,Unplanned
DT001665,MC017,,2025-08-18 01:10:00,2025-08-18 01:24:00,14,Power Outage,Unplanned
DT001666,MC025,PRD0008734,2025-04-12 01:40:00,2025-04-12 07:13:00,333,Material Shortage,Unplanned
DT001667,MC022,,2025-06-21 10:00:00,2025-06-21 10:10:00,10,Material Shortage,Unplanned
DT001668,MC020,PRD0008610,2025-11-29 15:00:00,2025-11-29 15:24:00,24,Software/PLC Fault,Unplanned
DT001669,MC007,,2025-03-03 20:50:00,2025-03-03 21:53:00,63,Mechanical Failure,Unplanned
DT001670,MC017,PRD0002393,2026-01-30 17:20:00,2026-01-30 18:35:00,75,Operator Break,Planned
DT001671,MC012,PRD0011650,2025-01-25 04:10:00,2025-01-25 04:51:00,41,Scheduled Maintenance,Planned
DT001672,MC021,,2025-06-09 16:30:00,2025-06-09 17:07:00,37,Material Shortage,Unplanned
DT001673,MC004,PRD0014695,2026-03-31 19:30:00,2026-03-31 20:38:00,68,Power Outage,Unplanned
DT001674,MC045,PRD0013728,2025-05-26 02:40:00,2025-05-26 03:06:00,26,Calibration,Planned
DT001675,MC047,PRD0008497,2025-01-26 14:50:00,2025-01-26 15:05:00,15,Electrical Fault,Unplanned
DT001676,MC004,,2026-05-24 21:10:00,2026-05-24 21:23:00,13,Electrical Fault,Unplanned
DT001677,MC022,PRD0002144,2026-02-02 06:10:00,2026-02-02 06:46:00,36,Calibration,Planned
DT001678,MC024,PRD0008243,2026-05-03 16:40:00,2026-05-03 17:54:00,74,Tooling Change,Planned
DT001679,MC009,PRD0015414,2026-06-16 19:40:00,2026-06-16 21:01:00,81,Software/PLC Fault,Unplanned
DT001680,MC037,PRD0001012,2025-10-26 10:50:00,2025-10-26 11:58:00,68,Operator Break,Planned
DT001681,MC043,PRD0008124,2025-07-14 09:50:00,2025-07-14 10:21:00,31,Software/PLC Fault,Unplanned
DT001682,MC009,PRD0006494,2026-01-03 21:40:00,2026-01-03 23:41:00,121,Mechanical Failure,Unplanned
DT001683,MC048,,2025-03-29 20:20:00,2025-03-29 21:00:00,40,Electrical Fault,Unplanned
DT001684,MC043,PRD0013915,2025-03-23 05:40:00,2025-03-23 06:51:00,71,Calibration,Planned
DT001685,MC013,,2026-03-23 10:40:00,2026-03-23 11:10:00,30,Power Outage,Unplanned
DT001686,MC043,PRD0011926,2025-11-29 02:10:00,2025-11-29 02:25:00,15,Scheduled Maintenance,Planned
DT001687,MC032,PRD0015864,2026-01-18 04:20:00,2026-01-18 05:25:00,65,Calibration,Planned
DT001688,MC018,PRD0006707,2025-04-10 01:50:00,2025-04-10 02:04:00,14,Material Shortage,Unplanned
DT001689,MC004,PRD0005741,2025-02-27 18:20:00,2025-02-27 18:57:00,37,Power Outage,Unplanned
DT001690,MC001,,2026-03-21 15:40:00,2026-03-21 16:00:00,20,Material Shortage,Unplanned
DT001691,MC014,,2026-03-15 18:20:00,2026-03-15 18:45:00,25,Operator Break,Planned
DT001692,MC029,PRD0007276,2025-05-09 00:20:00,2025-05-09 01:10:00,50,Scheduled Maintenance,Planned
DT001693,MC029,,2026-04-30 07:20:00,2026-04-30 08:18:00,58,Calibration,Planned
DT001694,MC019,PRD0008431,2026-04-17 03:30:00,2026-04-17 04:02:00,32,Mechanical Failure,Unplanned
DT001695,MC033,,2025-03-25 22:20:00,2025-03-25 22:33:00,13,Material Shortage,Unplanned
DT001696,MC010,PRD0000304,2025-07-09 16:30:00,2025-07-09 16:57:00,27,Calibration,Planned
DT001697,MC004,PRD0001843,2025-03-27 18:10:00,2025-03-27 18:22:00,12,Mechanical Failure,Unplanned
DT001698,MC045,,2025-01-02 11:10:00,2025-01-02 12:03:00,53,Scheduled Maintenance,Planned
DT001699,MC012,,2025-09-05 13:30:00,2025-09-05 15:02:00,92,Power Outage,Unplanned
DT001700,MC027,PRD0016420,2025-12-20 00:10:00,2025-12-20 00:24:00,14,Scheduled Maintenance,Planned
DT001701,MC001,PRD0018947,2025-12-10 09:50:00,2025-12-10 10:47:00,57,Tooling Change,Planned
DT001702,MC025,PRD0013568,2026-02-25 18:30:00,2026-02-25 19:05:00,35,Calibration,Planned
DT001703,MC015,,2025-06-10 01:10:00,2025-06-10 01:36:00,26,Software/PLC Fault,Unplanned
DT001704,MC034,PRD0000306,2026-05-04 11:10:00,2026-05-04 13:59:00,169,Electrical Fault,Unplanned
DT001705,MC036,,2025-01-24 14:30:00,2025-01-24 15:33:00,63,Material Shortage,Unplanned
DT001706,MC010,,2025-12-10 17:50:00,2025-12-10 21:50:00,240,Power Outage,Unplanned
DT001707,MC012,,2025-10-12 02:40:00,2025-10-12 02:53:00,13,Electrical Fault,Unplanned
DT001708,MC030,PRD0016033,2026-01-02 07:10:00,2026-01-02 08:29:00,79,Tooling Change,Planned
DT001709,MC040,PRD0000121,2026-02-20 21:10:00,2026-02-20 21:31:00,21,Power Outage,Unplanned
DT001710,MC006,PRD0000943,2025-12-13 03:30:00,2025-12-13 03:51:00,21,Electrical Fault,Unplanned
DT001711,MC003,PRD0006834,2025-01-21 06:10:00,2025-01-21 07:16:00,66,Software/PLC Fault,Unplanned
DT001712,MC033,PRD0001678,2025-03-28 15:30:00,2025-03-28 15:40:00,10,Power Outage,Unplanned
DT001713,MC050,PRD0014023,2025-09-07 02:00:00,2025-09-07 07:27:00,327,Material Shortage,Unplanned
DT001714,MC018,PRD0008293,2026-05-07 18:30:00,2026-05-07 18:49:00,19,Operator Break,Planned
DT001715,MC008,,2026-02-13 22:50:00,2026-02-14 04:44:00,354,Material Shortage,Unplanned
DT001716,MC030,PRD0003780,2025-05-15 05:40:00,2025-05-15 10:54:00,314,Mechanical Failure,Unplanned
DT001717,MC036,PRD0003985,2025-08-01 13:10:00,2025-08-01 14:33:00,83,Operator Break,Planned
DT001718,MC044,PRD0008601,2025-11-30 19:30:00,2025-11-30 19:55:00,25,Material Shortage,Unplanned
DT001719,MC031,PRD0006051,2026-03-11 04:20:00,2026-03-11 04:33:00,13,Electrical Fault,Unplanned
DT001720,MC006,,2026-01-05 05:50:00,2026-01-05 08:06:00,136,Software/PLC Fault,Unplanned
DT001721,MC047,,2025-09-09 07:00:00,2025-09-09 08:13:00,73,Tooling Change,Planned
DT001722,MC039,PRD0016613,2025-02-03 17:20:00,2025-02-03 17:44:00,24,Scheduled Maintenance,Planned
DT001723,MC029,PRD0018848,2025-12-03 17:00:00,2025-12-03 17:05:00,5,Software/PLC Fault,Unplanned
DT001724,MC028,PRD0010140,2025-03-28 20:30:00,2025-03-28 20:51:00,21,Software/PLC Fault,Unplanned
DT001725,MC049,PRD0013400,2025-09-15 06:20:00,2025-09-15 14:08:00,468,Power Outage,Unplanned
DT001726,MC042,PRD0013621,2025-03-07 16:00:00,2025-03-07 17:33:00,93,Power Outage,Unplanned
DT001727,MC022,PRD0011610,2026-04-01 09:50:00,2026-04-01 10:38:00,48,Operator Break,Planned
DT001728,MC018,PRD0012687,2025-05-17 16:40:00,2025-05-17 18:02:00,82,Mechanical Failure,Unplanned
DT001729,MC038,,2026-05-01 03:10:00,2026-05-01 04:41:00,91,Mechanical Failure,Unplanned
DT001730,MC008,PRD0018535,2025-02-19 12:20:00,2025-02-19 13:00:00,40,Power Outage,Unplanned
DT001731,MC043,PRD0016095,2026-05-04 16:50:00,2026-05-04 19:01:00,131,Electrical Fault,Unplanned
DT001732,MC037,,2026-02-22 09:20:00,2026-02-22 09:29:00,9,Power Outage,Unplanned
DT001733,MC020,PRD0018307,2025-08-25 20:20:00,2025-08-25 20:50:00,30,Mechanical Failure,Unplanned
DT001734,MC041,,2025-02-22 05:50:00,2025-02-22 06:27:00,37,Power Outage,Unplanned
DT001735,MC033,PRD0017104,2025-08-12 04:20:00,2025-08-12 04:34:00,14,Operator Break,Planned
DT001736,MC043,,2026-04-17 03:00:00,2026-04-17 03:42:00,42,Electrical Fault,Unplanned
DT001737,MC015,,2026-01-12 14:50:00,2026-01-12 15:42:00,52,Material Shortage,Unplanned
DT001738,MC039,,2025-08-07 15:30:00,2025-08-07 16:18:00,48,Electrical Fault,Unplanned
DT001739,MC030,,2026-03-26 14:50:00,2026-03-26 15:21:00,31,Calibration,Planned
DT001740,MC024,PRD0003369,2025-10-22 21:20:00,2025-10-22 22:14:00,54,Operator Break,Planned
DT001741,MC005,,2025-01-06 19:30:00,2025-01-06 19:56:00,26,Scheduled Maintenance,Planned
DT001742,MC004,PRD0014580,2025-11-07 14:00:00,2025-11-07 14:53:00,53,Calibration,Planned
DT001743,MC037,PRD0006582,2025-01-24 18:20:00,2025-01-24 19:24:00,64,Material Shortage,Unplanned
DT001744,MC005,PRD0004085,2025-06-28 06:00:00,2025-06-28 08:06:00,126,Electrical Fault,Unplanned
DT001745,MC050,,2026-04-02 22:20:00,2026-04-02 22:56:00,36,Software/PLC Fault,Unplanned
DT001746,MC022,PRD0008061,2025-08-03 03:30:00,2025-08-03 06:17:00,167,Software/PLC Fault,Unplanned
DT001747,MC006,PRD0005717,2025-04-02 07:40:00,2025-04-02 07:52:00,12,Software/PLC Fault,Unplanned
DT001748,MC015,PRD0012005,2026-02-13 05:10:00,2026-02-13 05:20:00,10,Tooling Change,Planned
DT001749,MC021,,2026-05-10 13:50:00,2026-05-10 14:52:00,62,Operator Break,Planned
DT001750,MC030,,2025-06-11 03:30:00,2025-06-11 04:24:00,54,Calibration,Planned
DT001751,MC025,PRD0001816,2026-03-25 21:00:00,2026-03-25 21:28:00,28,Power Outage,Unplanned
DT001752,MC008,PRD0007737,2025-04-14 10:40:00,2025-04-14 10:55:00,15,Software/PLC Fault,Unplanned
DT001753,MC002,PRD0005468,2026-03-31 05:50:00,2026-03-31 06:24:00,34,Software/PLC Fault,Unplanned
DT001754,MC012,PRD0018678,2025-12-09 03:50:00,2025-12-09 04:51:00,61,Operator Break,Planned
DT001755,MC031,,2025-12-31 04:50:00,2025-12-31 05:06:00,16,Calibration,Planned
DT001756,MC031,PRD0003966,2025-12-11 17:50:00,2025-12-11 18:10:00,20,Software/PLC Fault,Unplanned
DT001757,MC007,PRD0013262,2025-10-01 02:20:00,2025-10-01 02:54:00,34,Electrical Fault,Unplanned
DT001758,MC045,PRD0007525,2025-11-18 06:50:00,2025-11-18 07:54:00,64,Electrical Fault,Unplanned
DT001759,MC007,PRD0014431,2026-06-09 03:50:00,2026-06-09 07:09:00,199,Software/PLC Fault,Unplanned
DT001760,MC024,,2026-01-02 14:10:00,2026-01-02 14:33:00,23,Tooling Change,Planned
DT001761,MC028,PRD0009368,2025-04-18 15:50:00,2025-04-18 17:27:00,97,Material Shortage,Unplanned
DT001762,MC037,PRD0013759,2025-02-02 11:20:00,2025-02-02 14:05:00,165,Material Shortage,Unplanned
DT001763,MC039,PRD0014459,2025-02-26 07:20:00,2025-02-26 08:44:00,84,Tooling Change,Planned
DT001764,MC035,,2025-04-11 04:40:00,2025-04-11 06:05:00,85,Calibration,Planned
DT001765,MC021,PRD0018550,2026-06-17 09:30:00,2026-06-17 10:28:00,58,Power Outage,Unplanned
DT001766,MC038,PRD0015790,2026-04-09 09:10:00,2026-04-09 10:07:00,57,Scheduled Maintenance,Planned
DT001767,MC029,,2025-11-26 08:30:00,2025-11-26 09:09:00,39,Tooling Change,Planned
DT001768,MC033,PRD0018045,2026-04-02 05:20:00,2026-04-02 05:38:00,18,Material Shortage,Unplanned
DT001769,MC021,PRD0013474,2025-07-10 17:10:00,2025-07-10 17:48:00,38,Tooling Change,Planned
DT001770,MC003,,2025-11-14 22:20:00,2025-11-14 22:53:00,33,Material Shortage,Unplanned
DT001771,MC010,PRD0009959,2025-01-31 14:20:00,2025-01-31 15:45:00,85,Software/PLC Fault,Unplanned
DT001772,MC046,PRD0016423,2026-04-06 18:30:00,2026-04-06 19:10:00,40,Tooling Change,Planned
DT001773,MC046,PRD0007401,2026-02-26 01:00:00,2026-02-26 06:09:00,309,Software/PLC Fault,Unplanned
DT001774,MC029,PRD0019035,2025-02-04 14:40:00,2025-02-04 15:23:00,43,Mechanical Failure,Unplanned
DT001775,MC046,PRD0000424,2025-03-27 14:20:00,2025-03-27 15:24:00,64,Operator Break,Planned
DT001776,MC041,,2025-05-17 01:20:00,2025-05-17 01:51:00,31,Power Outage,Unplanned
DT001777,MC008,PRD0012399,2025-08-25 01:10:00,2025-08-25 01:54:00,44,Power Outage,Unplanned
DT001778,MC033,,2026-03-21 07:40:00,2026-03-21 09:00:00,80,Calibration,Planned
DT001779,MC042,,2026-02-25 15:30:00,2026-02-25 16:34:00,64,Mechanical Failure,Unplanned
DT001780,MC013,,2025-06-20 15:40:00,2025-06-20 16:29:00,49,Tooling Change,Planned
DT001781,MC010,PRD0001988,2025-10-30 07:00:00,2025-10-30 07:41:00,41,Power Outage,Unplanned
DT001782,MC006,PRD0011195,2025-09-07 03:10:00,2025-09-07 04:04:00,54,Tooling Change,Planned
DT001783,MC005,,2025-09-26 05:20:00,2025-09-26 06:07:00,47,Calibration,Planned
DT001784,MC031,PRD0017480,2025-07-27 07:30:00,2025-07-27 16:23:00,533,Software/PLC Fault,Unplanned
DT001785,MC035,,2025-04-24 16:40:00,2025-04-24 17:28:00,48,Tooling Change,Planned
DT001786,MC024,,2026-01-12 03:50:00,2026-01-12 04:04:00,14,Power Outage,Unplanned
DT001787,MC038,PRD0000229,2025-06-10 16:50:00,2025-06-10 17:18:00,28,Material Shortage,Unplanned
DT001788,MC036,,2026-01-08 18:10:00,2026-01-08 18:31:00,21,Mechanical Failure,Unplanned
DT001789,MC009,PRD0004903,2025-11-11 03:20:00,2025-11-11 04:05:00,45,Power Outage,Unplanned
DT001790,MC035,PRD0011821,2025-04-16 15:50:00,2025-04-16 16:16:00,26,Scheduled Maintenance,Planned
DT001791,MC010,PRD0008178,2026-06-02 11:20:00,2026-06-02 15:13:00,233,Power Outage,Unplanned
DT001792,MC028,,2025-07-18 06:50:00,2025-07-18 07:55:00,65,Material Shortage,Unplanned
DT001793,MC026,,2025-05-13 13:10:00,2025-05-13 13:36:00,26,Calibration,Planned
DT001794,MC035,PRD0002272,2026-06-02 17:40:00,2026-06-02 20:04:00,144,Electrical Fault,Unplanned
DT001795,MC042,,2025-06-12 16:00:00,2025-06-12 16:47:00,47,Scheduled Maintenance,Planned
DT001796,MC047,PRD0007943,2026-04-20 16:30:00,2026-04-20 16:47:00,17,Software/PLC Fault,Unplanned
DT001797,MC047,,2025-11-15 15:50:00,2025-11-15 16:47:00,57,Operator Break,Planned
DT001798,MC024,,2025-06-08 19:00:00,2025-06-08 19:58:00,58,Tooling Change,Planned
DT001799,MC033,PRD0018000,2025-02-23 13:50:00,2025-02-23 14:20:00,30,Software/PLC Fault,Unplanned
DT001800,MC048,,2026-06-08 16:30:00,2026-06-08 17:26:00,56,Operator Break,Planned
DT001801,MC008,PRD0008720,2025-08-02 15:00:00,2025-08-02 15:29:00,29,Power Outage,Unplanned
DT001802,MC007,,2025-01-22 12:10:00,2025-01-22 12:19:00,9,Mechanical Failure,Unplanned
DT001803,MC005,PRD0017290,2026-03-20 22:10:00,2026-03-20 23:16:00,66,Scheduled Maintenance,Planned
DT001804,MC045,PRD0004795,2026-01-12 02:50:00,2026-01-12 03:37:00,47,Mechanical Failure,Unplanned
DT001805,MC049,PRD0019576,2026-06-01 07:00:00,2026-06-01 07:35:00,35,Software/PLC Fault,Unplanned
DT001806,MC007,,2026-06-04 15:00:00,2026-06-04 16:33:00,93,Material Shortage,Unplanned
DT001807,MC008,PRD0016758,2025-03-11 09:50:00,2025-03-11 10:34:00,44,Scheduled Maintenance,Planned
DT001808,MC001,PRD0012526,2025-01-18 11:40:00,2025-01-18 12:29:00,49,Scheduled Maintenance,Planned
DT001809,MC050,PRD0009024,2025-01-26 17:50:00,2025-01-26 18:49:00,59,Calibration,Planned
DT001810,MC044,PRD0000211,2025-04-15 09:30:00,2025-04-15 10:10:00,40,Electrical Fault,Unplanned
DT001811,MC008,,2026-06-18 05:30:00,2026-06-18 06:29:00,59,Tooling Change,Planned
DT001812,MC022,PRD0003744,2026-02-07 18:00:00,2026-02-07 19:01:00,61,Scheduled Maintenance,Planned
DT001813,MC024,,2026-05-24 15:30:00,2026-05-24 19:03:00,213,Mechanical Failure,Unplanned
DT001814,MC048,,2025-08-02 14:20:00,2025-08-02 15:10:00,50,Operator Break,Planned
DT001815,MC024,,2026-02-04 00:30:00,2026-02-04 01:21:00,51,Operator Break,Planned
DT001816,MC041,PRD0014668,2026-01-25 21:10:00,2026-01-25 21:41:00,31,Operator Break,Planned
DT001817,MC034,,2026-05-06 01:00:00,2026-05-06 02:25:00,85,Software/PLC Fault,Unplanned
DT001818,MC001,PRD0006014,2025-10-09 04:50:00,2025-10-09 05:40:00,50,Tooling Change,Planned
DT001819,MC027,PRD0009982,2025-01-17 13:40:00,2025-01-17 14:52:00,72,Calibration,Planned
DT001820,MC028,PRD0001730,2026-06-08 09:20:00,2026-06-08 10:54:00,94,Mechanical Failure,Unplanned
DT001821,MC018,,2025-01-10 02:30:00,2025-01-10 03:31:00,61,Calibration,Planned
DT001822,MC004,,2025-04-07 15:20:00,2025-04-07 15:44:00,24,Software/PLC Fault,Unplanned
DT001823,MC032,PRD0008489,2025-01-25 00:10:00,2025-01-25 01:35:00,85,Calibration,Planned
DT001824,MC027,,2026-06-19 08:20:00,2026-06-19 08:42:00,22,Power Outage,Unplanned
DT001825,MC006,,2026-05-29 07:20:00,2026-05-29 07:59:00,39,Scheduled Maintenance,Planned
DT001826,MC046,PRD0016011,2025-04-01 11:20:00,2025-04-01 12:15:00,55,Calibration,Planned
DT001827,MC012,,2025-11-24 14:50:00,2025-11-24 15:25:00,35,Operator Break,Planned
DT001828,MC044,PRD0018074,2025-04-07 15:50:00,2025-04-07 16:46:00,56,Electrical Fault,Unplanned
DT001829,MC033,PRD0018315,2026-02-11 21:50:00,2026-02-11 22:55:00,65,Calibration,Planned
DT001830,MC028,PRD0006050,2026-02-14 06:40:00,2026-02-14 07:17:00,37,Material Shortage,Unplanned
DT001831,MC033,,2026-05-19 07:20:00,2026-05-19 08:12:00,52,Mechanical Failure,Unplanned
DT001832,MC013,PRD0006121,2026-05-22 14:00:00,2026-05-22 14:49:00,49,Operator Break,Planned
DT001833,MC034,,2025-08-18 07:40:00,2025-08-18 07:57:00,17,Mechanical Failure,Unplanned
DT001834,MC029,PRD0001038,2025-12-25 20:00:00,2025-12-25 20:47:00,47,Scheduled Maintenance,Planned
DT001835,MC050,PRD0017711,2025-02-17 22:20:00,2025-02-17 23:15:00,55,Scheduled Maintenance,Planned
DT001836,MC010,PRD0017045,2025-09-03 00:50:00,2025-09-03 04:20:00,210,Electrical Fault,Unplanned
DT001837,MC002,,2025-06-28 11:30:00,2025-06-28 12:55:00,85,Material Shortage,Unplanned
DT001838,MC045,PRD0013597,2025-11-25 08:20:00,2025-11-25 08:41:00,21,Mechanical Failure,Unplanned
DT001839,MC010,,2025-06-19 21:50:00,2025-06-19 23:10:00,80,Electrical Fault,Unplanned
DT001840,MC022,PRD0001751,2025-04-13 03:10:00,2025-04-13 04:33:00,83,Power Outage,Unplanned
DT001841,MC006,,2025-10-02 18:50:00,2025-10-02 20:48:00,118,Material Shortage,Unplanned
DT001842,MC031,PRD0012551,2025-08-12 11:40:00,2025-08-12 12:18:00,38,Operator Break,Planned
DT001843,MC007,PRD0013535,2025-02-22 09:50:00,2025-02-22 10:22:00,32,Calibration,Planned
DT001844,MC024,,2025-10-25 02:10:00,2025-10-25 02:36:00,26,Calibration,Planned
DT001845,MC019,PRD0000690,2025-06-26 15:30:00,2025-06-26 15:51:00,21,Mechanical Failure,Unplanned
DT001846,MC017,PRD0010034,2025-09-30 07:40:00,2025-09-30 08:50:00,70,Electrical Fault,Unplanned
DT001847,MC038,,2025-09-24 05:50:00,2025-09-24 09:01:00,191,Electrical Fault,Unplanned
DT001848,MC032,PRD0002070,2025-04-24 22:00:00,2025-04-24 22:57:00,57,Electrical Fault,Unplanned
DT001849,MC004,,2026-03-27 03:30:00,2026-03-27 04:26:00,56,Power Outage,Unplanned
DT001850,MC004,,2026-06-23 08:40:00,2026-06-23 09:04:00,24,Material Shortage,Unplanned
DT001851,MC019,PRD0008515,2026-03-17 22:00:00,2026-03-17 22:41:00,41,Operator Break,Planned
DT001852,MC031,PRD0010803,2026-03-30 11:40:00,2026-03-30 11:50:00,10,Calibration,Planned
DT001853,MC045,PRD0013844,2025-07-05 19:10:00,2025-07-05 19:52:00,42,Operator Break,Planned
DT001854,MC037,PRD0011366,2026-06-16 03:10:00,2026-06-16 03:40:00,30,Mechanical Failure,Unplanned
DT001855,MC044,PRD0013461,2026-03-16 21:00:00,2026-03-16 21:31:00,31,Calibration,Planned
DT001856,MC035,PRD0011893,2026-05-07 03:00:00,2026-05-07 03:39:00,39,Electrical Fault,Unplanned
DT001857,MC022,,2026-02-25 18:40:00,2026-02-25 18:56:00,16,Mechanical Failure,Unplanned
DT001858,MC047,,2025-12-16 05:50:00,2025-12-16 06:20:00,30,Electrical Fault,Unplanned
DT001859,MC049,,2026-02-09 10:30:00,2026-02-09 13:46:00,196,Material Shortage,Unplanned
DT001860,MC036,PRD0011267,2025-09-16 10:30:00,2025-09-16 11:13:00,43,Power Outage,Unplanned
DT001861,MC015,,2025-10-22 21:10:00,2025-10-22 22:12:00,62,Operator Break,Planned
DT001862,MC024,PRD0008661,2026-02-19 05:40:00,2026-02-19 07:07:00,87,Electrical Fault,Unplanned
DT001863,MC003,PRD0012452,2025-02-19 01:40:00,2025-02-19 02:55:00,75,Operator Break,Planned
DT001864,MC018,,2026-01-05 05:20:00,2026-01-05 06:15:00,55,Operator Break,Planned
DT001865,MC039,PRD0010610,2025-02-01 16:30:00,2025-02-01 17:05:00,35,Power Outage,Unplanned
DT001866,MC008,PRD0003986,2025-10-15 22:40:00,2025-10-15 23:35:00,55,Tooling Change,Planned
DT001867,MC020,PRD0007761,2025-11-17 07:10:00,2025-11-17 07:33:00,23,Mechanical Failure,Unplanned
DT001868,MC031,PRD0015069,2025-05-26 20:30:00,2025-05-26 20:54:00,24,Scheduled Maintenance,Planned
DT001869,MC047,,2025-08-27 14:00:00,2025-08-27 15:35:00,95,Electrical Fault,Unplanned
DT001870,MC035,PRD0011893,2026-05-07 14:30:00,2026-05-07 15:42:00,72,Material Shortage,Unplanned
DT001871,MC005,PRD0012528,2025-06-17 02:30:00,2025-06-17 03:31:00,61,Operator Break,Planned
DT001872,MC016,,2026-01-13 08:30:00,2026-01-13 11:32:00,182,Material Shortage,Unplanned
DT001873,MC004,PRD0002333,2025-09-22 11:20:00,2025-09-22 12:23:00,63,Calibration,Planned
DT001874,MC024,,2025-11-25 20:00:00,2025-11-25 20:43:00,43,Scheduled Maintenance,Planned
DT001875,MC022,PRD0012536,2025-04-04 18:50:00,2025-04-04 21:02:00,132,Mechanical Failure,Unplanned
DT001876,MC001,PRD0017804,2025-09-04 07:30:00,2025-09-04 07:50:00,20,Calibration,Planned
DT001877,MC019,PRD0019054,2025-09-25 06:10:00,2025-09-25 08:33:00,143,Electrical Fault,Unplanned
DT001878,MC014,PRD0016230,2025-06-04 00:40:00,2025-06-04 01:42:00,62,Calibration,Planned
DT001879,MC025,,2025-12-13 03:50:00,2025-12-13 04:31:00,41,Operator Break,Planned
DT001880,MC044,PRD0011120,2025-09-10 01:20:00,2025-09-10 01:41:00,21,Operator Break,Planned
DT001881,MC001,PRD0014830,2025-10-04 17:10:00,2025-10-04 17:40:00,30,Calibration,Planned
DT001882,MC016,,2025-07-04 11:40:00,2025-07-04 12:09:00,29,Scheduled Maintenance,Planned
DT001883,MC001,PRD0013973,2026-04-13 20:40:00,2026-04-13 21:18:00,38,Tooling Change,Planned
DT001884,MC043,,2025-04-21 18:30:00,2025-04-21 20:31:00,121,Electrical Fault,Unplanned
DT001885,MC039,PRD0018350,2026-01-06 15:40:00,2026-01-06 16:17:00,37,Tooling Change,Planned
DT001886,MC047,,2025-12-08 05:50:00,2025-12-08 06:02:00,12,Electrical Fault,Unplanned
DT001887,MC025,PRD0008486,2026-01-26 12:40:00,2026-01-26 13:44:00,64,Tooling Change,Planned
DT001888,MC031,PRD0017908,2025-07-25 21:30:00,2025-07-25 23:10:00,100,Material Shortage,Unplanned
DT001889,MC009,PRD0009493,2025-10-05 08:30:00,2025-10-05 09:50:00,80,Electrical Fault,Unplanned
DT001890,MC046,PRD0009702,2025-01-21 15:00:00,2025-01-21 15:39:00,39,Scheduled Maintenance,Planned
DT001891,MC002,,2025-12-13 08:10:00,2025-12-13 08:21:00,11,Power Outage,Unplanned
DT001892,MC017,PRD0000164,2025-12-06 17:50:00,2025-12-06 23:20:00,330,Material Shortage,Unplanned
DT001893,MC046,PRD0011778,2026-03-10 17:50:00,2026-03-10 18:13:00,23,Material Shortage,Unplanned
DT001894,MC027,PRD0009333,2025-08-17 09:40:00,2025-08-17 10:42:00,62,Tooling Change,Planned
DT001895,MC002,PRD0013880,2026-05-21 03:00:00,2026-05-21 03:58:00,58,Operator Break,Planned
DT001896,MC033,,2025-01-03 03:40:00,2025-01-03 04:21:00,41,Power Outage,Unplanned
DT001897,MC041,PRD0014984,2026-04-14 20:20:00,2026-04-14 20:49:00,29,Software/PLC Fault,Unplanned
DT001898,MC042,PRD0010759,2026-02-22 10:10:00,2026-02-22 11:21:00,71,Calibration,Planned
DT001899,MC011,,2026-05-12 20:10:00,2026-05-12 20:20:00,10,Operator Break,Planned
DT001900,MC008,,2026-06-25 22:40:00,2026-06-26 03:26:00,286,Power Outage,Unplanned
DT001901,MC013,PRD0013316,2025-01-02 16:40:00,2025-01-02 16:57:00,17,Power Outage,Unplanned
DT001902,MC030,PRD0004279,2025-03-16 18:10:00,2025-03-16 19:12:00,62,Power Outage,Unplanned
DT001903,MC025,PRD0019653,2025-04-02 18:30:00,2025-04-02 18:53:00,23,Software/PLC Fault,Unplanned
DT001904,MC019,PRD0012983,2026-06-13 10:20:00,2026-06-13 10:50:00,30,Calibration,Planned
DT001905,MC021,,2026-05-15 12:30:00,2026-05-15 14:00:00,90,Material Shortage,Unplanned
DT001906,MC009,PRD0013984,2025-07-09 04:10:00,2025-07-09 04:38:00,28,Mechanical Failure,Unplanned
DT001907,MC049,,2026-06-20 08:00:00,2026-06-20 09:17:00,77,Electrical Fault,Unplanned
DT001908,MC032,,2025-12-31 01:40:00,2025-12-31 02:08:00,28,Power Outage,Unplanned
DT001909,MC020,PRD0005829,2026-06-24 18:20:00,2026-06-24 19:03:00,43,Calibration,Planned
DT001910,MC003,PRD0013095,2026-04-21 03:40:00,2026-04-21 04:41:00,61,Mechanical Failure,Unplanned
DT001911,MC009,PRD0003145,2025-01-09 17:20:00,2025-01-09 18:00:00,40,Scheduled Maintenance,Planned
DT001912,MC021,,2025-06-19 02:20:00,2025-06-19 03:34:00,74,Software/PLC Fault,Unplanned
DT001913,MC046,PRD0012339,2026-03-28 08:00:00,2026-03-28 09:20:00,80,Tooling Change,Planned
DT001914,MC013,PRD0000634,2025-12-20 17:10:00,2025-12-20 17:39:00,29,Operator Break,Planned
DT001915,MC017,PRD0009304,2025-02-28 09:30:00,2025-02-28 10:01:00,31,Mechanical Failure,Unplanned
DT001916,MC002,PRD0006518,2025-01-01 08:40:00,2025-01-01 09:08:00,28,Software/PLC Fault,Unplanned
DT001917,MC011,PRD0006644,2026-04-06 18:30:00,2026-04-06 18:55:00,25,Calibration,Planned
DT001918,MC047,PRD0011636,2026-04-25 00:20:00,2026-04-25 01:16:00,56,Scheduled Maintenance,Planned
DT001919,MC015,PRD0017174,2026-04-22 02:00:00,2026-04-22 02:38:00,38,Tooling Change,Planned
DT001920,MC009,PRD0009806,2025-08-21 14:50:00,2025-08-21 15:49:00,59,Operator Break,Planned
DT001921,MC025,PRD0014508,2025-07-06 11:30:00,2025-07-06 12:40:00,70,Material Shortage,Unplanned
DT001922,MC006,PRD0014364,2025-06-25 12:40:00,2025-06-25 13:18:00,38,Operator Break,Planned
DT001923,MC044,PRD0007881,2025-07-18 01:00:00,2025-07-18 01:25:00,25,Power Outage,Unplanned
DT001924,MC027,PRD0007841,2025-06-09 16:10:00,2025-06-09 16:21:00,11,Tooling Change,Planned
DT001925,MC045,PRD0013450,2026-02-06 13:10:00,2026-02-06 14:02:00,52,Operator Break,Planned
DT001926,MC015,PRD0006409,2026-05-24 04:50:00,2026-05-24 05:34:00,44,Scheduled Maintenance,Planned
DT001927,MC045,PRD0016474,2025-11-28 09:20:00,2025-11-28 10:35:00,75,Calibration,Planned
DT001928,MC012,PRD0008567,2026-01-25 14:10:00,2026-01-25 14:27:00,17,Material Shortage,Unplanned
DT001929,MC029,PRD0008212,2025-02-09 20:50:00,2025-02-09 21:53:00,63,Operator Break,Planned
DT001930,MC011,PRD0000850,2025-07-28 18:00:00,2025-07-28 18:35:00,35,Material Shortage,Unplanned
DT001931,MC030,PRD0016128,2026-04-05 15:10:00,2026-04-05 15:21:00,11,Electrical Fault,Unplanned
DT001932,MC011,PRD0000014,2025-02-13 02:40:00,2025-02-13 03:57:00,77,Mechanical Failure,Unplanned
DT001933,MC024,,2026-01-20 08:30:00,2026-01-20 09:06:00,36,Power Outage,Unplanned
DT001934,MC045,PRD0014862,2025-09-05 22:20:00,2025-09-05 23:28:00,68,Mechanical Failure,Unplanned
DT001935,MC037,,2026-06-03 10:00:00,2026-06-03 10:52:00,52,Scheduled Maintenance,Planned
DT001936,MC026,PRD0005221,2025-04-07 08:20:00,2025-04-07 09:44:00,84,Power Outage,Unplanned
DT001937,MC012,,2026-05-22 02:40:00,2026-05-22 02:57:00,17,Material Shortage,Unplanned
DT001938,MC029,,2025-11-20 13:20:00,2025-11-20 13:35:00,15,Software/PLC Fault,Unplanned
DT001939,MC036,PRD0014592,2026-01-07 05:50:00,2026-01-07 06:07:00,17,Tooling Change,Planned
DT001940,MC047,PRD0019368,2025-10-20 19:10:00,2025-10-20 20:12:00,62,Material Shortage,Unplanned
DT001941,MC013,PRD0010458,2026-05-01 09:20:00,2026-05-01 10:23:00,63,Calibration,Planned
DT001942,MC017,,2026-02-13 16:00:00,2026-02-13 16:37:00,37,Scheduled Maintenance,Planned
DT001943,MC043,PRD0012021,2025-12-31 08:00:00,2025-12-31 08:10:00,10,Operator Break,Planned
DT001944,MC006,,2025-12-18 09:40:00,2025-12-18 10:53:00,73,Scheduled Maintenance,Planned
DT001945,MC030,,2025-06-26 03:30:00,2025-06-26 03:49:00,19,Electrical Fault,Unplanned
DT001946,MC033,PRD0019856,2026-03-10 07:20:00,2026-03-10 07:55:00,35,Scheduled Maintenance,Planned
DT001947,MC018,PRD0007048,2026-06-29 12:20:00,2026-06-29 12:49:00,29,Electrical Fault,Unplanned
DT001948,MC009,PRD0002474,2025-11-09 20:20:00,2025-11-09 21:00:00,40,Electrical Fault,Unplanned
DT001949,MC044,PRD0015531,2025-03-04 05:40:00,2025-03-04 06:21:00,41,Material Shortage,Unplanned
DT001950,MC032,,2025-07-24 06:50:00,2025-07-24 07:37:00,47,Power Outage,Unplanned
DT001951,MC010,,2025-09-26 21:40:00,2025-09-26 23:52:00,132,Mechanical Failure,Unplanned
DT001952,MC043,PRD0011251,2025-01-26 20:40:00,2025-01-26 21:28:00,48,Material Shortage,Unplanned
DT001953,MC039,,2025-05-22 15:20:00,2025-05-22 16:44:00,84,Scheduled Maintenance,Planned
DT001954,MC024,PRD0010752,2026-04-26 04:40:00,2026-04-26 04:51:00,11,Electrical Fault,Unplanned
DT001955,MC042,PRD0011170,2025-03-20 19:40:00,2025-03-20 19:58:00,18,Material Shortage,Unplanned
DT001956,MC025,PRD0010498,2026-01-04 18:00:00,2026-01-04 18:54:00,54,Tooling Change,Planned
DT001957,MC044,PRD0000211,2025-04-15 18:10:00,2025-04-15 18:46:00,36,Mechanical Failure,Unplanned
DT001958,MC003,PRD0004888,2025-05-04 21:20:00,2025-05-04 22:53:00,93,Electrical Fault,Unplanned
DT001959,MC039,PRD0006048,2026-03-22 05:20:00,2026-03-22 06:23:00,63,Calibration,Planned
DT001960,MC017,PRD0014804,2025-03-15 18:50:00,2025-03-15 19:03:00,13,Tooling Change,Planned
DT001961,MC013,PRD0012473,2026-01-04 13:40:00,2026-01-04 14:32:00,52,Power Outage,Unplanned
DT001962,MC032,PRD0019745,2025-03-30 11:50:00,2025-03-30 12:42:00,52,Tooling Change,Planned
DT001963,MC010,PRD0017002,2025-09-23 10:40:00,2025-09-23 11:20:00,40,Calibration,Planned
DT001964,MC015,,2025-08-12 20:00:00,2025-08-12 20:56:00,56,Material Shortage,Unplanned
DT001965,MC042,PRD0008006,2025-09-26 10:00:00,2025-09-26 10:57:00,57,Tooling Change,Planned
DT001966,MC017,,2025-01-20 15:20:00,2025-01-20 15:30:00,10,Tooling Change,Planned
DT001967,MC025,PRD0002609,2026-04-27 15:10:00,2026-04-27 16:17:00,67,Tooling Change,Planned
DT001968,MC030,,2025-06-19 22:30:00,2025-06-20 05:09:00,399,Software/PLC Fault,Unplanned
DT001969,MC016,,2025-09-10 01:40:00,2025-09-10 02:02:00,22,Operator Break,Planned
DT001970,MC044,,2025-12-12 15:30:00,2025-12-12 16:33:00,63,Calibration,Planned
DT001971,MC032,PRD0002254,2025-05-18 10:00:00,2025-05-18 11:16:00,76,Scheduled Maintenance,Planned
DT001972,MC027,PRD0002816,2025-07-05 13:10:00,2025-07-05 13:40:00,30,Mechanical Failure,Unplanned
DT001973,MC007,PRD0016123,2025-07-28 22:50:00,2025-07-28 23:53:00,63,Material Shortage,Unplanned
DT001974,MC029,PRD0014602,2025-02-18 22:10:00,2025-02-18 22:38:00,28,Power Outage,Unplanned
DT001975,MC042,,2026-02-05 07:20:00,2026-02-05 07:30:00,10,Calibration,Planned
DT001976,MC014,PRD0019951,2025-04-25 08:40:00,2025-04-25 09:49:00,69,Operator Break,Planned
DT001977,MC001,,2026-01-21 05:10:00,2026-01-21 05:50:00,40,Power Outage,Unplanned
DT001978,MC008,PRD0015493,2026-02-22 18:30:00,2026-02-22 18:40:00,10,Scheduled Maintenance,Planned
DT001979,MC038,PRD0015900,2025-05-14 13:30:00,2025-05-14 14:10:00,40,Calibration,Planned
DT001980,MC001,PRD0003320,2025-03-14 01:10:00,2025-03-14 01:36:00,26,Power Outage,Unplanned
DT001981,MC017,,2025-12-13 10:20:00,2025-12-13 10:33:00,13,Calibration,Planned
DT001982,MC045,PRD0009085,2025-11-23 12:00:00,2025-11-23 12:57:00,57,Scheduled Maintenance,Planned
DT001983,MC048,,2025-07-16 19:50:00,2025-07-16 20:35:00,45,Electrical Fault,Unplanned
DT001984,MC039,,2026-01-26 08:20:00,2026-01-26 10:08:00,108,Power Outage,Unplanned
DT001985,MC001,PRD0018947,2025-12-10 17:00:00,2025-12-10 17:15:00,15,Mechanical Failure,Unplanned
DT001986,MC015,,2025-08-18 00:40:00,2025-08-18 01:48:00,68,Mechanical Failure,Unplanned
DT001987,MC022,PRD0011029,2026-02-26 04:40:00,2026-02-26 05:11:00,31,Material Shortage,Unplanned
DT001988,MC034,,2026-05-21 19:20:00,2026-05-21 19:27:00,7,Material Shortage,Unplanned
DT001989,MC033,,2025-07-03 13:40:00,2025-07-03 14:00:00,20,Material Shortage,Unplanned
DT001990,MC025,,2025-03-15 09:10:00,2025-03-15 09:40:00,30,Calibration,Planned
DT001991,MC049,PRD0019877,2025-09-30 04:10:00,2025-09-30 05:17:00,67,Tooling Change,Planned
DT001992,MC046,PRD0018803,2026-04-16 22:20:00,2026-04-16 23:18:00,58,Material Shortage,Unplanned
DT001993,MC033,,2025-06-25 12:50:00,2025-06-25 14:11:00,81,Tooling Change,Planned
DT001994,MC039,PRD0000977,2026-04-26 13:00:00,2026-04-26 14:28:00,88,Electrical Fault,Unplanned
DT001995,MC050,PRD0005775,2025-10-15 10:00:00,2025-10-15 10:09:00,9,Mechanical Failure,Unplanned
DT001996,MC042,PRD0005222,2026-04-15 19:00:00,2026-04-15 19:27:00,27,Tooling Change,Planned
DT001997,MC037,PRD0002576,2025-03-30 17:10:00,2025-03-30 21:17:00,247,Power Outage,Unplanned
DT001998,MC001,PRD0001115,2025-02-25 00:40:00,2025-02-25 03:36:00,176,Electrical Fault,Unplanned
DT001999,MC026,,2025-05-26 13:20:00,2025-05-26 14:14:00,54,Tooling Change,Planned
DT002000,MC023,,2025-09-05 10:20:00,2025-09-05 10:46:00,26,Mechanical Failure,Unplanned
DT002001,MC010,PRD0010386,2026-05-26 12:10:00,2026-05-26 12:31:00,21,Material Shortage,Unplanned
DT002002,MC038,PRD0012545,2025-09-27 16:50:00,2025-09-27 17:41:00,51,Mechanical Failure,Unplanned
DT002003,MC026,PRD0010122,2026-03-18 13:10:00,2026-03-18 13:51:00,41,Electrical Fault,Unplanned
DT002004,MC011,,2026-03-21 20:10:00,2026-03-21 20:49:00,39,Tooling Change,Planned
DT002005,MC011,,2025-08-25 22:30:00,2025-08-25 23:02:00,32,Tooling Change,Planned
DT002006,MC043,PRD0009535,2025-08-24 16:00:00,2025-08-24 16:06:00,6,Software/PLC Fault,Unplanned
DT002007,MC043,PRD0013587,2025-03-09 21:50:00,2025-03-09 22:13:00,23,Material Shortage,Unplanned
DT002008,MC022,PRD0011791,2025-07-07 16:30:00,2025-07-07 17:25:00,55,Mechanical Failure,Unplanned
DT002009,MC012,,2025-09-04 00:20:00,2025-09-04 01:34:00,74,Material Shortage,Unplanned
DT002010,MC027,,2025-02-02 15:30:00,2025-02-02 15:55:00,25,Calibration,Planned
DT002011,MC048,,2025-10-27 06:30:00,2025-10-27 06:40:00,10,Operator Break,Planned
DT002012,MC043,PRD0018562,2026-04-04 06:20:00,2026-04-04 06:46:00,26,Scheduled Maintenance,Planned
DT002013,MC021,,2025-02-05 01:50:00,2025-02-05 02:24:00,34,Material Shortage,Unplanned
DT002014,MC042,PRD0000912,2025-08-26 00:00:00,2025-08-26 01:16:00,76,Material Shortage,Unplanned
DT002015,MC046,PRD0012142,2025-04-22 21:50:00,2025-04-22 23:12:00,82,Software/PLC Fault,Unplanned
DT002016,MC030,PRD0002810,2025-10-31 06:40:00,2025-10-31 06:53:00,13,Material Shortage,Unplanned
DT002017,MC049,,2025-03-23 05:30:00,2025-03-23 07:39:00,129,Material Shortage,Unplanned
DT002018,MC006,PRD0016074,2025-03-15 02:10:00,2025-03-15 02:35:00,25,Operator Break,Planned
DT002019,MC009,,2025-11-09 19:30:00,2025-11-09 19:42:00,12,Operator Break,Planned
DT002020,MC034,PRD0002185,2025-01-10 13:00:00,2025-01-10 19:44:00,404,Electrical Fault,Unplanned
DT002021,MC034,PRD0017830,2025-02-05 00:00:00,2025-02-05 00:10:00,10,Operator Break,Planned
DT002022,MC011,PRD0016080,2025-05-05 12:40:00,2025-05-05 14:00:00,80,Operator Break,Planned
DT002023,MC037,,2026-04-04 21:10:00,2026-04-04 22:08:00,58,Material Shortage,Unplanned
DT002024,MC029,PRD0003420,2025-11-27 21:00:00,2025-11-27 21:10:00,10,Software/PLC Fault,Unplanned
DT002025,MC026,PRD0012460,2025-10-23 00:40:00,2025-10-23 02:06:00,86,Tooling Change,Planned
DT002026,MC010,PRD0014823,2025-12-21 01:10:00,2025-12-21 01:48:00,38,Tooling Change,Planned
DT002027,MC011,PRD0007786,2026-03-20 20:30:00,2026-03-20 21:21:00,51,Mechanical Failure,Unplanned
DT002028,MC009,PRD0012007,2025-10-14 22:30:00,2025-10-15 00:45:00,135,Mechanical Failure,Unplanned
DT002029,MC016,PRD0000778,2026-05-29 22:50:00,2026-05-29 23:27:00,37,Mechanical Failure,Unplanned
DT002030,MC024,PRD0015486,2025-10-03 02:10:00,2025-10-03 05:51:00,221,Power Outage,Unplanned
DT002031,MC008,PRD0016802,2025-02-11 20:20:00,2025-02-11 20:34:00,14,Electrical Fault,Unplanned
DT002032,MC040,PRD0006761,2025-11-06 09:50:00,2025-11-06 10:27:00,37,Operator Break,Planned
DT002033,MC032,PRD0009424,2025-09-12 06:40:00,2025-09-12 07:16:00,36,Calibration,Planned
DT002034,MC016,PRD0013732,2026-04-05 01:10:00,2026-04-05 04:52:00,222,Software/PLC Fault,Unplanned
DT002035,MC009,PRD0009083,2025-06-05 08:30:00,2025-06-05 09:06:00,36,Mechanical Failure,Unplanned
DT002036,MC050,,2026-06-07 01:20:00,2026-06-07 02:31:00,71,Software/PLC Fault,Unplanned
DT002037,MC021,PRD0007995,2026-06-16 17:00:00,2026-06-16 19:14:00,134,Electrical Fault,Unplanned
DT002038,MC015,PRD0001431,2025-05-18 11:30:00,2025-05-18 11:36:00,6,Electrical Fault,Unplanned
DT002039,MC045,PRD0006433,2025-05-05 01:00:00,2025-05-05 01:40:00,40,Operator Break,Planned
DT002040,MC028,PRD0007687,2025-06-20 02:00:00,2025-06-20 02:14:00,14,Scheduled Maintenance,Planned
DT002041,MC050,,2025-05-03 10:10:00,2025-05-03 10:45:00,35,Electrical Fault,Unplanned
DT002042,MC026,PRD0013690,2025-09-23 22:30:00,2025-09-23 23:22:00,52,Operator Break,Planned
DT002043,MC031,PRD0005818,2025-06-21 11:20:00,2025-06-21 11:58:00,38,Material Shortage,Unplanned
DT002044,MC015,PRD0006424,2025-12-27 14:40:00,2025-12-27 15:32:00,52,Scheduled Maintenance,Planned
DT002045,MC002,PRD0007938,2025-08-29 11:00:00,2025-08-29 11:22:00,22,Material Shortage,Unplanned
DT002046,MC029,PRD0008632,2025-11-09 12:40:00,2025-11-09 13:43:00,63,Tooling Change,Planned
DT002047,MC045,,2025-01-25 17:50:00,2025-01-25 18:48:00,58,Power Outage,Unplanned
DT002048,MC007,PRD0016656,2025-10-23 13:00:00,2025-10-23 13:10:00,10,Software/PLC Fault,Unplanned
DT002049,MC046,PRD0016906,2026-04-05 11:10:00,2026-04-05 11:59:00,49,Calibration,Planned
DT002050,MC031,,2026-02-28 14:30:00,2026-02-28 15:04:00,34,Operator Break,Planned
DT002051,MC047,,2025-01-31 00:30:00,2025-01-31 01:16:00,46,Operator Break,Planned
DT002052,MC007,PRD0011406,2025-11-20 08:50:00,2025-11-20 09:06:00,16,Electrical Fault,Unplanned
DT002053,MC046,PRD0003769,2026-04-27 14:40:00,2026-04-27 14:53:00,13,Power Outage,Unplanned
DT002054,MC034,PRD0018314,2025-07-08 12:00:00,2025-07-08 12:52:00,52,Tooling Change,Planned
DT002055,MC048,PRD0017979,2026-05-20 01:10:00,2026-05-20 01:41:00,31,Mechanical Failure,Unplanned
DT002056,MC049,PRD0013752,2025-10-07 12:20:00,2025-10-07 13:03:00,43,Tooling Change,Planned
DT002057,MC041,,2025-06-10 21:30:00,2025-06-10 22:34:00,64,Material Shortage,Unplanned
DT002058,MC012,PRD0017218,2025-03-07 09:30:00,2025-03-07 09:44:00,14,Mechanical Failure,Unplanned
DT002059,MC004,PRD0019819,2025-02-15 19:50:00,2025-02-15 20:09:00,19,Mechanical Failure,Unplanned
DT002060,MC034,,2025-10-13 16:50:00,2025-10-13 18:02:00,72,Calibration,Planned
DT002061,MC005,PRD0019017,2026-06-22 04:40:00,2026-06-22 05:19:00,39,Mechanical Failure,Unplanned
DT002062,MC011,PRD0019415,2026-06-04 07:40:00,2026-06-04 08:37:00,57,Scheduled Maintenance,Planned
DT002063,MC045,PRD0012892,2025-02-04 14:20:00,2025-02-04 15:03:00,43,Material Shortage,Unplanned
DT002064,MC012,PRD0013071,2025-01-17 11:20:00,2025-01-17 12:01:00,41,Mechanical Failure,Unplanned
DT002065,MC049,PRD0018858,2025-09-09 04:20:00,2025-09-09 04:49:00,29,Power Outage,Unplanned
DT002066,MC018,,2025-10-12 20:30:00,2025-10-12 21:21:00,51,Scheduled Maintenance,Planned
DT002067,MC010,PRD0012674,2025-01-07 04:50:00,2025-01-07 12:20:00,450,Power Outage,Unplanned
DT002068,MC004,PRD0007001,2025-06-11 01:10:00,2025-06-11 02:20:00,70,Operator Break,Planned
DT002069,MC037,PRD0000702,2025-06-12 10:10:00,2025-06-12 10:58:00,48,Operator Break,Planned
DT002070,MC026,PRD0018237,2025-11-22 14:20:00,2025-11-22 14:49:00,29,Operator Break,Planned
DT002071,MC014,PRD0007211,2025-06-19 01:20:00,2025-06-19 02:22:00,62,Electrical Fault,Unplanned
DT002072,MC018,PRD0014283,2025-10-14 19:00:00,2025-10-14 19:47:00,47,Mechanical Failure,Unplanned
DT002073,MC049,,2025-01-21 19:30:00,2025-01-21 23:13:00,223,Mechanical Failure,Unplanned
DT002074,MC034,,2025-03-24 01:50:00,2025-03-24 02:29:00,39,Electrical Fault,Unplanned
DT002075,MC015,PRD0017678,2025-06-08 11:50:00,2025-06-08 12:56:00,66,Scheduled Maintenance,Planned
DT002076,MC002,PRD0019937,2026-05-02 00:10:00,2026-05-02 01:37:00,87,Tooling Change,Planned
DT002077,MC047,,2025-07-23 22:20:00,2025-07-23 23:11:00,51,Scheduled Maintenance,Planned
DT002078,MC003,PRD0006391,2025-12-20 05:00:00,2025-12-20 05:10:00,10,Mechanical Failure,Unplanned
DT002079,MC014,PRD0012198,2026-05-05 18:10:00,2026-05-05 18:56:00,46,Scheduled Maintenance,Planned
DT002080,MC005,,2025-06-16 08:30:00,2025-06-16 09:31:00,61,Calibration,Planned
DT002081,MC001,,2026-05-18 06:00:00,2026-05-18 07:08:00,68,Mechanical Failure,Unplanned
DT002082,MC007,,2026-06-05 09:40:00,2026-06-05 10:13:00,33,Electrical Fault,Unplanned
DT002083,MC002,,2026-06-01 12:50:00,2026-06-01 13:54:00,64,Calibration,Planned
DT002084,MC046,PRD0001171,2025-12-12 02:30:00,2025-12-12 03:30:00,60,Material Shortage,Unplanned
DT002085,MC025,PRD0011809,2026-05-29 12:50:00,2026-05-29 13:37:00,47,Scheduled Maintenance,Planned
DT002086,MC029,,2026-04-11 14:00:00,2026-04-11 14:39:00,39,Calibration,Planned
DT002087,MC007,,2026-01-06 18:30:00,2026-01-06 19:07:00,37,Software/PLC Fault,Unplanned
DT002088,MC022,PRD0019248,2026-04-06 16:20:00,2026-04-06 16:53:00,33,Calibration,Planned
DT002089,MC037,,2025-11-16 07:40:00,2025-11-16 09:51:00,131,Software/PLC Fault,Unplanned
DT002090,MC039,,2026-02-16 11:20:00,2026-02-16 11:57:00,37,Power Outage,Unplanned
DT002091,MC017,PRD0011409,2025-08-28 08:20:00,2025-08-28 08:30:00,10,Electrical Fault,Unplanned
DT002092,MC014,PRD0014318,2026-04-02 03:20:00,2026-04-02 04:33:00,73,Electrical Fault,Unplanned
DT002093,MC005,PRD0001400,2025-01-28 08:30:00,2025-01-28 10:00:00,90,Material Shortage,Unplanned
DT002094,MC003,PRD0010061,2025-07-08 02:40:00,2025-07-08 03:08:00,28,Software/PLC Fault,Unplanned
DT002095,MC033,PRD0019055,2026-02-23 05:40:00,2026-02-23 10:26:00,286,Material Shortage,Unplanned
DT002096,MC048,PRD0001108,2026-04-25 06:10:00,2026-04-25 06:25:00,15,Operator Break,Planned
DT002097,MC011,PRD0000254,2025-11-09 09:50:00,2025-11-09 10:15:00,25,Power Outage,Unplanned
DT002098,MC042,,2025-11-07 03:00:00,2025-11-07 03:11:00,11,Electrical Fault,Unplanned
DT002099,MC028,PRD0010128,2025-08-03 09:30:00,2025-08-03 09:50:00,20,Tooling Change,Planned
DT002100,MC027,PRD0001656,2025-02-03 22:10:00,2025-02-03 22:40:00,30,Scheduled Maintenance,Planned
DT002101,MC039,,2025-08-29 09:50:00,2025-08-29 10:10:00,20,Mechanical Failure,Unplanned
DT002102,MC031,PRD0019454,2025-04-25 18:50:00,2025-04-25 20:49:00,119,Mechanical Failure,Unplanned
DT002103,MC011,PRD0019090,2026-02-28 06:00:00,2026-02-28 06:12:00,12,Software/PLC Fault,Unplanned
DT002104,MC049,PRD0001915,2025-09-08 03:00:00,2025-09-08 04:05:00,65,Electrical Fault,Unplanned
DT002105,MC044,PRD0011114,2025-05-19 09:10:00,2025-05-19 14:44:00,334,Electrical Fault,Unplanned
DT002106,MC045,PRD0002796,2026-05-08 08:20:00,2026-05-08 08:41:00,21,Tooling Change,Planned
DT002107,MC021,PRD0017180,2026-05-17 15:20:00,2026-05-17 17:28:00,128,Material Shortage,Unplanned
DT002108,MC029,PRD0013947,2025-02-12 12:10:00,2025-02-12 12:37:00,27,Tooling Change,Planned
DT002109,MC049,PRD0009264,2026-03-22 15:00:00,2026-03-22 15:16:00,16,Software/PLC Fault,Unplanned
DT002110,MC001,PRD0003062,2025-05-23 13:10:00,2025-05-23 16:19:00,189,Material Shortage,Unplanned
DT002111,MC001,PRD0016376,2025-11-27 01:10:00,2025-11-27 01:44:00,34,Mechanical Failure,Unplanned
DT002112,MC050,,2025-09-05 20:30:00,2025-09-05 22:16:00,106,Mechanical Failure,Unplanned
DT002113,MC050,PRD0005993,2025-01-24 08:40:00,2025-01-24 08:50:00,10,Power Outage,Unplanned
DT002114,MC037,,2026-03-11 20:50:00,2026-03-11 21:53:00,63,Power Outage,Unplanned
DT002115,MC019,PRD0014348,2026-03-23 06:30:00,2026-03-23 07:07:00,37,Electrical Fault,Unplanned
DT002116,MC046,PRD0002747,2025-03-02 14:20:00,2025-03-02 15:05:00,45,Tooling Change,Planned
DT002117,MC014,PRD0001154,2025-07-29 15:10:00,2025-07-29 17:08:00,118,Software/PLC Fault,Unplanned
DT002118,MC022,PRD0001648,2025-10-05 02:10:00,2025-10-05 03:02:00,52,Tooling Change,Planned
DT002119,MC039,,2026-06-17 08:40:00,2026-06-17 09:15:00,35,Calibration,Planned
DT002120,MC045,PRD0007434,2025-01-26 03:10:00,2025-01-26 04:56:00,106,Material Shortage,Unplanned
DT002121,MC002,PRD0009967,2026-02-15 14:50:00,2026-02-15 15:34:00,44,Software/PLC Fault,Unplanned
DT002122,MC046,PRD0010777,2026-03-24 08:10:00,2026-03-24 08:44:00,34,Calibration,Planned
DT002123,MC025,PRD0015108,2025-07-04 08:30:00,2025-07-04 09:00:00,30,Electrical Fault,Unplanned
DT002124,MC007,,2025-02-19 15:00:00,2025-02-19 15:40:00,40,Mechanical Failure,Unplanned
DT002125,MC026,PRD0002042,2025-10-12 15:20:00,2025-10-12 15:42:00,22,Material Shortage,Unplanned
DT002126,MC025,PRD0003466,2026-04-10 05:50:00,2026-04-10 06:46:00,56,Material Shortage,Unplanned
DT002127,MC016,,2025-02-25 04:50:00,2025-02-25 05:50:00,60,Scheduled Maintenance,Planned
DT002128,MC032,PRD0018736,2025-05-10 18:40:00,2025-05-10 19:04:00,24,Operator Break,Planned
DT002129,MC008,,2025-07-03 07:30:00,2025-07-03 08:19:00,49,Power Outage,Unplanned
DT002130,MC005,,2025-03-02 14:00:00,2025-03-02 14:40:00,40,Material Shortage,Unplanned
DT002131,MC041,PRD0011190,2026-03-29 11:00:00,2026-03-29 11:20:00,20,Electrical Fault,Unplanned
DT002132,MC046,PRD0009383,2026-06-06 13:10:00,2026-06-06 15:10:00,120,Mechanical Failure,Unplanned
DT002133,MC020,PRD0004172,2025-11-30 00:50:00,2025-11-30 06:20:00,330,Material Shortage,Unplanned
DT002134,MC036,PRD0005151,2025-07-03 16:30:00,2025-07-03 17:22:00,52,Power Outage,Unplanned
DT002135,MC010,PRD0018158,2026-01-17 17:20:00,2026-01-17 18:30:00,70,Tooling Change,Planned
DT002136,MC022,PRD0006970,2026-01-04 03:30:00,2026-01-04 05:00:00,90,Scheduled Maintenance,Planned
DT002137,MC001,PRD0008456,2025-11-30 02:20:00,2025-11-30 10:21:00,481,Power Outage,Unplanned
DT002138,MC024,PRD0006803,2026-03-30 12:40:00,2026-03-30 13:37:00,57,Operator Break,Planned
DT002139,MC047,PRD0012840,2025-12-23 21:00:00,2025-12-23 21:12:00,12,Material Shortage,Unplanned
DT002140,MC028,PRD0012253,2026-03-28 22:00:00,2026-03-28 22:33:00,33,Scheduled Maintenance,Planned
DT002141,MC040,PRD0010804,2025-11-03 14:50:00,2025-11-03 15:16:00,26,Scheduled Maintenance,Planned
DT002142,MC015,PRD0015248,2026-02-15 22:10:00,2026-02-15 22:41:00,31,Calibration,Planned
DT002143,MC031,,2025-05-23 08:30:00,2025-05-23 09:48:00,78,Material Shortage,Unplanned
DT002144,MC045,,2025-06-08 06:30:00,2025-06-08 06:46:00,16,Material Shortage,Unplanned
DT002145,MC030,PRD0011760,2025-11-10 01:50:00,2025-11-10 02:55:00,65,Material Shortage,Unplanned
DT002146,MC017,,2025-04-02 06:40:00,2025-04-02 06:58:00,18,Operator Break,Planned
DT002147,MC047,PRD0003061,2025-05-26 10:00:00,2025-05-26 11:02:00,62,Material Shortage,Unplanned
DT002148,MC008,PRD0005593,2025-12-23 14:10:00,2025-12-23 14:43:00,33,Operator Break,Planned
DT002149,MC044,PRD0004249,2025-05-24 15:20:00,2025-05-24 16:01:00,41,Software/PLC Fault,Unplanned
DT002150,MC003,PRD0015958,2026-04-07 10:00:00,2026-04-07 10:13:00,13,Material Shortage,Unplanned
DT002151,MC021,PRD0019913,2025-05-06 15:30:00,2025-05-06 15:59:00,29,Power Outage,Unplanned
DT002152,MC020,,2025-08-25 20:00:00,2025-08-25 21:10:00,70,Software/PLC Fault,Unplanned
DT002153,MC037,PRD0001571,2025-04-08 05:40:00,2025-04-08 06:27:00,47,Tooling Change,Planned
DT002154,MC038,PRD0007050,2025-02-06 04:00:00,2025-02-06 05:14:00,74,Operator Break,Planned
DT002155,MC026,PRD0002042,2025-10-12 21:30:00,2025-10-12 21:45:00,15,Power Outage,Unplanned
DT002156,MC026,,2025-01-17 13:00:00,2025-01-17 13:57:00,57,Tooling Change,Planned
DT002157,MC020,PRD0000179,2026-02-27 14:50:00,2026-02-27 16:04:00,74,Mechanical Failure,Unplanned
DT002158,MC029,,2025-11-28 10:20:00,2025-11-28 11:09:00,49,Material Shortage,Unplanned
DT002159,MC035,,2026-06-06 14:40:00,2026-06-06 15:11:00,31,Mechanical Failure,Unplanned
DT002160,MC004,PRD0006980,2026-02-25 21:00:00,2026-02-25 21:29:00,29,Tooling Change,Planned
DT002161,MC037,PRD0017108,2025-06-09 06:00:00,2025-06-09 07:15:00,75,Calibration,Planned
DT002162,MC026,PRD0017102,2025-11-03 00:20:00,2025-11-03 00:39:00,19,Power Outage,Unplanned
DT002163,MC047,PRD0013979,2025-06-14 16:00:00,2025-06-14 16:54:00,54,Tooling Change,Planned
DT002164,MC041,PRD0002215,2026-04-14 22:50:00,2026-04-14 23:20:00,30,Tooling Change,Planned
DT002165,MC011,PRD0015226,2025-06-14 22:50:00,2025-06-15 00:23:00,93,Material Shortage,Unplanned
DT002166,MC009,PRD0000411,2025-03-23 21:10:00,2025-03-23 21:35:00,25,Electrical Fault,Unplanned
DT002167,MC007,,2026-02-15 10:30:00,2026-02-15 12:37:00,127,Software/PLC Fault,Unplanned
DT002168,MC039,PRD0012301,2025-02-11 17:10:00,2025-02-11 17:55:00,45,Operator Break,Planned
DT002169,MC024,PRD0002498,2025-08-12 17:10:00,2025-08-12 18:03:00,53,Mechanical Failure,Unplanned
DT002170,MC017,,2025-10-30 08:40:00,2025-10-30 10:26:00,106,Tooling Change,Planned
DT002171,MC029,PRD0008285,2026-03-29 14:10:00,2026-03-29 14:51:00,41,Software/PLC Fault,Unplanned
DT002172,MC010,PRD0000304,2025-07-09 08:00:00,2025-07-09 08:16:00,16,Operator Break,Planned
DT002173,MC013,PRD0012662,2025-05-07 22:50:00,2025-05-07 23:20:00,30,Electrical Fault,Unplanned
DT002174,MC023,PRD0011104,2025-11-28 07:20:00,2025-11-28 07:45:00,25,Scheduled Maintenance,Planned
DT002175,MC048,PRD0012739,2026-05-30 05:10:00,2026-05-30 06:34:00,84,Material Shortage,Unplanned
DT002176,MC044,PRD0003030,2026-01-04 03:40:00,2026-01-04 04:19:00,39,Scheduled Maintenance,Planned
DT002177,MC041,PRD0000116,2026-06-03 05:10:00,2026-06-03 05:47:00,37,Tooling Change,Planned
DT002178,MC035,PRD0009463,2025-11-03 18:30:00,2025-11-03 19:34:00,64,Calibration,Planned
DT002179,MC032,PRD0002254,2025-05-18 11:20:00,2025-05-18 12:08:00,48,Calibration,Planned
DT002180,MC019,PRD0014398,2025-09-27 21:20:00,2025-09-27 21:45:00,25,Material Shortage,Unplanned
DT002181,MC036,PRD0008569,2025-05-04 22:10:00,2025-05-04 22:25:00,15,Power Outage,Unplanned
DT002182,MC028,PRD0000531,2025-10-22 13:00:00,2025-10-22 13:15:00,15,Electrical Fault,Unplanned
DT002183,MC036,PRD0005328,2025-10-20 14:20:00,2025-10-20 14:40:00,20,Power Outage,Unplanned
DT002184,MC022,PRD0009707,2025-02-18 19:10:00,2025-02-18 20:16:00,66,Tooling Change,Planned
DT002185,MC044,,2026-06-25 06:20:00,2026-06-25 06:32:00,12,Operator Break,Planned
DT002186,MC028,PRD0001724,2025-04-09 12:20:00,2025-04-09 13:44:00,84,Mechanical Failure,Unplanned
DT002187,MC019,,2025-01-12 06:40:00,2025-01-12 07:29:00,49,Scheduled Maintenance,Planned
DT002188,MC031,PRD0016355,2026-05-04 05:20:00,2026-05-04 06:03:00,43,Power Outage,Unplanned
DT002189,MC028,PRD0007152,2025-02-05 11:10:00,2025-02-05 11:57:00,47,Power Outage,Unplanned
DT002190,MC041,PRD0013214,2025-12-07 00:00:00,2025-12-07 01:32:00,92,Power Outage,Unplanned
DT002191,MC016,,2025-08-11 22:10:00,2025-08-11 22:29:00,19,Material Shortage,Unplanned
DT002192,MC022,,2025-12-26 11:00:00,2025-12-26 11:49:00,49,Power Outage,Unplanned
DT002193,MC045,PRD0009401,2025-05-13 16:30:00,2025-05-13 16:39:00,9,Software/PLC Fault,Unplanned
DT002194,MC003,PRD0016497,2025-06-07 02:30:00,2025-06-07 02:49:00,19,Power Outage,Unplanned
DT002195,MC019,,2026-02-04 11:50:00,2026-02-04 13:22:00,92,Power Outage,Unplanned
DT002196,MC028,PRD0004173,2026-05-01 08:20:00,2026-05-01 09:01:00,41,Electrical Fault,Unplanned
DT002197,MC009,,2025-12-31 16:10:00,2025-12-31 17:35:00,85,Calibration,Planned
DT002198,MC029,PRD0019035,2025-02-04 20:50:00,2025-02-04 21:51:00,61,Calibration,Planned
DT002199,MC008,PRD0014310,2026-02-12 06:40:00,2026-02-12 11:57:00,317,Power Outage,Unplanned
DT002200,MC024,PRD0006348,2025-12-06 14:30:00,2025-12-06 14:48:00,18,Power Outage,Unplanned
DT002201,MC014,PRD0013076,2025-09-08 04:20:00,2025-09-08 05:43:00,83,Mechanical Failure,Unplanned
DT002202,MC041,PRD0019148,2025-10-15 19:40:00,2025-10-15 20:51:00,71,Mechanical Failure,Unplanned
DT002203,MC038,PRD0004489,2025-09-06 17:50:00,2025-09-06 18:38:00,48,Calibration,Planned
DT002204,MC035,PRD0009369,2026-01-29 20:20:00,2026-01-29 21:02:00,42,Operator Break,Planned
DT002205,MC009,,2025-08-11 01:10:00,2025-08-11 02:00:00,50,Tooling Change,Planned
DT002206,MC036,PRD0010972,2025-11-21 12:50:00,2025-11-21 13:21:00,31,Tooling Change,Planned
DT002207,MC026,,2026-05-14 15:20:00,2026-05-14 18:49:00,209,Electrical Fault,Unplanned
DT002208,MC045,PRD0004771,2025-05-19 17:20:00,2025-05-19 17:27:00,7,Electrical Fault,Unplanned
DT002209,MC036,PRD0010418,2025-09-13 05:10:00,2025-09-13 06:35:00,85,Mechanical Failure,Unplanned
DT002210,MC046,PRD0006828,2026-04-13 15:10:00,2026-04-13 15:29:00,19,Material Shortage,Unplanned
DT002211,MC049,,2025-01-24 17:30:00,2025-01-24 19:41:00,131,Material Shortage,Unplanned
DT002212,MC042,PRD0007868,2025-12-12 01:30:00,2025-12-12 01:48:00,18,Material Shortage,Unplanned
DT002213,MC023,PRD0007151,2026-01-19 14:00:00,2026-01-19 14:42:00,42,Scheduled Maintenance,Planned
DT002214,MC016,,2025-04-06 09:10:00,2025-04-06 09:38:00,28,Tooling Change,Planned
DT002215,MC018,PRD0008837,2025-04-28 12:10:00,2025-04-28 12:36:00,26,Tooling Change,Planned
DT002216,MC010,PRD0001871,2026-02-20 08:10:00,2026-02-20 09:01:00,51,Power Outage,Unplanned
DT002217,MC004,PRD0001593,2025-11-20 22:20:00,2025-11-20 23:17:00,57,Mechanical Failure,Unplanned
DT002218,MC028,PRD0010651,2026-01-31 07:20:00,2026-01-31 08:59:00,99,Power Outage,Unplanned
DT002219,MC031,PRD0003817,2025-01-05 22:50:00,2025-01-05 22:55:00,5,Material Shortage,Unplanned
DT002220,MC034,,2025-03-14 02:30:00,2025-03-14 03:08:00,38,Tooling Change,Planned
DT002221,MC025,PRD0004966,2025-05-14 05:20:00,2025-05-14 05:44:00,24,Electrical Fault,Unplanned
DT002222,MC048,,2025-12-01 15:40:00,2025-12-01 16:47:00,67,Power Outage,Unplanned
DT002223,MC024,PRD0007662,2025-02-16 04:30:00,2025-02-16 05:42:00,72,Power Outage,Unplanned
DT002224,MC020,,2025-03-09 22:40:00,2025-03-10 00:07:00,87,Electrical Fault,Unplanned
DT002225,MC014,PRD0013659,2025-12-16 22:50:00,2025-12-16 23:52:00,62,Scheduled Maintenance,Planned
DT002226,MC018,,2026-03-13 10:30:00,2026-03-13 10:49:00,19,Electrical Fault,Unplanned
DT002227,MC037,PRD0002307,2026-04-17 14:20:00,2026-04-17 14:39:00,19,Mechanical Failure,Unplanned
DT002228,MC020,,2026-04-13 09:40:00,2026-04-13 10:00:00,20,Software/PLC Fault,Unplanned
DT002229,MC017,PRD0000494,2025-10-28 16:50:00,2025-10-28 18:25:00,95,Mechanical Failure,Unplanned
DT002230,MC007,PRD0012768,2026-01-18 17:00:00,2026-01-18 17:41:00,41,Operator Break,Planned
DT002231,MC046,,2025-09-10 18:00:00,2025-09-10 18:24:00,24,Tooling Change,Planned
DT002232,MC019,PRD0015445,2025-10-29 01:40:00,2025-10-29 02:15:00,35,Operator Break,Planned
DT002233,MC020,,2025-01-26 08:30:00,2025-01-26 10:19:00,109,Power Outage,Unplanned
DT002234,MC027,PRD0009455,2025-09-25 04:10:00,2025-09-25 05:19:00,69,Software/PLC Fault,Unplanned
DT002235,MC008,PRD0012441,2025-03-12 15:30:00,2025-03-12 16:31:00,61,Scheduled Maintenance,Planned
DT002236,MC048,PRD0018030,2025-04-03 09:10:00,2025-04-03 11:22:00,132,Software/PLC Fault,Unplanned
DT002237,MC036,PRD0017232,2025-04-23 02:30:00,2025-04-23 04:09:00,99,Software/PLC Fault,Unplanned
DT002238,MC026,PRD0010911,2025-06-30 16:40:00,2025-06-30 17:43:00,63,Scheduled Maintenance,Planned
DT002239,MC006,PRD0014755,2025-11-27 00:10:00,2025-11-27 01:04:00,54,Mechanical Failure,Unplanned
DT002240,MC010,PRD0012910,2025-01-04 07:10:00,2025-01-04 08:32:00,82,Power Outage,Unplanned
DT002241,MC024,,2025-10-24 15:50:00,2025-10-24 16:02:00,12,Electrical Fault,Unplanned
DT002242,MC050,PRD0002097,2025-06-19 21:10:00,2025-06-19 21:39:00,29,Tooling Change,Planned
DT002243,MC005,PRD0000847,2025-01-12 13:20:00,2025-01-12 13:35:00,15,Material Shortage,Unplanned
DT002244,MC044,,2025-05-30 14:00:00,2025-05-30 14:29:00,29,Calibration,Planned
DT002245,MC045,,2026-06-21 16:30:00,2026-06-21 17:16:00,46,Operator Break,Planned
DT002246,MC005,PRD0012268,2025-04-14 04:20:00,2025-04-14 04:59:00,39,Material Shortage,Unplanned
DT002247,MC026,PRD0017719,2025-01-08 20:20:00,2025-01-08 21:29:00,69,Material Shortage,Unplanned
DT002248,MC006,PRD0018631,2025-05-10 02:00:00,2025-05-10 03:07:00,67,Material Shortage,Unplanned
DT002249,MC049,PRD0019707,2025-06-16 15:00:00,2025-06-16 20:08:00,308,Power Outage,Unplanned
DT002250,MC024,PRD0016358,2025-01-25 19:00:00,2025-01-25 19:58:00,58,Calibration,Planned
DT002251,MC003,PRD0012557,2026-06-28 03:50:00,2026-06-28 04:35:00,45,Tooling Change,Planned
DT002252,MC024,PRD0004415,2025-12-21 15:40:00,2025-12-21 16:17:00,37,Power Outage,Unplanned
DT002253,MC039,PRD0000820,2025-05-15 18:20:00,2025-05-15 18:51:00,31,Material Shortage,Unplanned
DT002254,MC039,PRD0014715,2025-06-17 18:30:00,2025-06-17 19:10:00,40,Electrical Fault,Unplanned
DT002255,MC018,,2025-05-07 14:30:00,2025-05-07 14:57:00,27,Calibration,Planned
DT002256,MC040,,2025-08-29 15:20:00,2025-08-29 18:25:00,185,Electrical Fault,Unplanned
DT002257,MC001,,2026-03-18 12:40:00,2026-03-18 14:05:00,85,Software/PLC Fault,Unplanned
DT002258,MC004,,2026-05-15 10:20:00,2026-05-15 13:33:00,193,Material Shortage,Unplanned
DT002259,MC001,PRD0018601,2026-05-05 22:00:00,2026-05-05 22:43:00,43,Scheduled Maintenance,Planned
DT002260,MC024,PRD0001422,2025-11-20 21:50:00,2025-11-20 22:15:00,25,Electrical Fault,Unplanned
DT002261,MC018,PRD0001392,2025-03-14 21:10:00,2025-03-14 22:08:00,58,Electrical Fault,Unplanned
DT002262,MC019,PRD0004337,2026-05-22 05:40:00,2026-05-22 07:14:00,94,Mechanical Failure,Unplanned
DT002263,MC023,,2025-02-02 20:30:00,2025-02-02 21:27:00,57,Electrical Fault,Unplanned
DT002264,MC047,,2026-04-13 04:00:00,2026-04-13 04:26:00,26,Operator Break,Planned
DT002265,MC047,,2025-04-02 06:40:00,2025-04-02 07:10:00,30,Electrical Fault,Unplanned
DT002266,MC049,PRD0006555,2026-05-07 21:50:00,2026-05-07 22:46:00,56,Calibration,Planned
DT002267,MC027,PRD0005323,2025-12-30 19:10:00,2025-12-30 20:40:00,90,Material Shortage,Unplanned
DT002268,MC046,,2025-07-10 17:50:00,2025-07-10 19:12:00,82,Mechanical Failure,Unplanned
DT002269,MC022,PRD0008333,2025-03-16 22:00:00,2025-03-16 23:06:00,66,Scheduled Maintenance,Planned
DT002270,MC039,PRD0016777,2025-08-20 00:20:00,2025-08-20 00:39:00,19,Calibration,Planned
DT002271,MC044,PRD0008983,2025-01-19 09:00:00,2025-01-19 09:39:00,39,Scheduled Maintenance,Planned
DT002272,MC024,PRD0018456,2026-02-23 18:40:00,2026-02-23 20:20:00,100,Software/PLC Fault,Unplanned
DT002273,MC002,PRD0019922,2025-01-02 05:00:00,2025-01-02 05:28:00,28,Electrical Fault,Unplanned
DT002274,MC034,PRD0004959,2025-08-07 10:20:00,2025-08-07 10:43:00,23,Scheduled Maintenance,Planned
DT002275,MC028,PRD0001026,2025-03-03 02:50:00,2025-03-03 04:14:00,84,Tooling Change,Planned
DT002276,MC014,PRD0001154,2025-07-29 04:30:00,2025-07-29 05:37:00,67,Operator Break,Planned
DT002277,MC032,PRD0012094,2025-06-06 11:20:00,2025-06-06 12:26:00,66,Software/PLC Fault,Unplanned
DT002278,MC010,PRD0011064,2025-09-19 03:10:00,2025-09-19 03:27:00,17,Electrical Fault,Unplanned
DT002279,MC001,PRD0004070,2025-08-27 17:50:00,2025-08-27 18:38:00,48,Electrical Fault,Unplanned
DT002280,MC039,PRD0007349,2026-06-04 00:20:00,2026-06-04 00:45:00,25,Software/PLC Fault,Unplanned
DT002281,MC030,PRD0005044,2025-03-01 04:30:00,2025-03-01 05:11:00,41,Power Outage,Unplanned
DT002282,MC050,,2025-04-04 10:40:00,2025-04-04 11:08:00,28,Mechanical Failure,Unplanned
DT002283,MC050,,2026-04-09 00:10:00,2026-04-09 01:18:00,68,Scheduled Maintenance,Planned
DT002284,MC032,,2025-07-27 17:10:00,2025-07-27 17:38:00,28,Software/PLC Fault,Unplanned
DT002285,MC001,PRD0011840,2025-03-02 07:30:00,2025-03-02 08:04:00,34,Scheduled Maintenance,Planned
DT002286,MC031,PRD0011848,2025-07-30 18:10:00,2025-07-30 18:33:00,23,Material Shortage,Unplanned
DT002287,MC020,PRD0001895,2025-02-18 12:10:00,2025-02-18 15:47:00,217,Material Shortage,Unplanned
DT002288,MC040,,2025-07-06 09:10:00,2025-07-06 10:21:00,71,Mechanical Failure,Unplanned
DT002289,MC003,PRD0007742,2025-04-24 14:40:00,2025-04-24 17:27:00,167,Electrical Fault,Unplanned
DT002290,MC016,PRD0008281,2025-09-06 04:00:00,2025-09-06 05:40:00,100,Mechanical Failure,Unplanned
DT002291,MC035,,2025-07-08 02:00:00,2025-07-08 02:05:00,5,Material Shortage,Unplanned
DT002292,MC045,PRD0003002,2025-06-07 01:50:00,2025-06-07 03:36:00,106,Mechanical Failure,Unplanned
DT002293,MC020,PRD0019459,2025-02-17 22:00:00,2025-02-17 22:19:00,19,Electrical Fault,Unplanned
DT002294,MC029,,2026-02-13 11:50:00,2026-02-13 12:29:00,39,Calibration,Planned
DT002295,MC020,PRD0012480,2025-12-16 07:20:00,2025-12-16 08:32:00,72,Electrical Fault,Unplanned
DT002296,MC017,PRD0013004,2025-10-07 06:10:00,2025-10-07 09:10:00,180,Software/PLC Fault,Unplanned
DT002297,MC035,PRD0007701,2025-11-08 14:20:00,2025-11-08 15:01:00,41,Calibration,Planned
DT002298,MC045,PRD0000338,2025-04-02 17:30:00,2025-04-02 18:35:00,65,Power Outage,Unplanned
DT002299,MC012,PRD0016160,2026-03-06 22:20:00,2026-03-06 23:08:00,48,Calibration,Planned
DT002300,MC026,PRD0009008,2026-03-01 02:10:00,2026-03-01 04:13:00,123,Material Shortage,Unplanned
DT002301,MC030,PRD0003001,2026-06-17 20:50:00,2026-06-17 21:05:00,15,Power Outage,Unplanned
DT002302,MC050,PRD0018586,2026-06-01 09:50:00,2026-06-01 11:18:00,88,Mechanical Failure,Unplanned
DT002303,MC026,,2026-04-09 13:00:00,2026-04-09 13:54:00,54,Scheduled Maintenance,Planned
DT002304,MC006,PRD0002546,2026-04-27 13:50:00,2026-04-27 15:11:00,81,Software/PLC Fault,Unplanned
DT002305,MC023,PRD0008689,2025-03-16 21:00:00,2025-03-16 22:19:00,79,Operator Break,Planned
DT002306,MC034,,2025-05-15 15:40:00,2025-05-15 17:08:00,88,Mechanical Failure,Unplanned
DT002307,MC023,PRD0000760,2025-07-24 09:30:00,2025-07-24 10:16:00,46,Calibration,Planned
DT002308,MC001,PRD0018250,2025-01-06 17:20:00,2025-01-06 18:01:00,41,Tooling Change,Planned
DT002309,MC024,PRD0019383,2025-11-25 08:10:00,2025-11-25 08:40:00,30,Scheduled Maintenance,Planned
DT002310,MC015,PRD0006878,2025-10-14 16:00:00,2025-10-14 16:32:00,32,Power Outage,Unplanned
DT002311,MC034,,2025-03-15 01:50:00,2025-03-15 02:47:00,57,Calibration,Planned
DT002312,MC031,PRD0005792,2025-03-01 11:30:00,2025-03-01 12:51:00,81,Calibration,Planned
DT002313,MC017,,2026-06-04 01:10:00,2026-06-04 01:56:00,46,Electrical Fault,Unplanned
DT002314,MC046,PRD0001209,2025-05-02 19:20:00,2025-05-02 19:56:00,36,Mechanical Failure,Unplanned
DT002315,MC015,PRD0010742,2025-05-26 08:40:00,2025-05-26 08:57:00,17,Operator Break,Planned
DT002316,MC020,,2025-06-28 13:20:00,2025-06-28 13:54:00,34,Tooling Change,Planned
DT002317,MC006,PRD0018713,2026-06-17 00:20:00,2026-06-17 01:06:00,46,Tooling Change,Planned
DT002318,MC032,PRD0003571,2026-05-11 13:20:00,2026-05-11 13:53:00,33,Electrical Fault,Unplanned
DT002319,MC035,PRD0002136,2025-09-30 22:20:00,2025-09-30 23:37:00,77,Operator Break,Planned
DT002320,MC010,PRD0001693,2026-06-27 05:50:00,2026-06-27 06:51:00,61,Material Shortage,Unplanned
DT002321,MC004,,2025-07-21 15:00:00,2025-07-21 15:47:00,47,Operator Break,Planned
DT002322,MC018,,2025-07-08 15:40:00,2025-07-08 16:50:00,70,Material Shortage,Unplanned
DT002323,MC040,PRD0012315,2025-06-05 18:10:00,2025-06-05 20:22:00,132,Power Outage,Unplanned
DT002324,MC011,PRD0008474,2025-10-04 03:40:00,2025-10-04 05:23:00,103,Material Shortage,Unplanned
DT002325,MC028,,2025-10-07 17:00:00,2025-10-07 17:47:00,47,Calibration,Planned
DT002326,MC025,PRD0014421,2025-06-24 22:40:00,2025-06-24 22:53:00,13,Power Outage,Unplanned
DT002327,MC016,PRD0019061,2025-03-18 06:10:00,2025-03-18 06:37:00,27,Material Shortage,Unplanned
DT002328,MC010,PRD0014026,2025-03-25 20:00:00,2025-03-25 21:09:00,69,Software/PLC Fault,Unplanned
DT002329,MC034,,2026-04-14 04:40:00,2026-04-14 05:09:00,29,Tooling Change,Planned
DT002330,MC037,PRD0002442,2026-02-14 12:40:00,2026-02-14 12:50:00,10,Tooling Change,Planned
DT002331,MC006,PRD0019976,2026-04-12 08:30:00,2026-04-12 11:14:00,164,Mechanical Failure,Unplanned
DT002332,MC037,PRD0003701,2025-02-07 19:20:00,2025-02-07 20:00:00,40,Operator Break,Planned
DT002333,MC013,PRD0003845,2026-02-03 06:20:00,2026-02-03 07:09:00,49,Tooling Change,Planned
DT002334,MC038,PRD0012663,2025-05-21 01:40:00,2025-05-21 02:13:00,33,Scheduled Maintenance,Planned
DT002335,MC004,,2026-04-03 08:10:00,2026-04-03 09:29:00,79,Operator Break,Planned
DT002336,MC044,PRD0015396,2026-05-13 01:50:00,2026-05-13 02:00:00,10,Calibration,Planned
DT002337,MC004,PRD0009988,2025-10-27 21:10:00,2025-10-27 21:35:00,25,Tooling Change,Planned
DT002338,MC020,,2025-05-26 01:00:00,2025-05-26 01:54:00,54,Tooling Change,Planned
DT002339,MC012,,2025-12-20 12:50:00,2025-12-20 13:35:00,45,Mechanical Failure,Unplanned
DT002340,MC039,PRD0011331,2025-06-13 20:10:00,2025-06-13 20:56:00,46,Material Shortage,Unplanned
DT002341,MC029,PRD0017998,2025-05-22 14:30:00,2025-05-22 14:57:00,27,Electrical Fault,Unplanned
DT002342,MC024,PRD0011385,2025-08-04 05:20:00,2025-08-04 05:52:00,32,Software/PLC Fault,Unplanned
DT002343,MC022,PRD0013358,2026-05-20 00:40:00,2026-05-20 01:28:00,48,Operator Break,Planned
DT002344,MC009,PRD0011762,2025-08-23 06:00:00,2025-08-23 06:33:00,33,Electrical Fault,Unplanned
DT002345,MC019,PRD0001048,2025-07-21 15:40:00,2025-07-21 15:59:00,19,Software/PLC Fault,Unplanned
DT002346,MC006,,2026-02-24 11:30:00,2026-02-24 11:48:00,18,Software/PLC Fault,Unplanned
DT002347,MC003,PRD0015209,2026-05-29 21:00:00,2026-05-29 21:29:00,29,Calibration,Planned
DT002348,MC039,PRD0006358,2025-10-03 13:40:00,2025-10-03 15:05:00,85,Electrical Fault,Unplanned
DT002349,MC041,,2025-12-17 09:30:00,2025-12-17 10:15:00,45,Tooling Change,Planned
DT002350,MC013,PRD0007950,2026-03-30 12:40:00,2026-03-30 14:15:00,95,Software/PLC Fault,Unplanned
DT002351,MC033,PRD0001529,2026-04-06 18:30:00,2026-04-06 19:05:00,35,Electrical Fault,Unplanned
DT002352,MC002,,2026-02-08 03:30:00,2026-02-08 03:53:00,23,Material Shortage,Unplanned
DT002353,MC039,PRD0012062,2025-01-29 12:50:00,2025-01-29 13:37:00,47,Power Outage,Unplanned
DT002354,MC028,PRD0011936,2025-07-29 10:50:00,2025-07-29 11:30:00,40,Mechanical Failure,Unplanned
DT002355,MC050,PRD0013867,2026-02-08 14:30:00,2026-02-08 14:51:00,21,Material Shortage,Unplanned
DT002356,MC032,,2025-11-10 18:00:00,2025-11-10 19:07:00,67,Mechanical Failure,Unplanned
DT002357,MC049,PRD0003707,2025-07-22 21:40:00,2025-07-22 22:16:00,36,Software/PLC Fault,Unplanned
DT002358,MC019,PRD0019573,2025-10-06 08:40:00,2025-10-06 09:36:00,56,Scheduled Maintenance,Planned
DT002359,MC019,PRD0009626,2025-01-27 12:00:00,2025-01-27 12:50:00,50,Tooling Change,Planned
DT002360,MC020,PRD0002002,2026-05-15 05:30:00,2026-05-15 07:28:00,118,Electrical Fault,Unplanned
DT002361,MC016,PRD0007570,2026-03-26 20:10:00,2026-03-26 20:23:00,13,Calibration,Planned
DT002362,MC034,PRD0019943,2026-04-22 13:30:00,2026-04-22 13:52:00,22,Electrical Fault,Unplanned
DT002363,MC011,PRD0003826,2025-03-18 03:50:00,2025-03-18 05:30:00,100,Software/PLC Fault,Unplanned
DT002364,MC013,PRD0017796,2025-12-15 15:40:00,2025-12-15 19:43:00,243,Mechanical Failure,Unplanned
DT002365,MC042,PRD0016821,2026-03-04 05:20:00,2026-03-04 07:37:00,137,Power Outage,Unplanned
DT002366,MC048,PRD0004531,2026-02-25 03:30:00,2026-02-25 04:03:00,33,Operator Break,Planned
DT002367,MC006,PRD0009820,2026-06-06 17:40:00,2026-06-06 18:34:00,54,Calibration,Planned
DT002368,MC036,,2025-05-30 05:10:00,2025-05-30 05:40:00,30,Scheduled Maintenance,Planned
DT002369,MC027,PRD0006926,2025-06-02 05:00:00,2025-06-02 05:49:00,49,Electrical Fault,Unplanned
DT002370,MC003,PRD0013037,2026-02-12 13:30:00,2026-02-12 13:50:00,20,Power Outage,Unplanned
DT002371,MC004,PRD0007594,2026-05-28 00:30:00,2026-05-28 01:19:00,49,Power Outage,Unplanned
DT002372,MC014,PRD0004246,2025-07-28 12:40:00,2025-07-28 13:56:00,76,Electrical Fault,Unplanned
DT002373,MC009,,2025-06-02 17:00:00,2025-06-02 17:29:00,29,Software/PLC Fault,Unplanned
DT002374,MC016,PRD0007387,2026-04-23 11:20:00,2026-04-23 11:42:00,22,Mechanical Failure,Unplanned
DT002375,MC043,PRD0005402,2026-04-16 02:30:00,2026-04-16 03:01:00,31,Mechanical Failure,Unplanned
DT002376,MC018,,2025-10-21 07:20:00,2025-10-21 08:21:00,61,Power Outage,Unplanned
DT002377,MC019,PRD0014559,2025-09-01 19:50:00,2025-09-01 22:29:00,159,Mechanical Failure,Unplanned
DT002378,MC008,PRD0011068,2025-02-04 19:00:00,2025-02-04 19:46:00,46,Mechanical Failure,Unplanned
DT002379,MC007,,2026-02-18 14:30:00,2026-02-18 14:56:00,26,Scheduled Maintenance,Planned
DT002380,MC047,PRD0013753,2026-02-21 05:40:00,2026-02-21 06:23:00,43,Scheduled Maintenance,Planned
DT002381,MC004,,2025-08-20 02:30:00,2025-08-20 03:31:00,61,Mechanical Failure,Unplanned
DT002382,MC041,,2026-01-28 20:20:00,2026-01-28 21:33:00,73,Software/PLC Fault,Unplanned
DT002383,MC012,,2025-01-26 11:00:00,2025-01-26 11:46:00,46,Power Outage,Unplanned
DT002384,MC035,PRD0015954,2025-04-29 06:20:00,2025-04-29 07:19:00,59,Electrical Fault,Unplanned
DT002385,MC041,,2026-02-24 07:30:00,2026-02-24 08:19:00,49,Power Outage,Unplanned
DT002386,MC037,PRD0008517,2025-02-22 00:20:00,2025-02-22 01:12:00,52,Power Outage,Unplanned
DT002387,MC009,,2026-04-07 12:50:00,2026-04-07 13:51:00,61,Scheduled Maintenance,Planned
DT002388,MC030,PRD0013051,2026-03-13 20:40:00,2026-03-13 22:38:00,118,Material Shortage,Unplanned
DT002389,MC035,,2025-07-23 01:10:00,2025-07-23 02:17:00,67,Software/PLC Fault,Unplanned
DT002390,MC028,PRD0007030,2026-04-19 22:20:00,2026-04-19 22:58:00,38,Scheduled Maintenance,Planned
DT002391,MC022,PRD0011972,2025-05-27 14:40:00,2025-05-27 14:50:00,10,Tooling Change,Planned
DT002392,MC035,PRD0006857,2025-08-04 04:00:00,2025-08-04 04:18:00,18,Scheduled Maintenance,Planned
DT002393,MC020,PRD0012631,2026-05-07 21:00:00,2026-05-07 21:38:00,38,Scheduled Maintenance,Planned
DT002394,MC043,,2025-08-05 18:40:00,2025-08-05 18:53:00,13,Tooling Change,Planned
DT002395,MC040,PRD0007438,2025-04-05 05:00:00,2025-04-05 05:49:00,49,Tooling Change,Planned
DT002396,MC020,PRD0018609,2025-01-23 22:40:00,2025-01-23 22:54:00,14,Mechanical Failure,Unplanned
DT002397,MC024,PRD0002349,2025-01-09 14:10:00,2025-01-09 14:56:00,46,Power Outage,Unplanned
DT002398,MC010,PRD0010712,2025-11-14 16:40:00,2025-11-14 17:20:00,40,Operator Break,Planned
DT002399,MC003,PRD0006572,2026-02-02 16:50:00,2026-02-02 16:57:00,7,Software/PLC Fault,Unplanned
DT002400,MC006,,2026-02-13 22:20:00,2026-02-13 22:34:00,14,Tooling Change,Planned
DT002401,MC011,PRD0013676,2026-03-11 20:30:00,2026-03-11 20:50:00,20,Electrical Fault,Unplanned
DT002402,MC016,,2025-06-20 10:00:00,2025-06-20 10:40:00,40,Electrical Fault,Unplanned
DT002403,MC033,PRD0015235,2025-03-19 01:40:00,2025-03-19 02:06:00,26,Electrical Fault,Unplanned
DT002404,MC044,PRD0005096,2025-01-08 07:40:00,2025-01-08 08:15:00,35,Calibration,Planned
DT002405,MC019,PRD0000571,2026-01-12 19:40:00,2026-01-12 20:39:00,59,Operator Break,Planned
DT002406,MC004,PRD0016543,2025-05-10 15:30:00,2025-05-10 18:22:00,172,Power Outage,Unplanned
DT002407,MC037,PRD0002442,2026-02-14 19:00:00,2026-02-14 19:21:00,21,Material Shortage,Unplanned
DT002408,MC022,PRD0011791,2025-07-07 01:10:00,2025-07-07 01:32:00,22,Software/PLC Fault,Unplanned
DT002409,MC006,PRD0009659,2025-10-19 19:00:00,2025-10-19 19:54:00,54,Calibration,Planned
DT002410,MC015,PRD0018749,2025-05-17 16:30:00,2025-05-17 17:31:00,61,Mechanical Failure,Unplanned
DT002411,MC010,PRD0011151,2025-05-14 20:10:00,2025-05-14 20:55:00,45,Tooling Change,Planned
DT002412,MC026,,2026-06-09 11:40:00,2026-06-09 12:18:00,38,Scheduled Maintenance,Planned
DT002413,MC042,,2026-01-23 20:00:00,2026-01-23 21:01:00,61,Calibration,Planned
DT002414,MC025,,2026-04-16 20:50:00,2026-04-16 20:55:00,5,Power Outage,Unplanned
DT002415,MC037,PRD0000677,2025-08-17 13:50:00,2025-08-17 14:10:00,20,Tooling Change,Planned
DT002416,MC015,,2025-03-31 14:40:00,2025-03-31 14:56:00,16,Material Shortage,Unplanned
DT002417,MC020,PRD0005112,2026-04-01 22:50:00,2026-04-01 23:17:00,27,Electrical Fault,Unplanned
DT002418,MC046,PRD0014073,2026-04-24 01:30:00,2026-04-24 01:50:00,20,Calibration,Planned
DT002419,MC010,,2025-11-01 08:20:00,2025-11-01 11:12:00,172,Software/PLC Fault,Unplanned
DT002420,MC045,PRD0015836,2026-06-07 02:30:00,2026-06-07 03:14:00,44,Scheduled Maintenance,Planned
DT002421,MC020,,2025-01-08 06:20:00,2025-01-08 06:42:00,22,Scheduled Maintenance,Planned
DT002422,MC026,PRD0018411,2026-03-12 15:20:00,2026-03-12 15:27:00,7,Mechanical Failure,Unplanned
DT002423,MC026,PRD0014775,2026-01-06 06:50:00,2026-01-06 08:01:00,71,Operator Break,Planned
DT002424,MC018,,2026-06-23 03:00:00,2026-06-23 04:14:00,74,Software/PLC Fault,Unplanned
DT002425,MC017,PRD0000273,2026-04-30 21:00:00,2026-04-30 21:26:00,26,Operator Break,Planned
DT002426,MC032,PRD0005574,2026-03-24 20:30:00,2026-03-24 21:03:00,33,Operator Break,Planned
DT002427,MC028,PRD0014656,2026-03-27 21:10:00,2026-03-27 21:59:00,49,Operator Break,Planned
DT002428,MC009,PRD0019672,2025-11-10 13:00:00,2025-11-10 13:19:00,19,Power Outage,Unplanned
DT002429,MC019,PRD0019959,2025-12-31 15:30:00,2025-12-31 17:24:00,114,Power Outage,Unplanned
DT002430,MC040,PRD0016183,2025-11-08 19:40:00,2025-11-08 23:22:00,222,Power Outage,Unplanned
DT002431,MC022,,2025-04-24 13:30:00,2025-04-24 14:41:00,71,Tooling Change,Planned
DT002432,MC037,PRD0010150,2025-06-04 01:10:00,2025-06-04 01:50:00,40,Operator Break,Planned
DT002433,MC033,PRD0012659,2025-08-30 15:50:00,2025-08-30 16:12:00,22,Material Shortage,Unplanned
DT002434,MC018,PRD0006552,2026-01-08 20:50:00,2026-01-08 21:28:00,38,Tooling Change,Planned
DT002435,MC038,,2026-03-29 07:00:00,2026-03-29 07:20:00,20,Material Shortage,Unplanned
DT002436,MC026,,2026-03-27 20:40:00,2026-03-27 21:15:00,35,Tooling Change,Planned
DT002437,MC048,,2026-03-02 15:30:00,2026-03-02 15:51:00,21,Power Outage,Unplanned
DT002438,MC043,PRD0004950,2026-05-12 14:20:00,2026-05-12 14:36:00,16,Power Outage,Unplanned
DT002439,MC002,PRD0015535,2025-06-18 12:00:00,2025-06-18 12:23:00,23,Mechanical Failure,Unplanned
DT002440,MC017,PRD0011989,2025-05-23 18:40:00,2025-05-23 19:49:00,69,Software/PLC Fault,Unplanned
DT002441,MC029,,2025-03-06 05:50:00,2025-03-06 08:09:00,139,Electrical Fault,Unplanned
DT002442,MC002,PRD0004977,2025-10-26 22:40:00,2025-10-26 23:41:00,61,Calibration,Planned
DT002443,MC013,PRD0004315,2026-03-22 21:00:00,2026-03-22 21:26:00,26,Tooling Change,Planned
DT002444,MC041,,2025-01-03 09:50:00,2025-01-03 11:39:00,109,Power Outage,Unplanned
DT002445,MC015,PRD0009379,2025-02-19 02:00:00,2025-02-19 03:00:00,60,Material Shortage,Unplanned
DT002446,MC045,PRD0014826,2025-02-11 16:30:00,2025-02-11 16:58:00,28,Software/PLC Fault,Unplanned
DT002447,MC026,PRD0012188,2026-06-24 09:00:00,2026-06-24 09:10:00,10,Calibration,Planned
DT002448,MC026,PRD0017182,2025-09-18 20:50:00,2025-09-18 21:57:00,67,Operator Break,Planned
DT002449,MC008,,2026-04-29 10:30:00,2026-04-29 11:33:00,63,Electrical Fault,Unplanned
DT002450,MC037,PRD0007094,2026-01-19 12:50:00,2026-01-19 13:03:00,13,Calibration,Planned
DT002451,MC022,,2025-10-10 15:50:00,2025-10-10 16:24:00,34,Material Shortage,Unplanned
DT002452,MC024,,2026-02-18 08:30:00,2026-02-18 09:26:00,56,Calibration,Planned
DT002453,MC035,,2025-08-19 16:00:00,2025-08-19 16:26:00,26,Tooling Change,Planned
DT002454,MC044,PRD0003409,2025-02-13 17:20:00,2025-02-13 17:36:00,16,Mechanical Failure,Unplanned
DT002455,MC013,PRD0015026,2026-05-26 09:10:00,2026-05-26 09:45:00,35,Software/PLC Fault,Unplanned
DT002456,MC005,,2025-03-10 08:50:00,2025-03-10 10:08:00,78,Mechanical Failure,Unplanned
DT002457,MC034,,2026-01-21 03:30:00,2026-01-21 04:20:00,50,Tooling Change,Planned
DT002458,MC014,,2025-07-12 00:00:00,2025-07-12 00:38:00,38,Power Outage,Unplanned
DT002459,MC044,PRD0005493,2026-03-16 20:40:00,2026-03-16 22:03:00,83,Electrical Fault,Unplanned
DT002460,MC045,PRD0018626,2026-01-11 13:10:00,2026-01-11 14:02:00,52,Operator Break,Planned
DT002461,MC031,PRD0011439,2025-01-22 01:50:00,2025-01-22 02:31:00,41,Operator Break,Planned
DT002462,MC042,PRD0014701,2025-05-14 02:50:00,2025-05-14 03:15:00,25,Calibration,Planned
DT002463,MC007,,2025-10-19 09:30:00,2025-10-19 10:04:00,34,Operator Break,Planned
DT002464,MC032,,2026-06-03 13:00:00,2026-06-03 14:04:00,64,Tooling Change,Planned
DT002465,MC015,,2026-06-13 05:00:00,2026-06-13 05:44:00,44,Scheduled Maintenance,Planned
DT002466,MC008,PRD0008677,2026-06-08 15:00:00,2026-06-08 15:18:00,18,Mechanical Failure,Unplanned
DT002467,MC009,,2025-09-22 20:50:00,2025-09-22 21:27:00,37,Tooling Change,Planned
DT002468,MC037,PRD0013934,2026-04-19 01:20:00,2026-04-19 02:43:00,83,Mechanical Failure,Unplanned
DT002469,MC016,PRD0013067,2026-02-21 17:50:00,2026-02-21 18:39:00,49,Operator Break,Planned
DT002470,MC017,,2025-02-07 16:50:00,2025-02-07 17:08:00,18,Power Outage,Unplanned
DT002471,MC040,PRD0019892,2026-01-26 08:40:00,2026-01-26 09:15:00,35,Scheduled Maintenance,Planned
DT002472,MC022,PRD0001962,2025-06-12 22:50:00,2025-06-12 23:13:00,23,Calibration,Planned
DT002473,MC004,PRD0019250,2025-07-14 09:40:00,2025-07-14 10:01:00,21,Calibration,Planned
DT002474,MC021,PRD0010437,2025-05-01 06:40:00,2025-05-01 07:44:00,64,Calibration,Planned
DT002475,MC028,,2025-08-02 22:40:00,2025-08-02 23:55:00,75,Operator Break,Planned
DT002476,MC012,PRD0014689,2025-12-25 17:50:00,2025-12-25 18:22:00,32,Power Outage,Unplanned
DT002477,MC041,PRD0018644,2025-02-23 11:10:00,2025-02-23 11:32:00,22,Software/PLC Fault,Unplanned
DT002478,MC005,PRD0003503,2025-04-08 03:10:00,2025-04-08 03:17:00,7,Material Shortage,Unplanned
DT002479,MC015,PRD0019994,2025-05-24 16:10:00,2025-05-24 16:21:00,11,Scheduled Maintenance,Planned
DT002480,MC007,PRD0010162,2025-11-17 06:50:00,2025-11-17 07:03:00,13,Power Outage,Unplanned
DT002481,MC042,PRD0014701,2025-05-14 14:10:00,2025-05-14 15:03:00,53,Tooling Change,Planned
DT002482,MC029,PRD0016597,2025-10-15 02:30:00,2025-10-15 02:41:00,11,Electrical Fault,Unplanned
DT002483,MC017,,2025-02-07 05:00:00,2025-02-07 05:47:00,47,Scheduled Maintenance,Planned
DT002484,MC023,PRD0015178,2025-12-06 03:10:00,2025-12-06 03:15:00,5,Material Shortage,Unplanned
DT002485,MC003,,2025-08-04 00:30:00,2025-08-04 03:37:00,187,Material Shortage,Unplanned
DT002486,MC019,,2025-03-15 11:30:00,2025-03-15 13:26:00,116,Software/PLC Fault,Unplanned
DT002487,MC019,PRD0014252,2026-04-06 17:30:00,2026-04-06 18:08:00,38,Electrical Fault,Unplanned
DT002488,MC042,PRD0014670,2026-03-15 13:50:00,2026-03-15 15:08:00,78,Power Outage,Unplanned
DT002489,MC008,PRD0006245,2025-10-07 01:40:00,2025-10-07 02:15:00,35,Tooling Change,Planned
DT002490,MC012,PRD0018979,2025-10-04 05:20:00,2025-10-04 10:29:00,309,Material Shortage,Unplanned
DT002491,MC024,PRD0018348,2025-05-03 12:30:00,2025-05-03 13:18:00,48,Scheduled Maintenance,Planned
DT002492,MC010,PRD0007700,2026-06-14 03:30:00,2026-06-14 03:45:00,15,Material Shortage,Unplanned
DT002493,MC046,PRD0014806,2025-12-18 07:50:00,2025-12-18 08:19:00,29,Scheduled Maintenance,Planned
DT002494,MC017,PRD0015046,2025-05-16 08:20:00,2025-05-16 08:34:00,14,Operator Break,Planned
DT002495,MC047,,2026-06-14 21:20:00,2026-06-14 21:54:00,34,Software/PLC Fault,Unplanned
DT002496,MC009,PRD0004509,2025-03-08 01:00:00,2025-03-08 01:12:00,12,Power Outage,Unplanned
DT002497,MC033,PRD0009524,2025-09-11 17:40:00,2025-09-11 18:24:00,44,Material Shortage,Unplanned
DT002498,MC002,PRD0007567,2025-04-22 16:50:00,2025-04-22 17:57:00,67,Scheduled Maintenance,Planned
DT002499,MC031,PRD0018054,2025-03-15 22:00:00,2025-03-15 23:05:00,65,Tooling Change,Planned
DT002500,MC016,PRD0000816,2025-07-20 11:20:00,2025-07-20 12:20:00,60,Operator Break,Planned
DT002501,MC002,,2025-07-11 15:20:00,2025-07-11 16:49:00,89,Power Outage,Unplanned
DT002502,MC048,PRD0012232,2025-01-13 12:10:00,2025-01-13 12:59:00,49,Electrical Fault,Unplanned
DT002503,MC035,,2025-09-12 15:00:00,2025-09-12 15:56:00,56,Operator Break,Planned
DT002504,MC025,PRD0001199,2025-12-07 06:30:00,2025-12-07 08:54:00,144,Electrical Fault,Unplanned
DT002505,MC005,PRD0019336,2026-02-06 14:40:00,2026-02-06 16:12:00,92,Electrical Fault,Unplanned
DT002506,MC011,PRD0014828,2026-06-07 12:50:00,2026-06-07 14:42:00,112,Power Outage,Unplanned
DT002507,MC017,,2025-02-02 01:40:00,2025-02-02 02:14:00,34,Scheduled Maintenance,Planned
DT002508,MC050,PRD0011032,2025-06-17 21:40:00,2025-06-17 22:55:00,75,Calibration,Planned
DT002509,MC027,PRD0009705,2025-06-21 20:00:00,2025-06-21 21:19:00,79,Operator Break,Planned
DT002510,MC026,PRD0001815,2025-10-29 18:20:00,2025-10-29 18:48:00,28,Power Outage,Unplanned
DT002511,MC010,PRD0013104,2025-11-22 22:10:00,2025-11-22 23:14:00,64,Tooling Change,Planned
DT002512,MC037,PRD0019050,2025-10-12 04:30:00,2025-10-12 04:36:00,6,Mechanical Failure,Unplanned
DT002513,MC011,,2025-12-18 19:10:00,2025-12-18 20:06:00,56,Power Outage,Unplanned
DT002514,MC034,PRD0013345,2025-07-31 06:10:00,2025-07-31 06:49:00,39,Tooling Change,Planned
DT002515,MC010,PRD0010345,2025-06-16 03:10:00,2025-06-16 03:53:00,43,Power Outage,Unplanned
DT002516,MC027,PRD0016854,2026-02-05 12:10:00,2026-02-05 13:01:00,51,Calibration,Planned
DT002517,MC019,PRD0002515,2026-05-03 15:40:00,2026-05-03 16:03:00,23,Electrical Fault,Unplanned
DT002518,MC042,PRD0009735,2026-04-06 14:10:00,2026-04-06 14:25:00,15,Software/PLC Fault,Unplanned
DT002519,MC037,,2025-10-31 01:00:00,2025-10-31 01:44:00,44,Calibration,Planned
DT002520,MC019,,2025-05-05 05:00:00,2025-05-05 05:43:00,43,Material Shortage,Unplanned
DT002521,MC043,PRD0002968,2025-09-28 21:50:00,2025-09-29 00:37:00,167,Material Shortage,Unplanned
DT002522,MC034,PRD0012656,2025-08-16 14:00:00,2025-08-16 15:30:00,90,Electrical Fault,Unplanned
DT002523,MC045,PRD0015710,2025-11-23 22:10:00,2025-11-23 22:44:00,34,Operator Break,Planned
DT002524,MC017,,2025-11-30 17:40:00,2025-11-30 18:43:00,63,Material Shortage,Unplanned
DT002525,MC024,,2026-06-14 10:30:00,2026-06-14 10:59:00,29,Material Shortage,Unplanned
DT002526,MC031,,2025-08-20 20:30:00,2025-08-20 21:18:00,48,Scheduled Maintenance,Planned
DT002527,MC037,PRD0015453,2025-08-16 17:00:00,2025-08-16 17:28:00,28,Electrical Fault,Unplanned
DT002528,MC038,PRD0012545,2025-09-27 11:00:00,2025-09-27 12:22:00,82,Material Shortage,Unplanned
DT002529,MC039,PRD0006515,2025-04-30 04:50:00,2025-04-30 05:10:00,20,Electrical Fault,Unplanned
DT002530,MC026,,2025-04-26 07:30:00,2025-04-26 07:47:00,17,Material Shortage,Unplanned
DT002531,MC002,PRD0014546,2025-01-21 07:10:00,2025-01-21 07:58:00,48,Mechanical Failure,Unplanned
DT002532,MC030,PRD0019556,2025-09-12 05:00:00,2025-09-12 05:52:00,52,Material Shortage,Unplanned
DT002533,MC025,PRD0015161,2025-05-22 12:00:00,2025-05-22 12:16:00,16,Calibration,Planned
DT002534,MC014,PRD0010532,2025-10-18 15:40:00,2025-10-18 16:17:00,37,Electrical Fault,Unplanned
DT002535,MC012,PRD0006648,2025-09-27 06:00:00,2025-09-27 06:45:00,45,Calibration,Planned
DT002536,MC047,PRD0004447,2025-10-31 22:20:00,2025-10-31 23:23:00,63,Calibration,Planned
DT002537,MC013,PRD0002435,2026-03-12 21:50:00,2026-03-12 22:15:00,25,Scheduled Maintenance,Planned
DT002538,MC012,,2025-06-20 05:00:00,2025-06-20 07:40:00,160,Mechanical Failure,Unplanned
DT002539,MC018,,2026-01-12 06:20:00,2026-01-12 07:18:00,58,Material Shortage,Unplanned
DT002540,MC049,PRD0009467,2026-03-23 08:50:00,2026-03-23 09:15:00,25,Tooling Change,Planned
DT002541,MC022,,2026-01-13 05:40:00,2026-01-13 06:59:00,79,Calibration,Planned
DT002542,MC047,PRD0018273,2026-05-20 03:30:00,2026-05-20 03:45:00,15,Tooling Change,Planned
DT002543,MC037,PRD0005915,2026-02-14 06:00:00,2026-02-14 06:36:00,36,Calibration,Planned
DT002544,MC011,PRD0012255,2026-03-27 02:10:00,2026-03-27 03:00:00,50,Calibration,Planned
DT002545,MC046,PRD0007310,2026-03-15 09:20:00,2026-03-15 09:46:00,26,Tooling Change,Planned
DT002546,MC016,PRD0005916,2025-12-12 00:20:00,2025-12-12 00:35:00,15,Electrical Fault,Unplanned
DT002547,MC012,PRD0018712,2025-11-11 09:00:00,2025-11-11 09:05:00,5,Material Shortage,Unplanned
DT002548,MC029,PRD0002887,2026-04-02 16:10:00,2026-04-02 16:51:00,41,Operator Break,Planned
DT002549,MC010,,2025-12-03 18:50:00,2025-12-03 19:21:00,31,Scheduled Maintenance,Planned
DT002550,MC048,PRD0009830,2025-09-12 10:50:00,2025-09-12 11:32:00,42,Operator Break,Planned
DT002551,MC004,PRD0001596,2025-11-24 01:00:00,2025-11-24 01:33:00,33,Operator Break,Planned
DT002552,MC016,PRD0015266,2025-05-03 15:10:00,2025-05-03 15:34:00,24,Scheduled Maintenance,Planned
DT002553,MC024,PRD0015245,2025-04-23 10:40:00,2025-04-23 11:55:00,75,Software/PLC Fault,Unplanned
DT002554,MC038,PRD0004518,2026-01-18 10:10:00,2026-01-18 10:22:00,12,Software/PLC Fault,Unplanned
DT002555,MC047,PRD0010120,2026-02-27 04:40:00,2026-02-27 05:21:00,41,Power Outage,Unplanned
DT002556,MC027,,2025-10-10 15:40:00,2025-10-10 19:42:00,242,Mechanical Failure,Unplanned
DT002557,MC001,PRD0008874,2025-11-23 12:10:00,2025-11-23 13:18:00,68,Calibration,Planned
DT002558,MC002,,2025-06-22 22:30:00,2025-06-22 22:40:00,10,Scheduled Maintenance,Planned
DT002559,MC012,,2025-10-10 16:50:00,2025-10-10 17:06:00,16,Software/PLC Fault,Unplanned
DT002560,MC010,PRD0015665,2026-06-30 00:20:00,2026-06-30 01:31:00,71,Tooling Change,Planned
DT002561,MC016,PRD0004845,2025-11-22 16:50:00,2025-11-22 17:01:00,11,Power Outage,Unplanned
DT002562,MC020,PRD0007231,2025-11-10 11:20:00,2025-11-10 12:14:00,54,Scheduled Maintenance,Planned
DT002563,MC040,,2025-05-15 16:30:00,2025-05-15 16:40:00,10,Tooling Change,Planned
DT002564,MC006,PRD0014967,2025-01-08 10:30:00,2025-01-08 10:57:00,27,Material Shortage,Unplanned
DT002565,MC025,PRD0007490,2025-03-21 14:40:00,2025-03-21 14:56:00,16,Tooling Change,Planned
DT002566,MC016,PRD0011569,2025-07-17 00:10:00,2025-07-17 00:36:00,26,Operator Break,Planned
DT002567,MC040,,2026-03-25 14:40:00,2026-03-25 16:15:00,95,Software/PLC Fault,Unplanned
DT002568,MC030,PRD0000202,2025-01-07 08:50:00,2025-01-07 09:38:00,48,Power Outage,Unplanned
DT002569,MC039,PRD0003848,2025-11-04 15:00:00,2025-11-04 16:31:00,91,Electrical Fault,Unplanned
DT002570,MC024,PRD0015486,2025-10-03 20:40:00,2025-10-03 21:11:00,31,Operator Break,Planned
DT002571,MC015,PRD0007247,2026-01-04 14:30:00,2026-01-04 15:25:00,55,Scheduled Maintenance,Planned
DT002572,MC012,PRD0018689,2025-04-03 05:30:00,2025-04-03 06:13:00,43,Mechanical Failure,Unplanned
DT002573,MC004,PRD0015331,2026-06-23 04:20:00,2026-06-23 05:01:00,41,Power Outage,Unplanned
DT002574,MC014,PRD0011861,2026-03-05 21:10:00,2026-03-05 21:46:00,36,Electrical Fault,Unplanned
DT002575,MC037,PRD0007591,2025-09-30 08:00:00,2025-09-30 08:45:00,45,Mechanical Failure,Unplanned
DT002576,MC031,PRD0006344,2026-01-14 08:50:00,2026-01-14 10:32:00,102,Power Outage,Unplanned
DT002577,MC050,,2025-03-01 18:00:00,2025-03-01 19:55:00,115,Mechanical Failure,Unplanned
DT002578,MC043,PRD0015546,2025-08-13 22:40:00,2025-08-13 23:38:00,58,Scheduled Maintenance,Planned
DT002579,MC006,PRD0015215,2026-01-30 10:40:00,2026-01-30 11:22:00,42,Calibration,Planned
DT002580,MC017,PRD0010289,2026-04-19 02:50:00,2026-04-19 03:00:00,10,Tooling Change,Planned
DT002581,MC041,PRD0002566,2025-10-17 05:20:00,2025-10-17 05:50:00,30,Electrical Fault,Unplanned
DT002582,MC015,PRD0001431,2025-05-18 22:50:00,2025-05-18 23:28:00,38,Power Outage,Unplanned
DT002583,MC021,PRD0006379,2026-05-11 01:20:00,2026-05-11 02:30:00,70,Calibration,Planned
DT002584,MC019,PRD0006053,2025-05-14 01:30:00,2025-05-14 02:37:00,67,Calibration,Planned
DT002585,MC038,PRD0005046,2025-05-30 00:20:00,2025-05-30 00:47:00,27,Power Outage,Unplanned
DT002586,MC029,,2025-01-03 19:20:00,2025-01-03 20:33:00,73,Software/PLC Fault,Unplanned
DT002587,MC029,PRD0013063,2025-11-02 21:00:00,2025-11-02 23:17:00,137,Electrical Fault,Unplanned
DT002588,MC006,PRD0019034,2025-07-06 20:10:00,2025-07-06 20:25:00,15,Calibration,Planned
DT002589,MC008,PRD0002523,2025-01-09 02:30:00,2025-01-09 04:00:00,90,Electrical Fault,Unplanned
DT002590,MC045,,2026-02-10 17:50:00,2026-02-10 18:30:00,40,Tooling Change,Planned
DT002591,MC018,,2025-04-15 11:30:00,2025-04-15 12:28:00,58,Calibration,Planned
DT002592,MC018,PRD0018783,2025-11-23 07:50:00,2025-11-23 12:24:00,274,Electrical Fault,Unplanned
DT002593,MC037,,2025-08-22 08:00:00,2025-08-22 08:54:00,54,Scheduled Maintenance,Planned
DT002594,MC006,,2026-05-16 16:00:00,2026-05-16 16:30:00,30,Calibration,Planned
DT002595,MC036,PRD0013633,2026-05-20 11:20:00,2026-05-20 12:46:00,86,Power Outage,Unplanned
DT002596,MC041,PRD0018060,2025-12-11 02:00:00,2025-12-11 02:36:00,36,Software/PLC Fault,Unplanned
DT002597,MC004,PRD0003088,2025-10-06 20:10:00,2025-10-06 22:14:00,124,Power Outage,Unplanned
DT002598,MC045,PRD0000236,2026-02-06 05:00:00,2026-02-06 05:17:00,17,Tooling Change,Planned
DT002599,MC026,PRD0000383,2025-12-11 16:10:00,2025-12-11 17:44:00,94,Material Shortage,Unplanned
DT002600,MC027,,2026-06-28 18:20:00,2026-06-28 19:17:00,57,Scheduled Maintenance,Planned
DT002601,MC001,PRD0003162,2025-01-30 19:00:00,2025-01-30 19:31:00,31,Power Outage,Unplanned
DT002602,MC019,,2026-06-09 07:20:00,2026-06-09 07:30:00,10,Scheduled Maintenance,Planned
DT002603,MC037,,2026-03-05 07:30:00,2026-03-05 08:01:00,31,Operator Break,Planned
DT002604,MC048,,2026-03-02 15:30:00,2026-03-02 16:26:00,56,Tooling Change,Planned
DT002605,MC016,,2025-09-02 20:50:00,2025-09-02 22:08:00,78,Power Outage,Unplanned
DT002606,MC025,PRD0001167,2025-09-20 09:50:00,2025-09-20 10:26:00,36,Scheduled Maintenance,Planned
DT002607,MC042,PRD0007836,2025-09-03 00:20:00,2025-09-03 01:14:00,54,Material Shortage,Unplanned
DT002608,MC038,PRD0004009,2025-08-29 08:50:00,2025-08-29 09:23:00,33,Mechanical Failure,Unplanned
DT002609,MC008,,2025-06-18 06:40:00,2025-06-18 08:09:00,89,Material Shortage,Unplanned
DT002610,MC010,,2025-09-30 20:30:00,2025-09-30 21:08:00,38,Scheduled Maintenance,Planned
DT002611,MC013,,2025-03-17 00:50:00,2025-03-17 01:35:00,45,Tooling Change,Planned
DT002612,MC006,PRD0012247,2025-09-16 16:10:00,2025-09-16 17:10:00,60,Electrical Fault,Unplanned
DT002613,MC034,PRD0000439,2025-04-20 08:10:00,2025-04-20 09:00:00,50,Electrical Fault,Unplanned
DT002614,MC040,,2025-06-06 07:30:00,2025-06-06 08:21:00,51,Operator Break,Planned
DT002615,MC047,PRD0002268,2025-03-05 16:10:00,2025-03-05 17:06:00,56,Operator Break,Planned
DT002616,MC009,PRD0014605,2025-07-06 02:10:00,2025-07-06 05:46:00,216,Mechanical Failure,Unplanned
DT002617,MC042,PRD0012141,2025-07-24 18:10:00,2025-07-24 19:24:00,74,Software/PLC Fault,Unplanned
DT002618,MC010,,2026-05-03 04:30:00,2026-05-03 05:22:00,52,Software/PLC Fault,Unplanned
DT002619,MC008,PRD0000176,2026-01-27 11:50:00,2026-01-27 12:23:00,33,Material Shortage,Unplanned
DT002620,MC030,PRD0014511,2025-08-20 05:30:00,2025-08-20 06:03:00,33,Power Outage,Unplanned
DT002621,MC046,,2026-04-10 00:10:00,2026-04-10 02:48:00,158,Electrical Fault,Unplanned
DT002622,MC045,PRD0002508,2026-02-02 15:40:00,2026-02-02 16:34:00,54,Scheduled Maintenance,Planned
DT002623,MC043,PRD0003337,2026-03-20 05:10:00,2026-03-20 05:25:00,15,Software/PLC Fault,Unplanned
DT002624,MC026,,2026-03-06 13:30:00,2026-03-06 13:35:00,5,Mechanical Failure,Unplanned
DT002625,MC002,PRD0003457,2025-07-23 21:40:00,2025-07-24 02:36:00,296,Mechanical Failure,Unplanned
DT002626,MC001,PRD0019982,2025-04-29 04:20:00,2025-04-29 05:04:00,44,Operator Break,Planned
DT002627,MC007,PRD0013846,2026-03-17 14:20:00,2026-03-17 15:00:00,40,Operator Break,Planned
DT002628,MC024,,2025-01-30 02:10:00,2025-01-30 02:19:00,9,Material Shortage,Unplanned
DT002629,MC008,PRD0010204,2025-09-26 21:40:00,2025-09-27 00:38:00,178,Electrical Fault,Unplanned
DT002630,MC010,PRD0009991,2026-05-08 04:10:00,2026-05-08 05:23:00,73,Scheduled Maintenance,Planned
DT002631,MC030,PRD0017295,2025-09-27 13:40:00,2025-09-27 14:06:00,26,Tooling Change,Planned
DT002632,MC031,PRD0002211,2025-10-24 14:20:00,2025-10-24 15:20:00,60,Tooling Change,Planned
DT002633,MC042,,2025-08-18 02:50:00,2025-08-18 03:13:00,23,Electrical Fault,Unplanned
DT002634,MC010,,2026-05-05 00:50:00,2026-05-05 01:08:00,18,Calibration,Planned
DT002635,MC041,,2025-01-22 21:40:00,2025-01-22 22:04:00,24,Mechanical Failure,Unplanned
DT002636,MC016,PRD0015171,2025-02-26 15:40:00,2025-02-26 16:18:00,38,Scheduled Maintenance,Planned
DT002637,MC012,PRD0009036,2026-02-09 18:20:00,2026-02-09 18:45:00,25,Software/PLC Fault,Unplanned
DT002638,MC011,PRD0009654,2025-09-01 13:50:00,2025-09-01 14:08:00,18,Power Outage,Unplanned
DT002639,MC018,PRD0002499,2025-02-09 01:00:00,2025-02-09 02:42:00,102,Software/PLC Fault,Unplanned
DT002640,MC031,PRD0006329,2026-02-13 13:40:00,2026-02-13 14:31:00,51,Mechanical Failure,Unplanned
DT002641,MC020,,2025-03-07 13:00:00,2025-03-07 13:23:00,23,Calibration,Planned
DT002642,MC027,,2025-04-26 16:40:00,2025-04-26 20:38:00,238,Material Shortage,Unplanned
DT002643,MC011,PRD0000850,2025-07-28 21:30:00,2025-07-28 22:03:00,33,Scheduled Maintenance,Planned
DT002644,MC005,PRD0011468,2025-12-30 08:50:00,2025-12-30 09:07:00,17,Electrical Fault,Unplanned
DT002645,MC032,PRD0001001,2025-02-01 12:50:00,2025-02-01 13:11:00,21,Operator Break,Planned
DT002646,MC027,PRD0007095,2026-06-10 13:40:00,2026-06-10 14:28:00,48,Electrical Fault,Unplanned
DT002647,MC031,PRD0003792,2025-11-27 19:30:00,2025-11-28 01:12:00,342,Power Outage,Unplanned
DT002648,MC034,PRD0013816,2025-06-03 04:50:00,2025-06-03 05:08:00,18,Electrical Fault,Unplanned
DT002649,MC013,PRD0003450,2025-02-01 19:30:00,2025-02-01 19:43:00,13,Material Shortage,Unplanned
DT002650,MC015,,2025-07-21 01:00:00,2025-07-21 01:57:00,57,Calibration,Planned
DT002651,MC003,PRD0013432,2025-06-01 09:00:00,2025-06-01 09:42:00,42,Operator Break,Planned
DT002652,MC021,PRD0017245,2025-07-02 11:00:00,2025-07-02 11:28:00,28,Electrical Fault,Unplanned
DT002653,MC036,PRD0010670,2025-03-07 08:50:00,2025-03-07 09:47:00,57,Tooling Change,Planned
DT002654,MC045,PRD0014726,2025-11-14 07:10:00,2025-11-14 09:21:00,131,Material Shortage,Unplanned
DT002655,MC044,PRD0010441,2025-09-15 14:20:00,2025-09-15 15:22:00,62,Mechanical Failure,Unplanned
DT002656,MC039,,2026-06-05 04:20:00,2026-06-05 05:31:00,71,Tooling Change,Planned
DT002657,MC005,PRD0006403,2025-09-27 14:30:00,2025-09-27 15:19:00,49,Tooling Change,Planned
DT002658,MC047,,2025-03-12 13:10:00,2025-03-12 14:19:00,69,Software/PLC Fault,Unplanned
DT002659,MC047,,2025-07-27 00:00:00,2025-07-27 00:41:00,41,Electrical Fault,Unplanned
DT002660,MC039,PRD0019735,2026-01-17 06:50:00,2026-01-17 07:00:00,10,Scheduled Maintenance,Planned
DT002661,MC020,,2025-11-17 22:30:00,2025-11-17 23:17:00,47,Power Outage,Unplanned
DT002662,MC032,,2025-08-15 08:30:00,2025-08-15 08:56:00,26,Software/PLC Fault,Unplanned
DT002663,MC038,PRD0008126,2025-08-09 00:30:00,2025-08-09 03:21:00,171,Power Outage,Unplanned
DT002664,MC046,PRD0013516,2026-02-17 06:00:00,2026-02-17 07:08:00,68,Scheduled Maintenance,Planned
DT002665,MC011,PRD0019761,2026-05-30 19:30:00,2026-05-30 19:50:00,20,Operator Break,Planned
DT002666,MC009,PRD0015294,2025-06-12 09:20:00,2025-06-12 10:13:00,53,Software/PLC Fault,Unplanned
DT002667,MC035,PRD0003122,2025-06-30 11:40:00,2025-06-30 13:08:00,88,Electrical Fault,Unplanned
DT002668,MC002,PRD0016444,2025-04-01 12:20:00,2025-04-01 12:41:00,21,Software/PLC Fault,Unplanned
DT002669,MC002,,2026-06-08 12:10:00,2026-06-08 12:55:00,45,Tooling Change,Planned
DT002670,MC012,,2025-03-09 06:40:00,2025-03-09 08:42:00,122,Software/PLC Fault,Unplanned
DT002671,MC037,PRD0000381,2025-07-17 17:10:00,2025-07-17 18:03:00,53,Material Shortage,Unplanned
DT002672,MC024,PRD0016049,2026-02-19 10:20:00,2026-02-19 11:17:00,57,Material Shortage,Unplanned
DT002673,MC005,,2025-05-01 01:00:00,2025-05-01 01:13:00,13,Scheduled Maintenance,Planned
DT002674,MC024,PRD0010966,2025-10-12 19:40:00,2025-10-12 20:22:00,42,Electrical Fault,Unplanned
DT002675,MC010,,2025-10-14 11:30:00,2025-10-14 12:02:00,32,Operator Break,Planned
DT002676,MC035,PRD0011228,2025-07-04 19:20:00,2025-07-04 20:08:00,48,Scheduled Maintenance,Planned
DT002677,MC019,PRD0019959,2025-12-31 17:10:00,2025-12-31 17:51:00,41,Calibration,Planned
DT002678,MC002,PRD0010471,2025-10-08 11:10:00,2025-10-08 12:24:00,74,Scheduled Maintenance,Planned
DT002679,MC048,,2026-01-15 11:20:00,2026-01-15 12:26:00,66,Electrical Fault,Unplanned
DT002680,MC038,,2026-06-28 05:10:00,2026-06-28 05:38:00,28,Operator Break,Planned
DT002681,MC012,PRD0013737,2026-04-07 17:20:00,2026-04-07 18:09:00,49,Material Shortage,Unplanned
DT002682,MC033,PRD0010881,2025-02-01 20:10:00,2025-02-01 21:18:00,68,Power Outage,Unplanned
DT002683,MC002,PRD0000278,2025-11-30 17:00:00,2025-11-30 17:16:00,16,Operator Break,Planned
DT002684,MC003,PRD0007835,2026-06-29 19:00:00,2026-06-29 20:08:00,68,Operator Break,Planned
DT002685,MC031,,2026-03-23 11:20:00,2026-03-23 12:58:00,98,Scheduled Maintenance,Planned
DT002686,MC021,,2025-05-30 08:50:00,2025-05-30 09:41:00,51,Scheduled Maintenance,Planned
DT002687,MC007,PRD0005016,2025-02-21 13:20:00,2025-02-21 13:48:00,28,Software/PLC Fault,Unplanned
DT002688,MC041,PRD0016909,2025-11-21 20:50:00,2025-11-21 21:43:00,53,Calibration,Planned
DT002689,MC025,PRD0004437,2025-01-22 21:10:00,2025-01-22 21:26:00,16,Power Outage,Unplanned
DT002690,MC002,PRD0014070,2026-02-23 03:50:00,2026-02-23 04:00:00,10,Tooling Change,Planned
DT002691,MC044,PRD0012160,2026-04-08 12:20:00,2026-04-08 12:58:00,38,Material Shortage,Unplanned
DT002692,MC028,PRD0001719,2025-11-16 16:30:00,2025-11-16 17:24:00,54,Scheduled Maintenance,Planned
DT002693,MC038,PRD0007855,2025-02-16 03:30:00,2025-02-16 04:28:00,58,Operator Break,Planned
DT002694,MC039,PRD0017929,2026-01-29 11:00:00,2026-01-29 11:31:00,31,Electrical Fault,Unplanned
DT002695,MC006,PRD0004826,2025-01-26 07:40:00,2025-01-26 08:15:00,35,Electrical Fault,Unplanned
DT002696,MC037,PRD0000810,2025-01-02 08:20:00,2025-01-02 09:48:00,88,Software/PLC Fault,Unplanned
DT002697,MC048,PRD0004531,2026-02-25 16:00:00,2026-02-25 16:48:00,48,Electrical Fault,Unplanned
DT002698,MC006,PRD0006302,2025-02-05 00:00:00,2025-02-05 00:18:00,18,Software/PLC Fault,Unplanned
DT002699,MC031,PRD0006156,2025-06-27 13:40:00,2025-06-27 23:40:00,600,Software/PLC Fault,Unplanned
DT002700,MC042,,2025-05-07 11:50:00,2025-05-07 12:26:00,36,Calibration,Planned
DT002701,MC003,PRD0004842,2025-10-17 17:00:00,2025-10-17 17:37:00,37,Material Shortage,Unplanned
DT002702,MC001,PRD0011219,2026-01-07 12:50:00,2026-01-07 13:00:00,10,Operator Break,Planned
DT002703,MC043,PRD0008706,2026-05-13 09:40:00,2026-05-13 10:20:00,40,Scheduled Maintenance,Planned
DT002704,MC047,,2026-02-20 18:30:00,2026-02-20 18:51:00,21,Tooling Change,Planned
DT002705,MC039,PRD0014123,2025-12-17 11:50:00,2025-12-17 13:42:00,112,Material Shortage,Unplanned
DT002706,MC028,PRD0002487,2026-02-05 14:50:00,2026-02-05 15:05:00,15,Software/PLC Fault,Unplanned
DT002707,MC006,PRD0004985,2025-12-15 15:40:00,2025-12-15 17:48:00,128,Material Shortage,Unplanned
DT002708,MC001,PRD0014667,2025-05-27 18:10:00,2025-05-27 18:57:00,47,Tooling Change,Planned
DT002709,MC019,PRD0007471,2025-02-17 08:40:00,2025-02-17 09:13:00,33,Calibration,Planned
DT002710,MC022,PRD0013511,2026-04-18 11:00:00,2026-04-18 11:24:00,24,Calibration,Planned
DT002711,MC008,PRD0005756,2025-09-20 15:40:00,2025-09-20 16:22:00,42,Tooling Change,Planned
DT002712,MC038,,2025-04-03 21:00:00,2025-04-03 22:23:00,83,Material Shortage,Unplanned
DT002713,MC005,PRD0016722,2025-03-26 19:10:00,2025-03-26 19:59:00,49,Power Outage,Unplanned
DT002714,MC041,PRD0002197,2025-12-13 00:10:00,2025-12-13 00:26:00,16,Power Outage,Unplanned
DT002715,MC037,PRD0003700,2026-05-18 19:30:00,2026-05-18 19:58:00,28,Mechanical Failure,Unplanned
DT002716,MC043,PRD0003880,2025-11-13 07:00:00,2025-11-13 07:23:00,23,Power Outage,Unplanned
DT002717,MC005,PRD0012237,2026-04-29 09:10:00,2026-04-29 09:59:00,49,Calibration,Planned
DT002718,MC023,PRD0016913,2026-04-18 13:00:00,2026-04-18 13:28:00,28,Scheduled Maintenance,Planned
DT002719,MC008,PRD0018051,2025-06-22 16:10:00,2025-06-22 16:44:00,34,Calibration,Planned
DT002720,MC017,PRD0002393,2026-01-30 15:00:00,2026-01-30 16:00:00,60,Material Shortage,Unplanned
DT002721,MC043,PRD0003440,2025-10-05 17:40:00,2025-10-05 17:57:00,17,Mechanical Failure,Unplanned
DT002722,MC021,PRD0002246,2025-05-15 13:40:00,2025-05-15 14:12:00,32,Material Shortage,Unplanned
DT002723,MC042,PRD0003538,2025-04-20 12:40:00,2025-04-20 12:56:00,16,Electrical Fault,Unplanned
DT002724,MC050,,2025-04-11 08:20:00,2025-04-11 08:46:00,26,Operator Break,Planned
DT002725,MC026,PRD0011684,2025-04-11 09:40:00,2025-04-11 10:16:00,36,Power Outage,Unplanned
DT002726,MC027,PRD0006089,2026-01-21 01:10:00,2026-01-21 02:54:00,104,Power Outage,Unplanned
DT002727,MC018,PRD0015963,2026-06-28 13:30:00,2026-06-28 13:50:00,20,Mechanical Failure,Unplanned
DT002728,MC011,PRD0007891,2026-04-11 18:10:00,2026-04-11 18:37:00,27,Calibration,Planned
DT002729,MC003,,2025-01-31 10:10:00,2025-01-31 11:22:00,72,Mechanical Failure,Unplanned
DT002730,MC040,PRD0001974,2025-03-01 15:00:00,2025-03-01 15:17:00,17,Mechanical Failure,Unplanned
DT002731,MC012,PRD0010470,2025-08-23 18:10:00,2025-08-23 19:40:00,90,Operator Break,Planned
DT002732,MC013,PRD0010723,2026-06-07 02:50:00,2026-06-07 03:17:00,27,Tooling Change,Planned
DT002733,MC020,,2025-11-28 12:00:00,2025-11-28 12:17:00,17,Power Outage,Unplanned
DT002734,MC034,,2025-10-23 08:40:00,2025-10-23 11:46:00,186,Software/PLC Fault,Unplanned
DT002735,MC033,PRD0006474,2025-03-21 08:40:00,2025-03-21 09:00:00,20,Mechanical Failure,Unplanned
DT002736,MC014,PRD0006600,2025-07-14 00:30:00,2025-07-14 00:35:00,5,Mechanical Failure,Unplanned
DT002737,MC001,,2026-02-18 15:10:00,2026-02-18 16:10:00,60,Material Shortage,Unplanned
DT002738,MC021,PRD0005857,2025-04-08 08:30:00,2025-04-08 09:00:00,30,Calibration,Planned
DT002739,MC028,PRD0018828,2026-01-27 22:10:00,2026-01-27 23:19:00,69,Material Shortage,Unplanned
DT002740,MC016,PRD0002451,2026-04-27 22:40:00,2026-04-27 23:17:00,37,Scheduled Maintenance,Planned
DT002741,MC023,,2026-04-22 05:20:00,2026-04-22 06:04:00,44,Operator Break,Planned
DT002742,MC022,PRD0007057,2026-04-25 01:30:00,2026-04-25 02:20:00,50,Scheduled Maintenance,Planned
DT002743,MC038,,2025-09-21 13:50:00,2025-09-21 14:32:00,42,Mechanical Failure,Unplanned
DT002744,MC049,PRD0011630,2025-02-16 02:00:00,2025-02-16 02:10:00,10,Calibration,Planned
DT002745,MC014,PRD0018146,2026-01-23 16:30:00,2026-01-23 17:28:00,58,Calibration,Planned
DT002746,MC019,PRD0017445,2025-04-14 07:30:00,2025-04-14 08:19:00,49,Material Shortage,Unplanned
DT002747,MC013,PRD0004190,2025-03-13 00:00:00,2025-03-13 00:52:00,52,Operator Break,Planned
DT002748,MC028,PRD0013287,2025-06-29 09:50:00,2025-06-29 10:29:00,39,Software/PLC Fault,Unplanned
DT002749,MC039,PRD0017825,2025-11-13 19:30:00,2025-11-13 20:44:00,74,Mechanical Failure,Unplanned
DT002750,MC001,PRD0017298,2025-09-25 04:30:00,2025-09-25 06:11:00,101,Electrical Fault,Unplanned
DT002751,MC024,,2026-04-16 09:10:00,2026-04-16 09:55:00,45,Software/PLC Fault,Unplanned
DT002752,MC045,PRD0013778,2026-06-22 07:30:00,2026-06-22 09:02:00,92,Power Outage,Unplanned
DT002753,MC038,PRD0004489,2025-09-06 00:30:00,2025-09-06 00:52:00,22,Software/PLC Fault,Unplanned
DT002754,MC016,PRD0000479,2026-02-14 22:20:00,2026-02-15 00:01:00,101,Material Shortage,Unplanned
DT002755,MC020,PRD0004617,2025-11-03 06:40:00,2025-11-03 07:54:00,74,Software/PLC Fault,Unplanned
DT002756,MC037,,2025-06-16 00:00:00,2025-06-16 00:36:00,36,Calibration,Planned
DT002757,MC049,,2026-01-25 15:10:00,2026-01-25 15:30:00,20,Software/PLC Fault,Unplanned
DT002758,MC024,PRD0009007,2025-05-14 03:40:00,2025-05-14 03:52:00,12,Material Shortage,Unplanned
DT002759,MC015,PRD0014885,2025-08-10 07:20:00,2025-08-10 07:49:00,29,Material Shortage,Unplanned
DT002760,MC043,,2026-03-22 05:00:00,2026-03-22 06:59:00,119,Electrical Fault,Unplanned
DT002761,MC033,,2025-03-16 06:50:00,2025-03-16 07:51:00,61,Power Outage,Unplanned
DT002762,MC037,,2025-11-13 22:40:00,2025-11-13 23:29:00,49,Calibration,Planned
DT002763,MC008,PRD0011869,2026-01-21 04:50:00,2026-01-21 10:43:00,353,Mechanical Failure,Unplanned
DT002764,MC010,,2025-07-19 07:30:00,2025-07-19 08:04:00,34,Calibration,Planned
DT002765,MC006,,2025-07-22 15:30:00,2025-07-22 15:41:00,11,Mechanical Failure,Unplanned
DT002766,MC009,,2026-06-26 19:40:00,2026-06-26 21:37:00,117,Scheduled Maintenance,Planned
DT002767,MC017,,2025-02-22 15:50:00,2025-02-22 16:19:00,29,Software/PLC Fault,Unplanned
DT002768,MC002,,2026-04-25 12:40:00,2026-04-25 14:20:00,100,Software/PLC Fault,Unplanned
DT002769,MC037,PRD0011497,2026-06-23 02:50:00,2026-06-23 03:56:00,66,Operator Break,Planned
DT002770,MC041,PRD0000079,2026-06-15 11:50:00,2026-06-15 14:31:00,161,Mechanical Failure,Unplanned
DT002771,MC012,,2025-03-02 04:10:00,2025-03-02 04:21:00,11,Mechanical Failure,Unplanned
DT002772,MC042,PRD0003388,2025-07-14 21:20:00,2025-07-14 22:36:00,76,Software/PLC Fault,Unplanned
DT002773,MC008,PRD0019066,2025-07-09 08:50:00,2025-07-09 09:05:00,15,Mechanical Failure,Unplanned
DT002774,MC049,PRD0016165,2025-05-27 17:40:00,2025-05-27 18:54:00,74,Electrical Fault,Unplanned
DT002775,MC045,,2025-07-26 09:10:00,2025-07-26 10:39:00,89,Mechanical Failure,Unplanned
DT002776,MC048,PRD0013470,2026-06-14 06:20:00,2026-06-14 06:30:00,10,Operator Break,Planned
DT002777,MC041,,2026-01-17 18:10:00,2026-01-17 22:35:00,265,Software/PLC Fault,Unplanned
DT002778,MC037,PRD0003860,2025-06-02 17:30:00,2025-06-02 17:58:00,28,Material Shortage,Unplanned
DT002779,MC034,PRD0019949,2025-05-04 18:40:00,2025-05-04 22:24:00,224,Software/PLC Fault,Unplanned
DT002780,MC002,PRD0015879,2025-07-26 09:50:00,2025-07-26 10:35:00,45,Mechanical Failure,Unplanned
DT002781,MC009,PRD0019342,2026-01-01 18:00:00,2026-01-01 18:56:00,56,Operator Break,Planned
DT002782,MC050,PRD0001854,2025-03-06 21:00:00,2025-03-06 22:18:00,78,Tooling Change,Planned
DT002783,MC007,PRD0003407,2026-04-26 20:50:00,2026-04-26 21:11:00,21,Operator Break,Planned
DT002784,MC049,PRD0011750,2025-02-01 01:50:00,2025-02-01 02:38:00,48,Scheduled Maintenance,Planned
DT002785,MC040,PRD0010804,2025-11-03 12:50:00,2025-11-03 13:46:00,56,Scheduled Maintenance,Planned
DT002786,MC004,PRD0014936,2025-08-06 11:20:00,2025-08-06 12:50:00,90,Tooling Change,Planned
DT002787,MC022,PRD0015893,2025-07-27 21:30:00,2025-07-27 21:57:00,27,Material Shortage,Unplanned
DT002788,MC018,PRD0005720,2025-05-12 22:40:00,2025-05-12 23:59:00,79,Operator Break,Planned
DT002789,MC023,PRD0007617,2026-03-21 22:00:00,2026-03-21 22:16:00,16,Software/PLC Fault,Unplanned
DT002790,MC007,PRD0006300,2026-01-25 16:40:00,2026-01-25 17:38:00,58,Operator Break,Planned
DT002791,MC012,PRD0006492,2025-02-24 06:30:00,2025-02-24 06:52:00,22,Power Outage,Unplanned
DT002792,MC001,PRD0011991,2026-02-21 09:30:00,2026-02-21 10:16:00,46,Tooling Change,Planned
DT002793,MC010,PRD0017744,2026-06-25 10:00:00,2026-06-25 12:28:00,148,Electrical Fault,Unplanned
DT002794,MC023,PRD0017992,2025-11-29 08:30:00,2025-11-29 09:00:00,30,Mechanical Failure,Unplanned
DT002795,MC041,PRD0014831,2026-05-28 12:50:00,2026-05-28 14:14:00,84,Electrical Fault,Unplanned
DT002796,MC005,PRD0019336,2026-02-06 13:10:00,2026-02-06 13:45:00,35,Electrical Fault,Unplanned
DT002797,MC003,,2026-02-03 07:10:00,2026-02-03 07:59:00,49,Electrical Fault,Unplanned
DT002798,MC020,,2026-06-29 04:50:00,2026-06-29 05:15:00,25,Scheduled Maintenance,Planned
DT002799,MC002,,2025-08-11 20:00:00,2025-08-11 21:19:00,79,Operator Break,Planned
DT002800,MC038,PRD0019723,2025-07-09 03:10:00,2025-07-09 05:08:00,118,Material Shortage,Unplanned
DT002801,MC016,,2025-08-21 20:30:00,2025-08-21 21:55:00,85,Electrical Fault,Unplanned
DT002802,MC004,,2025-05-31 06:30:00,2025-05-31 06:55:00,25,Tooling Change,Planned
DT002803,MC001,PRD0008623,2025-02-18 22:30:00,2025-02-18 22:42:00,12,Software/PLC Fault,Unplanned
DT002804,MC033,PRD0012479,2025-02-05 20:10:00,2025-02-05 20:48:00,38,Software/PLC Fault,Unplanned
DT002805,MC009,,2025-09-10 04:50:00,2025-09-10 06:23:00,93,Tooling Change,Planned
DT002806,MC045,PRD0003856,2025-12-22 01:20:00,2025-12-22 02:37:00,77,Software/PLC Fault,Unplanned
DT002807,MC039,PRD0015372,2025-02-02 19:30:00,2025-02-02 19:49:00,19,Power Outage,Unplanned
DT002808,MC029,PRD0016475,2025-09-19 10:40:00,2025-09-19 11:19:00,39,Operator Break,Planned
DT002809,MC049,,2026-05-08 00:50:00,2026-05-08 02:01:00,71,Material Shortage,Unplanned
DT002810,MC015,,2025-12-06 06:20:00,2025-12-06 09:25:00,185,Software/PLC Fault,Unplanned
DT002811,MC005,PRD0017957,2026-06-16 01:00:00,2026-06-16 02:08:00,68,Calibration,Planned
DT002812,MC007,,2025-07-31 00:20:00,2025-07-31 01:09:00,49,Operator Break,Planned
DT002813,MC041,,2025-06-12 17:10:00,2025-06-12 19:04:00,114,Electrical Fault,Unplanned
DT002814,MC048,PRD0003091,2026-06-11 04:00:00,2026-06-11 04:33:00,33,Tooling Change,Planned
DT002815,MC001,,2026-04-30 05:30:00,2026-04-30 05:54:00,24,Power Outage,Unplanned
DT002816,MC004,PRD0015274,2025-04-30 10:20:00,2025-04-30 11:09:00,49,Scheduled Maintenance,Planned
DT002817,MC025,,2025-09-12 12:20:00,2025-09-12 13:23:00,63,Scheduled Maintenance,Planned
DT002818,MC035,PRD0006758,2025-03-07 02:10:00,2025-03-07 03:00:00,50,Mechanical Failure,Unplanned
DT002819,MC038,PRD0001161,2026-03-01 14:00:00,2026-03-01 15:34:00,94,Power Outage,Unplanned
DT002820,MC036,,2026-03-18 09:10:00,2026-03-18 09:56:00,46,Mechanical Failure,Unplanned
DT002821,MC033,,2026-01-15 05:20:00,2026-01-15 06:45:00,85,Electrical Fault,Unplanned
DT002822,MC044,PRD0006386,2026-04-07 02:30:00,2026-04-07 03:12:00,42,Operator Break,Planned
DT002823,MC028,PRD0014910,2025-11-14 18:00:00,2025-11-14 18:24:00,24,Material Shortage,Unplanned
DT002824,MC013,PRD0017456,2026-01-15 18:20:00,2026-01-15 19:07:00,47,Software/PLC Fault,Unplanned
DT002825,MC006,PRD0009539,2025-03-25 17:20:00,2025-03-25 18:40:00,80,Power Outage,Unplanned
DT002826,MC033,,2025-11-20 14:40:00,2025-11-20 16:27:00,107,Electrical Fault,Unplanned
DT002827,MC027,,2026-05-12 10:40:00,2026-05-12 11:34:00,54,Scheduled Maintenance,Planned
DT002828,MC012,,2026-06-26 22:20:00,2026-06-26 22:51:00,31,Material Shortage,Unplanned
DT002829,MC023,,2025-07-05 14:00:00,2025-07-05 17:05:00,185,Software/PLC Fault,Unplanned
DT002830,MC026,PRD0010929,2025-04-02 16:40:00,2025-04-02 17:20:00,40,Calibration,Planned
DT002831,MC005,PRD0013376,2026-05-27 17:00:00,2026-05-27 18:11:00,71,Power Outage,Unplanned
DT002832,MC039,,2025-03-28 08:30:00,2025-03-28 09:21:00,51,Software/PLC Fault,Unplanned
DT002833,MC036,,2026-01-15 21:50:00,2026-01-15 22:14:00,24,Scheduled Maintenance,Planned
DT002834,MC016,PRD0019061,2025-03-18 11:10:00,2025-03-18 12:07:00,57,Material Shortage,Unplanned
DT002835,MC019,,2025-05-31 19:30:00,2025-05-31 19:44:00,14,Tooling Change,Planned
DT002836,MC026,PRD0012320,2025-09-21 15:10:00,2025-09-21 15:52:00,42,Power Outage,Unplanned
DT002837,MC026,,2025-07-23 03:20:00,2025-07-23 06:18:00,178,Mechanical Failure,Unplanned
DT002838,MC037,PRD0008354,2025-07-02 09:20:00,2025-07-02 09:53:00,33,Software/PLC Fault,Unplanned
DT002839,MC019,PRD0015935,2026-04-23 02:20:00,2026-04-23 03:21:00,61,Mechanical Failure,Unplanned
DT002840,MC001,PRD0009444,2025-11-18 19:20:00,2025-11-18 20:44:00,84,Electrical Fault,Unplanned
DT002841,MC042,,2025-01-22 11:50:00,2025-01-22 12:43:00,53,Material Shortage,Unplanned
DT002842,MC008,,2025-01-29 12:40:00,2025-01-29 13:36:00,56,Operator Break,Planned
DT002843,MC019,PRD0007038,2025-08-17 01:10:00,2025-08-17 02:03:00,53,Electrical Fault,Unplanned
DT002844,MC028,,2025-12-16 01:00:00,2025-12-16 01:21:00,21,Material Shortage,Unplanned
DT002845,MC043,,2025-08-21 00:40:00,2025-08-21 00:57:00,17,Electrical Fault,Unplanned
DT002846,MC010,PRD0005422,2026-03-14 03:50:00,2026-03-14 04:16:00,26,Software/PLC Fault,Unplanned
DT002847,MC007,PRD0007768,2025-04-09 02:10:00,2025-04-09 02:52:00,42,Calibration,Planned
DT002848,MC038,PRD0014554,2026-06-10 15:50:00,2026-06-10 16:28:00,38,Calibration,Planned
DT002849,MC012,PRD0005688,2026-01-31 03:00:00,2026-01-31 03:20:00,20,Mechanical Failure,Unplanned
DT002850,MC042,,2025-05-22 19:40:00,2025-05-22 20:37:00,57,Calibration,Planned
DT002851,MC013,PRD0002702,2026-03-13 05:20:00,2026-03-13 08:23:00,183,Software/PLC Fault,Unplanned
DT002852,MC012,PRD0011082,2026-02-16 06:10:00,2026-02-16 07:36:00,86,Electrical Fault,Unplanned
DT002853,MC010,PRD0009490,2026-05-22 19:20:00,2026-05-22 20:00:00,40,Operator Break,Planned
DT002854,MC035,PRD0006280,2026-05-24 10:10:00,2026-05-24 11:16:00,66,Calibration,Planned
DT002855,MC022,PRD0012425,2025-01-05 14:20:00,2025-01-05 14:54:00,34,Power Outage,Unplanned
DT002856,MC004,PRD0010553,2026-01-12 01:20:00,2026-01-12 01:31:00,11,Electrical Fault,Unplanned
DT002857,MC005,,2026-04-17 01:00:00,2026-04-17 01:17:00,17,Electrical Fault,Unplanned
DT002858,MC023,,2025-11-12 20:30:00,2025-11-12 21:52:00,82,Scheduled Maintenance,Planned
DT002859,MC019,PRD0005095,2025-03-23 14:50:00,2025-03-23 15:00:00,10,Tooling Change,Planned
DT002860,MC006,PRD0008141,2025-11-11 11:00:00,2025-11-11 11:22:00,22,Scheduled Maintenance,Planned
DT002861,MC035,,2025-04-06 18:20:00,2025-04-06 19:18:00,58,Operator Break,Planned
DT002862,MC031,PRD0002832,2026-03-27 04:20:00,2026-03-27 05:22:00,62,Software/PLC Fault,Unplanned
DT002863,MC026,,2025-02-01 05:00:00,2025-02-01 05:48:00,48,Electrical Fault,Unplanned
DT002864,MC049,PRD0011145,2025-02-08 00:00:00,2025-02-08 00:15:00,15,Electrical Fault,Unplanned
DT002865,MC008,PRD0004359,2025-10-17 02:50:00,2025-10-17 03:00:00,10,Operator Break,Planned
DT002866,MC022,PRD0004393,2026-01-28 04:00:00,2026-01-28 04:25:00,25,Operator Break,Planned
DT002867,MC011,,2025-02-26 20:30:00,2025-02-26 21:31:00,61,Material Shortage,Unplanned
DT002868,MC007,PRD0005063,2025-09-08 17:50:00,2025-09-08 18:42:00,52,Calibration,Planned
DT002869,MC010,PRD0003000,2026-01-21 22:40:00,2026-01-21 23:25:00,45,Power Outage,Unplanned
DT002870,MC046,PRD0012777,2025-03-24 12:00:00,2025-03-24 12:14:00,14,Electrical Fault,Unplanned
DT002871,MC029,PRD0011407,2025-10-06 15:20:00,2025-10-06 16:56:00,96,Software/PLC Fault,Unplanned
DT002872,MC012,PRD0006927,2026-02-18 03:10:00,2026-02-18 05:57:00,167,Electrical Fault,Unplanned
DT002873,MC017,PRD0009254,2025-11-24 07:40:00,2025-11-24 08:49:00,69,Tooling Change,Planned
DT002874,MC040,PRD0008703,2025-08-11 15:10:00,2025-08-11 15:46:00,36,Power Outage,Unplanned
DT002875,MC040,,2025-11-24 03:10:00,2025-11-24 03:50:00,40,Tooling Change,Planned
DT002876,MC022,PRD0003699,2026-05-16 08:00:00,2026-05-16 12:43:00,283,Electrical Fault,Unplanned
DT002877,MC042,,2025-07-21 04:30:00,2025-07-21 05:27:00,57,Calibration,Planned
DT002878,MC030,,2025-12-15 16:00:00,2025-12-15 17:21:00,81,Operator Break,Planned
DT002879,MC004,PRD0003864,2025-11-18 18:20:00,2025-11-18 19:13:00,53,Calibration,Planned
DT002880,MC034,,2025-07-01 07:00:00,2025-07-01 07:14:00,14,Power Outage,Unplanned
DT002881,MC028,PRD0010195,2026-04-17 10:40:00,2026-04-17 11:54:00,74,Calibration,Planned
DT002882,MC023,,2025-10-07 20:10:00,2025-10-07 21:15:00,65,Operator Break,Planned
DT002883,MC035,,2025-11-02 00:50:00,2025-11-02 01:44:00,54,Mechanical Failure,Unplanned
DT002884,MC017,,2025-01-06 11:50:00,2025-01-06 12:06:00,16,Electrical Fault,Unplanned
DT002885,MC011,PRD0014222,2025-11-30 17:40:00,2025-11-30 18:51:00,71,Tooling Change,Planned
DT002886,MC003,PRD0004800,2025-03-17 09:00:00,2025-03-17 09:23:00,23,Material Shortage,Unplanned
DT002887,MC003,,2025-08-18 20:40:00,2025-08-18 21:56:00,76,Mechanical Failure,Unplanned
DT002888,MC027,,2026-01-22 05:30:00,2026-01-22 06:24:00,54,Mechanical Failure,Unplanned
DT002889,MC025,PRD0005340,2025-07-13 10:30:00,2025-07-13 10:44:00,14,Calibration,Planned
DT002890,MC044,PRD0004043,2025-05-16 14:00:00,2025-05-16 15:02:00,62,Mechanical Failure,Unplanned
DT002891,MC020,,2025-11-10 14:20:00,2025-11-10 14:37:00,17,Mechanical Failure,Unplanned
DT002892,MC044,,2025-02-17 03:10:00,2025-02-17 04:14:00,64,Calibration,Planned
DT002893,MC022,PRD0006317,2025-05-07 10:20:00,2025-05-07 11:08:00,48,Tooling Change,Planned
DT002894,MC017,PRD0019961,2025-04-12 22:40:00,2025-04-12 23:05:00,25,Power Outage,Unplanned
DT002895,MC009,,2025-07-25 04:40:00,2025-07-25 05:46:00,66,Material Shortage,Unplanned
DT002896,MC037,PRD0011014,2025-02-17 11:50:00,2025-02-17 12:21:00,31,Software/PLC Fault,Unplanned
DT002897,MC036,PRD0008458,2026-05-07 21:40:00,2026-05-07 22:09:00,29,Calibration,Planned
DT002898,MC030,,2025-10-28 15:30:00,2025-10-28 15:40:00,10,Scheduled Maintenance,Planned
DT002899,MC041,PRD0000633,2026-02-11 02:50:00,2026-02-11 03:34:00,44,Operator Break,Planned
DT002900,MC047,,2025-07-03 18:50:00,2025-07-03 20:06:00,76,Scheduled Maintenance,Planned
DT002901,MC012,PRD0010698,2026-06-06 17:00:00,2026-06-06 17:13:00,13,Power Outage,Unplanned
DT002902,MC046,PRD0015761,2026-03-20 05:20:00,2026-03-20 06:12:00,52,Material Shortage,Unplanned
DT002903,MC001,,2025-08-13 11:40:00,2025-08-13 13:50:00,130,Software/PLC Fault,Unplanned
DT002904,MC018,PRD0010941,2025-06-24 22:20:00,2025-06-24 23:13:00,53,Power Outage,Unplanned
DT002905,MC007,PRD0019910,2025-08-24 01:40:00,2025-08-24 01:49:00,9,Power Outage,Unplanned
DT002906,MC007,PRD0007433,2025-02-06 03:10:00,2025-02-06 04:02:00,52,Scheduled Maintenance,Planned
DT002907,MC004,PRD0006374,2026-03-22 03:20:00,2026-03-22 04:18:00,58,Calibration,Planned
DT002908,MC017,,2025-10-18 02:30:00,2025-10-18 02:50:00,20,Mechanical Failure,Unplanned
DT002909,MC007,PRD0006401,2025-03-21 18:30:00,2025-03-21 18:53:00,23,Operator Break,Planned
DT002910,MC047,PRD0018111,2025-09-08 00:50:00,2025-09-08 01:04:00,14,Software/PLC Fault,Unplanned
DT002911,MC017,,2025-04-11 18:20:00,2025-04-11 19:39:00,79,Calibration,Planned
DT002912,MC044,PRD0014902,2025-11-27 17:50:00,2025-11-27 18:40:00,50,Tooling Change,Planned
DT002913,MC005,,2025-05-27 20:20:00,2025-05-27 21:24:00,64,Calibration,Planned
DT002914,MC042,PRD0017466,2026-03-21 22:10:00,2026-03-21 22:15:00,5,Power Outage,Unplanned
DT002915,MC002,,2025-04-30 15:30:00,2025-04-30 15:49:00,19,Electrical Fault,Unplanned
DT002916,MC025,PRD0011901,2026-04-07 09:50:00,2026-04-07 10:38:00,48,Scheduled Maintenance,Planned
DT002917,MC018,PRD0002212,2025-07-17 00:30:00,2025-07-17 01:09:00,39,Tooling Change,Planned
DT002918,MC021,,2026-02-22 06:40:00,2026-02-22 07:27:00,47,Scheduled Maintenance,Planned
DT002919,MC039,,2026-06-02 13:10:00,2026-06-02 13:39:00,29,Power Outage,Unplanned
DT002920,MC007,PRD0001818,2026-03-08 04:30:00,2026-03-08 05:59:00,89,Operator Break,Planned
DT002921,MC017,PRD0008275,2025-10-16 02:20:00,2025-10-16 03:12:00,52,Software/PLC Fault,Unplanned
DT002922,MC019,PRD0000623,2025-07-07 07:40:00,2025-07-07 07:55:00,15,Electrical Fault,Unplanned
DT002923,MC023,PRD0010800,2025-03-02 11:40:00,2025-03-02 13:26:00,106,Software/PLC Fault,Unplanned
DT002924,MC012,PRD0012804,2025-12-12 14:30:00,2025-12-12 15:04:00,34,Tooling Change,Planned
DT002925,MC042,,2026-03-25 19:30:00,2026-03-25 21:08:00,98,Power Outage,Unplanned
DT002926,MC024,PRD0015807,2025-11-24 08:30:00,2025-11-24 08:59:00,29,Material Shortage,Unplanned
DT002927,MC024,PRD0019487,2025-02-20 13:40:00,2025-02-20 14:32:00,52,Calibration,Planned
DT002928,MC027,PRD0009089,2025-09-13 22:30:00,2025-09-14 00:34:00,124,Mechanical Failure,Unplanned
DT002929,MC024,,2025-03-20 19:40:00,2025-03-20 21:38:00,118,Electrical Fault,Unplanned
DT002930,MC035,PRD0015954,2025-04-29 19:00:00,2025-04-29 19:43:00,43,Calibration,Planned
DT002931,MC013,PRD0002727,2025-07-16 06:20:00,2025-07-16 07:33:00,73,Operator Break,Planned
DT002932,MC026,,2026-03-19 19:10:00,2026-03-19 19:31:00,21,Software/PLC Fault,Unplanned
DT002933,MC027,PRD0016135,2025-06-22 01:30:00,2025-06-22 02:13:00,43,Software/PLC Fault,Unplanned
DT002934,MC023,,2025-10-20 21:10:00,2025-10-20 21:24:00,14,Material Shortage,Unplanned
DT002935,MC045,PRD0003147,2026-01-05 15:30:00,2026-01-05 15:56:00,26,Tooling Change,Planned
DT002936,MC027,PRD0016320,2025-02-15 09:10:00,2025-02-15 09:55:00,45,Calibration,Planned
DT002937,MC031,PRD0001898,2026-01-26 16:40:00,2026-01-26 17:15:00,35,Calibration,Planned
DT002938,MC012,,2026-02-28 12:20:00,2026-02-28 12:53:00,33,Operator Break,Planned
DT002939,MC041,,2026-05-24 05:00:00,2026-05-24 05:50:00,50,Material Shortage,Unplanned
DT002940,MC011,PRD0017083,2026-04-01 14:30:00,2026-04-01 15:55:00,85,Mechanical Failure,Unplanned
DT002941,MC030,PRD0011550,2025-07-26 21:30:00,2025-07-26 22:50:00,80,Scheduled Maintenance,Planned
DT002942,MC015,,2026-05-31 10:30:00,2026-05-31 10:38:00,8,Material Shortage,Unplanned
DT002943,MC042,,2025-11-24 16:30:00,2025-11-24 17:28:00,58,Material Shortage,Unplanned
DT002944,MC013,,2025-10-02 07:10:00,2025-10-02 07:17:00,7,Software/PLC Fault,Unplanned
DT002945,MC016,PRD0015839,2025-08-24 15:50:00,2025-08-24 16:33:00,43,Calibration,Planned
DT002946,MC020,PRD0006701,2026-06-05 07:00:00,2026-06-05 07:28:00,28,Scheduled Maintenance,Planned
DT002947,MC032,,2026-04-12 13:00:00,2026-04-12 13:13:00,13,Electrical Fault,Unplanned
DT002948,MC008,PRD0004589,2026-04-03 16:10:00,2026-04-03 16:29:00,19,Operator Break,Planned
DT002949,MC017,,2026-06-04 01:20:00,2026-06-04 01:38:00,18,Tooling Change,Planned
DT002950,MC006,PRD0000943,2025-12-13 18:10:00,2025-12-13 19:05:00,55,Tooling Change,Planned
DT002951,MC028,PRD0012046,2026-05-04 15:20:00,2026-05-04 15:51:00,31,Operator Break,Planned
DT002952,MC045,PRD0012249,2025-09-29 22:30:00,2025-09-29 23:21:00,51,Operator Break,Planned
DT002953,MC010,,2025-12-27 15:50:00,2025-12-27 16:32:00,42,Mechanical Failure,Unplanned
DT002954,MC007,,2026-02-08 14:10:00,2026-02-08 17:44:00,214,Mechanical Failure,Unplanned
DT002955,MC010,PRD0007278,2026-04-21 20:10:00,2026-04-21 20:59:00,49,Scheduled Maintenance,Planned
DT002956,MC009,PRD0001658,2025-11-09 21:50:00,2025-11-09 23:13:00,83,Software/PLC Fault,Unplanned
DT002957,MC022,PRD0007270,2025-04-22 05:40:00,2025-04-22 06:08:00,28,Material Shortage,Unplanned
DT002958,MC030,PRD0009762,2025-12-22 09:10:00,2025-12-22 10:11:00,61,Software/PLC Fault,Unplanned
DT002959,MC042,PRD0003653,2026-05-25 05:30:00,2026-05-25 06:06:00,36,Operator Break,Planned
DT002960,MC044,PRD0000111,2026-04-04 14:30:00,2026-04-04 23:21:00,531,Power Outage,Unplanned
DT002961,MC048,PRD0014754,2025-09-04 02:10:00,2025-09-04 02:51:00,41,Operator Break,Planned
DT002962,MC008,PRD0006115,2026-04-11 18:00:00,2026-04-11 19:02:00,62,Tooling Change,Planned
DT002963,MC029,PRD0017967,2025-08-06 17:10:00,2025-08-06 18:12:00,62,Material Shortage,Unplanned
DT002964,MC012,PRD0002932,2026-03-20 12:10:00,2026-03-20 13:01:00,51,Scheduled Maintenance,Planned
DT002965,MC041,PRD0008419,2025-04-26 20:20:00,2025-04-26 20:46:00,26,Calibration,Planned
DT002966,MC040,PRD0016492,2026-04-01 16:30:00,2026-04-01 16:36:00,6,Mechanical Failure,Unplanned
DT002967,MC040,,2025-10-31 01:40:00,2025-10-31 01:53:00,13,Software/PLC Fault,Unplanned
DT002968,MC017,PRD0017288,2025-03-22 22:20:00,2025-03-22 22:59:00,39,Material Shortage,Unplanned
DT002969,MC030,PRD0003649,2026-04-24 11:50:00,2026-04-24 12:40:00,50,Material Shortage,Unplanned
DT002970,MC030,PRD0019229,2025-11-08 12:20:00,2025-11-08 13:30:00,70,Software/PLC Fault,Unplanned
DT002971,MC048,,2025-06-11 16:00:00,2025-06-11 16:50:00,50,Scheduled Maintenance,Planned
DT002972,MC034,PRD0002022,2025-01-10 10:50:00,2025-01-10 11:40:00,50,Operator Break,Planned
DT002973,MC032,PRD0001773,2025-05-15 13:00:00,2025-05-15 14:31:00,91,Electrical Fault,Unplanned
DT002974,MC004,PRD0016565,2026-06-14 09:10:00,2026-06-14 10:51:00,101,Mechanical Failure,Unplanned
DT002975,MC014,PRD0002476,2025-08-03 20:40:00,2025-08-03 22:00:00,80,Electrical Fault,Unplanned
DT002976,MC034,,2026-01-13 02:00:00,2026-01-13 02:39:00,39,Mechanical Failure,Unplanned
DT002977,MC047,PRD0007504,2025-04-01 07:40:00,2025-04-01 08:43:00,63,Scheduled Maintenance,Planned
DT002978,MC026,PRD0012867,2025-11-22 17:30:00,2025-11-22 18:03:00,33,Operator Break,Planned
DT002979,MC024,PRD0014183,2025-01-23 03:00:00,2025-01-23 03:10:00,10,Tooling Change,Planned
DT002980,MC019,PRD0000860,2025-11-05 15:30:00,2025-11-05 16:24:00,54,Tooling Change,Planned
DT002981,MC024,PRD0012308,2026-06-04 00:50:00,2026-06-04 01:03:00,13,Electrical Fault,Unplanned
DT002982,MC040,PRD0017183,2025-01-18 18:40:00,2025-01-18 19:31:00,51,Operator Break,Planned
DT002983,MC031,,2025-10-29 02:50:00,2025-10-29 03:42:00,52,Operator Break,Planned
DT002984,MC038,,2026-02-01 02:10:00,2026-02-01 03:01:00,51,Power Outage,Unplanned
DT002985,MC022,,2026-06-20 07:20:00,2026-06-20 07:46:00,26,Scheduled Maintenance,Planned
DT002986,MC037,PRD0019580,2025-04-19 20:10:00,2025-04-19 20:23:00,13,Electrical Fault,Unplanned
DT002987,MC013,PRD0005106,2026-05-08 08:00:00,2026-05-08 09:06:00,66,Operator Break,Planned
DT002988,MC046,,2026-03-04 12:50:00,2026-03-04 13:36:00,46,Software/PLC Fault,Unplanned
DT002989,MC026,PRD0007155,2026-06-09 01:00:00,2026-06-09 01:23:00,23,Scheduled Maintenance,Planned
DT002990,MC010,PRD0000589,2026-06-09 09:40:00,2026-06-09 10:32:00,52,Scheduled Maintenance,Planned
DT002991,MC043,PRD0019310,2025-12-18 00:10:00,2025-12-18 00:40:00,30,Tooling Change,Planned
DT002992,MC020,PRD0011165,2025-11-21 03:30:00,2025-11-21 04:24:00,54,Power Outage,Unplanned
DT002993,MC026,,2025-12-17 20:50:00,2025-12-17 21:32:00,42,Scheduled Maintenance,Planned
DT002994,MC041,PRD0017396,2025-04-25 04:40:00,2025-04-25 04:57:00,17,Software/PLC Fault,Unplanned
DT002995,MC044,PRD0010870,2026-03-12 13:10:00,2026-03-12 14:02:00,52,Scheduled Maintenance,Planned
DT002996,MC027,PRD0012450,2025-05-02 15:10:00,2025-05-02 17:30:00,140,Software/PLC Fault,Unplanned
DT002997,MC034,PRD0009344,2026-04-26 09:40:00,2026-04-26 10:28:00,48,Material Shortage,Unplanned
DT002998,MC048,,2025-03-01 10:20:00,2025-03-01 11:22:00,62,Tooling Change,Planned
DT002999,MC015,,2025-08-22 01:20:00,2025-08-22 03:34:00,134,Electrical Fault,Unplanned
DT003000,MC041,PRD0005716,2025-04-13 13:20:00,2025-04-13 14:41:00,81,Power Outage,Unplanned
DT003001,MC006,PRD0017330,2026-01-19 07:40:00,2026-01-19 07:50:00,10,Scheduled Maintenance,Planned
DT003002,MC005,PRD0006697,2025-04-24 06:50:00,2025-04-24 07:59:00,69,Tooling Change,Planned
DT003003,MC027,PRD0013655,2025-06-17 04:40:00,2025-06-17 07:39:00,179,Mechanical Failure,Unplanned
DT003004,MC030,PRD0008992,2025-10-24 22:30:00,2025-10-24 23:17:00,47,Scheduled Maintenance,Planned
DT003005,MC014,PRD0002392,2026-01-25 19:30:00,2026-01-25 20:26:00,56,Software/PLC Fault,Unplanned
DT003006,MC008,PRD0007965,2025-01-25 15:10:00,2025-01-25 16:48:00,98,Material Shortage,Unplanned
DT003007,MC039,,2025-01-23 13:40:00,2025-01-23 14:16:00,36,Mechanical Failure,Unplanned
DT003008,MC005,PRD0014051,2025-04-11 08:20:00,2025-04-11 09:15:00,55,Electrical Fault,Unplanned
DT003009,MC034,PRD0008008,2026-05-12 19:00:00,2026-05-12 20:03:00,63,Electrical Fault,Unplanned
DT003010,MC014,PRD0006941,2026-01-29 09:20:00,2026-01-29 09:54:00,34,Scheduled Maintenance,Planned
DT003011,MC050,,2025-11-26 15:10:00,2025-11-26 18:39:00,209,Software/PLC Fault,Unplanned
DT003012,MC022,,2026-04-22 06:20:00,2026-04-22 06:50:00,30,Scheduled Maintenance,Planned
DT003013,MC023,PRD0012655,2026-06-04 02:30:00,2026-06-04 02:59:00,29,Operator Break,Planned
DT003014,MC023,PRD0009718,2025-01-25 04:00:00,2025-01-25 04:29:00,29,Software/PLC Fault,Unplanned
DT003015,MC046,,2025-12-12 04:20:00,2025-12-12 05:33:00,73,Calibration,Planned
DT003016,MC031,PRD0008506,2026-02-23 14:10:00,2026-02-23 15:01:00,51,Mechanical Failure,Unplanned
DT003017,MC045,,2025-05-10 19:20:00,2025-05-10 21:30:00,130,Mechanical Failure,Unplanned
DT003018,MC037,,2025-01-12 11:10:00,2025-01-12 11:55:00,45,Electrical Fault,Unplanned
DT003019,MC032,PRD0002743,2026-01-18 04:10:00,2026-01-18 04:26:00,16,Material Shortage,Unplanned
DT003020,MC040,,2025-11-25 22:30:00,2025-11-25 23:12:00,42,Power Outage,Unplanned
DT003021,MC046,,2026-05-14 07:20:00,2026-05-14 08:01:00,41,Scheduled Maintenance,Planned
DT003022,MC043,PRD0006143,2025-03-14 14:00:00,2025-03-14 14:20:00,20,Tooling Change,Planned
DT003023,MC016,PRD0005195,2025-04-16 02:20:00,2025-04-16 02:48:00,28,Tooling Change,Planned
DT003024,MC003,,2026-01-02 22:40:00,2026-01-02 23:19:00,39,Operator Break,Planned
DT003025,MC050,PRD0018543,2025-07-17 11:50:00,2025-07-17 12:42:00,52,Material Shortage,Unplanned
DT003026,MC021,,2025-09-19 00:20:00,2025-09-19 00:48:00,28,Scheduled Maintenance,Planned
DT003027,MC045,,2025-11-14 17:00:00,2025-11-14 17:23:00,23,Calibration,Planned
DT003028,MC001,PRD0003056,2025-11-25 03:30:00,2025-11-25 04:16:00,46,Scheduled Maintenance,Planned
DT003029,MC025,,2025-12-07 00:40:00,2025-12-07 01:07:00,27,Operator Break,Planned
DT003030,MC002,PRD0013739,2026-04-08 09:30:00,2026-04-08 10:30:00,60,Calibration,Planned
DT003031,MC033,,2025-01-29 18:10:00,2025-01-29 18:56:00,46,Tooling Change,Planned
DT003032,MC008,,2026-02-02 08:20:00,2026-02-02 08:40:00,20,Power Outage,Unplanned
DT003033,MC011,,2025-09-13 18:10:00,2025-09-13 18:47:00,37,Calibration,Planned
DT003034,MC033,PRD0003102,2025-09-14 22:30:00,2025-09-14 23:03:00,33,Power Outage,Unplanned
DT003035,MC003,PRD0001723,2026-05-12 12:50:00,2026-05-12 13:15:00,25,Scheduled Maintenance,Planned
DT003036,MC001,PRD0009531,2025-01-24 06:30:00,2025-01-24 06:59:00,29,Operator Break,Planned
DT003037,MC035,,2026-03-23 19:30:00,2026-03-23 20:28:00,58,Scheduled Maintenance,Planned
DT003038,MC011,PRD0008883,2026-03-05 09:20:00,2026-03-05 11:12:00,112,Material Shortage,Unplanned
DT003039,MC008,PRD0007164,2026-01-01 11:20:00,2026-01-01 13:06:00,106,Software/PLC Fault,Unplanned
DT003040,MC032,PRD0001773,2025-05-15 13:30:00,2025-05-15 14:04:00,34,Calibration,Planned
DT003041,MC035,PRD0005802,2025-11-13 22:40:00,2025-11-13 23:23:00,43,Software/PLC Fault,Unplanned
DT003042,MC008,PRD0001559,2025-04-18 00:50:00,2025-04-18 01:00:00,10,Scheduled Maintenance,Planned
DT003043,MC016,PRD0014487,2025-06-25 17:20:00,2025-06-25 20:35:00,195,Software/PLC Fault,Unplanned
DT003044,MC034,PRD0015774,2026-03-15 15:00:00,2026-03-15 15:54:00,54,Power Outage,Unplanned
DT003045,MC027,,2026-05-03 03:10:00,2026-05-03 03:31:00,21,Operator Break,Planned
DT003046,MC011,PRD0019396,2026-06-29 04:10:00,2026-06-29 05:04:00,54,Electrical Fault,Unplanned
DT003047,MC033,PRD0014819,2026-01-20 08:40:00,2026-01-20 09:03:00,23,Material Shortage,Unplanned
DT003048,MC011,PRD0009021,2026-03-15 07:00:00,2026-03-15 07:10:00,10,Tooling Change,Planned
DT003049,MC006,PRD0011261,2026-06-12 13:50:00,2026-06-12 14:00:00,10,Electrical Fault,Unplanned
DT003050,MC027,PRD0015405,2025-07-25 00:50:00,2025-07-25 01:48:00,58,Scheduled Maintenance,Planned
DT003051,MC023,,2025-08-15 14:20:00,2025-08-15 15:17:00,57,Calibration,Planned
DT003052,MC023,PRD0009939,2025-12-02 19:10:00,2025-12-02 20:41:00,91,Scheduled Maintenance,Planned
DT003053,MC009,PRD0015134,2026-03-24 13:30:00,2026-03-24 14:40:00,70,Power Outage,Unplanned
DT003054,MC040,,2026-01-04 16:50:00,2026-01-04 18:53:00,123,Power Outage,Unplanned
DT003055,MC025,PRD0005646,2025-01-02 08:00:00,2025-01-02 08:10:00,10,Calibration,Planned
DT003056,MC032,,2025-02-03 03:50:00,2025-02-03 04:47:00,57,Operator Break,Planned
DT003057,MC045,PRD0017511,2025-06-03 19:00:00,2025-06-03 20:16:00,76,Software/PLC Fault,Unplanned
DT003058,MC041,,2026-01-04 06:40:00,2026-01-04 06:52:00,12,Material Shortage,Unplanned
DT003059,MC011,PRD0012919,2025-11-03 03:10:00,2025-11-03 06:33:00,203,Software/PLC Fault,Unplanned
DT003060,MC023,PRD0019362,2025-02-27 13:40:00,2025-02-27 14:13:00,33,Mechanical Failure,Unplanned
DT003061,MC003,PRD0018924,2026-06-21 09:40:00,2026-06-21 10:40:00,60,Mechanical Failure,Unplanned
DT003062,MC024,PRD0014462,2026-01-05 08:20:00,2026-01-05 09:28:00,68,Software/PLC Fault,Unplanned
DT003063,MC039,PRD0014271,2025-10-06 10:00:00,2025-10-06 10:08:00,8,Electrical Fault,Unplanned
DT003064,MC037,PRD0009938,2025-10-02 09:50:00,2025-10-02 10:07:00,17,Software/PLC Fault,Unplanned
DT003065,MC036,,2025-04-10 02:40:00,2025-04-10 02:55:00,15,Scheduled Maintenance,Planned
DT003066,MC011,,2025-11-20 08:10:00,2025-11-20 08:54:00,44,Operator Break,Planned
DT003067,MC032,PRD0002493,2025-11-03 00:30:00,2025-11-03 01:25:00,55,Operator Break,Planned
DT003068,MC013,PRD0001421,2025-05-19 19:40:00,2025-05-19 20:17:00,37,Electrical Fault,Unplanned
DT003069,MC009,PRD0011386,2025-12-19 10:50:00,2025-12-19 11:41:00,51,Electrical Fault,Unplanned
DT003070,MC003,PRD0002364,2026-01-25 22:50:00,2026-01-25 23:39:00,49,Software/PLC Fault,Unplanned
DT003071,MC037,,2025-08-05 20:20:00,2025-08-05 22:06:00,106,Power Outage,Unplanned
DT003072,MC026,,2025-06-28 19:30:00,2025-06-28 20:24:00,54,Calibration,Planned
DT003073,MC025,PRD0015067,2026-03-17 22:20:00,2026-03-18 00:45:00,145,Electrical Fault,Unplanned
DT003074,MC037,,2026-01-04 05:40:00,2026-01-04 06:58:00,78,Tooling Change,Planned
DT003075,MC007,PRD0009004,2025-12-26 14:40:00,2025-12-26 15:07:00,27,Material Shortage,Unplanned
DT003076,MC022,,2025-05-14 07:20:00,2025-05-14 07:40:00,20,Scheduled Maintenance,Planned
DT003077,MC047,,2026-04-02 08:10:00,2026-04-02 14:06:00,356,Electrical Fault,Unplanned
DT003078,MC009,,2025-03-13 10:00:00,2025-03-13 10:38:00,38,Power Outage,Unplanned
DT003079,MC033,PRD0017460,2026-05-13 04:50:00,2026-05-13 05:50:00,60,Electrical Fault,Unplanned
DT003080,MC017,PRD0011409,2025-08-28 22:00:00,2025-08-28 22:40:00,40,Tooling Change,Planned
DT003081,MC042,PRD0013773,2026-01-12 16:00:00,2026-01-12 16:18:00,18,Mechanical Failure,Unplanned
DT003082,MC030,PRD0010357,2025-10-03 17:00:00,2025-10-03 17:33:00,33,Operator Break,Planned
DT003083,MC017,PRD0007507,2025-12-29 18:40:00,2025-12-29 18:46:00,6,Electrical Fault,Unplanned
DT003084,MC039,,2026-05-25 21:40:00,2026-05-25 22:26:00,46,Scheduled Maintenance,Planned
DT003085,MC038,,2026-06-23 04:40:00,2026-06-23 05:31:00,51,Mechanical Failure,Unplanned
DT003086,MC009,PRD0009029,2026-03-20 01:10:00,2026-03-20 02:56:00,106,Material Shortage,Unplanned
DT003087,MC040,PRD0001602,2025-08-11 17:30:00,2025-08-11 18:00:00,30,Scheduled Maintenance,Planned
DT003088,MC007,PRD0010130,2025-04-13 10:40:00,2025-04-13 11:04:00,24,Tooling Change,Planned
DT003089,MC028,PRD0002112,2025-11-05 10:30:00,2025-11-05 11:02:00,32,Software/PLC Fault,Unplanned
DT003090,MC029,PRD0005247,2026-03-04 21:00:00,2026-03-04 21:38:00,38,Software/PLC Fault,Unplanned
DT003091,MC027,,2025-03-25 19:20:00,2025-03-25 20:02:00,42,Calibration,Planned
DT003092,MC016,PRD0019720,2025-04-01 03:20:00,2025-04-01 03:41:00,21,Power Outage,Unplanned
DT003093,MC020,PRD0005772,2025-11-18 04:00:00,2025-11-18 04:13:00,13,Mechanical Failure,Unplanned
DT003094,MC037,PRD0012976,2026-05-30 16:10:00,2026-05-30 16:27:00,17,Material Shortage,Unplanned
DT003095,MC021,PRD0001452,2025-04-06 12:40:00,2025-04-06 13:21:00,41,Operator Break,Planned
DT003096,MC012,PRD0014210,2025-05-23 03:40:00,2025-05-23 04:41:00,61,Mechanical Failure,Unplanned
DT003097,MC023,,2025-07-29 08:40:00,2025-07-29 08:53:00,13,Mechanical Failure,Unplanned
DT003098,MC010,PRD0004696,2025-07-22 03:30:00,2025-07-22 04:34:00,64,Tooling Change,Planned
DT003099,MC011,,2026-03-21 07:10:00,2026-03-21 08:07:00,57,Operator Break,Planned
DT003100,MC018,,2025-06-23 07:50:00,2025-06-23 08:17:00,27,Operator Break,Planned
DT003101,MC005,PRD0017683,2026-01-11 16:20:00,2026-01-11 17:09:00,49,Material Shortage,Unplanned
DT003102,MC028,,2025-05-31 08:10:00,2025-05-31 08:39:00,29,Electrical Fault,Unplanned
DT003103,MC033,PRD0012079,2025-05-23 17:50:00,2025-05-23 18:45:00,55,Scheduled Maintenance,Planned
DT003104,MC002,PRD0019009,2026-01-03 01:20:00,2026-01-03 02:29:00,69,Power Outage,Unplanned
DT003105,MC022,PRD0019553,2026-05-11 05:30:00,2026-05-11 06:39:00,69,Tooling Change,Planned
DT003106,MC050,,2026-02-19 22:10:00,2026-02-19 22:15:00,5,Electrical Fault,Unplanned
DT003107,MC006,PRD0002077,2026-03-18 01:20:00,2026-03-18 02:10:00,50,Electrical Fault,Unplanned
DT003108,MC048,PRD0011043,2026-02-17 13:40:00,2026-02-17 14:25:00,45,Scheduled Maintenance,Planned
DT003109,MC028,,2025-08-11 09:40:00,2025-08-11 10:31:00,51,Software/PLC Fault,Unplanned
DT003110,MC002,,2026-02-15 07:40:00,2026-02-15 08:27:00,47,Operator Break,Planned
DT003111,MC005,PRD0013152,2025-08-18 11:20:00,2025-08-18 11:41:00,21,Power Outage,Unplanned
DT003112,MC013,PRD0005578,2025-12-04 19:30:00,2025-12-04 20:39:00,69,Tooling Change,Planned
DT003113,MC023,PRD0001581,2025-05-06 02:20:00,2025-05-06 03:25:00,65,Mechanical Failure,Unplanned
DT003114,MC029,,2025-01-02 00:10:00,2025-01-02 01:05:00,55,Scheduled Maintenance,Planned
DT003115,MC023,,2025-08-17 08:30:00,2025-08-17 08:57:00,27,Software/PLC Fault,Unplanned
DT003116,MC045,PRD0010909,2026-04-09 00:10:00,2026-04-09 00:21:00,11,Operator Break,Planned
DT003117,MC050,PRD0011032,2025-06-17 16:00:00,2025-06-17 17:06:00,66,Material Shortage,Unplanned
DT003118,MC034,PRD0016859,2026-04-09 10:50:00,2026-04-09 11:35:00,45,Calibration,Planned
DT003119,MC007,PRD0015989,2025-08-30 11:40:00,2025-08-30 12:23:00,43,Calibration,Planned
DT003120,MC026,,2026-06-22 14:10:00,2026-06-22 14:52:00,42,Mechanical Failure,Unplanned
DT003121,MC004,,2026-03-04 02:30:00,2026-03-04 03:24:00,54,Scheduled Maintenance,Planned
DT003122,MC020,PRD0019194,2025-07-08 06:20:00,2025-07-08 07:10:00,50,Mechanical Failure,Unplanned
DT003123,MC006,PRD0011859,2026-04-15 07:10:00,2026-04-15 07:51:00,41,Software/PLC Fault,Unplanned
DT003124,MC005,,2026-04-19 17:00:00,2026-04-19 17:10:00,10,Software/PLC Fault,Unplanned
DT003125,MC017,,2025-09-25 05:10:00,2025-09-25 07:10:00,120,Power Outage,Unplanned
DT003126,MC029,PRD0001941,2025-03-22 11:10:00,2025-03-22 12:09:00,59,Tooling Change,Planned
DT003127,MC050,PRD0003859,2025-10-28 10:40:00,2025-10-28 10:45:00,5,Material Shortage,Unplanned
DT003128,MC050,,2026-03-19 21:10:00,2026-03-19 22:20:00,70,Power Outage,Unplanned
DT003129,MC008,PRD0004623,2025-07-08 06:40:00,2025-07-08 07:43:00,63,Software/PLC Fault,Unplanned
DT003130,MC017,PRD0006152,2026-06-25 19:20:00,2026-06-25 20:36:00,76,Software/PLC Fault,Unplanned
DT003131,MC033,PRD0012079,2025-05-23 09:40:00,2025-05-23 10:22:00,42,Software/PLC Fault,Unplanned
DT003132,MC013,PRD0006153,2026-01-30 06:50:00,2026-01-30 07:29:00,39,Software/PLC Fault,Unplanned
DT003133,MC009,,2025-04-30 12:50:00,2025-04-30 13:21:00,31,Scheduled Maintenance,Planned
DT003134,MC003,PRD0004525,2025-07-06 19:10:00,2025-07-06 19:20:00,10,Software/PLC Fault,Unplanned
DT003135,MC001,PRD0014667,2025-05-27 01:30:00,2025-05-27 02:33:00,63,Power Outage,Unplanned
DT003136,MC028,,2025-04-09 12:50:00,2025-04-09 13:57:00,67,Scheduled Maintenance,Planned
DT003137,MC042,,2025-09-19 22:50:00,2025-09-19 23:52:00,62,Operator Break,Planned
DT003138,MC037,,2025-03-22 17:40:00,2025-03-22 18:53:00,73,Software/PLC Fault,Unplanned
DT003139,MC031,PRD0009990,2025-07-13 15:50:00,2025-07-13 17:02:00,72,Calibration,Planned
DT003140,MC007,PRD0010895,2026-03-05 06:10:00,2026-03-05 06:57:00,47,Scheduled Maintenance,Planned
DT003141,MC028,PRD0003785,2026-02-11 13:10:00,2026-02-11 16:05:00,175,Material Shortage,Unplanned
DT003142,MC035,PRD0007912,2025-08-08 19:10:00,2025-08-08 19:32:00,22,Electrical Fault,Unplanned
DT003143,MC030,PRD0007877,2026-02-07 19:30:00,2026-02-07 19:41:00,11,Tooling Change,Planned
DT003144,MC035,PRD0002232,2025-12-20 10:50:00,2025-12-20 11:25:00,35,Mechanical Failure,Unplanned
DT003145,MC034,,2026-01-31 00:10:00,2026-01-31 01:03:00,53,Operator Break,Planned
DT003146,MC031,,2025-11-02 13:50:00,2025-11-02 14:11:00,21,Scheduled Maintenance,Planned
DT003147,MC033,,2025-12-25 10:20:00,2025-12-25 11:58:00,98,Electrical Fault,Unplanned
DT003148,MC037,,2026-02-02 02:20:00,2026-02-02 03:27:00,67,Material Shortage,Unplanned
DT003149,MC020,PRD0005241,2025-06-03 16:40:00,2025-06-03 17:49:00,69,Power Outage,Unplanned
DT003150,MC044,PRD0000188,2025-12-23 17:30:00,2025-12-23 18:34:00,64,Software/PLC Fault,Unplanned
DT003151,MC031,PRD0004677,2026-04-21 12:10:00,2026-04-21 13:39:00,89,Material Shortage,Unplanned
DT003152,MC006,PRD0000324,2026-01-05 21:20:00,2026-01-05 23:29:00,129,Power Outage,Unplanned
DT003153,MC030,PRD0006276,2025-01-29 08:00:00,2025-01-29 08:56:00,56,Tooling Change,Planned
DT003154,MC007,,2025-06-23 10:10:00,2025-06-23 12:21:00,131,Power Outage,Unplanned
DT003155,MC030,PRD0013509,2025-07-21 04:10:00,2025-07-21 04:55:00,45,Scheduled Maintenance,Planned
DT003156,MC026,,2025-02-12 12:40:00,2025-02-12 13:11:00,31,Material Shortage,Unplanned
DT003157,MC018,PRD0002499,2025-02-09 14:40:00,2025-02-09 15:36:00,56,Calibration,Planned
DT003158,MC040,PRD0018132,2026-05-27 09:30:00,2026-05-27 13:21:00,231,Software/PLC Fault,Unplanned
DT003159,MC014,PRD0019190,2025-12-07 03:00:00,2025-12-07 03:27:00,27,Operator Break,Planned
DT003160,MC026,PRD0011850,2026-04-18 05:40:00,2026-04-18 06:08:00,28,Mechanical Failure,Unplanned
DT003161,MC040,,2026-06-18 05:30:00,2026-06-18 06:08:00,38,Calibration,Planned
DT003162,MC022,PRD0009707,2025-02-18 09:10:00,2025-02-18 11:34:00,144,Electrical Fault,Unplanned
DT003163,MC003,PRD0019810,2026-05-22 14:50:00,2026-05-22 17:04:00,134,Power Outage,Unplanned
DT003164,MC006,PRD0005934,2026-01-14 10:10:00,2026-01-14 11:00:00,50,Power Outage,Unplanned
DT003165,MC045,,2025-01-15 03:40:00,2025-01-15 04:53:00,73,Scheduled Maintenance,Planned
DT003166,MC018,,2026-03-08 19:00:00,2026-03-08 19:26:00,26,Software/PLC Fault,Unplanned
DT003167,MC002,PRD0004445,2025-08-18 09:30:00,2025-08-18 09:52:00,22,Tooling Change,Planned
DT003168,MC039,PRD0006404,2026-05-19 06:30:00,2026-05-19 07:07:00,37,Calibration,Planned
DT003169,MC001,PRD0017496,2026-03-03 13:10:00,2026-03-03 13:40:00,30,Calibration,Planned
DT003170,MC023,,2026-01-06 19:40:00,2026-01-06 20:31:00,51,Scheduled Maintenance,Planned
DT003171,MC047,PRD0017737,2025-02-13 21:40:00,2025-02-14 02:31:00,291,Power Outage,Unplanned
DT003172,MC030,,2025-10-14 18:40:00,2025-10-14 19:06:00,26,Power Outage,Unplanned
DT003173,MC001,PRD0000670,2025-01-01 18:50:00,2025-01-01 19:04:00,14,Scheduled Maintenance,Planned
DT003174,MC011,,2026-06-01 13:10:00,2026-06-01 13:24:00,14,Material Shortage,Unplanned
DT003175,MC004,PRD0013761,2026-02-25 22:20:00,2026-02-25 22:46:00,26,Tooling Change,Planned
DT003176,MC033,PRD0005808,2025-09-11 18:30:00,2025-09-11 19:14:00,44,Scheduled Maintenance,Planned
DT003177,MC005,PRD0013422,2026-03-17 09:50:00,2026-03-17 10:07:00,17,Operator Break,Planned
DT003178,MC050,PRD0002097,2025-06-19 04:20:00,2025-06-19 04:59:00,39,Software/PLC Fault,Unplanned
DT003179,MC028,PRD0010116,2025-09-24 09:00:00,2025-09-24 09:35:00,35,Tooling Change,Planned
DT003180,MC036,,2026-01-27 18:40:00,2026-01-27 19:15:00,35,Operator Break,Planned
DT003181,MC044,PRD0002581,2025-09-14 13:40:00,2025-09-14 13:59:00,19,Software/PLC Fault,Unplanned
DT003182,MC019,PRD0009148,2025-07-18 15:50:00,2025-07-18 18:44:00,174,Mechanical Failure,Unplanned
DT003183,MC018,PRD0009308,2025-05-28 04:20:00,2025-05-28 04:47:00,27,Material Shortage,Unplanned
DT003184,MC037,,2025-05-10 18:40:00,2025-05-10 19:30:00,50,Electrical Fault,Unplanned
DT003185,MC003,,2026-03-02 12:00:00,2026-03-02 12:26:00,26,Material Shortage,Unplanned
DT003186,MC045,PRD0013125,2025-01-29 07:10:00,2025-01-29 07:32:00,22,Software/PLC Fault,Unplanned
DT003187,MC008,,2025-07-24 11:50:00,2025-07-24 12:31:00,41,Calibration,Planned
DT003188,MC039,PRD0011161,2025-05-18 21:10:00,2025-05-18 21:19:00,9,Power Outage,Unplanned
DT003189,MC018,PRD0019827,2026-04-08 13:20:00,2026-04-08 14:04:00,44,Electrical Fault,Unplanned
DT003190,MC039,PRD0004033,2025-09-04 05:40:00,2025-09-04 07:48:00,128,Power Outage,Unplanned
DT003191,MC003,,2025-10-22 15:40:00,2025-10-22 16:24:00,44,Calibration,Planned
DT003192,MC025,PRD0019873,2025-04-15 19:50:00,2025-04-15 20:49:00,59,Operator Break,Planned
DT003193,MC015,PRD0002728,2025-12-08 12:00:00,2025-12-08 13:45:00,105,Mechanical Failure,Unplanned
DT003194,MC021,PRD0009569,2026-04-17 19:20:00,2026-04-17 20:40:00,80,Scheduled Maintenance,Planned
DT003195,MC002,PRD0009456,2026-05-04 13:40:00,2026-05-04 14:24:00,44,Calibration,Planned
DT003196,MC014,,2025-11-26 11:00:00,2025-11-26 12:22:00,82,Mechanical Failure,Unplanned
DT003197,MC003,PRD0014383,2025-09-08 19:30:00,2025-09-08 21:28:00,118,Power Outage,Unplanned
DT003198,MC016,PRD0018889,2025-09-24 15:40:00,2025-09-24 17:16:00,96,Software/PLC Fault,Unplanned
DT003199,MC032,,2025-12-30 20:50:00,2025-12-30 23:47:00,177,Power Outage,Unplanned
DT003200,MC035,PRD0013740,2025-07-21 19:30:00,2025-07-21 19:50:00,20,Scheduled Maintenance,Planned
DT003201,MC012,PRD0006648,2025-09-27 21:30:00,2025-09-27 22:10:00,40,Material Shortage,Unplanned
DT003202,MC013,PRD0000117,2026-06-26 04:10:00,2026-06-26 05:23:00,73,Electrical Fault,Unplanned
DT003203,MC033,PRD0012676,2026-02-18 16:00:00,2026-02-18 17:02:00,62,Power Outage,Unplanned
DT003204,MC017,PRD0002290,2025-04-16 02:00:00,2025-04-16 02:27:00,27,Material Shortage,Unplanned
DT003205,MC047,,2026-01-15 21:20:00,2026-01-16 00:43:00,203,Software/PLC Fault,Unplanned
DT003206,MC016,,2025-09-01 00:00:00,2025-09-01 00:50:00,50,Scheduled Maintenance,Planned
DT003207,MC002,PRD0016328,2025-05-05 06:00:00,2025-05-05 06:37:00,37,Material Shortage,Unplanned
DT003208,MC041,PRD0016177,2025-04-21 01:20:00,2025-04-21 02:06:00,46,Software/PLC Fault,Unplanned
DT003209,MC017,PRD0007382,2025-07-13 20:30:00,2025-07-13 21:05:00,35,Scheduled Maintenance,Planned
DT003210,MC023,PRD0015278,2025-06-24 10:10:00,2025-06-24 10:20:00,10,Calibration,Planned
DT003211,MC035,PRD0008693,2025-06-02 20:30:00,2025-06-02 20:40:00,10,Calibration,Planned
DT003212,MC007,,2025-03-17 14:50:00,2025-03-17 16:02:00,72,Operator Break,Planned
DT003213,MC022,,2026-06-26 12:50:00,2026-06-26 13:08:00,18,Scheduled Maintenance,Planned
DT003214,MC025,PRD0009601,2025-07-18 21:20:00,2025-07-18 23:25:00,125,Electrical Fault,Unplanned
DT003215,MC013,,2025-04-14 12:40:00,2025-04-14 13:07:00,27,Power Outage,Unplanned
DT003216,MC032,,2026-06-13 18:50:00,2026-06-13 19:38:00,48,Scheduled Maintenance,Planned
DT003217,MC015,PRD0005061,2025-07-20 22:50:00,2025-07-20 23:18:00,28,Scheduled Maintenance,Planned
DT003218,MC048,PRD0002990,2025-05-20 02:10:00,2025-05-20 04:37:00,147,Mechanical Failure,Unplanned
DT003219,MC045,PRD0014713,2025-05-10 07:10:00,2025-05-10 08:33:00,83,Electrical Fault,Unplanned
DT003220,MC009,PRD0015134,2026-03-24 00:10:00,2026-03-24 00:37:00,27,Material Shortage,Unplanned
DT003221,MC004,PRD0018988,2026-05-19 21:20:00,2026-05-19 21:36:00,16,Tooling Change,Planned
DT003222,MC023,,2026-04-26 01:40:00,2026-04-26 03:47:00,127,Software/PLC Fault,Unplanned
DT003223,MC023,PRD0007617,2026-03-21 02:50:00,2026-03-21 03:53:00,63,Mechanical Failure,Unplanned
DT003224,MC029,PRD0016257,2026-02-25 03:10:00,2026-02-25 03:33:00,23,Power Outage,Unplanned
DT003225,MC014,PRD0009790,2026-02-02 19:50:00,2026-02-02 20:20:00,30,Tooling Change,Planned
DT003226,MC015,,2025-07-28 09:10:00,2025-07-28 11:01:00,111,Electrical Fault,Unplanned
DT003227,MC011,PRD0008940,2025-12-20 19:20:00,2025-12-20 19:48:00,28,Electrical Fault,Unplanned
DT003228,MC011,,2025-08-08 02:30:00,2025-08-08 04:11:00,101,Software/PLC Fault,Unplanned
DT003229,MC038,,2025-08-06 02:00:00,2025-08-06 02:34:00,34,Calibration,Planned
DT003230,MC031,PRD0005469,2025-03-30 16:20:00,2025-03-30 18:34:00,134,Software/PLC Fault,Unplanned
DT003231,MC034,PRD0012656,2025-08-16 17:20:00,2025-08-16 17:55:00,35,Tooling Change,Planned
DT003232,MC017,PRD0017594,2026-02-27 21:20:00,2026-02-27 22:59:00,99,Mechanical Failure,Unplanned
DT003233,MC029,PRD0013947,2025-02-12 05:30:00,2025-02-12 06:26:00,56,Electrical Fault,Unplanned
DT003234,MC025,PRD0001280,2025-12-22 09:30:00,2025-12-22 10:05:00,35,Electrical Fault,Unplanned
DT003235,MC019,PRD0011218,2025-01-27 15:50:00,2025-01-27 16:16:00,26,Scheduled Maintenance,Planned
DT003236,MC020,PRD0002740,2025-07-05 13:00:00,2025-07-05 13:18:00,18,Electrical Fault,Unplanned
DT003237,MC038,PRD0000169,2025-06-18 08:30:00,2025-06-18 09:02:00,32,Calibration,Planned
DT003238,MC043,PRD0003257,2026-01-17 08:20:00,2026-01-17 10:36:00,136,Power Outage,Unplanned
DT003239,MC048,PRD0006120,2026-06-20 13:50:00,2026-06-20 14:35:00,45,Tooling Change,Planned
DT003240,MC003,PRD0015209,2026-05-29 17:40:00,2026-05-29 18:32:00,52,Calibration,Planned
DT003241,MC036,,2025-12-07 21:40:00,2025-12-07 22:40:00,60,Operator Break,Planned
DT003242,MC038,PRD0001399,2025-05-03 11:50:00,2025-05-03 12:05:00,15,Electrical Fault,Unplanned
DT003243,MC005,PRD0005444,2025-12-06 09:10:00,2025-12-06 09:20:00,10,Scheduled Maintenance,Planned
DT003244,MC050,,2025-05-28 16:10:00,2025-05-28 16:50:00,40,Software/PLC Fault,Unplanned
DT003245,MC035,,2025-02-20 12:50:00,2025-02-20 13:25:00,35,Software/PLC Fault,Unplanned
DT003246,MC018,PRD0003402,2026-02-14 08:10:00,2026-02-14 08:56:00,46,Scheduled Maintenance,Planned
DT003247,MC010,PRD0008314,2025-12-30 08:20:00,2025-12-30 09:08:00,48,Operator Break,Planned
DT003248,MC019,PRD0009874,2025-02-09 04:50:00,2025-02-09 05:04:00,14,Mechanical Failure,Unplanned
DT003249,MC020,,2025-05-04 03:20:00,2025-05-04 05:19:00,119,Software/PLC Fault,Unplanned
DT003250,MC040,PRD0018452,2026-02-02 06:20:00,2026-02-02 07:34:00,74,Mechanical Failure,Unplanned
DT003251,MC042,,2025-11-03 06:40:00,2025-11-03 07:08:00,28,Operator Break,Planned
DT003252,MC006,PRD0014976,2025-07-08 12:50:00,2025-07-08 13:33:00,43,Scheduled Maintenance,Planned
DT003253,MC022,,2025-12-19 12:10:00,2025-12-19 12:47:00,37,Material Shortage,Unplanned
DT003254,MC025,PRD0017806,2025-04-26 11:30:00,2025-04-26 12:35:00,65,Software/PLC Fault,Unplanned
DT003255,MC023,PRD0015291,2025-06-13 15:30:00,2025-06-13 15:45:00,15,Calibration,Planned
DT003256,MC019,PRD0009834,2025-01-25 21:00:00,2025-01-25 21:44:00,44,Operator Break,Planned
DT003257,MC038,PRD0011163,2026-06-26 22:50:00,2026-06-26 23:47:00,57,Power Outage,Unplanned
DT003258,MC022,,2026-06-10 08:10:00,2026-06-10 09:12:00,62,Power Outage,Unplanned
DT003259,MC006,PRD0016952,2025-08-21 15:10:00,2025-08-21 16:46:00,96,Mechanical Failure,Unplanned
DT003260,MC012,PRD0001225,2025-11-16 14:20:00,2025-11-16 15:23:00,63,Tooling Change,Planned
DT003261,MC047,PRD0018014,2025-06-26 14:00:00,2025-06-26 15:06:00,66,Operator Break,Planned
DT003262,MC020,PRD0011858,2025-12-29 10:00:00,2025-12-29 10:51:00,51,Operator Break,Planned
DT003263,MC038,PRD0002161,2025-02-08 01:50:00,2025-02-08 02:29:00,39,Material Shortage,Unplanned
DT003264,MC001,PRD0015712,2025-11-25 14:50:00,2025-11-25 16:16:00,86,Material Shortage,Unplanned
DT003265,MC012,,2025-09-08 15:40:00,2025-09-08 19:21:00,221,Software/PLC Fault,Unplanned
DT003266,MC021,PRD0008002,2025-03-26 20:20:00,2025-03-26 21:13:00,53,Scheduled Maintenance,Planned
DT003267,MC050,PRD0004331,2026-06-22 02:20:00,2026-06-22 02:30:00,10,Tooling Change,Planned
DT003268,MC021,PRD0012008,2025-04-07 05:40:00,2025-04-07 06:00:00,20,Power Outage,Unplanned
DT003269,MC025,PRD0012054,2026-04-08 03:10:00,2026-04-08 03:24:00,14,Material Shortage,Unplanned
DT003270,MC001,PRD0014024,2025-08-12 16:50:00,2025-08-12 17:24:00,34,Electrical Fault,Unplanned
DT003271,MC050,PRD0013987,2026-06-11 04:20:00,2026-06-11 04:37:00,17,Tooling Change,Planned
DT003272,MC032,PRD0016421,2025-04-08 01:20:00,2025-04-08 05:27:00,247,Mechanical Failure,Unplanned
DT003273,MC050,,2025-01-28 16:30:00,2025-01-28 17:55:00,85,Tooling Change,Planned
DT003274,MC026,PRD0006373,2025-06-11 19:00:00,2025-06-11 19:10:00,10,Electrical Fault,Unplanned
DT003275,MC002,PRD0009866,2025-05-07 00:20:00,2025-05-07 01:20:00,60,Calibration,Planned
DT003276,MC029,,2025-05-06 13:40:00,2025-05-06 13:50:00,10,Tooling Change,Planned
DT003277,MC016,,2026-03-10 16:10:00,2026-03-10 16:43:00,33,Calibration,Planned
DT003278,MC008,PRD0010930,2025-01-27 09:50:00,2025-01-27 12:19:00,149,Power Outage,Unplanned
DT003279,MC013,PRD0008844,2026-02-07 16:40:00,2026-02-07 17:34:00,54,Calibration,Planned
DT003280,MC025,PRD0012317,2025-12-31 11:40:00,2025-12-31 12:02:00,22,Mechanical Failure,Unplanned
DT003281,MC001,,2026-04-30 04:40:00,2026-04-30 05:52:00,72,Calibration,Planned
DT003282,MC013,,2025-10-16 03:30:00,2025-10-16 05:12:00,102,Software/PLC Fault,Unplanned
DT003283,MC043,PRD0012690,2025-12-22 16:50:00,2025-12-22 17:38:00,48,Scheduled Maintenance,Planned
DT003284,MC032,PRD0017637,2025-12-19 16:50:00,2025-12-19 17:10:00,20,Electrical Fault,Unplanned
DT003285,MC019,PRD0019573,2025-10-06 05:30:00,2025-10-06 05:58:00,28,Electrical Fault,Unplanned
DT003286,MC047,PRD0000561,2025-12-02 11:40:00,2025-12-02 11:51:00,11,Operator Break,Planned
DT003287,MC023,PRD0010175,2025-05-24 19:10:00,2025-05-24 21:41:00,151,Electrical Fault,Unplanned
DT003288,MC033,,2025-06-17 17:30:00,2025-06-17 17:58:00,28,Mechanical Failure,Unplanned
DT003289,MC045,PRD0015703,2025-09-24 04:00:00,2025-09-24 05:16:00,76,Software/PLC Fault,Unplanned
DT003290,MC047,PRD0010485,2025-05-25 12:50:00,2025-05-25 13:47:00,57,Tooling Change,Planned
DT003291,MC021,PRD0002107,2026-01-11 00:50:00,2026-01-11 01:02:00,12,Calibration,Planned
DT003292,MC034,,2026-06-20 08:30:00,2026-06-20 09:29:00,59,Tooling Change,Planned
DT003293,MC007,PRD0019126,2025-08-11 09:30:00,2025-08-11 09:50:00,20,Mechanical Failure,Unplanned
DT003294,MC019,PRD0003032,2025-12-18 00:10:00,2025-12-18 00:35:00,25,Scheduled Maintenance,Planned
DT003295,MC040,PRD0006041,2025-09-06 20:40:00,2025-09-06 20:48:00,8,Power Outage,Unplanned
DT003296,MC008,PRD0000706,2025-04-17 07:40:00,2025-04-17 08:27:00,47,Tooling Change,Planned
DT003297,MC009,PRD0000880,2025-02-03 10:30:00,2025-02-03 10:37:00,7,Mechanical Failure,Unplanned
DT003298,MC034,PRD0012004,2026-03-27 21:50:00,2026-03-27 22:24:00,34,Operator Break,Planned
DT003299,MC024,,2025-07-22 00:00:00,2025-07-22 00:39:00,39,Electrical Fault,Unplanned
DT003300,MC010,PRD0010999,2025-06-28 20:50:00,2025-06-28 21:35:00,45,Calibration,Planned
DT003301,MC012,PRD0003195,2025-10-01 19:50:00,2025-10-01 20:31:00,41,Electrical Fault,Unplanned
DT003302,MC046,PRD0005249,2025-03-21 18:10:00,2025-03-21 18:58:00,48,Electrical Fault,Unplanned
DT003303,MC027,PRD0017075,2025-06-25 19:30:00,2025-06-25 20:00:00,30,Software/PLC Fault,Unplanned
DT003304,MC050,PRD0002056,2026-05-22 17:10:00,2026-05-22 18:03:00,53,Software/PLC Fault,Unplanned
DT003305,MC008,PRD0011068,2025-02-04 20:40:00,2025-02-05 01:56:00,316,Mechanical Failure,Unplanned
DT003306,MC029,,2025-02-19 20:00:00,2025-02-19 20:22:00,22,Tooling Change,Planned
DT003307,MC028,PRD0007031,2026-02-15 15:00:00,2026-02-15 16:54:00,114,Electrical Fault,Unplanned
DT003308,MC037,PRD0013061,2025-07-05 11:20:00,2025-07-05 15:15:00,235,Software/PLC Fault,Unplanned
DT003309,MC036,PRD0003985,2025-08-01 20:20:00,2025-08-01 22:07:00,107,Electrical Fault,Unplanned
DT003310,MC014,,2025-08-12 22:10:00,2025-08-13 00:26:00,136,Software/PLC Fault,Unplanned
DT003311,MC047,,2025-12-17 19:20:00,2025-12-17 19:43:00,23,Electrical Fault,Unplanned
DT003312,MC039,PRD0003282,2025-03-27 04:40:00,2025-03-27 05:31:00,51,Operator Break,Planned
DT003313,MC026,PRD0004385,2025-02-19 21:40:00,2025-02-19 22:39:00,59,Electrical Fault,Unplanned
DT003314,MC045,PRD0003242,2026-03-23 15:30:00,2026-03-23 15:52:00,22,Tooling Change,Planned
DT003315,MC010,PRD0010386,2026-05-26 22:10:00,2026-05-26 23:18:00,68,Scheduled Maintenance,Planned
DT003316,MC005,PRD0014611,2025-01-30 10:20:00,2025-01-30 11:08:00,48,Operator Break,Planned
DT003317,MC029,PRD0015623,2025-12-28 21:40:00,2025-12-28 23:07:00,87,Operator Break,Planned
DT003318,MC036,PRD0001220,2025-02-05 00:00:00,2025-02-05 01:14:00,74,Software/PLC Fault,Unplanned
DT003319,MC011,PRD0018121,2025-02-22 15:00:00,2025-02-22 16:34:00,94,Power Outage,Unplanned
DT003320,MC007,,2025-01-15 19:00:00,2025-01-15 19:29:00,29,Tooling Change,Planned
DT003321,MC033,PRD0008114,2025-06-09 02:30:00,2025-06-09 02:45:00,15,Material Shortage,Unplanned
DT003322,MC020,,2026-01-24 08:40:00,2026-01-24 09:13:00,33,Calibration,Planned
DT003323,MC008,PRD0006214,2025-01-26 19:40:00,2025-01-26 20:28:00,48,Operator Break,Planned
DT003324,MC016,PRD0012451,2026-06-05 20:40:00,2026-06-05 21:29:00,49,Software/PLC Fault,Unplanned
DT003325,MC011,PRD0016528,2026-04-09 00:40:00,2026-04-09 01:48:00,68,Tooling Change,Planned
DT003326,MC030,PRD0016705,2025-03-10 12:40:00,2025-03-10 13:37:00,57,Operator Break,Planned
DT003327,MC008,,2026-04-08 06:40:00,2026-04-08 07:16:00,36,Operator Break,Planned
DT003328,MC011,PRD0012255,2026-03-27 02:10:00,2026-03-27 03:16:00,66,Tooling Change,Planned
DT003329,MC016,PRD0007387,2026-04-23 22:00:00,2026-04-23 23:04:00,64,Calibration,Planned
DT003330,MC041,PRD0012435,2025-10-27 07:50:00,2025-10-27 08:43:00,53,Scheduled Maintenance,Planned
DT003331,MC028,PRD0002446,2025-06-09 14:10:00,2025-06-09 15:23:00,73,Scheduled Maintenance,Planned
DT003332,MC025,,2025-06-15 06:50:00,2025-06-15 07:54:00,64,Operator Break,Planned
DT003333,MC007,PRD0015105,2025-07-13 09:20:00,2025-07-13 10:03:00,43,Software/PLC Fault,Unplanned
DT003334,MC014,PRD0011216,2025-03-22 03:40:00,2025-03-22 04:31:00,51,Scheduled Maintenance,Planned
DT003335,MC024,PRD0008825,2025-08-12 05:20:00,2025-08-12 06:17:00,57,Tooling Change,Planned
DT003336,MC002,PRD0001789,2025-08-21 17:20:00,2025-08-21 18:05:00,45,Calibration,Planned
DT003337,MC049,PRD0018758,2025-10-27 22:40:00,2025-10-27 23:14:00,34,Calibration,Planned
DT003338,MC004,PRD0015877,2025-01-11 21:10:00,2025-01-11 22:48:00,98,Mechanical Failure,Unplanned
DT003339,MC045,,2025-07-04 12:10:00,2025-07-04 13:01:00,51,Software/PLC Fault,Unplanned
DT003340,MC036,PRD0002158,2025-07-27 18:20:00,2025-07-27 18:59:00,39,Power Outage,Unplanned
DT003341,MC034,,2026-01-04 03:50:00,2026-01-04 04:39:00,49,Scheduled Maintenance,Planned
DT003342,MC011,PRD0019759,2025-04-04 06:20:00,2025-04-04 07:55:00,95,Electrical Fault,Unplanned
DT003343,MC012,,2026-06-18 09:40:00,2026-06-18 09:55:00,15,Electrical Fault,Unplanned
DT003344,MC004,,2025-04-21 02:50:00,2025-04-21 03:10:00,20,Power Outage,Unplanned
DT003345,MC046,PRD0015346,2026-05-09 08:40:00,2026-05-09 09:42:00,62,Tooling Change,Planned
DT003346,MC049,PRD0008747,2026-03-06 12:00:00,2026-03-06 12:43:00,43,Scheduled Maintenance,Planned
DT003347,MC042,PRD0011708,2025-11-25 05:20:00,2025-11-25 06:36:00,76,Tooling Change,Planned
DT003348,MC015,PRD0012953,2025-04-04 12:30:00,2025-04-04 12:50:00,20,Electrical Fault,Unplanned
DT003349,MC043,PRD0003752,2026-02-21 16:30:00,2026-02-21 17:08:00,38,Calibration,Planned
DT003350,MC003,PRD0014543,2026-06-11 14:20:00,2026-06-11 15:13:00,53,Power Outage,Unplanned
DT003351,MC016,PRD0008387,2025-04-14 07:30:00,2025-04-14 08:04:00,34,Material Shortage,Unplanned
DT003352,MC032,PRD0018866,2025-01-09 22:50:00,2025-01-09 23:39:00,49,Mechanical Failure,Unplanned
DT003353,MC002,PRD0017872,2026-01-05 18:00:00,2026-01-05 19:06:00,66,Mechanical Failure,Unplanned
DT003354,MC013,PRD0017078,2025-10-07 09:20:00,2025-10-07 10:54:00,94,Power Outage,Unplanned
DT003355,MC014,,2026-03-13 01:40:00,2026-03-13 02:36:00,56,Power Outage,Unplanned
DT003356,MC041,PRD0010562,2025-04-02 20:50:00,2025-04-02 21:40:00,50,Operator Break,Planned
DT003357,MC003,,2025-03-03 16:20:00,2025-03-03 17:15:00,55,Material Shortage,Unplanned
DT003358,MC031,,2025-09-07 18:30:00,2025-09-08 04:30:00,600,Software/PLC Fault,Unplanned
DT003359,MC029,,2025-03-03 19:10:00,2025-03-03 19:38:00,28,Material Shortage,Unplanned
DT003360,MC028,PRD0016634,2026-02-26 12:10:00,2026-02-26 12:20:00,10,Software/PLC Fault,Unplanned
DT003361,MC006,PRD0002876,2025-05-07 08:20:00,2025-05-07 09:56:00,96,Electrical Fault,Unplanned
DT003362,MC018,PRD0017500,2026-03-12 01:30:00,2026-03-12 02:17:00,47,Calibration,Planned
DT003363,MC045,PRD0012249,2025-09-29 13:20:00,2025-09-29 14:11:00,51,Calibration,Planned
DT003364,MC047,PRD0007042,2026-01-05 20:00:00,2026-01-05 20:10:00,10,Material Shortage,Unplanned
DT003365,MC029,PRD0011436,2025-05-13 03:30:00,2025-05-13 03:39:00,9,Electrical Fault,Unplanned
DT003366,MC005,PRD0005628,2025-01-13 19:20:00,2025-01-13 19:52:00,32,Operator Break,Planned
DT003367,MC009,PRD0015203,2026-02-06 09:50:00,2026-02-06 11:39:00,109,Mechanical Failure,Unplanned
DT003368,MC021,PRD0002381,2025-01-16 14:30:00,2025-01-16 15:10:00,40,Tooling Change,Planned
DT003369,MC007,,2026-04-10 08:50:00,2026-04-10 09:57:00,67,Operator Break,Planned
DT003370,MC042,PRD0018305,2025-11-10 01:50:00,2025-11-10 02:27:00,37,Material Shortage,Unplanned
DT003371,MC041,PRD0015581,2026-01-24 18:30:00,2026-01-24 19:38:00,68,Tooling Change,Planned
DT003372,MC017,,2026-04-10 21:00:00,2026-04-10 21:12:00,12,Software/PLC Fault,Unplanned
DT003373,MC042,PRD0017314,2025-02-02 00:20:00,2025-02-02 00:53:00,33,Material Shortage,Unplanned
DT003374,MC048,PRD0018446,2025-06-20 10:00:00,2025-06-20 10:17:00,17,Tooling Change,Planned
DT003375,MC048,PRD0003443,2026-05-04 08:50:00,2026-05-04 09:48:00,58,Power Outage,Unplanned
DT003376,MC011,PRD0007441,2026-02-12 00:10:00,2026-02-12 00:53:00,43,Scheduled Maintenance,Planned
DT003377,MC045,,2025-02-14 14:20:00,2025-02-14 15:21:00,61,Tooling Change,Planned
DT003378,MC005,,2026-04-17 14:10:00,2026-04-17 15:50:00,100,Mechanical Failure,Unplanned
DT003379,MC025,,2025-06-04 16:20:00,2025-06-04 16:43:00,23,Scheduled Maintenance,Planned
DT003380,MC038,PRD0015268,2025-03-23 17:50:00,2025-03-23 18:33:00,43,Scheduled Maintenance,Planned
DT003381,MC014,,2025-08-06 08:00:00,2025-08-06 08:16:00,16,Software/PLC Fault,Unplanned
DT003382,MC006,PRD0019003,2026-04-16 17:40:00,2026-04-16 18:59:00,79,Scheduled Maintenance,Planned
DT003383,MC047,,2025-11-07 02:30:00,2025-11-07 02:45:00,15,Material Shortage,Unplanned
DT003384,MC045,PRD0005194,2025-12-02 07:40:00,2025-12-02 08:53:00,73,Software/PLC Fault,Unplanned
DT003385,MC008,PRD0007164,2026-01-01 12:00:00,2026-01-01 12:58:00,58,Scheduled Maintenance,Planned
DT003386,MC028,PRD0005693,2026-04-26 11:50:00,2026-04-26 13:41:00,111,Power Outage,Unplanned
DT003387,MC012,,2026-04-13 05:10:00,2026-04-13 06:04:00,54,Calibration,Planned
DT003388,MC014,PRD0019129,2026-01-06 17:10:00,2026-01-06 18:04:00,54,Tooling Change,Planned
DT003389,MC001,PRD0007192,2026-04-25 04:20:00,2026-04-25 05:19:00,59,Operator Break,Planned
DT003390,MC001,PRD0016032,2026-03-16 05:50:00,2026-03-16 06:13:00,23,Material Shortage,Unplanned
DT003391,MC001,PRD0017344,2025-10-24 21:10:00,2025-10-24 21:32:00,22,Operator Break,Planned
DT003392,MC050,,2025-06-25 06:20:00,2025-06-25 06:47:00,27,Software/PLC Fault,Unplanned
DT003393,MC010,PRD0018118,2026-04-23 08:10:00,2026-04-23 08:43:00,33,Calibration,Planned
DT003394,MC027,PRD0006394,2025-06-03 13:00:00,2025-06-03 13:28:00,28,Mechanical Failure,Unplanned
DT003395,MC046,PRD0010117,2025-04-12 04:20:00,2025-04-12 04:50:00,30,Mechanical Failure,Unplanned
DT003396,MC046,PRD0007852,2026-04-27 17:20:00,2026-04-27 22:12:00,292,Electrical Fault,Unplanned
DT003397,MC016,PRD0004824,2026-03-26 13:20:00,2026-03-26 13:32:00,12,Tooling Change,Planned
DT003398,MC016,PRD0007996,2026-03-02 22:50:00,2026-03-02 23:44:00,54,Electrical Fault,Unplanned
DT003399,MC007,PRD0005542,2025-02-04 16:40:00,2025-02-04 17:46:00,66,Material Shortage,Unplanned
DT003400,MC017,,2025-02-09 02:50:00,2025-02-09 04:16:00,86,Calibration,Planned
DT003401,MC012,PRD0014689,2025-12-25 03:50:00,2025-12-25 04:13:00,23,Power Outage,Unplanned
DT003402,MC046,PRD0016255,2026-03-05 00:00:00,2026-03-05 01:59:00,119,Electrical Fault,Unplanned
DT003403,MC050,PRD0018205,2026-04-21 17:20:00,2026-04-21 17:59:00,39,Scheduled Maintenance,Planned
DT003404,MC018,,2025-12-12 03:50:00,2025-12-12 06:43:00,173,Electrical Fault,Unplanned
DT003405,MC009,PRD0003523,2025-10-11 11:50:00,2025-10-11 12:41:00,51,Tooling Change,Planned
DT003406,MC039,PRD0014659,2026-04-16 22:20:00,2026-04-17 00:15:00,115,Power Outage,Unplanned
DT003407,MC037,PRD0013826,2025-11-02 12:00:00,2025-11-02 12:31:00,31,Mechanical Failure,Unplanned
DT003408,MC030,PRD0017971,2025-10-22 18:00:00,2025-10-22 18:20:00,20,Power Outage,Unplanned
DT003409,MC050,PRD0012595,2025-10-29 10:10:00,2025-10-29 10:34:00,24,Mechanical Failure,Unplanned
DT003410,MC018,PRD0008684,2025-07-01 15:20:00,2025-07-01 16:21:00,61,Operator Break,Planned
DT003411,MC050,,2025-10-29 15:10:00,2025-10-29 15:39:00,29,Software/PLC Fault,Unplanned
DT003412,MC043,PRD0014137,2026-02-05 14:40:00,2026-02-05 15:30:00,50,Material Shortage,Unplanned
DT003413,MC045,,2026-02-02 03:40:00,2026-02-02 04:13:00,33,Mechanical Failure,Unplanned
DT003414,MC027,PRD0017924,2025-04-03 04:10:00,2025-04-03 04:55:00,45,Electrical Fault,Unplanned
DT003415,MC016,PRD0012678,2025-09-13 17:10:00,2025-09-13 18:21:00,71,Scheduled Maintenance,Planned
DT003416,MC019,,2026-03-02 15:20:00,2026-03-02 15:43:00,23,Electrical Fault,Unplanned
DT003417,MC035,PRD0003815,2026-06-07 12:30:00,2026-06-07 13:01:00,31,Calibration,Planned
DT003418,MC044,,2025-08-14 10:50:00,2025-08-14 12:02:00,72,Calibration,Planned
DT003419,MC048,PRD0007063,2026-06-25 11:10:00,2026-06-25 12:21:00,71,Material Shortage,Unplanned
DT003420,MC007,,2025-09-25 07:40:00,2025-09-25 08:11:00,31,Scheduled Maintenance,Planned
DT003421,MC012,,2025-05-22 20:00:00,2025-05-22 20:26:00,26,Scheduled Maintenance,Planned
DT003422,MC032,,2025-12-18 18:00:00,2025-12-18 18:05:00,5,Mechanical Failure,Unplanned
DT003423,MC047,PRD0016893,2025-05-31 01:20:00,2025-05-31 01:30:00,10,Tooling Change,Planned
DT003424,MC023,PRD0017591,2025-10-29 06:10:00,2025-10-29 06:58:00,48,Scheduled Maintenance,Planned
DT003425,MC023,PRD0009895,2025-05-08 04:00:00,2025-05-08 04:18:00,18,Software/PLC Fault,Unplanned
DT003426,MC039,PRD0009396,2025-09-25 07:50:00,2025-09-25 08:37:00,47,Calibration,Planned
DT003427,MC030,PRD0001295,2026-06-03 05:20:00,2026-06-03 06:17:00,57,Operator Break,Planned
DT003428,MC039,PRD0016882,2025-10-26 08:30:00,2025-10-26 09:19:00,49,Power Outage,Unplanned
DT003429,MC028,,2025-06-07 02:40:00,2025-06-07 02:53:00,13,Power Outage,Unplanned
DT003430,MC036,PRD0003985,2025-08-01 07:40:00,2025-08-01 08:46:00,66,Material Shortage,Unplanned
DT003431,MC005,PRD0009860,2025-12-22 15:20:00,2025-12-22 17:34:00,134,Software/PLC Fault,Unplanned
DT003432,MC017,PRD0007382,2025-07-13 15:40:00,2025-07-13 15:50:00,10,Calibration,Planned
DT003433,MC044,PRD0018910,2025-12-10 09:00:00,2025-12-10 10:09:00,69,Software/PLC Fault,Unplanned
DT003434,MC045,,2026-04-20 21:10:00,2026-04-20 22:03:00,53,Calibration,Planned
DT003435,MC011,PRD0009773,2025-03-16 07:10:00,2025-03-16 08:08:00,58,Calibration,Planned
DT003436,MC008,PRD0011939,2025-08-14 10:10:00,2025-08-14 10:42:00,32,Electrical Fault,Unplanned
DT003437,MC040,PRD0017446,2026-03-19 07:20:00,2026-03-19 07:39:00,19,Material Shortage,Unplanned
DT003438,MC023,,2025-11-05 13:10:00,2025-11-05 13:51:00,41,Scheduled Maintenance,Planned
DT003439,MC026,PRD0012136,2025-04-11 05:30:00,2025-04-11 05:45:00,15,Power Outage,Unplanned
DT003440,MC024,,2026-05-10 13:30:00,2026-05-10 14:33:00,63,Material Shortage,Unplanned
DT003441,MC017,,2025-02-24 02:40:00,2025-02-24 02:57:00,17,Material Shortage,Unplanned
DT003442,MC012,PRD0000945,2025-01-30 06:50:00,2025-01-30 08:01:00,71,Mechanical Failure,Unplanned
DT003443,MC026,PRD0013081,2025-03-12 18:30:00,2025-03-12 19:08:00,38,Scheduled Maintenance,Planned
DT003444,MC009,PRD0006494,2026-01-03 07:30:00,2026-01-03 07:40:00,10,Scheduled Maintenance,Planned
DT003445,MC022,PRD0004865,2026-06-25 00:10:00,2026-06-25 00:36:00,26,Power Outage,Unplanned
DT003446,MC030,PRD0017348,2025-02-15 10:20:00,2025-02-15 10:54:00,34,Power Outage,Unplanned
DT003447,MC037,,2025-06-28 20:00:00,2025-06-28 21:05:00,65,Operator Break,Planned
DT003448,MC033,PRD0006107,2026-02-16 19:40:00,2026-02-16 21:10:00,90,Material Shortage,Unplanned
DT003449,MC012,,2025-09-28 14:10:00,2025-09-28 14:58:00,48,Electrical Fault,Unplanned
DT003450,MC003,PRD0016986,2025-07-01 19:20:00,2025-07-01 19:56:00,36,Electrical Fault,Unplanned
DT003451,MC049,,2025-05-06 20:00:00,2025-05-06 20:33:00,33,Material Shortage,Unplanned
DT003452,MC005,,2025-04-07 18:10:00,2025-04-07 18:53:00,43,Scheduled Maintenance,Planned
DT003453,MC003,PRD0011138,2026-01-13 20:50:00,2026-01-13 21:40:00,50,Power Outage,Unplanned
DT003454,MC001,PRD0015569,2026-01-24 18:10:00,2026-01-24 19:08:00,58,Tooling Change,Planned
DT003455,MC024,,2026-03-31 08:20:00,2026-03-31 09:16:00,56,Operator Break,Planned
DT003456,MC040,PRD0014572,2025-03-01 07:30:00,2025-03-01 08:03:00,33,Power Outage,Unplanned
DT003457,MC050,PRD0017309,2025-01-28 15:00:00,2025-01-28 15:34:00,34,Scheduled Maintenance,Planned
DT003458,MC018,,2025-08-28 08:20:00,2025-08-28 09:04:00,44,Operator Break,Planned
DT003459,MC036,PRD0016147,2025-02-23 17:00:00,2025-02-23 17:32:00,32,Calibration,Planned
DT003460,MC015,PRD0019113,2026-02-16 00:10:00,2026-02-16 01:06:00,56,Electrical Fault,Unplanned
DT003461,MC040,PRD0017765,2026-01-22 02:00:00,2026-01-22 02:09:00,9,Power Outage,Unplanned
DT003462,MC048,PRD0002151,2026-03-09 17:30:00,2026-03-09 18:02:00,32,Electrical Fault,Unplanned
DT003463,MC018,PRD0007988,2025-01-19 08:50:00,2025-01-19 10:40:00,110,Software/PLC Fault,Unplanned
DT003464,MC002,PRD0002357,2025-07-27 06:30:00,2025-07-27 06:50:00,20,Scheduled Maintenance,Planned
DT003465,MC042,,2026-05-20 14:10:00,2026-05-20 15:02:00,52,Material Shortage,Unplanned
DT003466,MC005,PRD0011475,2026-03-09 05:50:00,2026-03-09 07:14:00,84,Calibration,Planned
DT003467,MC039,,2025-09-28 13:50:00,2025-09-28 14:15:00,25,Electrical Fault,Unplanned
DT003468,MC046,PRD0001171,2025-12-12 18:30:00,2025-12-12 21:04:00,154,Material Shortage,Unplanned
DT003469,MC040,PRD0010343,2026-05-11 11:30:00,2026-05-11 12:21:00,51,Scheduled Maintenance,Planned
DT003470,MC013,PRD0012241,2025-11-24 02:40:00,2025-11-24 03:37:00,57,Operator Break,Planned
DT003471,MC028,PRD0000152,2025-11-24 15:00:00,2025-11-24 15:12:00,12,Material Shortage,Unplanned
DT003472,MC030,PRD0011483,2025-08-09 11:50:00,2025-08-09 13:00:00,70,Calibration,Planned
DT003473,MC025,PRD0005945,2025-11-18 08:20:00,2025-11-18 10:24:00,124,Software/PLC Fault,Unplanned
DT003474,MC026,PRD0014817,2025-10-21 15:10:00,2025-10-21 15:36:00,26,Mechanical Failure,Unplanned
DT003475,MC032,PRD0014788,2026-02-05 16:00:00,2026-02-05 16:35:00,35,Tooling Change,Planned
DT003476,MC020,,2025-08-26 06:10:00,2025-08-26 06:44:00,34,Operator Break,Planned
DT003477,MC047,PRD0019519,2025-08-17 00:40:00,2025-08-17 01:30:00,50,Tooling Change,Planned
DT003478,MC038,,2025-03-30 09:00:00,2025-03-30 10:10:00,70,Calibration,Planned
DT003479,MC041,PRD0007568,2025-12-07 00:50:00,2025-12-07 01:35:00,45,Electrical Fault,Unplanned
DT003480,MC010,,2026-05-01 14:30:00,2026-05-01 16:36:00,126,Mechanical Failure,Unplanned
DT003481,MC033,,2025-03-29 00:00:00,2025-03-29 00:52:00,52,Scheduled Maintenance,Planned
DT003482,MC027,PRD0006926,2025-06-02 06:00:00,2025-06-02 06:33:00,33,Power Outage,Unplanned
DT003483,MC025,,2025-06-02 10:50:00,2025-06-02 12:02:00,72,Tooling Change,Planned
DT003484,MC020,,2025-09-09 14:50:00,2025-09-09 16:08:00,78,Calibration,Planned
DT003485,MC031,,2025-05-22 07:00:00,2025-05-22 09:00:00,120,Mechanical Failure,Unplanned
DT003486,MC007,,2025-09-26 06:40:00,2025-09-26 07:15:00,35,Calibration,Planned
DT003487,MC049,,2025-04-13 17:00:00,2025-04-13 18:03:00,63,Tooling Change,Planned
DT003488,MC049,PRD0001725,2025-06-05 22:20:00,2025-06-05 22:49:00,29,Power Outage,Unplanned
DT003489,MC039,PRD0012529,2025-09-24 17:50:00,2025-09-24 18:03:00,13,Material Shortage,Unplanned
DT003490,MC044,PRD0013410,2026-06-29 22:50:00,2026-06-29 23:00:00,10,Operator Break,Planned
DT003491,MC047,,2025-11-10 07:10:00,2025-11-10 07:20:00,10,Operator Break,Planned
DT003492,MC031,PRD0018542,2025-01-31 12:20:00,2025-01-31 13:15:00,55,Tooling Change,Planned
DT003493,MC022,PRD0011643,2025-01-15 18:10:00,2025-01-15 18:43:00,33,Tooling Change,Planned
DT003494,MC006,PRD0015559,2026-06-11 17:10:00,2026-06-11 17:59:00,49,Calibration,Planned
DT003495,MC004,PRD0007303,2025-07-02 14:40:00,2025-07-02 15:07:00,27,Software/PLC Fault,Unplanned
DT003496,MC021,PRD0005018,2025-10-05 05:50:00,2025-10-05 06:16:00,26,Calibration,Planned
DT003497,MC031,PRD0007344,2026-05-23 18:00:00,2026-05-23 18:36:00,36,Software/PLC Fault,Unplanned
DT003498,MC018,PRD0013649,2025-02-02 15:00:00,2025-02-02 15:55:00,55,Calibration,Planned
DT003499,MC006,,2025-08-28 13:30:00,2025-08-28 13:39:00,9,Electrical Fault,Unplanned
DT003500,MC016,,2025-07-03 06:10:00,2025-07-03 07:20:00,70,Electrical Fault,Unplanned
DT003501,MC029,PRD0014232,2025-02-04 14:00:00,2025-02-04 15:03:00,63,Software/PLC Fault,Unplanned
DT003502,MC008,PRD0001797,2025-04-05 21:50:00,2025-04-06 00:03:00,133,Electrical Fault,Unplanned
DT003503,MC046,PRD0004615,2025-11-29 14:50:00,2025-11-29 15:43:00,53,Power Outage,Unplanned
DT003504,MC036,PRD0010972,2025-11-21 06:30:00,2025-11-21 06:39:00,9,Electrical Fault,Unplanned
DT003505,MC028,PRD0007114,2026-02-23 04:50:00,2026-02-23 05:04:00,14,Tooling Change,Planned
DT003506,MC030,PRD0011789,2026-06-22 18:00:00,2026-06-22 18:49:00,49,Calibration,Planned
DT003507,MC029,,2025-12-22 22:40:00,2025-12-22 23:44:00,64,Software/PLC Fault,Unplanned
DT003508,MC006,PRD0000787,2025-04-11 17:30:00,2025-04-11 17:56:00,26,Operator Break,Planned
DT003509,MC007,PRD0005238,2025-10-21 14:00:00,2025-10-21 14:16:00,16,Electrical Fault,Unplanned
DT003510,MC014,PRD0019874,2025-11-20 08:50:00,2025-11-20 09:06:00,16,Electrical Fault,Unplanned
DT003511,MC013,PRD0002736,2026-02-19 04:30:00,2026-02-19 05:40:00,70,Software/PLC Fault,Unplanned
DT003512,MC034,,2026-03-20 00:10:00,2026-03-20 00:57:00,47,Material Shortage,Unplanned
DT003513,MC014,PRD0018896,2026-01-13 10:00:00,2026-01-13 10:29:00,29,Software/PLC Fault,Unplanned
DT003514,MC011,PRD0004017,2025-12-08 09:40:00,2025-12-08 11:19:00,99,Mechanical Failure,Unplanned
DT003515,MC026,PRD0012136,2025-04-11 18:00:00,2025-04-11 19:21:00,81,Electrical Fault,Unplanned
DT003516,MC021,PRD0017060,2025-08-08 08:10:00,2025-08-08 10:50:00,160,Material Shortage,Unplanned
DT003517,MC003,,2025-01-29 08:40:00,2025-01-29 08:54:00,14,Material Shortage,Unplanned
DT003518,MC044,PRD0010916,2026-06-02 18:00:00,2026-06-02 18:24:00,24,Tooling Change,Planned
DT003519,MC016,PRD0003204,2026-02-21 01:40:00,2026-02-21 02:17:00,37,Operator Break,Planned
DT003520,MC026,PRD0016955,2025-11-14 18:20:00,2025-11-14 19:17:00,57,Mechanical Failure,Unplanned
DT003521,MC029,,2026-04-24 05:00:00,2026-04-24 07:15:00,135,Mechanical Failure,Unplanned
DT003522,MC034,PRD0010340,2025-07-23 17:50:00,2025-07-23 19:01:00,71,Mechanical Failure,Unplanned
DT003523,MC029,,2026-06-24 20:20:00,2026-06-24 21:09:00,49,Calibration,Planned
DT003524,MC010,PRD0001153,2026-06-23 04:30:00,2026-06-23 05:17:00,47,Tooling Change,Planned
DT003525,MC029,,2025-06-22 12:40:00,2025-06-22 13:52:00,72,Scheduled Maintenance,Planned
DT003526,MC023,,2025-04-05 13:20:00,2025-04-05 13:35:00,15,Software/PLC Fault,Unplanned
DT003527,MC034,PRD0013816,2025-06-03 10:10:00,2025-06-03 10:48:00,38,Mechanical Failure,Unplanned
DT003528,MC003,,2025-11-08 00:10:00,2025-11-08 00:39:00,29,Mechanical Failure,Unplanned
DT003529,MC030,PRD0015705,2025-03-17 02:10:00,2025-03-17 02:42:00,32,Material Shortage,Unplanned
DT003530,MC010,PRD0005023,2025-04-29 10:00:00,2025-04-29 10:41:00,41,Scheduled Maintenance,Planned
DT003531,MC026,PRD0000875,2025-09-24 07:10:00,2025-09-24 10:23:00,193,Electrical Fault,Unplanned
DT003532,MC025,,2025-01-16 20:20:00,2025-01-16 20:39:00,19,Calibration,Planned
DT003533,MC028,PRD0012636,2025-02-09 03:50:00,2025-02-09 04:16:00,26,Calibration,Planned
DT003534,MC046,PRD0005708,2025-07-09 00:00:00,2025-07-09 00:37:00,37,Power Outage,Unplanned
DT003535,MC033,PRD0018869,2026-05-17 19:30:00,2026-05-17 20:19:00,49,Operator Break,Planned
DT003536,MC046,PRD0003436,2025-06-10 14:30:00,2025-06-10 15:05:00,35,Calibration,Planned
DT003537,MC034,PRD0013227,2025-03-01 11:10:00,2025-03-01 12:02:00,52,Material Shortage,Unplanned
DT003538,MC030,,2025-02-27 08:50:00,2025-02-27 09:23:00,33,Operator Break,Planned
DT003539,MC039,,2025-07-09 17:50:00,2025-07-09 19:04:00,74,Scheduled Maintenance,Planned
DT003540,MC017,,2025-02-27 21:20:00,2025-02-27 21:49:00,29,Material Shortage,Unplanned
DT003541,MC050,,2025-05-13 12:10:00,2025-05-13 13:22:00,72,Operator Break,Planned
DT003542,MC029,PRD0010211,2025-12-06 17:30:00,2025-12-06 17:42:00,12,Electrical Fault,Unplanned
DT003543,MC016,,2025-08-14 19:40:00,2025-08-14 19:59:00,19,Power Outage,Unplanned
DT003544,MC048,,2025-08-13 07:00:00,2025-08-13 08:07:00,67,Power Outage,Unplanned
DT003545,MC025,PRD0005501,2025-02-27 14:10:00,2025-02-27 14:40:00,30,Scheduled Maintenance,Planned
DT003546,MC010,,2025-09-12 08:40:00,2025-09-12 09:50:00,70,Mechanical Failure,Unplanned
DT003547,MC041,PRD0014957,2025-10-30 22:30:00,2025-10-30 23:01:00,31,Operator Break,Planned
DT003548,MC032,,2025-08-08 03:50:00,2025-08-08 04:00:00,10,Mechanical Failure,Unplanned
DT003549,MC049,PRD0009680,2025-01-22 01:10:00,2025-01-22 01:47:00,37,Operator Break,Planned
DT003550,MC021,PRD0003977,2025-09-30 18:30:00,2025-09-30 19:12:00,42,Scheduled Maintenance,Planned
DT003551,MC028,PRD0002712,2025-10-30 18:30:00,2025-10-30 20:00:00,90,Mechanical Failure,Unplanned
DT003552,MC010,PRD0004457,2025-02-24 01:00:00,2025-02-24 02:01:00,61,Tooling Change,Planned
DT003553,MC031,,2025-03-17 15:50:00,2025-03-17 16:43:00,53,Software/PLC Fault,Unplanned
DT003554,MC036,,2026-06-01 09:30:00,2026-06-01 10:15:00,45,Scheduled Maintenance,Planned
DT003555,MC033,,2026-05-18 12:20:00,2026-05-18 13:09:00,49,Material Shortage,Unplanned
DT003556,MC022,PRD0011810,2025-12-04 02:00:00,2025-12-04 02:49:00,49,Software/PLC Fault,Unplanned
DT003557,MC037,PRD0015898,2025-03-30 04:40:00,2025-03-30 05:32:00,52,Power Outage,Unplanned
DT003558,MC041,,2025-08-03 08:00:00,2025-08-03 08:57:00,57,Mechanical Failure,Unplanned
DT003559,MC003,,2026-01-03 11:10:00,2026-01-03 11:40:00,30,Mechanical Failure,Unplanned
DT003560,MC032,,2025-12-27 00:20:00,2025-12-27 01:10:00,50,Operator Break,Planned
DT003561,MC050,,2025-06-28 12:30:00,2025-06-28 13:39:00,69,Tooling Change,Planned
DT003562,MC006,PRD0014177,2025-05-27 10:30:00,2025-05-27 10:54:00,24,Operator Break,Planned
DT003563,MC033,PRD0005284,2026-03-18 20:20:00,2026-03-18 21:04:00,44,Electrical Fault,Unplanned
DT003564,MC031,,2026-01-08 18:50:00,2026-01-08 21:45:00,175,Power Outage,Unplanned
DT003565,MC022,,2026-03-19 08:50:00,2026-03-19 10:12:00,82,Tooling Change,Planned
DT003566,MC040,PRD0004505,2025-03-09 00:40:00,2025-03-09 03:22:00,162,Software/PLC Fault,Unplanned
DT003567,MC045,PRD0013079,2025-05-15 05:30:00,2025-05-15 05:52:00,22,Material Shortage,Unplanned
DT003568,MC022,PRD0016035,2025-02-12 22:00:00,2025-02-12 22:18:00,18,Power Outage,Unplanned
DT003569,MC003,PRD0001317,2025-06-05 19:00:00,2025-06-06 00:40:00,340,Material Shortage,Unplanned
DT003570,MC038,PRD0008210,2025-03-19 13:10:00,2025-03-19 14:46:00,96,Electrical Fault,Unplanned
DT003571,MC035,PRD0008693,2025-06-02 18:20:00,2025-06-02 19:10:00,50,Calibration,Planned
DT003572,MC018,,2025-08-02 10:30:00,2025-08-02 10:54:00,24,Power Outage,Unplanned
DT003573,MC026,PRD0011784,2026-01-09 11:50:00,2026-01-09 12:10:00,20,Mechanical Failure,Unplanned
DT003574,MC009,,2026-03-23 13:00:00,2026-03-23 13:41:00,41,Mechanical Failure,Unplanned
DT003575,MC005,PRD0005304,2025-11-08 17:30:00,2025-11-08 18:57:00,87,Power Outage,Unplanned
DT003576,MC016,,2025-02-06 12:50:00,2025-02-06 13:13:00,23,Material Shortage,Unplanned
DT003577,MC022,PRD0019794,2025-08-12 12:10:00,2025-08-12 12:56:00,46,Calibration,Planned
DT003578,MC021,PRD0011925,2025-02-09 19:50:00,2025-02-09 20:08:00,18,Electrical Fault,Unplanned
DT003579,MC046,PRD0002162,2026-03-03 06:30:00,2026-03-03 06:42:00,12,Material Shortage,Unplanned
DT003580,MC027,PRD0008030,2026-05-01 08:30:00,2026-05-01 09:10:00,40,Software/PLC Fault,Unplanned
DT003581,MC022,PRD0009514,2025-09-21 08:10:00,2025-09-21 09:59:00,109,Power Outage,Unplanned
DT003582,MC008,PRD0010517,2025-05-27 22:40:00,2025-05-27 23:32:00,52,Calibration,Planned
DT003583,MC038,PRD0017471,2026-02-03 04:50:00,2026-02-03 07:56:00,186,Material Shortage,Unplanned
DT003584,MC026,PRD0013081,2025-03-12 03:00:00,2025-03-12 03:15:00,15,Power Outage,Unplanned
DT003585,MC003,PRD0014383,2025-09-08 19:10:00,2025-09-08 19:28:00,18,Power Outage,Unplanned
DT003586,MC020,PRD0011003,2026-04-13 21:00:00,2026-04-13 22:10:00,70,Operator Break,Planned
DT003587,MC029,PRD0017967,2025-08-06 03:50:00,2025-08-06 04:40:00,50,Electrical Fault,Unplanned
DT003588,MC026,,2025-09-07 04:30:00,2025-09-07 04:49:00,19,Power Outage,Unplanned
DT003589,MC027,,2025-02-22 10:50:00,2025-02-22 11:53:00,63,Calibration,Planned
DT003590,MC050,,2025-07-18 00:40:00,2025-07-18 02:23:00,103,Electrical Fault,Unplanned
DT003591,MC010,PRD0004696,2025-07-22 01:00:00,2025-07-22 01:38:00,38,Calibration,Planned
DT003592,MC016,PRD0008823,2026-06-12 21:30:00,2026-06-12 21:50:00,20,Software/PLC Fault,Unplanned
DT003593,MC027,,2026-01-11 02:00:00,2026-01-11 02:35:00,35,Tooling Change,Planned
DT003594,MC047,PRD0005454,2025-12-03 04:20:00,2025-12-03 05:12:00,52,Calibration,Planned
DT003595,MC034,,2025-11-12 05:10:00,2025-11-12 05:32:00,22,Scheduled Maintenance,Planned
DT003596,MC046,PRD0013506,2025-12-20 22:20:00,2025-12-20 22:57:00,37,Scheduled Maintenance,Planned
DT003597,MC018,PRD0017027,2025-12-27 06:30:00,2025-12-27 07:16:00,46,Operator Break,Planned
DT003598,MC039,PRD0006138,2025-04-11 16:10:00,2025-04-11 16:50:00,40,Scheduled Maintenance,Planned
DT003599,MC004,PRD0018988,2026-05-19 20:20:00,2026-05-19 21:05:00,45,Mechanical Failure,Unplanned
DT003600,MC045,,2025-05-22 14:00:00,2025-05-22 15:31:00,91,Power Outage,Unplanned
DT003601,MC028,,2025-01-13 08:40:00,2025-01-13 09:38:00,58,Mechanical Failure,Unplanned
DT003602,MC029,PRD0003241,2025-01-03 16:40:00,2025-01-03 16:59:00,19,Operator Break,Planned
DT003603,MC040,PRD0004505,2025-03-09 07:40:00,2025-03-09 08:07:00,27,Electrical Fault,Unplanned
DT003604,MC002,PRD0007938,2025-08-29 18:00:00,2025-08-29 18:35:00,35,Calibration,Planned
DT003605,MC037,PRD0006730,2026-06-05 14:40:00,2026-06-05 14:56:00,16,Material Shortage,Unplanned
DT003606,MC032,PRD0005785,2025-03-30 20:10:00,2025-03-31 02:44:00,394,Power Outage,Unplanned
DT003607,MC035,PRD0004088,2026-04-30 12:00:00,2026-04-30 12:42:00,42,Power Outage,Unplanned
DT003608,MC019,,2025-12-11 17:10:00,2025-12-11 17:32:00,22,Mechanical Failure,Unplanned
DT003609,MC004,,2025-12-14 07:20:00,2025-12-14 08:01:00,41,Scheduled Maintenance,Planned
DT003610,MC037,,2026-01-29 13:10:00,2026-01-29 14:52:00,102,Electrical Fault,Unplanned
DT003611,MC012,PRD0018689,2025-04-03 16:20:00,2025-04-03 17:17:00,57,Material Shortage,Unplanned
DT003612,MC005,PRD0018183,2025-06-24 07:50:00,2025-06-24 08:52:00,62,Electrical Fault,Unplanned
DT003613,MC022,,2026-02-27 03:50:00,2026-02-27 04:26:00,36,Material Shortage,Unplanned
DT003614,MC048,PRD0017979,2026-05-20 18:40:00,2026-05-20 19:06:00,26,Material Shortage,Unplanned
DT003615,MC016,PRD0002256,2025-06-16 10:00:00,2025-06-16 11:14:00,74,Material Shortage,Unplanned
DT003616,MC046,,2025-07-17 01:20:00,2025-07-17 02:13:00,53,Tooling Change,Planned
DT003617,MC010,PRD0001779,2026-04-07 10:10:00,2026-04-07 10:43:00,33,Tooling Change,Planned
DT003618,MC043,,2026-01-04 06:10:00,2026-01-04 07:00:00,50,Scheduled Maintenance,Planned
DT003619,MC034,PRD0007025,2025-02-23 05:00:00,2025-02-23 05:59:00,59,Electrical Fault,Unplanned
DT003620,MC037,PRD0007022,2025-01-14 04:50:00,2025-01-14 05:06:00,16,Mechanical Failure,Unplanned
DT003621,MC018,PRD0012001,2025-10-31 09:30:00,2025-10-31 09:57:00,27,Material Shortage,Unplanned
DT003622,MC044,PRD0000442,2025-01-21 01:00:00,2025-01-21 01:19:00,19,Scheduled Maintenance,Planned
DT003623,MC008,PRD0006303,2025-01-06 15:50:00,2025-01-06 16:41:00,51,Electrical Fault,Unplanned
DT003624,MC033,PRD0010781,2025-08-08 21:50:00,2025-08-08 22:02:00,12,Software/PLC Fault,Unplanned
DT003625,MC002,PRD0016444,2025-04-01 16:20:00,2025-04-01 16:30:00,10,Electrical Fault,Unplanned
DT003626,MC012,,2026-03-10 15:10:00,2026-03-10 15:59:00,49,Tooling Change,Planned
DT003627,MC034,,2025-09-25 19:30:00,2025-09-25 20:27:00,57,Calibration,Planned
DT003628,MC033,,2026-05-21 01:30:00,2026-05-21 02:37:00,67,Calibration,Planned
DT003629,MC038,PRD0013686,2025-02-14 08:30:00,2025-02-14 08:45:00,15,Software/PLC Fault,Unplanned
DT003630,MC011,PRD0003401,2026-05-17 21:30:00,2026-05-17 22:47:00,77,Material Shortage,Unplanned
DT003631,MC036,,2025-12-30 19:10:00,2025-12-30 19:27:00,17,Calibration,Planned
DT003632,MC015,PRD0003627,2025-12-21 04:40:00,2025-12-21 04:51:00,11,Operator Break,Planned
DT003633,MC012,PRD0003185,2025-09-30 18:00:00,2025-09-30 19:18:00,78,Software/PLC Fault,Unplanned
DT003634,MC011,,2025-06-15 14:10:00,2025-06-15 14:31:00,21,Calibration,Planned
DT003635,MC036,PRD0013981,2026-05-14 19:10:00,2026-05-14 20:01:00,51,Electrical Fault,Unplanned
DT003636,MC008,,2025-01-22 21:00:00,2025-01-22 23:31:00,151,Material Shortage,Unplanned
DT003637,MC018,,2025-02-14 14:20:00,2025-02-14 16:07:00,107,Software/PLC Fault,Unplanned
DT003638,MC001,PRD0016508,2025-09-08 08:30:00,2025-09-08 08:56:00,26,Operator Break,Planned
DT003639,MC037,,2025-03-02 00:30:00,2025-03-02 01:24:00,54,Scheduled Maintenance,Planned
DT003640,MC015,,2026-02-21 22:30:00,2026-02-21 23:07:00,37,Scheduled Maintenance,Planned
DT003641,MC025,,2025-09-18 17:20:00,2025-09-18 18:22:00,62,Electrical Fault,Unplanned
DT003642,MC028,PRD0019523,2025-11-01 22:30:00,2025-11-01 23:01:00,31,Material Shortage,Unplanned
DT003643,MC009,PRD0016661,2025-04-08 05:30:00,2025-04-08 05:39:00,9,Electrical Fault,Unplanned
DT003644,MC001,PRD0005875,2026-02-04 10:10:00,2026-02-04 10:38:00,28,Scheduled Maintenance,Planned
DT003645,MC002,PRD0019788,2025-02-09 03:00:00,2025-02-09 03:10:00,10,Tooling Change,Planned
DT003646,MC035,PRD0011086,2025-07-18 21:50:00,2025-07-18 22:00:00,10,Software/PLC Fault,Unplanned
DT003647,MC011,PRD0002208,2025-01-21 20:50:00,2025-01-21 21:32:00,42,Tooling Change,Planned
DT003648,MC007,PRD0007021,2025-03-20 10:30:00,2025-03-20 11:59:00,89,Software/PLC Fault,Unplanned
DT003649,MC039,PRD0018566,2025-12-06 04:30:00,2025-12-06 04:47:00,17,Power Outage,Unplanned
DT003650,MC047,,2025-05-13 16:20:00,2025-05-13 18:23:00,123,Material Shortage,Unplanned
DT003651,MC049,PRD0013883,2026-02-21 20:20:00,2026-02-21 20:30:00,10,Mechanical Failure,Unplanned
DT003652,MC023,PRD0014771,2025-01-04 00:10:00,2025-01-04 00:52:00,42,Power Outage,Unplanned
DT003653,MC018,PRD0000104,2025-03-12 14:00:00,2025-03-12 14:29:00,29,Operator Break,Planned
DT003654,MC018,,2025-08-12 02:50:00,2025-08-12 03:55:00,65,Scheduled Maintenance,Planned
DT003655,MC025,PRD0013351,2026-05-08 04:00:00,2026-05-08 04:49:00,49,Tooling Change,Planned
DT003656,MC004,PRD0011584,2026-03-15 21:40:00,2026-03-16 01:22:00,222,Software/PLC Fault,Unplanned
DT003657,MC029,,2025-05-25 01:20:00,2025-05-25 01:43:00,23,Software/PLC Fault,Unplanned
DT003658,MC033,PRD0002220,2026-03-08 18:00:00,2026-03-08 18:13:00,13,Software/PLC Fault,Unplanned
DT003659,MC048,,2026-04-04 10:00:00,2026-04-04 10:51:00,51,Mechanical Failure,Unplanned
DT003660,MC017,PRD0015664,2026-03-12 01:50:00,2026-03-12 01:57:00,7,Software/PLC Fault,Unplanned
DT003661,MC035,PRD0006066,2026-02-16 08:00:00,2026-02-16 08:20:00,20,Electrical Fault,Unplanned
DT003662,MC005,PRD0012507,2026-05-09 14:10:00,2026-05-09 15:00:00,50,Operator Break,Planned
DT003663,MC001,PRD0002639,2025-01-26 08:00:00,2025-01-26 08:48:00,48,Tooling Change,Planned
DT003664,MC033,,2025-07-15 19:10:00,2025-07-15 19:55:00,45,Operator Break,Planned
DT003665,MC019,PRD0000190,2025-01-03 14:50:00,2025-01-03 15:13:00,23,Mechanical Failure,Unplanned
DT003666,MC024,,2025-03-29 08:40:00,2025-03-29 09:11:00,31,Software/PLC Fault,Unplanned
DT003667,MC035,PRD0000545,2025-05-17 06:00:00,2025-05-17 07:43:00,103,Power Outage,Unplanned
DT003668,MC029,PRD0015008,2025-03-03 19:10:00,2025-03-03 19:31:00,21,Operator Break,Planned
DT003669,MC030,PRD0006540,2025-01-10 00:10:00,2025-01-10 01:02:00,52,Tooling Change,Planned
DT003670,MC039,PRD0012261,2026-04-19 06:10:00,2026-04-19 07:15:00,65,Operator Break,Planned
DT003671,MC006,PRD0014729,2026-05-22 12:50:00,2026-05-22 13:46:00,56,Scheduled Maintenance,Planned
DT003672,MC009,PRD0012658,2025-02-11 13:10:00,2025-02-11 13:32:00,22,Scheduled Maintenance,Planned
DT003673,MC025,,2025-05-31 15:10:00,2025-05-31 15:51:00,41,Electrical Fault,Unplanned
DT003674,MC020,PRD0007355,2025-06-21 03:50:00,2025-06-21 04:09:00,19,Tooling Change,Planned
DT003675,MC046,,2025-01-02 03:30:00,2025-01-02 04:13:00,43,Power Outage,Unplanned
DT003676,MC021,PRD0006044,2025-09-09 04:50:00,2025-09-09 05:39:00,49,Material Shortage,Unplanned
DT003677,MC044,,2025-01-27 05:10:00,2025-01-27 06:06:00,56,Power Outage,Unplanned
DT003678,MC020,PRD0011984,2025-10-23 07:40:00,2025-10-23 08:14:00,34,Software/PLC Fault,Unplanned
DT003679,MC050,PRD0010762,2025-10-26 10:20:00,2025-10-26 11:03:00,43,Mechanical Failure,Unplanned
DT003680,MC047,PRD0018447,2025-09-16 00:20:00,2025-09-16 03:17:00,177,Electrical Fault,Unplanned
DT003681,MC033,PRD0015659,2026-03-31 13:00:00,2026-03-31 13:33:00,33,Calibration,Planned
DT003682,MC016,PRD0011738,2025-06-12 12:40:00,2025-06-12 13:08:00,28,Calibration,Planned
DT003683,MC049,,2025-04-15 05:40:00,2025-04-15 06:30:00,50,Operator Break,Planned
DT003684,MC042,,2025-07-14 18:10:00,2025-07-14 18:41:00,31,Operator Break,Planned
DT003685,MC011,PRD0010652,2025-09-24 05:50:00,2025-09-24 06:27:00,37,Mechanical Failure,Unplanned
DT003686,MC004,PRD0002954,2026-01-13 00:30:00,2026-01-13 02:12:00,102,Power Outage,Unplanned
DT003687,MC021,PRD0014738,2025-08-04 18:10:00,2025-08-04 18:57:00,47,Scheduled Maintenance,Planned
DT003688,MC034,PRD0017477,2026-05-24 01:40:00,2026-05-24 01:59:00,19,Electrical Fault,Unplanned
DT003689,MC004,,2026-01-10 02:40:00,2026-01-10 02:53:00,13,Operator Break,Planned
DT003690,MC004,,2025-02-22 20:20:00,2025-02-22 20:51:00,31,Software/PLC Fault,Unplanned
DT003691,MC022,PRD0016659,2025-07-24 06:00:00,2025-07-24 07:01:00,61,Calibration,Planned
DT003692,MC001,,2026-05-09 18:00:00,2026-05-09 19:42:00,102,Material Shortage,Unplanned
DT003693,MC038,PRD0011880,2025-11-12 06:50:00,2025-11-12 07:54:00,64,Power Outage,Unplanned
DT003694,MC003,PRD0008066,2026-05-03 15:30:00,2026-05-03 16:16:00,46,Tooling Change,Planned
DT003695,MC046,PRD0005277,2025-08-17 01:40:00,2025-08-17 02:24:00,44,Mechanical Failure,Unplanned
DT003696,MC043,PRD0007600,2025-08-03 02:10:00,2025-08-03 03:02:00,52,Electrical Fault,Unplanned
DT003697,MC015,,2025-11-03 08:10:00,2025-11-03 08:41:00,31,Scheduled Maintenance,Planned
DT003698,MC024,PRD0011963,2025-05-14 05:30:00,2025-05-14 06:27:00,57,Scheduled Maintenance,Planned
DT003699,MC042,PRD0013910,2025-10-28 02:10:00,2025-10-28 03:12:00,62,Calibration,Planned
DT003700,MC021,PRD0012150,2025-06-22 10:10:00,2025-06-22 10:43:00,33,Calibration,Planned
DT003701,MC034,PRD0018700,2026-05-09 20:40:00,2026-05-09 20:50:00,10,Operator Break,Planned
DT003702,MC018,PRD0008908,2025-03-10 16:00:00,2025-03-10 17:20:00,80,Software/PLC Fault,Unplanned
DT003703,MC023,PRD0000939,2025-10-05 03:10:00,2025-10-05 03:41:00,31,Operator Break,Planned
DT003704,MC028,,2025-03-07 00:40:00,2025-03-07 04:26:00,226,Software/PLC Fault,Unplanned
DT003705,MC012,PRD0008638,2026-02-25 22:10:00,2026-02-25 22:58:00,48,Operator Break,Planned
DT003706,MC019,PRD0013591,2026-01-06 11:20:00,2026-01-06 11:45:00,25,Scheduled Maintenance,Planned
DT003707,MC038,PRD0012545,2025-09-27 15:10:00,2025-09-27 15:52:00,42,Tooling Change,Planned
DT003708,MC030,PRD0017476,2025-01-17 05:30:00,2025-01-17 07:28:00,118,Software/PLC Fault,Unplanned
DT003709,MC024,PRD0016044,2025-01-11 15:50:00,2025-01-11 16:12:00,22,Tooling Change,Planned
DT003710,MC033,PRD0006007,2025-10-10 13:40:00,2025-10-10 14:26:00,46,Operator Break,Planned
DT003711,MC049,,2026-05-28 05:40:00,2026-05-28 06:15:00,35,Material Shortage,Unplanned
DT003712,MC022,PRD0002243,2026-04-15 00:40:00,2026-04-15 04:17:00,217,Electrical Fault,Unplanned
DT003713,MC034,,2026-02-04 02:10:00,2026-02-04 03:56:00,106,Material Shortage,Unplanned
DT003714,MC005,,2025-05-16 19:10:00,2025-05-16 19:51:00,41,Power Outage,Unplanned
DT003715,MC047,PRD0006069,2025-08-09 20:00:00,2025-08-09 21:36:00,96,Software/PLC Fault,Unplanned
DT003716,MC009,PRD0007994,2025-06-02 06:30:00,2025-06-02 07:24:00,54,Operator Break,Planned
DT003717,MC020,PRD0018620,2026-01-03 01:40:00,2026-01-03 06:22:00,282,Power Outage,Unplanned
DT003718,MC034,,2026-06-11 20:40:00,2026-06-11 21:50:00,70,Scheduled Maintenance,Planned
DT003719,MC038,PRD0008010,2026-06-13 10:40:00,2026-06-13 11:39:00,59,Tooling Change,Planned
DT003720,MC016,PRD0012037,2025-07-06 16:40:00,2025-07-06 17:53:00,73,Calibration,Planned
DT003721,MC024,PRD0007523,2025-10-11 10:40:00,2025-10-11 11:28:00,48,Material Shortage,Unplanned
DT003722,MC049,PRD0014473,2025-11-13 04:30:00,2025-11-13 08:04:00,214,Material Shortage,Unplanned
DT003723,MC015,PRD0013268,2026-06-20 03:20:00,2026-06-20 04:45:00,85,Operator Break,Planned
DT003724,MC045,PRD0004512,2025-08-13 07:00:00,2025-08-13 08:52:00,112,Software/PLC Fault,Unplanned
DT003725,MC018,PRD0012285,2026-06-19 13:10:00,2026-06-19 13:59:00,49,Scheduled Maintenance,Planned
DT003726,MC036,PRD0004411,2025-08-31 05:50:00,2025-08-31 06:11:00,21,Calibration,Planned
DT003727,MC013,PRD0004156,2025-04-17 19:10:00,2025-04-17 19:32:00,22,Material Shortage,Unplanned
DT003728,MC007,PRD0010093,2025-05-04 09:20:00,2025-05-04 11:54:00,154,Material Shortage,Unplanned
DT003729,MC032,PRD0004757,2025-07-25 12:00:00,2025-07-25 14:43:00,163,Mechanical Failure,Unplanned
DT003730,MC012,PRD0008913,2025-05-02 03:50:00,2025-05-02 04:09:00,19,Power Outage,Unplanned
DT003731,MC017,,2026-04-18 00:50:00,2026-04-18 01:49:00,59,Mechanical Failure,Unplanned
DT003732,MC001,,2025-07-14 11:50:00,2025-07-14 12:19:00,29,Scheduled Maintenance,Planned
DT003733,MC046,,2025-03-08 14:50:00,2025-03-08 15:16:00,26,Calibration,Planned
DT003734,MC048,,2025-12-19 01:20:00,2025-12-19 02:19:00,59,Tooling Change,Planned
DT003735,MC016,PRD0002471,2025-07-17 15:30:00,2025-07-17 16:48:00,78,Operator Break,Planned
DT003736,MC014,PRD0000484,2025-01-03 09:40:00,2025-01-03 10:43:00,63,Operator Break,Planned
DT003737,MC006,PRD0000145,2025-12-11 02:40:00,2025-12-11 03:34:00,54,Software/PLC Fault,Unplanned
DT003738,MC022,PRD0011431,2025-10-07 09:00:00,2025-10-07 09:59:00,59,Operator Break,Planned
DT003739,MC021,,2025-12-17 04:50:00,2025-12-17 05:53:00,63,Tooling Change,Planned
DT003740,MC032,PRD0007731,2025-12-28 03:40:00,2025-12-28 04:34:00,54,Scheduled Maintenance,Planned
DT003741,MC042,,2025-07-09 16:20:00,2025-07-09 16:44:00,24,Material Shortage,Unplanned
DT003742,MC030,,2025-10-26 03:00:00,2025-10-26 03:19:00,19,Scheduled Maintenance,Planned
DT003743,MC026,PRD0016929,2025-05-11 06:20:00,2025-05-11 07:34:00,74,Scheduled Maintenance,Planned
DT003744,MC049,,2025-10-17 19:20:00,2025-10-17 19:58:00,38,Tooling Change,Planned
DT003745,MC026,,2026-01-21 02:30:00,2026-01-21 03:25:00,55,Scheduled Maintenance,Planned
DT003746,MC025,PRD0018635,2026-02-04 21:40:00,2026-02-04 22:23:00,43,Operator Break,Planned
DT003747,MC010,PRD0011255,2025-06-16 15:10:00,2025-06-16 20:41:00,331,Power Outage,Unplanned
DT003748,MC029,PRD0006043,2026-01-04 16:50:00,2026-01-04 17:55:00,65,Tooling Change,Planned
DT003749,MC015,PRD0010603,2025-06-16 07:00:00,2025-06-16 08:38:00,98,Material Shortage,Unplanned
DT003750,MC044,,2025-03-23 03:30:00,2025-03-23 04:11:00,41,Operator Break,Planned
DT003751,MC024,PRD0018633,2025-07-21 02:40:00,2025-07-21 03:48:00,68,Tooling Change,Planned
DT003752,MC029,PRD0005153,2025-09-08 10:50:00,2025-09-08 11:46:00,56,Material Shortage,Unplanned
DT003753,MC034,,2025-01-04 06:20:00,2025-01-04 06:48:00,28,Tooling Change,Planned
DT003754,MC025,PRD0019813,2025-09-17 03:20:00,2025-09-17 07:29:00,249,Electrical Fault,Unplanned
DT003755,MC039,,2026-05-27 11:00:00,2026-05-27 11:31:00,31,Mechanical Failure,Unplanned
DT003756,MC022,PRD0011029,2026-02-26 00:20:00,2026-02-26 01:04:00,44,Software/PLC Fault,Unplanned
DT003757,MC047,,2025-04-24 18:00:00,2025-04-24 20:12:00,132,Software/PLC Fault,Unplanned
DT003758,MC025,PRD0012124,2025-08-23 02:30:00,2025-08-23 03:29:00,59,Calibration,Planned
DT003759,MC036,PRD0003345,2025-12-30 15:10:00,2025-12-30 16:59:00,109,Material Shortage,Unplanned
DT003760,MC010,,2026-01-19 00:30:00,2026-01-19 01:13:00,43,Operator Break,Planned
DT003761,MC033,,2025-07-13 20:10:00,2025-07-13 20:37:00,27,Scheduled Maintenance,Planned
DT003762,MC037,PRD0015103,2025-11-21 15:30:00,2025-11-21 15:52:00,22,Material Shortage,Unplanned
DT003763,MC050,PRD0002100,2026-01-22 04:30:00,2026-01-22 04:42:00,12,Power Outage,Unplanned
DT003764,MC015,PRD0003202,2026-04-10 01:50:00,2026-04-10 02:21:00,31,Material Shortage,Unplanned
DT003765,MC017,PRD0004334,2025-08-06 07:00:00,2025-08-06 07:23:00,23,Scheduled Maintenance,Planned
DT003766,MC016,PRD0018935,2025-07-22 04:30:00,2025-07-22 09:32:00,302,Electrical Fault,Unplanned
DT003767,MC027,PRD0012886,2025-05-27 01:30:00,2025-05-27 03:23:00,113,Material Shortage,Unplanned
DT003768,MC034,,2026-06-28 05:20:00,2026-06-28 06:12:00,52,Material Shortage,Unplanned
DT003769,MC042,PRD0017917,2025-02-07 01:00:00,2025-02-07 01:26:00,26,Material Shortage,Unplanned
DT003770,MC042,PRD0009350,2026-03-05 13:40:00,2026-03-05 14:09:00,29,Scheduled Maintenance,Planned
DT003771,MC043,PRD0004684,2025-11-21 03:20:00,2025-11-21 04:43:00,83,Material Shortage,Unplanned
DT003772,MC028,PRD0018828,2026-01-27 06:40:00,2026-01-27 07:28:00,48,Material Shortage,Unplanned
DT003773,MC043,,2026-05-03 13:40:00,2026-05-03 14:25:00,45,Operator Break,Planned
DT003774,MC027,PRD0009290,2025-10-04 19:00:00,2025-10-04 19:24:00,24,Tooling Change,Planned
DT003775,MC042,PRD0003118,2025-01-30 14:30:00,2025-01-30 14:50:00,20,Power Outage,Unplanned
DT003776,MC007,PRD0008235,2026-03-27 12:00:00,2026-03-27 12:42:00,42,Calibration,Planned
DT003777,MC043,,2026-06-28 18:00:00,2026-06-28 19:23:00,83,Calibration,Planned
DT003778,MC030,,2026-02-24 11:10:00,2026-02-24 11:45:00,35,Power Outage,Unplanned
DT003779,MC002,PRD0019643,2026-06-28 18:50:00,2026-06-28 19:14:00,24,Mechanical Failure,Unplanned
DT003780,MC023,,2025-01-02 18:00:00,2025-01-02 18:25:00,25,Scheduled Maintenance,Planned
DT003781,MC019,,2025-12-08 08:20:00,2025-12-08 08:49:00,29,Software/PLC Fault,Unplanned
DT003782,MC039,PRD0018806,2025-10-06 09:20:00,2025-10-06 10:07:00,47,Power Outage,Unplanned
DT003783,MC017,PRD0009226,2026-05-28 22:50:00,2026-05-29 00:30:00,100,Electrical Fault,Unplanned
DT003784,MC008,PRD0010381,2025-01-25 20:20:00,2025-01-25 20:50:00,30,Software/PLC Fault,Unplanned
DT003785,MC022,PRD0012853,2026-05-15 00:10:00,2026-05-15 01:52:00,102,Electrical Fault,Unplanned
DT003786,MC020,,2026-06-14 14:20:00,2026-06-14 14:57:00,37,Power Outage,Unplanned
DT003787,MC012,PRD0001831,2025-12-04 05:00:00,2025-12-04 05:31:00,31,Calibration,Planned
DT003788,MC046,PRD0017686,2025-02-16 11:20:00,2025-02-16 11:50:00,30,Calibration,Planned
DT003789,MC010,PRD0019142,2026-01-03 19:00:00,2026-01-03 21:57:00,177,Software/PLC Fault,Unplanned
DT003790,MC044,PRD0015859,2025-11-15 16:10:00,2025-11-15 16:29:00,19,Material Shortage,Unplanned
DT003791,MC025,PRD0014680,2025-09-06 22:30:00,2025-09-06 23:35:00,65,Scheduled Maintenance,Planned
DT003792,MC024,PRD0010199,2025-10-11 20:20:00,2025-10-11 21:03:00,43,Operator Break,Planned
DT003793,MC049,PRD0006591,2025-12-19 09:20:00,2025-12-19 10:10:00,50,Electrical Fault,Unplanned
DT003794,MC015,PRD0004387,2026-06-30 04:20:00,2026-06-30 04:45:00,25,Electrical Fault,Unplanned
DT003795,MC002,,2025-06-25 15:40:00,2025-06-25 15:58:00,18,Mechanical Failure,Unplanned
DT003796,MC046,,2025-01-14 09:10:00,2025-01-14 09:52:00,42,Scheduled Maintenance,Planned
DT003797,MC045,PRD0017873,2025-08-11 19:50:00,2025-08-11 20:09:00,19,Electrical Fault,Unplanned
DT003798,MC013,PRD0009869,2026-01-17 19:30:00,2026-01-17 20:44:00,74,Operator Break,Planned
DT003799,MC017,PRD0007230,2025-06-06 00:40:00,2025-06-06 01:27:00,47,Electrical Fault,Unplanned
DT003800,MC010,,2026-05-28 09:20:00,2026-05-28 09:39:00,19,Calibration,Planned
DT003801,MC004,PRD0008741,2026-05-01 01:00:00,2026-05-01 02:48:00,108,Software/PLC Fault,Unplanned
DT003802,MC015,PRD0015614,2025-03-02 09:00:00,2025-03-02 09:14:00,14,Material Shortage,Unplanned
DT003803,MC016,PRD0013802,2025-07-28 17:00:00,2025-07-28 17:22:00,22,Operator Break,Planned
DT003804,MC019,,2025-03-12 07:00:00,2025-03-12 07:18:00,18,Mechanical Failure,Unplanned
DT003805,MC017,PRD0015511,2026-01-01 16:20:00,2026-01-01 16:57:00,37,Calibration,Planned
DT003806,MC005,PRD0014379,2026-05-15 06:20:00,2026-05-15 07:08:00,48,Tooling Change,Planned
DT003807,MC041,PRD0000633,2026-02-11 10:40:00,2026-02-11 10:50:00,10,Scheduled Maintenance,Planned
DT003808,MC011,,2025-01-22 21:40:00,2025-01-22 23:15:00,95,Power Outage,Unplanned
DT003809,MC023,PRD0005601,2025-04-27 06:50:00,2025-04-27 08:07:00,77,Tooling Change,Planned
DT003810,MC028,PRD0001026,2025-03-03 04:20:00,2025-03-03 04:55:00,35,Material Shortage,Unplanned
DT003811,MC030,,2025-09-16 22:30:00,2025-09-16 23:26:00,56,Operator Break,Planned
DT003812,MC021,PRD0012753,2025-02-22 02:10:00,2025-02-22 02:31:00,21,Operator Break,Planned
DT003813,MC018,,2025-08-09 12:40:00,2025-08-09 12:52:00,12,Electrical Fault,Unplanned
DT003814,MC028,PRD0000060,2025-02-28 06:30:00,2025-02-28 08:06:00,96,Scheduled Maintenance,Planned
DT003815,MC026,PRD0012161,2025-04-17 00:50:00,2025-04-17 01:33:00,43,Tooling Change,Planned
DT003816,MC007,PRD0017296,2025-04-13 19:10:00,2025-04-13 20:12:00,62,Scheduled Maintenance,Planned
DT003817,MC026,PRD0015808,2026-01-13 14:00:00,2026-01-13 14:37:00,37,Software/PLC Fault,Unplanned
DT003818,MC026,,2025-10-24 00:20:00,2025-10-24 01:08:00,48,Tooling Change,Planned
DT003819,MC027,,2025-08-05 05:10:00,2025-08-05 05:40:00,30,Power Outage,Unplanned
DT003820,MC020,,2026-05-23 11:20:00,2026-05-23 11:41:00,21,Material Shortage,Unplanned
DT003821,MC039,PRD0015336,2025-11-19 03:30:00,2025-11-19 04:19:00,49,Operator Break,Planned
DT003822,MC009,PRD0000063,2025-06-27 18:30:00,2025-06-27 18:56:00,26,Tooling Change,Planned
DT003823,MC028,,2025-04-13 12:00:00,2025-04-13 12:25:00,25,Scheduled Maintenance,Planned
DT003824,MC003,PRD0010617,2026-03-08 01:00:00,2026-03-08 02:12:00,72,Calibration,Planned
DT003825,MC002,PRD0009942,2025-11-11 22:00:00,2025-11-11 22:30:00,30,Mechanical Failure,Unplanned
DT003826,MC005,PRD0010189,2026-03-06 19:50:00,2026-03-06 20:15:00,25,Scheduled Maintenance,Planned
DT003827,MC023,PRD0009382,2026-06-17 01:20:00,2026-06-17 01:41:00,21,Scheduled Maintenance,Planned
DT003828,MC050,PRD0014411,2025-10-08 13:00:00,2025-10-08 13:15:00,15,Material Shortage,Unplanned
DT003829,MC040,,2026-03-14 03:40:00,2026-03-14 04:45:00,65,Calibration,Planned
DT003830,MC049,PRD0001120,2025-11-19 16:00:00,2025-11-19 17:05:00,65,Scheduled Maintenance,Planned
DT003831,MC047,PRD0001176,2025-04-09 11:00:00,2025-04-09 11:44:00,44,Material Shortage,Unplanned
DT003832,MC020,,2025-02-09 15:30:00,2025-02-09 15:47:00,17,Tooling Change,Planned
DT003833,MC005,PRD0018126,2025-08-13 00:00:00,2025-08-13 00:49:00,49,Scheduled Maintenance,Planned
DT003834,MC027,PRD0001637,2025-05-29 05:20:00,2025-05-29 06:24:00,64,Scheduled Maintenance,Planned
DT003835,MC038,,2025-12-01 19:10:00,2025-12-01 19:37:00,27,Power Outage,Unplanned
DT003836,MC002,PRD0011912,2025-02-23 22:30:00,2025-02-23 23:37:00,67,Electrical Fault,Unplanned
DT003837,MC045,,2025-10-08 19:50:00,2025-10-08 20:18:00,28,Operator Break,Planned
DT003838,MC035,PRD0009875,2025-11-05 09:10:00,2025-11-05 10:10:00,60,Tooling Change,Planned
DT003839,MC011,,2025-03-24 10:20:00,2025-03-24 10:57:00,37,Calibration,Planned
DT003840,MC012,PRD0003895,2025-09-14 20:40:00,2025-09-14 20:51:00,11,Material Shortage,Unplanned
DT003841,MC025,PRD0017184,2025-10-02 02:20:00,2025-10-02 04:13:00,113,Mechanical Failure,Unplanned
DT003842,MC019,,2025-02-05 10:00:00,2025-02-05 12:13:00,133,Power Outage,Unplanned
DT003843,MC002,PRD0016258,2026-04-03 04:10:00,2026-04-03 04:31:00,21,Mechanical Failure,Unplanned
DT003844,MC039,PRD0003282,2025-03-27 20:30:00,2025-03-27 21:40:00,70,Electrical Fault,Unplanned
DT003845,MC004,PRD0013850,2026-04-23 00:30:00,2026-04-23 01:11:00,41,Scheduled Maintenance,Planned
DT003846,MC028,,2025-08-16 19:50:00,2025-08-16 20:11:00,21,Mechanical Failure,Unplanned
DT003847,MC020,PRD0005772,2025-11-18 06:00:00,2025-11-18 06:17:00,17,Operator Break,Planned
DT003848,MC021,PRD0015456,2025-02-18 02:50:00,2025-02-18 04:38:00,108,Mechanical Failure,Unplanned
DT003849,MC049,,2026-05-02 17:10:00,2026-05-02 18:17:00,67,Tooling Change,Planned
DT003850,MC018,PRD0007059,2025-12-23 20:40:00,2025-12-23 21:11:00,31,Material Shortage,Unplanned
DT003851,MC004,PRD0019031,2025-09-15 14:20:00,2025-09-15 14:58:00,38,Operator Break,Planned
DT003852,MC007,,2026-03-09 12:30:00,2026-03-09 13:09:00,39,Tooling Change,Planned
DT003853,MC031,PRD0017732,2026-04-29 15:00:00,2026-04-29 16:20:00,80,Power Outage,Unplanned
DT003854,MC042,,2025-05-27 15:20:00,2025-05-27 16:21:00,61,Calibration,Planned
DT003855,MC031,PRD0017538,2025-03-21 07:50:00,2025-03-21 08:25:00,35,Operator Break,Planned
DT003856,MC006,PRD0003694,2025-05-09 12:00:00,2025-05-09 13:25:00,85,Power Outage,Unplanned
DT003857,MC041,PRD0005270,2025-10-04 05:30:00,2025-10-04 05:39:00,9,Power Outage,Unplanned
DT003858,MC015,PRD0011608,2025-09-27 01:10:00,2025-09-27 01:22:00,12,Scheduled Maintenance,Planned
DT003859,MC045,,2025-10-10 06:30:00,2025-10-10 06:57:00,27,Operator Break,Planned
DT003860,MC010,,2026-05-15 05:50:00,2026-05-15 06:20:00,30,Electrical Fault,Unplanned
DT003861,MC035,PRD0007630,2026-02-03 21:10:00,2026-02-03 21:24:00,14,Scheduled Maintenance,Planned
DT003862,MC010,,2025-03-19 09:30:00,2025-03-19 09:56:00,26,Software/PLC Fault,Unplanned
DT003863,MC028,PRD0004461,2025-11-24 03:30:00,2025-11-24 07:08:00,218,Software/PLC Fault,Unplanned
DT003864,MC046,PRD0000207,2025-02-19 13:40:00,2025-02-19 15:36:00,116,Mechanical Failure,Unplanned
DT003865,MC027,PRD0009234,2026-02-12 05:50:00,2026-02-12 06:27:00,37,Power Outage,Unplanned
DT003866,MC010,PRD0000663,2025-04-01 12:20:00,2025-04-01 12:48:00,28,Tooling Change,Planned
DT003867,MC039,,2025-06-12 07:50:00,2025-06-12 08:00:00,10,Operator Break,Planned
DT003868,MC026,PRD0014239,2026-01-08 04:50:00,2026-01-08 05:50:00,60,Software/PLC Fault,Unplanned
DT003869,MC011,PRD0018478,2025-09-26 22:30:00,2025-09-26 23:15:00,45,Software/PLC Fault,Unplanned
DT003870,MC037,PRD0005935,2026-03-09 15:20:00,2026-03-09 16:53:00,93,Software/PLC Fault,Unplanned
DT003871,MC003,PRD0002413,2025-04-17 02:10:00,2025-04-17 04:39:00,149,Software/PLC Fault,Unplanned
DT003872,MC024,,2025-12-10 11:10:00,2025-12-10 11:52:00,42,Electrical Fault,Unplanned
DT003873,MC011,PRD0004017,2025-12-08 09:50:00,2025-12-08 11:24:00,94,Mechanical Failure,Unplanned
DT003874,MC036,,2026-05-22 16:50:00,2026-05-22 17:49:00,59,Scheduled Maintenance,Planned
DT003875,MC043,,2025-12-12 09:00:00,2025-12-12 10:16:00,76,Power Outage,Unplanned
DT003876,MC018,,2026-03-28 20:10:00,2026-03-28 21:08:00,58,Scheduled Maintenance,Planned
DT003877,MC038,PRD0000686,2026-01-06 08:10:00,2026-01-06 08:28:00,18,Tooling Change,Planned
DT003878,MC025,,2026-05-18 04:50:00,2026-05-18 05:36:00,46,Electrical Fault,Unplanned
DT003879,MC020,,2025-11-06 02:40:00,2025-11-06 03:59:00,79,Software/PLC Fault,Unplanned
DT003880,MC009,PRD0012658,2025-02-11 14:20:00,2025-02-11 14:28:00,8,Material Shortage,Unplanned
DT003881,MC022,,2025-04-16 21:20:00,2025-04-16 22:16:00,56,Power Outage,Unplanned
DT003882,MC031,PRD0019754,2025-12-04 11:30:00,2025-12-04 11:37:00,7,Software/PLC Fault,Unplanned
DT003883,MC009,PRD0001744,2026-01-07 01:00:00,2026-01-07 02:25:00,85,Mechanical Failure,Unplanned
DT003884,MC030,,2025-12-21 02:50:00,2025-12-21 04:46:00,116,Software/PLC Fault,Unplanned
DT003885,MC034,PRD0000302,2025-02-22 03:20:00,2025-02-22 04:32:00,72,Operator Break,Planned
DT003886,MC018,PRD0013204,2025-01-15 06:20:00,2025-01-15 06:45:00,25,Material Shortage,Unplanned
DT003887,MC016,PRD0005400,2026-02-11 08:00:00,2026-02-11 09:13:00,73,Mechanical Failure,Unplanned
DT003888,MC038,,2026-04-06 21:00:00,2026-04-06 21:52:00,52,Software/PLC Fault,Unplanned
DT003889,MC026,,2025-06-15 05:20:00,2025-06-15 06:24:00,64,Software/PLC Fault,Unplanned
DT003890,MC008,PRD0007487,2026-01-31 21:40:00,2026-01-31 21:58:00,18,Software/PLC Fault,Unplanned
DT003891,MC005,PRD0012507,2026-05-09 16:50:00,2026-05-09 17:20:00,30,Material Shortage,Unplanned
DT003892,MC019,PRD0006099,2025-12-17 03:50:00,2025-12-17 04:36:00,46,Material Shortage,Unplanned
DT003893,MC042,PRD0000316,2025-04-29 21:00:00,2025-04-29 22:48:00,108,Power Outage,Unplanned
DT003894,MC042,PRD0019595,2026-04-22 16:40:00,2026-04-22 16:51:00,11,Mechanical Failure,Unplanned
DT003895,MC017,,2025-04-29 11:40:00,2025-04-29 12:38:00,58,Scheduled Maintenance,Planned
DT003896,MC006,,2025-06-03 18:30:00,2025-06-03 19:25:00,55,Software/PLC Fault,Unplanned
DT003897,MC008,PRD0003392,2026-03-04 16:10:00,2026-03-04 16:26:00,16,Software/PLC Fault,Unplanned
DT003898,MC004,PRD0007665,2025-06-17 12:00:00,2025-06-17 22:00:00,600,Electrical Fault,Unplanned
DT003899,MC021,PRD0002107,2026-01-11 09:30:00,2026-01-11 09:40:00,10,Scheduled Maintenance,Planned
DT003900,MC027,,2026-03-03 17:20:00,2026-03-03 17:58:00,38,Power Outage,Unplanned
DT003901,MC025,PRD0008486,2026-01-26 13:20:00,2026-01-26 13:36:00,16,Calibration,Planned
DT003902,MC018,PRD0018637,2025-03-19 02:40:00,2025-03-19 03:17:00,37,Scheduled Maintenance,Planned
DT003903,MC016,,2025-07-12 01:40:00,2025-07-12 02:29:00,49,Scheduled Maintenance,Planned
DT003904,MC005,,2025-02-01 22:30:00,2025-02-01 23:29:00,59,Calibration,Planned
DT003905,MC036,PRD0003215,2025-06-19 04:00:00,2025-06-19 04:24:00,24,Electrical Fault,Unplanned
DT003906,MC023,,2025-06-11 21:40:00,2025-06-11 22:00:00,20,Software/PLC Fault,Unplanned
DT003907,MC032,,2025-03-01 21:00:00,2025-03-01 21:48:00,48,Power Outage,Unplanned
DT003908,MC020,PRD0013356,2025-11-24 00:10:00,2025-11-24 01:29:00,79,Calibration,Planned
DT003909,MC023,PRD0013420,2025-07-14 04:20:00,2025-07-14 07:31:00,191,Mechanical Failure,Unplanned
DT003910,MC037,,2025-07-08 07:00:00,2025-07-08 07:58:00,58,Operator Break,Planned
DT003911,MC032,PRD0008326,2026-02-25 04:00:00,2026-02-25 04:27:00,27,Power Outage,Unplanned
DT003912,MC006,PRD0004892,2026-06-08 05:30:00,2026-06-08 06:23:00,53,Electrical Fault,Unplanned
DT003913,MC027,PRD0003908,2026-02-17 02:20:00,2026-02-17 02:59:00,39,Mechanical Failure,Unplanned
DT003914,MC001,PRD0014861,2025-09-20 14:40:00,2025-09-20 15:19:00,39,Operator Break,Planned
DT003915,MC007,PRD0014980,2025-02-11 13:10:00,2025-02-11 13:56:00,46,Tooling Change,Planned
DT003916,MC037,,2026-03-10 14:20:00,2026-03-10 21:09:00,409,Electrical Fault,Unplanned
DT003917,MC001,,2025-12-18 20:20:00,2025-12-18 21:03:00,43,Software/PLC Fault,Unplanned
DT003918,MC011,,2026-06-19 05:30:00,2026-06-19 07:09:00,99,Mechanical Failure,Unplanned
DT003919,MC017,PRD0015488,2026-02-04 15:00:00,2026-02-04 16:11:00,71,Mechanical Failure,Unplanned
DT003920,MC048,PRD0006808,2025-10-28 02:30:00,2025-10-28 03:41:00,71,Tooling Change,Planned
DT003921,MC011,,2025-12-16 00:30:00,2025-12-16 00:40:00,10,Power Outage,Unplanned
DT003922,MC050,PRD0018205,2026-04-21 10:20:00,2026-04-21 10:40:00,20,Electrical Fault,Unplanned
DT003923,MC031,PRD0000652,2025-01-21 21:30:00,2025-01-21 23:05:00,95,Software/PLC Fault,Unplanned
DT003924,MC027,,2026-04-18 12:40:00,2026-04-18 12:49:00,9,Material Shortage,Unplanned
DT003925,MC002,PRD0000666,2026-03-26 00:40:00,2026-03-26 01:52:00,72,Software/PLC Fault,Unplanned
DT003926,MC028,,2026-06-12 18:50:00,2026-06-12 19:44:00,54,Tooling Change,Planned
DT003927,MC016,PRD0015004,2025-12-30 02:30:00,2025-12-30 02:54:00,24,Electrical Fault,Unplanned
DT003928,MC028,PRD0002995,2026-05-21 08:50:00,2026-05-21 09:26:00,36,Calibration,Planned
DT003929,MC013,PRD0007829,2026-03-07 18:30:00,2026-03-07 19:38:00,68,Material Shortage,Unplanned
DT003930,MC007,PRD0003808,2025-06-12 14:30:00,2025-06-12 16:01:00,91,Scheduled Maintenance,Planned
DT003931,MC045,,2026-04-19 18:40:00,2026-04-19 19:01:00,21,Power Outage,Unplanned
DT003932,MC038,PRD0001660,2025-09-24 10:00:00,2025-09-24 11:07:00,67,Calibration,Planned
DT003933,MC040,PRD0018184,2025-04-15 21:20:00,2025-04-15 21:43:00,23,Calibration,Planned
DT003934,MC027,PRD0000598,2025-04-29 20:30:00,2025-04-29 21:14:00,44,Calibration,Planned
DT003935,MC038,,2026-05-13 10:50:00,2026-05-13 11:54:00,64,Power Outage,Unplanned
DT003936,MC028,PRD0009479,2025-01-12 15:10:00,2025-01-12 15:19:00,9,Power Outage,Unplanned
DT003937,MC040,,2026-06-16 06:10:00,2026-06-16 07:05:00,55,Tooling Change,Planned
DT003938,MC048,PRD0008937,2025-01-19 22:40:00,2025-01-19 23:00:00,20,Tooling Change,Planned
DT003939,MC050,PRD0011516,2025-10-23 18:20:00,2025-10-23 19:09:00,49,Electrical Fault,Unplanned
DT003940,MC039,PRD0000162,2026-02-15 16:40:00,2026-02-15 17:14:00,34,Tooling Change,Planned
DT003941,MC050,PRD0012196,2025-03-15 05:10:00,2025-03-15 06:35:00,85,Software/PLC Fault,Unplanned
DT003942,MC015,PRD0001827,2026-02-24 11:10:00,2026-02-24 11:44:00,34,Mechanical Failure,Unplanned
DT003943,MC011,PRD0003441,2026-03-19 08:40:00,2026-03-19 10:31:00,111,Software/PLC Fault,Unplanned
DT003944,MC005,,2025-07-19 22:30:00,2025-07-19 23:24:00,54,Mechanical Failure,Unplanned
DT003945,MC030,PRD0005051,2025-02-16 03:50:00,2025-02-16 04:25:00,35,Power Outage,Unplanned
DT003946,MC028,PRD0005232,2026-01-13 02:30:00,2026-01-13 02:50:00,20,Calibration,Planned
DT003947,MC042,,2026-03-27 16:00:00,2026-03-27 16:29:00,29,Calibration,Planned
DT003948,MC040,PRD0005008,2025-11-23 04:30:00,2025-11-23 06:19:00,109,Power Outage,Unplanned
DT003949,MC002,PRD0001700,2026-06-25 08:00:00,2026-06-25 08:55:00,55,Operator Break,Planned
DT003950,MC038,PRD0012143,2025-04-08 16:00:00,2025-04-08 17:02:00,62,Calibration,Planned
DT003951,MC024,,2026-06-25 04:00:00,2026-06-25 04:14:00,14,Electrical Fault,Unplanned
DT003952,MC023,PRD0006727,2025-11-07 09:20:00,2025-11-07 10:34:00,74,Operator Break,Planned
DT003953,MC027,PRD0007640,2025-04-04 07:50:00,2025-04-04 08:33:00,43,Operator Break,Planned
DT003954,MC004,PRD0010424,2026-03-07 21:20:00,2026-03-07 22:23:00,63,Scheduled Maintenance,Planned
DT003955,MC015,PRD0013948,2026-01-19 06:20:00,2026-01-19 07:40:00,80,Electrical Fault,Unplanned
DT003956,MC039,PRD0004871,2025-01-16 06:10:00,2025-01-16 06:53:00,43,Software/PLC Fault,Unplanned
DT003957,MC030,PRD0005239,2025-06-21 03:40:00,2025-06-21 04:16:00,36,Scheduled Maintenance,Planned
DT003958,MC040,PRD0013654,2025-07-14 12:30:00,2025-07-14 13:19:00,49,Mechanical Failure,Unplanned
DT003959,MC042,PRD0012618,2025-01-22 18:30:00,2025-01-22 18:41:00,11,Software/PLC Fault,Unplanned
DT003960,MC046,PRD0012307,2025-02-20 20:10:00,2025-02-20 20:42:00,32,Mechanical Failure,Unplanned
DT003961,MC002,PRD0013341,2026-06-29 11:40:00,2026-06-29 12:00:00,20,Operator Break,Planned
DT003962,MC048,,2025-01-25 07:00:00,2025-01-25 07:37:00,37,Calibration,Planned
DT003963,MC026,,2026-04-14 05:50:00,2026-04-14 06:48:00,58,Calibration,Planned
DT003964,MC011,,2025-06-10 18:40:00,2025-06-10 19:15:00,35,Power Outage,Unplanned
DT003965,MC029,PRD0018579,2025-05-15 12:30:00,2025-05-15 13:17:00,47,Operator Break,Planned
DT003966,MC013,PRD0015167,2025-07-01 12:20:00,2025-07-01 13:56:00,96,Scheduled Maintenance,Planned
DT003967,MC008,PRD0016229,2025-09-20 05:00:00,2025-09-20 05:57:00,57,Tooling Change,Planned
DT003968,MC018,PRD0008685,2025-06-04 11:00:00,2025-06-04 12:10:00,70,Mechanical Failure,Unplanned
DT003969,MC045,,2025-04-30 17:20:00,2025-04-30 18:17:00,57,Calibration,Planned
DT003970,MC027,,2026-06-06 08:40:00,2026-06-06 09:08:00,28,Tooling Change,Planned
DT003971,MC030,PRD0003001,2026-06-17 04:20:00,2026-06-17 05:01:00,41,Software/PLC Fault,Unplanned
DT003972,MC013,PRD0016146,2025-09-04 13:20:00,2025-09-04 14:05:00,45,Operator Break,Planned
DT003973,MC015,PRD0003799,2026-01-17 22:10:00,2026-01-17 22:56:00,46,Tooling Change,Planned
DT003974,MC019,,2025-05-31 00:40:00,2025-05-31 00:57:00,17,Power Outage,Unplanned
DT003975,MC049,,2025-04-02 09:50:00,2025-04-02 10:39:00,49,Scheduled Maintenance,Planned
DT003976,MC021,PRD0010323,2025-06-11 15:10:00,2025-06-11 15:17:00,7,Power Outage,Unplanned
DT003977,MC020,PRD0005623,2026-04-19 03:10:00,2026-04-19 03:25:00,15,Software/PLC Fault,Unplanned
DT003978,MC026,PRD0001616,2025-02-07 15:10:00,2025-02-07 17:36:00,146,Software/PLC Fault,Unplanned
DT003979,MC009,PRD0014562,2025-09-22 00:30:00,2025-09-22 01:28:00,58,Scheduled Maintenance,Planned
DT003980,MC016,PRD0019299,2025-12-20 04:10:00,2025-12-20 04:43:00,33,Tooling Change,Planned
DT003981,MC018,,2025-03-26 15:10:00,2025-03-26 15:47:00,37,Calibration,Planned
DT003982,MC008,PRD0014381,2025-01-25 19:30:00,2025-01-25 20:14:00,44,Scheduled Maintenance,Planned
DT003983,MC027,PRD0013914,2026-01-31 11:50:00,2026-01-31 12:32:00,42,Scheduled Maintenance,Planned
DT003984,MC010,,2026-01-16 05:20:00,2026-01-16 07:31:00,131,Mechanical Failure,Unplanned
DT003985,MC006,,2026-06-20 17:40:00,2026-06-20 18:14:00,34,Material Shortage,Unplanned
DT003986,MC038,PRD0005043,2025-11-23 11:00:00,2025-11-23 11:35:00,35,Calibration,Planned
DT003987,MC009,PRD0019984,2026-02-04 06:30:00,2026-02-04 07:05:00,35,Scheduled Maintenance,Planned
DT003988,MC025,PRD0010939,2025-06-27 19:50:00,2025-06-27 20:31:00,41,Calibration,Planned
DT003989,MC017,PRD0001071,2026-01-14 02:50:00,2026-01-14 04:03:00,73,Calibration,Planned
DT003990,MC024,PRD0019383,2025-11-25 18:20:00,2025-11-25 19:23:00,63,Operator Break,Planned
DT003991,MC005,,2025-11-13 07:30:00,2025-11-13 07:57:00,27,Tooling Change,Planned
DT003992,MC028,PRD0004233,2025-05-18 20:10:00,2025-05-18 21:06:00,56,Operator Break,Planned
DT003993,MC021,PRD0006244,2025-09-22 19:10:00,2025-09-22 21:16:00,126,Mechanical Failure,Unplanned
DT003994,MC042,,2025-06-19 13:40:00,2025-06-19 14:48:00,68,Material Shortage,Unplanned
DT003995,MC046,PRD0003673,2026-05-16 08:00:00,2026-05-16 08:56:00,56,Calibration,Planned
DT003996,MC007,PRD0013354,2026-04-06 08:20:00,2026-04-06 08:30:00,10,Operator Break,Planned
DT003997,MC002,PRD0000178,2025-09-01 03:30:00,2025-09-01 03:59:00,29,Electrical Fault,Unplanned
DT003998,MC025,PRD0018826,2026-05-19 06:00:00,2026-05-19 07:04:00,64,Electrical Fault,Unplanned
DT003999,MC031,,2025-01-17 21:20:00,2025-01-17 22:09:00,49,Material Shortage,Unplanned
DT004000,MC030,PRD0018955,2026-05-13 04:10:00,2026-05-13 05:06:00,56,Mechanical Failure,Unplanned
DT004001,MC015,PRD0003768,2025-02-20 08:20:00,2025-02-20 09:01:00,41,Scheduled Maintenance,Planned
DT004002,MC022,PRD0001795,2025-10-01 18:50:00,2025-10-01 19:44:00,54,Operator Break,Planned
DT004003,MC049,PRD0013400,2025-09-15 01:10:00,2025-09-15 02:21:00,71,Electrical Fault,Unplanned
DT004004,MC014,PRD0014427,2026-06-17 17:50:00,2026-06-17 18:28:00,38,Mechanical Failure,Unplanned
DT004005,MC004,PRD0014672,2025-09-25 15:50:00,2025-09-25 16:38:00,48,Tooling Change,Planned
DT004006,MC021,PRD0004440,2025-04-08 00:50:00,2025-04-08 01:26:00,36,Calibration,Planned
DT004007,MC039,PRD0011767,2025-02-09 01:10:00,2025-02-09 02:03:00,53,Mechanical Failure,Unplanned
DT004008,MC041,PRD0002840,2025-03-04 08:10:00,2025-03-04 08:32:00,22,Power Outage,Unplanned
DT004009,MC031,PRD0004793,2026-02-11 16:30:00,2026-02-11 17:00:00,30,Electrical Fault,Unplanned
DT004010,MC005,,2026-04-26 22:50:00,2026-04-26 23:33:00,43,Software/PLC Fault,Unplanned
DT004011,MC034,PRD0016826,2025-11-16 19:40:00,2025-11-16 20:18:00,38,Scheduled Maintenance,Planned
DT004012,MC027,PRD0016312,2025-07-13 22:40:00,2025-07-13 23:46:00,66,Operator Break,Planned
DT004013,MC023,PRD0010580,2026-06-09 02:20:00,2026-06-09 03:35:00,75,Operator Break,Planned
DT004014,MC001,PRD0016376,2025-11-27 08:30:00,2025-11-27 09:17:00,47,Scheduled Maintenance,Planned
DT004015,MC009,,2025-11-20 09:50:00,2025-11-20 10:16:00,26,Electrical Fault,Unplanned
DT004016,MC014,PRD0010161,2025-03-21 16:00:00,2025-03-21 16:22:00,22,Mechanical Failure,Unplanned
DT004017,MC049,PRD0015251,2025-05-18 03:30:00,2025-05-18 04:32:00,62,Tooling Change,Planned
DT004018,MC031,PRD0003065,2026-05-07 06:40:00,2026-05-07 07:15:00,35,Power Outage,Unplanned
DT004019,MC034,PRD0017342,2025-12-01 08:00:00,2025-12-01 09:06:00,66,Mechanical Failure,Unplanned
DT004020,MC005,PRD0017290,2026-03-20 02:20:00,2026-03-20 02:57:00,37,Tooling Change,Planned
DT004021,MC044,PRD0006412,2025-05-29 09:10:00,2025-05-29 13:32:00,262,Software/PLC Fault,Unplanned
DT004022,MC026,PRD0012161,2025-04-17 19:50:00,2025-04-17 20:36:00,46,Operator Break,Planned
DT004023,MC022,PRD0003245,2025-06-29 13:10:00,2025-06-29 14:12:00,62,Calibration,Planned
DT004024,MC039,PRD0014659,2026-04-16 21:50:00,2026-04-16 22:49:00,59,Software/PLC Fault,Unplanned
DT004025,MC049,PRD0003190,2025-04-29 08:30:00,2025-04-29 09:04:00,34,Material Shortage,Unplanned
DT004026,MC003,,2026-01-06 04:10:00,2026-01-06 05:14:00,64,Scheduled Maintenance,Planned
DT004027,MC020,PRD0012469,2025-02-05 10:40:00,2025-02-05 20:13:00,573,Power Outage,Unplanned
DT004028,MC001,,2025-04-05 22:10:00,2025-04-05 23:11:00,61,Scheduled Maintenance,Planned
DT004029,MC035,PRD0007012,2025-04-30 12:10:00,2025-04-30 12:41:00,31,Power Outage,Unplanned
DT004030,MC002,PRD0009623,2025-08-20 16:30:00,2025-08-20 17:21:00,51,Calibration,Planned
DT004031,MC001,PRD0002382,2025-02-15 05:20:00,2025-02-15 06:29:00,69,Calibration,Planned
DT004032,MC023,PRD0018798,2025-07-22 01:40:00,2025-07-22 02:26:00,46,Tooling Change,Planned
DT004033,MC043,,2025-06-09 20:20:00,2025-06-09 20:50:00,30,Material Shortage,Unplanned
DT004034,MC040,PRD0010661,2025-05-31 13:40:00,2025-05-31 14:05:00,25,Tooling Change,Planned
DT004035,MC046,,2025-11-08 05:00:00,2025-11-08 07:05:00,125,Software/PLC Fault,Unplanned
DT004036,MC041,,2026-01-17 02:40:00,2026-01-17 03:26:00,46,Operator Break,Planned
DT004037,MC005,PRD0003625,2026-05-29 12:20:00,2026-05-29 12:38:00,18,Tooling Change,Planned
DT004038,MC023,,2026-05-27 02:00:00,2026-05-27 04:05:00,125,Software/PLC Fault,Unplanned
DT004039,MC024,,2026-05-31 08:10:00,2026-05-31 08:52:00,42,Operator Break,Planned
DT004040,MC045,PRD0010909,2026-04-09 00:50:00,2026-04-09 01:19:00,29,Software/PLC Fault,Unplanned
DT004041,MC050,PRD0013023,2025-12-09 03:50:00,2025-12-09 04:23:00,33,Material Shortage,Unplanned
DT004042,MC009,PRD0018323,2026-03-29 20:10:00,2026-03-29 21:21:00,71,Tooling Change,Planned
DT004043,MC011,PRD0016815,2026-06-22 18:50:00,2026-06-22 19:19:00,29,Software/PLC Fault,Unplanned
DT004044,MC015,PRD0014664,2026-06-22 10:40:00,2026-06-22 11:48:00,68,Mechanical Failure,Unplanned
DT004045,MC048,PRD0004256,2026-03-17 18:40:00,2026-03-17 19:17:00,37,Material Shortage,Unplanned
DT004046,MC008,PRD0016169,2026-02-07 09:20:00,2026-02-07 09:49:00,29,Software/PLC Fault,Unplanned
DT004047,MC037,PRD0000119,2026-06-13 03:20:00,2026-06-13 03:35:00,15,Software/PLC Fault,Unplanned
DT004048,MC030,,2026-02-02 10:30:00,2026-02-02 12:13:00,103,Software/PLC Fault,Unplanned
DT004049,MC001,PRD0001118,2025-02-03 04:00:00,2025-02-03 05:29:00,89,Tooling Change,Planned
DT004050,MC027,,2025-02-15 22:00:00,2025-02-15 22:22:00,22,Mechanical Failure,Unplanned
DT004051,MC040,PRD0011892,2025-09-21 19:10:00,2025-09-21 19:41:00,31,Software/PLC Fault,Unplanned
DT004052,MC049,PRD0001634,2025-12-01 00:40:00,2025-12-01 00:59:00,19,Operator Break,Planned
DT004053,MC049,PRD0002399,2025-03-31 15:50:00,2025-03-31 16:26:00,36,Software/PLC Fault,Unplanned
DT004054,MC026,PRD0019044,2025-01-23 05:40:00,2025-01-23 06:19:00,39,Material Shortage,Unplanned
DT004055,MC023,,2025-04-29 14:20:00,2025-04-29 15:21:00,61,Scheduled Maintenance,Planned
DT004056,MC049,PRD0007212,2025-01-04 14:20:00,2025-01-04 15:59:00,99,Electrical Fault,Unplanned
DT004057,MC046,PRD0011883,2025-05-24 09:20:00,2025-05-24 09:35:00,15,Electrical Fault,Unplanned
DT004058,MC004,PRD0010601,2025-05-01 22:30:00,2025-05-01 23:42:00,72,Operator Break,Planned
DT004059,MC032,PRD0007731,2025-12-28 11:20:00,2025-12-28 11:50:00,30,Scheduled Maintenance,Planned
DT004060,MC034,PRD0010827,2025-04-16 04:40:00,2025-04-16 05:38:00,58,Software/PLC Fault,Unplanned
DT004061,MC028,PRD0015286,2025-11-11 18:50:00,2025-11-11 19:48:00,58,Material Shortage,Unplanned
DT004062,MC014,PRD0009696,2026-02-19 06:20:00,2026-02-19 06:37:00,17,Electrical Fault,Unplanned
DT004063,MC044,,2025-03-22 12:30:00,2025-03-22 15:40:00,190,Power Outage,Unplanned
DT004064,MC017,PRD0002038,2025-05-09 02:50:00,2025-05-09 03:41:00,51,Operator Break,Planned
DT004065,MC036,,2025-09-23 15:40:00,2025-09-23 17:05:00,85,Software/PLC Fault,Unplanned
DT004066,MC043,,2025-07-22 11:30:00,2025-07-22 13:05:00,95,Power Outage,Unplanned
DT004067,MC050,,2026-02-09 04:20:00,2026-02-09 05:44:00,84,Mechanical Failure,Unplanned
DT004068,MC002,PRD0009431,2025-08-27 14:20:00,2025-08-27 15:24:00,64,Power Outage,Unplanned
DT004069,MC045,PRD0014604,2026-04-26 15:40:00,2026-04-26 15:45:00,5,Power Outage,Unplanned
DT004070,MC007,PRD0000859,2025-01-23 14:30:00,2025-01-23 15:21:00,51,Calibration,Planned
DT004071,MC039,PRD0016520,2026-06-08 20:00:00,2026-06-08 20:22:00,22,Tooling Change,Planned
DT004072,MC043,PRD0012703,2025-09-02 17:10:00,2025-09-02 22:18:00,308,Electrical Fault,Unplanned
DT004073,MC025,PRD0008539,2026-05-10 06:30:00,2026-05-10 07:14:00,44,Software/PLC Fault,Unplanned
DT004074,MC016,PRD0014487,2025-06-25 11:00:00,2025-06-25 12:01:00,61,Mechanical Failure,Unplanned
DT004075,MC048,PRD0017463,2026-05-23 09:10:00,2026-05-23 10:44:00,94,Software/PLC Fault,Unplanned
DT004076,MC043,,2025-10-18 07:20:00,2025-10-18 08:13:00,53,Calibration,Planned
DT004077,MC023,PRD0004166,2025-02-26 15:30:00,2025-02-26 17:08:00,98,Electrical Fault,Unplanned
DT004078,MC028,,2026-01-24 16:00:00,2026-01-24 16:10:00,10,Tooling Change,Planned
DT004079,MC034,PRD0006184,2025-01-06 19:40:00,2025-01-06 20:01:00,21,Mechanical Failure,Unplanned
DT004080,MC010,PRD0008081,2026-01-20 12:10:00,2026-01-20 13:11:00,61,Mechanical Failure,Unplanned
DT004081,MC047,PRD0003444,2025-04-25 07:10:00,2025-04-25 08:07:00,57,Tooling Change,Planned
DT004082,MC037,PRD0001683,2025-07-31 10:30:00,2025-07-31 10:53:00,23,Electrical Fault,Unplanned
DT004083,MC036,PRD0018415,2025-04-05 20:40:00,2025-04-05 21:33:00,53,Material Shortage,Unplanned
DT004084,MC030,PRD0009480,2026-01-21 18:40:00,2026-01-21 19:18:00,38,Tooling Change,Planned
DT004085,MC024,PRD0008658,2025-06-07 19:40:00,2025-06-07 20:22:00,42,Scheduled Maintenance,Planned
DT004086,MC009,,2025-10-01 08:50:00,2025-10-01 09:13:00,23,Calibration,Planned
DT004087,MC019,,2025-03-05 14:00:00,2025-03-05 14:25:00,25,Scheduled Maintenance,Planned
DT004088,MC033,,2026-04-06 06:20:00,2026-04-06 07:15:00,55,Operator Break,Planned
DT004089,MC046,PRD0019478,2025-07-11 20:10:00,2025-07-11 20:24:00,14,Calibration,Planned
DT004090,MC019,PRD0018428,2025-07-13 03:50:00,2025-07-13 06:42:00,172,Electrical Fault,Unplanned
DT004091,MC027,PRD0016206,2025-12-10 12:10:00,2025-12-10 12:15:00,5,Material Shortage,Unplanned
DT004092,MC041,PRD0002961,2026-02-11 00:20:00,2026-02-11 00:41:00,21,Software/PLC Fault,Unplanned
DT004093,MC005,,2025-02-19 20:10:00,2025-02-19 20:29:00,19,Power Outage,Unplanned
DT004094,MC024,PRD0013594,2025-08-08 20:20:00,2025-08-08 20:30:00,10,Software/PLC Fault,Unplanned
DT004095,MC022,PRD0005591,2026-01-05 01:20:00,2026-01-05 02:54:00,94,Power Outage,Unplanned
DT004096,MC029,PRD0018398,2025-03-07 22:30:00,2025-03-08 05:26:00,416,Software/PLC Fault,Unplanned
DT004097,MC036,,2026-05-28 17:50:00,2026-05-28 18:13:00,23,Software/PLC Fault,Unplanned
DT004098,MC008,,2025-02-12 03:00:00,2025-02-12 03:50:00,50,Tooling Change,Planned
DT004099,MC036,,2025-06-09 00:30:00,2025-06-09 01:38:00,68,Calibration,Planned
DT004100,MC040,PRD0013320,2026-02-18 09:50:00,2026-02-18 10:28:00,38,Power Outage,Unplanned
DT004101,MC033,PRD0012633,2025-06-18 02:50:00,2025-06-18 02:56:00,6,Software/PLC Fault,Unplanned
DT004102,MC001,,2025-12-02 14:50:00,2025-12-02 15:07:00,17,Electrical Fault,Unplanned
DT004103,MC001,PRD0014667,2025-05-27 19:20:00,2025-05-27 22:08:00,168,Mechanical Failure,Unplanned
DT004104,MC014,PRD0016380,2026-02-03 08:50:00,2026-02-03 09:40:00,50,Operator Break,Planned
DT004105,MC039,PRD0003176,2025-06-04 17:50:00,2025-06-04 17:55:00,5,Power Outage,Unplanned
DT004106,MC005,PRD0014106,2026-01-30 04:40:00,2026-01-30 09:35:00,295,Material Shortage,Unplanned
DT004107,MC033,PRD0006629,2025-10-25 16:00:00,2025-10-25 17:19:00,79,Operator Break,Planned
DT004108,MC026,PRD0016955,2025-11-14 14:40:00,2025-11-14 15:19:00,39,Electrical Fault,Unplanned
DT004109,MC018,PRD0003832,2025-07-24 01:10:00,2025-07-24 01:20:00,10,Tooling Change,Planned
DT004110,MC039,PRD0014943,2025-10-01 19:10:00,2025-10-01 19:28:00,18,Calibration,Planned
DT004111,MC018,PRD0011005,2025-03-23 13:20:00,2025-03-23 13:30:00,10,Scheduled Maintenance,Planned
DT004112,MC017,PRD0014853,2025-08-11 08:40:00,2025-08-11 10:10:00,90,Tooling Change,Planned
DT004113,MC023,PRD0015437,2025-11-05 01:50:00,2025-11-05 02:31:00,41,Mechanical Failure,Unplanned
DT004114,MC018,PRD0017947,2026-03-09 08:00:00,2026-03-09 08:47:00,47,Software/PLC Fault,Unplanned
DT004115,MC039,PRD0018711,2025-01-02 15:20:00,2025-01-02 16:06:00,46,Calibration,Planned
DT004116,MC040,,2025-08-04 17:30:00,2025-08-04 18:35:00,65,Scheduled Maintenance,Planned
DT004117,MC037,PRD0001654,2026-03-22 11:20:00,2026-03-22 11:52:00,32,Material Shortage,Unplanned
DT004118,MC020,,2025-10-31 17:40:00,2025-10-31 18:05:00,25,Electrical Fault,Unplanned
DT004119,MC009,PRD0004507,2025-07-18 15:30:00,2025-07-18 16:25:00,55,Power Outage,Unplanned
DT004120,MC024,PRD0016078,2026-03-16 08:40:00,2026-03-16 09:34:00,54,Scheduled Maintenance,Planned
DT004121,MC024,PRD0019588,2025-05-08 16:10:00,2025-05-08 16:36:00,26,Calibration,Planned
DT004122,MC033,PRD0003351,2025-08-28 00:00:00,2025-08-28 00:21:00,21,Power Outage,Unplanned
DT004123,MC018,PRD0005888,2025-11-16 10:20:00,2025-11-16 10:42:00,22,Software/PLC Fault,Unplanned
DT004124,MC002,,2026-02-27 09:50:00,2026-02-27 10:07:00,17,Power Outage,Unplanned
DT004125,MC045,PRD0002888,2025-02-01 08:10:00,2025-02-01 08:54:00,44,Mechanical Failure,Unplanned
DT004126,MC031,,2026-01-02 15:20:00,2026-01-02 15:42:00,22,Calibration,Planned
DT004127,MC038,PRD0005850,2026-03-27 20:50:00,2026-03-27 21:51:00,61,Scheduled Maintenance,Planned
DT004128,MC015,PRD0009678,2026-05-16 02:10:00,2026-05-16 02:36:00,26,Tooling Change,Planned
DT004129,MC034,,2025-08-18 01:10:00,2025-08-18 01:50:00,40,Power Outage,Unplanned
DT004130,MC043,,2026-06-14 12:30:00,2026-06-14 12:52:00,22,Operator Break,Planned
DT004131,MC023,,2025-03-27 14:00:00,2025-03-27 14:40:00,40,Software/PLC Fault,Unplanned
DT004132,MC033,,2025-09-15 02:50:00,2025-09-15 03:57:00,67,Operator Break,Planned
DT004133,MC043,PRD0009002,2025-02-03 00:30:00,2025-02-03 01:21:00,51,Scheduled Maintenance,Planned
DT004134,MC048,PRD0006833,2025-02-05 22:10:00,2025-02-05 22:57:00,47,Operator Break,Planned
DT004135,MC033,PRD0004698,2025-10-24 13:50:00,2025-10-24 14:02:00,12,Scheduled Maintenance,Planned
DT004136,MC047,PRD0008978,2026-02-08 18:20:00,2026-02-08 19:33:00,73,Tooling Change,Planned
DT004137,MC016,,2025-08-10 22:20:00,2025-08-10 23:02:00,42,Operator Break,Planned
DT004138,MC046,,2025-03-17 14:20:00,2025-03-17 14:38:00,18,Electrical Fault,Unplanned
DT004139,MC039,PRD0001143,2026-06-24 04:00:00,2026-06-24 05:10:00,70,Scheduled Maintenance,Planned
DT004140,MC034,PRD0006456,2025-03-31 20:00:00,2025-03-31 21:12:00,72,Mechanical Failure,Unplanned
DT004141,MC001,PRD0010257,2026-02-22 10:50:00,2026-02-22 12:03:00,73,Calibration,Planned
DT004142,MC019,PRD0003448,2025-10-07 00:30:00,2025-10-07 01:46:00,76,Software/PLC Fault,Unplanned
DT004143,MC033,PRD0015395,2026-04-19 07:10:00,2026-04-19 07:56:00,46,Calibration,Planned
DT004144,MC017,PRD0002393,2026-01-30 20:00:00,2026-01-30 21:20:00,80,Operator Break,Planned
DT004145,MC046,PRD0015265,2026-05-07 20:00:00,2026-05-07 21:21:00,81,Calibration,Planned
DT004146,MC001,,2026-02-24 15:40:00,2026-02-24 16:45:00,65,Calibration,Planned
DT004147,MC023,PRD0016662,2025-04-28 00:20:00,2025-04-28 00:42:00,22,Material Shortage,Unplanned
DT004148,MC019,PRD0005477,2025-10-03 17:00:00,2025-10-03 17:10:00,10,Mechanical Failure,Unplanned
DT004149,MC024,PRD0000711,2025-12-22 08:20:00,2025-12-22 09:23:00,63,Mechanical Failure,Unplanned
DT004150,MC013,PRD0019848,2026-01-20 19:20:00,2026-01-20 19:38:00,18,Software/PLC Fault,Unplanned
DT004151,MC032,PRD0003861,2026-05-27 08:50:00,2026-05-27 09:25:00,35,Scheduled Maintenance,Planned
DT004152,MC023,PRD0010938,2026-03-21 20:30:00,2026-03-21 22:31:00,121,Electrical Fault,Unplanned
DT004153,MC033,,2026-06-14 12:30:00,2026-06-14 15:57:00,207,Material Shortage,Unplanned
DT004154,MC009,PRD0018323,2026-03-29 15:10:00,2026-03-29 15:20:00,10,Software/PLC Fault,Unplanned
DT004155,MC043,,2025-08-04 06:50:00,2025-08-04 07:48:00,58,Electrical Fault,Unplanned
DT004156,MC040,PRD0010139,2025-08-14 13:10:00,2025-08-14 14:24:00,74,Electrical Fault,Unplanned
DT004157,MC035,PRD0013760,2025-12-30 05:30:00,2025-12-30 05:44:00,14,Operator Break,Planned
DT004158,MC037,,2025-01-12 22:30:00,2025-01-12 23:03:00,33,Mechanical Failure,Unplanned
DT004159,MC028,,2025-02-19 05:50:00,2025-02-19 06:27:00,37,Power Outage,Unplanned
DT004160,MC027,,2026-03-29 06:50:00,2026-03-29 07:57:00,67,Power Outage,Unplanned
DT004161,MC049,PRD0002251,2025-09-02 03:20:00,2025-09-02 03:44:00,24,Electrical Fault,Unplanned
DT004162,MC040,PRD0009380,2025-12-11 12:00:00,2025-12-11 12:44:00,44,Operator Break,Planned
DT004163,MC015,,2025-09-10 02:20:00,2025-09-10 02:53:00,33,Operator Break,Planned
DT004164,MC018,PRD0012509,2025-03-09 13:10:00,2025-03-09 14:33:00,83,Power Outage,Unplanned
DT004165,MC039,PRD0002987,2026-05-11 05:30:00,2026-05-11 06:39:00,69,Tooling Change,Planned
DT004166,MC028,,2025-02-26 10:10:00,2025-02-26 12:09:00,119,Electrical Fault,Unplanned
DT004167,MC040,PRD0011892,2025-09-21 08:10:00,2025-09-21 09:15:00,65,Calibration,Planned
DT004168,MC028,PRD0009753,2025-06-26 09:50:00,2025-06-26 10:54:00,64,Software/PLC Fault,Unplanned
DT004169,MC017,PRD0012759,2026-02-21 08:10:00,2026-02-21 08:45:00,35,Tooling Change,Planned
DT004170,MC049,,2026-03-05 19:10:00,2026-03-05 19:49:00,39,Material Shortage,Unplanned
DT004171,MC032,PRD0004917,2025-08-22 14:00:00,2025-08-22 14:46:00,46,Power Outage,Unplanned
DT004172,MC043,PRD0011926,2025-11-29 13:30:00,2025-11-29 14:25:00,55,Software/PLC Fault,Unplanned
DT004173,MC001,PRD0007263,2025-09-15 01:30:00,2025-09-15 01:48:00,18,Operator Break,Planned
DT004174,MC029,,2025-08-12 09:10:00,2025-08-12 10:04:00,54,Tooling Change,Planned
DT004175,MC020,,2025-01-23 20:00:00,2025-01-23 20:15:00,15,Mechanical Failure,Unplanned
DT004176,MC029,PRD0018865,2026-05-07 22:50:00,2026-05-07 23:15:00,25,Tooling Change,Planned
DT004177,MC017,PRD0000909,2025-08-01 01:00:00,2025-08-01 02:01:00,61,Operator Break,Planned
DT004178,MC003,PRD0000889,2025-02-02 13:50:00,2025-02-02 15:00:00,70,Calibration,Planned
DT004179,MC031,PRD0006212,2026-01-31 09:30:00,2026-01-31 10:03:00,33,Operator Break,Planned
DT004180,MC024,,2025-01-17 13:00:00,2025-01-17 14:32:00,92,Mechanical Failure,Unplanned
DT004181,MC047,,2025-06-09 13:30:00,2025-06-09 14:02:00,32,Power Outage,Unplanned
DT004182,MC029,PRD0018936,2026-01-26 03:20:00,2026-01-26 03:29:00,9,Power Outage,Unplanned
DT004183,MC016,PRD0011754,2025-11-05 19:20:00,2025-11-05 19:30:00,10,Operator Break,Planned
DT004184,MC017,PRD0001675,2025-09-05 16:30:00,2025-09-05 17:00:00,30,Material Shortage,Unplanned
DT004185,MC039,PRD0004746,2025-09-21 04:10:00,2025-09-21 05:42:00,92,Mechanical Failure,Unplanned
DT004186,MC034,,2026-03-03 21:30:00,2026-03-03 23:48:00,138,Material Shortage,Unplanned
DT004187,MC023,PRD0019711,2025-07-21 21:40:00,2025-07-21 22:12:00,32,Tooling Change,Planned
DT004188,MC022,PRD0006934,2025-04-27 03:40:00,2025-04-27 04:33:00,53,Calibration,Planned
DT004189,MC008,,2025-11-17 09:40:00,2025-11-17 12:17:00,157,Electrical Fault,Unplanned
DT004190,MC023,,2026-06-30 11:10:00,2026-06-30 11:48:00,38,Operator Break,Planned
DT004191,MC006,PRD0018713,2026-06-17 09:40:00,2026-06-17 09:49:00,9,Mechanical Failure,Unplanned
DT004192,MC011,,2025-11-05 04:10:00,2025-11-05 04:19:00,9,Power Outage,Unplanned
DT004193,MC009,PRD0017043,2026-02-20 00:30:00,2026-02-20 01:05:00,35,Electrical Fault,Unplanned
DT004194,MC003,PRD0002469,2026-04-30 03:10:00,2026-04-30 03:44:00,34,Calibration,Planned
DT004195,MC010,PRD0005191,2025-06-13 03:50:00,2025-06-13 04:42:00,52,Calibration,Planned
DT004196,MC012,PRD0006492,2025-02-24 05:20:00,2025-02-24 06:13:00,53,Material Shortage,Unplanned
DT004197,MC003,,2025-11-07 03:50:00,2025-11-07 04:42:00,52,Scheduled Maintenance,Planned
DT004198,MC015,PRD0011872,2026-02-09 18:40:00,2026-02-09 19:29:00,49,Material Shortage,Unplanned
DT004199,MC020,PRD0007776,2025-12-26 05:50:00,2025-12-26 06:31:00,41,Calibration,Planned
DT004200,MC031,,2025-06-30 06:30:00,2025-06-30 07:07:00,37,Material Shortage,Unplanned
DT004201,MC042,PRD0003419,2026-05-24 10:10:00,2026-05-24 11:17:00,67,Power Outage,Unplanned
DT004202,MC048,,2025-06-10 16:10:00,2025-06-10 17:29:00,79,Operator Break,Planned
DT004203,MC021,PRD0008682,2025-12-26 02:50:00,2025-12-26 03:37:00,47,Power Outage,Unplanned
DT004204,MC008,PRD0005526,2025-02-26 06:40:00,2025-02-26 08:35:00,115,Mechanical Failure,Unplanned
DT004205,MC030,PRD0003888,2026-01-20 00:20:00,2026-01-20 01:40:00,80,Software/PLC Fault,Unplanned
DT004206,MC021,PRD0012023,2025-06-12 12:10:00,2025-06-12 12:34:00,24,Operator Break,Planned
DT004207,MC015,,2026-05-11 15:40:00,2026-05-11 15:50:00,10,Software/PLC Fault,Unplanned
DT004208,MC015,,2025-03-15 10:00:00,2025-03-15 10:13:00,13,Software/PLC Fault,Unplanned
DT004209,MC015,PRD0002505,2026-05-17 21:20:00,2026-05-17 21:54:00,34,Mechanical Failure,Unplanned
DT004210,MC028,PRD0009206,2025-10-12 06:00:00,2025-10-12 06:23:00,23,Operator Break,Planned
DT004211,MC013,,2025-02-06 15:40:00,2025-02-06 16:19:00,39,Power Outage,Unplanned
DT004212,MC004,,2026-02-18 03:10:00,2026-02-18 03:56:00,46,Tooling Change,Planned
DT004213,MC049,PRD0019860,2025-03-16 11:30:00,2025-03-16 13:02:00,92,Mechanical Failure,Unplanned
DT004214,MC015,PRD0015607,2025-01-21 07:50:00,2025-01-21 08:53:00,63,Scheduled Maintenance,Planned
DT004215,MC014,PRD0018119,2026-01-28 18:30:00,2026-01-28 18:54:00,24,Software/PLC Fault,Unplanned
DT004216,MC037,PRD0008532,2025-03-15 18:20:00,2025-03-15 19:12:00,52,Software/PLC Fault,Unplanned
DT004217,MC029,,2026-04-12 08:30:00,2026-04-12 08:54:00,24,Calibration,Planned
DT004218,MC003,,2025-03-02 01:10:00,2025-03-02 01:41:00,31,Electrical Fault,Unplanned
DT004219,MC030,PRD0016908,2025-09-29 04:20:00,2025-09-29 05:06:00,46,Software/PLC Fault,Unplanned
DT004220,MC042,,2025-10-14 18:40:00,2025-10-14 21:53:00,193,Material Shortage,Unplanned
DT004221,MC032,PRD0010281,2026-06-18 15:40:00,2026-06-18 15:50:00,10,Operator Break,Planned
DT004222,MC025,PRD0008734,2025-04-12 16:40:00,2025-04-12 18:23:00,103,Electrical Fault,Unplanned
DT004223,MC033,,2025-09-12 17:30:00,2025-09-12 19:07:00,97,Material Shortage,Unplanned
DT004224,MC001,PRD0012220,2026-03-07 09:50:00,2026-03-07 10:20:00,30,Electrical Fault,Unplanned
DT004225,MC015,,2025-08-14 08:20:00,2025-08-14 09:32:00,72,Operator Break,Planned
DT004226,MC012,PRD0018560,2025-08-07 11:30:00,2025-08-07 12:14:00,44,Power Outage,Unplanned
DT004227,MC026,PRD0005725,2026-03-06 21:00:00,2026-03-06 22:14:00,74,Calibration,Planned
DT004228,MC041,,2025-03-17 09:30:00,2025-03-17 10:24:00,54,Scheduled Maintenance,Planned
DT004229,MC023,PRD0011203,2025-06-26 18:00:00,2025-06-26 18:09:00,9,Software/PLC Fault,Unplanned
DT004230,MC032,PRD0013129,2025-08-29 11:40:00,2025-08-29 12:17:00,37,Electrical Fault,Unplanned
DT004231,MC038,PRD0016672,2026-06-15 06:00:00,2026-06-15 06:46:00,46,Tooling Change,Planned
DT004232,MC050,PRD0009191,2025-08-22 17:00:00,2025-08-22 17:44:00,44,Scheduled Maintenance,Planned
DT004233,MC036,,2026-04-24 07:20:00,2026-04-24 07:33:00,13,Software/PLC Fault,Unplanned
DT004234,MC048,,2026-03-01 13:50:00,2026-03-01 15:09:00,79,Software/PLC Fault,Unplanned
DT004235,MC009,PRD0002395,2025-04-30 08:00:00,2025-04-30 13:10:00,310,Electrical Fault,Unplanned
DT004236,MC029,PRD0002595,2026-06-08 03:00:00,2026-06-08 03:09:00,9,Material Shortage,Unplanned
DT004237,MC006,PRD0011634,2025-10-23 17:10:00,2025-10-23 20:56:00,226,Mechanical Failure,Unplanned
DT004238,MC023,,2026-03-17 05:00:00,2026-03-17 05:23:00,23,Mechanical Failure,Unplanned
DT004239,MC017,PRD0013349,2025-02-21 21:20:00,2025-02-21 22:27:00,67,Electrical Fault,Unplanned
DT004240,MC027,PRD0007978,2025-08-09 10:30:00,2025-08-09 11:17:00,47,Electrical Fault,Unplanned
DT004241,MC007,PRD0004644,2025-03-30 20:00:00,2025-03-30 20:51:00,51,Mechanical Failure,Unplanned
DT004242,MC045,PRD0019566,2025-11-21 19:50:00,2025-11-21 20:03:00,13,Software/PLC Fault,Unplanned
DT004243,MC038,,2025-05-30 05:40:00,2025-05-30 06:32:00,52,Mechanical Failure,Unplanned
DT004244,MC008,,2025-07-10 03:30:00,2025-07-10 04:05:00,35,Operator Break,Planned
DT004245,MC006,,2026-02-06 08:50:00,2026-02-06 11:01:00,131,Mechanical Failure,Unplanned
DT004246,MC012,PRD0008160,2025-02-15 10:50:00,2025-02-15 11:26:00,36,Power Outage,Unplanned
DT004247,MC019,PRD0017445,2025-04-14 07:50:00,2025-04-14 08:16:00,26,Electrical Fault,Unplanned
DT004248,MC015,PRD0018424,2025-05-19 01:20:00,2025-05-19 02:21:00,61,Operator Break,Planned
DT004249,MC021,PRD0009625,2025-08-18 17:40:00,2025-08-18 18:20:00,40,Operator Break,Planned
DT004250,MC003,PRD0013037,2026-02-12 12:40:00,2026-02-12 14:03:00,83,Scheduled Maintenance,Planned
DT004251,MC003,PRD0019932,2025-08-02 17:20:00,2025-08-02 18:16:00,56,Power Outage,Unplanned
DT004252,MC002,PRD0003875,2026-06-16 21:10:00,2026-06-16 21:37:00,27,Mechanical Failure,Unplanned
DT004253,MC030,PRD0017155,2026-03-08 06:40:00,2026-03-08 07:10:00,30,Electrical Fault,Unplanned
DT004254,MC050,PRD0004943,2025-05-21 09:50:00,2025-05-21 11:10:00,80,Operator Break,Planned
DT004255,MC011,PRD0005359,2026-03-30 16:30:00,2026-03-30 17:20:00,50,Tooling Change,Planned
DT004256,MC023,PRD0005583,2025-01-08 04:30:00,2025-01-08 05:04:00,34,Material Shortage,Unplanned
DT004257,MC006,PRD0002928,2026-03-19 02:40:00,2026-03-19 02:54:00,14,Calibration,Planned
DT004258,MC038,PRD0014044,2025-06-02 08:40:00,2025-06-02 08:55:00,15,Material Shortage,Unplanned
DT004259,MC035,PRD0006338,2026-01-23 20:10:00,2026-01-23 20:29:00,19,Tooling Change,Planned
DT004260,MC027,PRD0013255,2026-05-05 16:50:00,2026-05-05 17:57:00,67,Calibration,Planned
DT004261,MC036,PRD0001981,2025-11-14 05:30:00,2025-11-14 06:23:00,53,Material Shortage,Unplanned
DT004262,MC025,PRD0005242,2025-09-25 02:20:00,2025-09-25 03:12:00,52,Operator Break,Planned
DT004263,MC030,PRD0006823,2025-10-21 21:10:00,2025-10-21 21:47:00,37,Electrical Fault,Unplanned
DT004264,MC034,,2025-05-15 04:40:00,2025-05-15 05:03:00,23,Scheduled Maintenance,Planned
DT004265,MC022,,2025-12-11 00:10:00,2025-12-11 01:03:00,53,Material Shortage,Unplanned
DT004266,MC038,,2025-11-12 08:50:00,2025-11-12 09:39:00,49,Software/PLC Fault,Unplanned
DT004267,MC007,,2025-04-18 05:40:00,2025-04-18 06:03:00,23,Electrical Fault,Unplanned
DT004268,MC017,PRD0018837,2025-08-30 04:30:00,2025-08-30 06:29:00,119,Software/PLC Fault,Unplanned
DT004269,MC030,,2025-06-25 19:20:00,2025-06-25 20:12:00,52,Material Shortage,Unplanned
DT004270,MC002,PRD0019260,2025-05-14 07:50:00,2025-05-14 08:00:00,10,Scheduled Maintenance,Planned
DT004271,MC045,,2026-05-30 20:40:00,2026-05-30 21:38:00,58,Operator Break,Planned
DT004272,MC004,PRD0012016,2025-08-15 11:50:00,2025-08-15 12:26:00,36,Software/PLC Fault,Unplanned
DT004273,MC033,PRD0002575,2025-06-08 06:10:00,2025-06-08 12:30:00,380,Material Shortage,Unplanned
DT004274,MC030,PRD0017155,2026-03-08 17:50:00,2026-03-08 18:56:00,66,Operator Break,Planned
DT004275,MC014,PRD0005987,2025-02-16 21:00:00,2025-02-16 21:45:00,45,Scheduled Maintenance,Planned
DT004276,MC047,PRD0003819,2026-05-31 17:40:00,2026-05-31 18:27:00,47,Scheduled Maintenance,Planned
DT004277,MC038,PRD0019985,2026-02-19 19:50:00,2026-02-19 20:15:00,25,Mechanical Failure,Unplanned
DT004278,MC029,PRD0016016,2025-07-22 04:10:00,2025-07-22 05:08:00,58,Operator Break,Planned
DT004279,MC018,PRD0014813,2026-06-20 00:10:00,2026-06-20 01:16:00,66,Scheduled Maintenance,Planned
DT004280,MC046,,2025-09-03 17:40:00,2025-09-03 18:25:00,45,Material Shortage,Unplanned
DT004281,MC017,PRD0007207,2025-07-08 22:10:00,2025-07-08 22:45:00,35,Tooling Change,Planned
DT004282,MC040,PRD0001349,2026-02-17 07:20:00,2026-02-17 07:46:00,26,Calibration,Planned
DT004283,MC048,PRD0019399,2025-09-29 15:20:00,2025-09-29 16:24:00,64,Material Shortage,Unplanned
DT004284,MC036,PRD0000301,2025-07-24 22:00:00,2025-07-24 23:20:00,80,Operator Break,Planned
DT004285,MC003,PRD0017818,2026-03-18 20:20:00,2026-03-18 20:55:00,35,Tooling Change,Planned
DT004286,MC022,PRD0018068,2026-01-02 05:40:00,2026-01-02 06:30:00,50,Operator Break,Planned
DT004287,MC027,PRD0004694,2026-01-05 16:50:00,2026-01-05 17:22:00,32,Scheduled Maintenance,Planned
DT004288,MC004,,2026-06-27 02:00:00,2026-06-27 03:07:00,67,Material Shortage,Unplanned
DT004289,MC027,,2025-05-25 22:00:00,2025-05-25 22:27:00,27,Tooling Change,Planned
DT004290,MC044,PRD0003858,2025-04-29 10:10:00,2025-04-29 11:02:00,52,Operator Break,Planned
DT004291,MC024,PRD0004415,2025-12-21 05:00:00,2025-12-21 06:09:00,69,Scheduled Maintenance,Planned
DT004292,MC042,,2025-10-31 07:00:00,2025-10-31 07:22:00,22,Mechanical Failure,Unplanned
DT004293,MC024,PRD0005936,2025-11-25 11:10:00,2025-11-25 11:36:00,26,Calibration,Planned
DT004294,MC043,,2025-03-26 04:00:00,2025-03-26 05:50:00,110,Mechanical Failure,Unplanned
DT004295,MC047,PRD0003343,2025-06-16 21:20:00,2025-06-16 23:17:00,117,Material Shortage,Unplanned
DT004296,MC021,PRD0007101,2025-07-25 10:20:00,2025-07-25 10:43:00,23,Scheduled Maintenance,Planned
DT004297,MC038,,2026-01-13 07:40:00,2026-01-13 08:45:00,65,Calibration,Planned
DT004298,MC008,PRD0012492,2025-02-23 04:20:00,2025-02-23 04:51:00,31,Mechanical Failure,Unplanned
DT004299,MC017,PRD0001151,2026-05-03 12:20:00,2026-05-03 13:06:00,46,Material Shortage,Unplanned
DT004300,MC037,PRD0019397,2025-04-27 13:50:00,2025-04-27 14:33:00,43,Electrical Fault,Unplanned
DT004301,MC014,PRD0005278,2025-12-26 06:40:00,2025-12-26 07:32:00,52,Material Shortage,Unplanned
DT004302,MC022,,2026-05-29 21:40:00,2026-05-29 22:14:00,34,Software/PLC Fault,Unplanned
DT004303,MC018,PRD0002719,2025-10-17 11:10:00,2025-10-17 11:53:00,43,Scheduled Maintenance,Planned
DT004304,MC006,,2025-10-29 17:10:00,2025-10-29 18:12:00,62,Tooling Change,Planned
DT004305,MC033,PRD0003102,2025-09-14 11:30:00,2025-09-14 11:38:00,8,Electrical Fault,Unplanned
DT004306,MC036,,2025-04-01 00:40:00,2025-04-01 02:09:00,89,Material Shortage,Unplanned
DT004307,MC043,PRD0013691,2025-06-25 14:50:00,2025-06-25 15:23:00,33,Calibration,Planned
DT004308,MC018,PRD0017293,2025-05-11 14:50:00,2025-05-11 15:36:00,46,Calibration,Planned
DT004309,MC018,,2025-10-29 07:00:00,2025-10-29 07:58:00,58,Operator Break,Planned
DT004310,MC026,,2025-07-06 21:50:00,2025-07-06 23:00:00,70,Power Outage,Unplanned
DT004311,MC032,PRD0010058,2025-05-21 04:20:00,2025-05-21 04:54:00,34,Tooling Change,Planned
DT004312,MC041,PRD0005724,2025-01-02 15:10:00,2025-01-02 15:41:00,31,Scheduled Maintenance,Planned
DT004313,MC002,PRD0001700,2026-06-25 14:40:00,2026-06-25 16:11:00,91,Software/PLC Fault,Unplanned
DT004314,MC021,PRD0014911,2025-12-07 13:10:00,2025-12-07 14:06:00,56,Calibration,Planned
DT004315,MC015,,2025-02-08 14:40:00,2025-02-08 15:34:00,54,Scheduled Maintenance,Planned
DT004316,MC033,,2025-04-05 03:00:00,2025-04-05 03:30:00,30,Operator Break,Planned
DT004317,MC048,PRD0008518,2026-05-16 04:00:00,2026-05-16 04:09:00,9,Mechanical Failure,Unplanned
DT004318,MC037,PRD0018645,2025-08-17 00:30:00,2025-08-17 01:00:00,30,Power Outage,Unplanned
DT004319,MC036,PRD0009732,2025-05-16 09:10:00,2025-05-16 09:44:00,34,Scheduled Maintenance,Planned
DT004320,MC023,PRD0019767,2025-12-04 17:40:00,2025-12-04 18:12:00,32,Calibration,Planned
DT004321,MC021,PRD0011051,2025-05-28 17:50:00,2025-05-28 18:00:00,10,Tooling Change,Planned
DT004322,MC016,PRD0019747,2026-06-15 14:40:00,2026-06-15 15:28:00,48,Power Outage,Unplanned
DT004323,MC030,,2025-05-08 08:40:00,2025-05-08 09:12:00,32,Material Shortage,Unplanned
DT004324,MC031,,2025-09-02 12:40:00,2025-09-02 13:18:00,38,Electrical Fault,Unplanned
DT004325,MC034,PRD0018996,2026-04-26 14:30:00,2026-04-26 14:58:00,28,Scheduled Maintenance,Planned
DT004326,MC042,PRD0014262,2025-02-01 05:20:00,2025-02-01 06:00:00,40,Calibration,Planned
DT004327,MC019,PRD0004320,2025-07-14 13:30:00,2025-07-14 14:31:00,61,Operator Break,Planned
DT004328,MC049,,2025-10-01 17:30:00,2025-10-01 18:20:00,50,Calibration,Planned
DT004329,MC009,,2025-02-21 04:20:00,2025-02-21 04:34:00,14,Electrical Fault,Unplanned
DT004330,MC021,PRD0014732,2025-08-21 00:30:00,2025-08-21 01:59:00,89,Software/PLC Fault,Unplanned
DT004331,MC036,,2025-12-10 03:10:00,2025-12-10 03:47:00,37,Operator Break,Planned
DT004332,MC036,PRD0012144,2025-09-27 20:40:00,2025-09-27 21:11:00,31,Scheduled Maintenance,Planned
DT004333,MC024,PRD0003391,2025-10-07 05:10:00,2025-10-07 05:31:00,21,Tooling Change,Planned
DT004334,MC029,,2025-05-14 22:40:00,2025-05-14 22:57:00,17,Material Shortage,Unplanned
DT004335,MC040,,2025-09-07 05:50:00,2025-09-07 06:05:00,15,Operator Break,Planned
DT004336,MC046,,2026-04-11 11:10:00,2026-04-11 12:24:00,74,Tooling Change,Planned
DT004337,MC013,PRD0016532,2025-07-09 09:50:00,2025-07-09 10:32:00,42,Operator Break,Planned
DT004338,MC023,PRD0015401,2025-09-25 04:50:00,2025-09-25 05:11:00,21,Scheduled Maintenance,Planned
DT004339,MC045,PRD0018031,2025-04-03 07:20:00,2025-04-03 08:07:00,47,Scheduled Maintenance,Planned
DT004340,MC026,PRD0001557,2026-01-28 20:30:00,2026-01-28 21:06:00,36,Material Shortage,Unplanned
DT004341,MC035,PRD0002136,2025-09-30 11:10:00,2025-09-30 11:53:00,43,Calibration,Planned
DT004342,MC039,PRD0006343,2026-02-23 09:20:00,2026-02-23 09:44:00,24,Software/PLC Fault,Unplanned
DT004343,MC048,PRD0004458,2025-06-10 00:00:00,2025-06-10 00:34:00,34,Calibration,Planned
DT004344,MC010,PRD0011903,2026-03-20 11:40:00,2026-03-20 11:54:00,14,Power Outage,Unplanned
DT004345,MC011,,2025-12-04 06:00:00,2025-12-04 06:16:00,16,Operator Break,Planned
DT004346,MC041,PRD0010023,2025-04-12 22:50:00,2025-04-12 22:57:00,7,Electrical Fault,Unplanned
DT004347,MC030,PRD0019646,2025-05-23 11:40:00,2025-05-23 12:48:00,68,Tooling Change,Planned
DT004348,MC030,PRD0016128,2026-04-05 18:20:00,2026-04-05 19:10:00,50,Tooling Change,Planned
DT004349,MC040,PRD0019087,2025-05-23 06:50:00,2025-05-23 07:04:00,14,Mechanical Failure,Unplanned
DT004350,MC014,PRD0012074,2026-03-23 14:30:00,2026-03-23 15:27:00,57,Operator Break,Planned
DT004351,MC004,,2025-03-16 10:40:00,2025-03-16 11:40:00,60,Material Shortage,Unplanned
DT004352,MC047,PRD0014932,2025-04-27 02:00:00,2025-04-27 02:56:00,56,Software/PLC Fault,Unplanned
DT004353,MC017,PRD0015273,2025-10-05 01:20:00,2025-10-05 02:13:00,53,Scheduled Maintenance,Planned
DT004354,MC016,PRD0002944,2025-11-15 07:10:00,2025-11-15 07:43:00,33,Calibration,Planned
DT004355,MC047,PRD0012157,2025-11-05 20:20:00,2025-11-05 20:36:00,16,Software/PLC Fault,Unplanned
DT004356,MC009,,2025-11-02 13:30:00,2025-11-02 14:00:00,30,Software/PLC Fault,Unplanned
DT004357,MC033,,2025-03-20 13:40:00,2025-03-20 14:24:00,44,Calibration,Planned
DT004358,MC029,PRD0011229,2025-04-12 00:30:00,2025-04-12 00:52:00,22,Power Outage,Unplanned
DT004359,MC038,PRD0011880,2025-11-12 05:40:00,2025-11-12 05:57:00,17,Calibration,Planned
DT004360,MC007,PRD0017899,2025-04-23 22:40:00,2025-04-23 23:01:00,21,Material Shortage,Unplanned
DT004361,MC031,PRD0014647,2026-04-11 00:00:00,2026-04-11 01:24:00,84,Power Outage,Unplanned
DT004362,MC034,PRD0011071,2025-11-28 17:40:00,2025-11-28 18:09:00,29,Operator Break,Planned
DT004363,MC007,PRD0016752,2025-03-08 01:30:00,2025-03-08 02:03:00,33,Power Outage,Unplanned
DT004364,MC015,PRD0002380,2026-04-09 19:40:00,2026-04-09 20:17:00,37,Material Shortage,Unplanned
DT004365,MC047,PRD0001570,2025-02-27 10:40:00,2025-02-27 11:52:00,72,Mechanical Failure,Unplanned
DT004366,MC016,PRD0016341,2025-07-23 08:40:00,2025-07-23 09:04:00,24,Software/PLC Fault,Unplanned
DT004367,MC034,PRD0007580,2025-09-22 01:50:00,2025-09-22 03:00:00,70,Software/PLC Fault,Unplanned
DT004368,MC014,PRD0013085,2026-01-16 15:10:00,2026-01-16 15:20:00,10,Calibration,Planned
DT004369,MC047,PRD0013383,2025-02-26 17:20:00,2025-02-26 17:41:00,21,Power Outage,Unplanned
DT004370,MC037,PRD0012343,2025-05-15 03:30:00,2025-05-15 03:49:00,19,Material Shortage,Unplanned
DT004371,MC003,PRD0018615,2025-04-20 22:20:00,2025-04-20 22:37:00,17,Power Outage,Unplanned
DT004372,MC049,PRD0012238,2025-11-12 01:00:00,2025-11-12 01:46:00,46,Scheduled Maintenance,Planned
DT004373,MC008,,2025-08-01 17:10:00,2025-08-01 18:01:00,51,Scheduled Maintenance,Planned
DT004374,MC023,PRD0013047,2026-05-26 08:50:00,2026-05-26 11:46:00,176,Material Shortage,Unplanned
DT004375,MC030,,2025-08-24 08:30:00,2025-08-24 09:02:00,32,Scheduled Maintenance,Planned
DT004376,MC034,PRD0011743,2026-04-05 18:40:00,2026-04-05 19:41:00,61,Operator Break,Planned
DT004377,MC023,PRD0017824,2025-06-21 12:20:00,2025-06-21 12:47:00,27,Software/PLC Fault,Unplanned
DT004378,MC003,PRD0006721,2025-02-28 14:40:00,2025-02-28 15:35:00,55,Operator Break,Planned
DT004379,MC038,PRD0014288,2025-08-14 19:40:00,2025-08-14 20:25:00,45,Power Outage,Unplanned
DT004380,MC041,PRD0014169,2026-04-24 15:40:00,2026-04-24 16:08:00,28,Electrical Fault,Unplanned
DT004381,MC020,,2025-02-18 19:30:00,2025-02-18 20:06:00,36,Power Outage,Unplanned
DT004382,MC032,PRD0018735,2025-12-20 05:50:00,2025-12-20 06:24:00,34,Scheduled Maintenance,Planned
DT004383,MC050,PRD0017853,2026-01-31 00:00:00,2026-01-31 01:06:00,66,Calibration,Planned
DT004384,MC032,,2025-11-03 20:30:00,2025-11-03 21:37:00,67,Software/PLC Fault,Unplanned
DT004385,MC016,PRD0009022,2026-06-10 18:50:00,2026-06-10 19:46:00,56,Operator Break,Planned
DT004386,MC026,PRD0006371,2025-11-19 00:10:00,2025-11-19 01:39:00,89,Electrical Fault,Unplanned
DT004387,MC040,PRD0004693,2025-08-22 15:30:00,2025-08-22 15:40:00,10,Software/PLC Fault,Unplanned
DT004388,MC007,PRD0012750,2025-07-24 16:20:00,2025-07-24 16:48:00,28,Software/PLC Fault,Unplanned
DT004389,MC008,PRD0002963,2025-01-15 11:20:00,2025-01-15 12:15:00,55,Mechanical Failure,Unplanned
DT004390,MC016,PRD0004078,2026-06-13 19:00:00,2026-06-13 19:34:00,34,Tooling Change,Planned
DT004391,MC032,PRD0000950,2025-04-09 14:50:00,2025-04-09 16:13:00,83,Electrical Fault,Unplanned
DT004392,MC022,,2025-01-03 20:00:00,2025-01-03 20:50:00,50,Scheduled Maintenance,Planned
DT004393,MC004,PRD0011123,2026-03-03 03:10:00,2026-03-03 03:29:00,19,Material Shortage,Unplanned
DT004394,MC011,PRD0003999,2025-02-19 05:40:00,2025-02-19 05:53:00,13,Electrical Fault,Unplanned
DT004395,MC029,PRD0017998,2025-05-22 10:10:00,2025-05-22 11:02:00,52,Scheduled Maintenance,Planned
DT004396,MC039,PRD0001607,2026-03-01 04:20:00,2026-03-01 04:32:00,12,Power Outage,Unplanned
DT004397,MC023,PRD0002782,2025-11-08 07:00:00,2025-11-08 07:37:00,37,Mechanical Failure,Unplanned
DT004398,MC036,,2026-04-15 20:30:00,2026-04-15 20:35:00,5,Electrical Fault,Unplanned
DT004399,MC042,PRD0007351,2026-05-31 22:00:00,2026-05-31 22:52:00,52,Scheduled Maintenance,Planned
DT004400,MC016,PRD0011569,2025-07-17 05:10:00,2025-07-17 05:47:00,37,Operator Break,Planned
DT004401,MC043,PRD0005570,2025-10-21 17:00:00,2025-10-21 17:15:00,15,Operator Break,Planned
DT004402,MC012,,2025-02-08 07:10:00,2025-02-08 07:50:00,40,Scheduled Maintenance,Planned
DT004403,MC008,PRD0007848,2025-05-28 20:00:00,2025-05-28 21:53:00,113,Mechanical Failure,Unplanned
DT004404,MC002,PRD0012219,2025-03-13 10:40:00,2025-03-13 11:14:00,34,Mechanical Failure,Unplanned
DT004405,MC048,,2025-08-15 02:20:00,2025-08-15 03:03:00,43,Calibration,Planned
DT004406,MC008,,2025-07-07 15:50:00,2025-07-07 16:25:00,35,Software/PLC Fault,Unplanned
DT004407,MC044,PRD0014418,2025-12-09 03:00:00,2025-12-09 03:48:00,48,Mechanical Failure,Unplanned
DT004408,MC046,PRD0015120,2025-07-20 19:30:00,2025-07-20 20:25:00,55,Mechanical Failure,Unplanned
DT004409,MC039,PRD0001607,2026-03-01 14:00:00,2026-03-01 14:47:00,47,Material Shortage,Unplanned
DT004410,MC016,PRD0007821,2026-01-14 15:00:00,2026-01-14 15:54:00,54,Software/PLC Fault,Unplanned
DT004411,MC043,PRD0011926,2025-11-29 14:20:00,2025-11-29 16:06:00,106,Electrical Fault,Unplanned
DT004412,MC039,PRD0013097,2026-06-22 09:20:00,2026-06-22 09:28:00,8,Power Outage,Unplanned
DT004413,MC012,,2025-11-17 06:30:00,2025-11-17 07:12:00,42,Tooling Change,Planned
DT004414,MC032,PRD0002697,2026-02-01 05:20:00,2026-02-01 06:47:00,87,Scheduled Maintenance,Planned
DT004415,MC024,,2025-06-18 18:00:00,2025-06-18 19:04:00,64,Operator Break,Planned
DT004416,MC004,PRD0015274,2025-04-30 12:00:00,2025-04-30 12:23:00,23,Scheduled Maintenance,Planned
DT004417,MC044,PRD0017740,2025-08-10 03:10:00,2025-08-10 03:51:00,41,Scheduled Maintenance,Planned
DT004418,MC013,,2026-01-17 20:10:00,2026-01-17 20:43:00,33,Operator Break,Planned
DT004419,MC034,PRD0009129,2026-05-12 12:40:00,2026-05-12 13:09:00,29,Mechanical Failure,Unplanned
DT004420,MC014,,2025-01-21 12:20:00,2025-01-21 13:05:00,45,Calibration,Planned
DT004421,MC041,,2026-05-18 05:10:00,2026-05-18 05:57:00,47,Operator Break,Planned
DT004422,MC007,PRD0015915,2026-03-30 04:40:00,2026-03-30 05:19:00,39,Calibration,Planned
DT004423,MC034,PRD0012539,2025-01-23 10:50:00,2025-01-23 11:16:00,26,Tooling Change,Planned
DT004424,MC033,PRD0004898,2025-02-24 03:40:00,2025-02-24 04:22:00,42,Power Outage,Unplanned
DT004425,MC004,,2025-07-02 06:50:00,2025-07-02 07:23:00,33,Software/PLC Fault,Unplanned
DT004426,MC033,PRD0018389,2026-02-13 12:40:00,2026-02-13 13:37:00,57,Calibration,Planned
DT004427,MC036,PRD0017690,2025-06-23 20:30:00,2025-06-23 21:22:00,52,Software/PLC Fault,Unplanned
DT004428,MC021,PRD0009816,2025-10-24 01:00:00,2025-10-24 01:33:00,33,Calibration,Planned
DT004429,MC024,,2025-08-11 21:40:00,2025-08-11 22:23:00,43,Mechanical Failure,Unplanned
DT004430,MC023,PRD0009757,2026-01-11 14:40:00,2026-01-11 15:25:00,45,Mechanical Failure,Unplanned
DT004431,MC016,,2025-12-14 17:30:00,2025-12-14 17:51:00,21,Mechanical Failure,Unplanned
DT004432,MC043,PRD0009949,2025-01-26 07:00:00,2025-01-26 07:08:00,8,Mechanical Failure,Unplanned
DT004433,MC014,,2025-09-22 16:40:00,2025-09-22 17:22:00,42,Scheduled Maintenance,Planned
DT004434,MC007,PRD0010840,2025-04-04 17:30:00,2025-04-04 18:21:00,51,Operator Break,Planned
DT004435,MC015,PRD0013272,2026-02-19 19:40:00,2026-02-19 20:39:00,59,Power Outage,Unplanned
DT004436,MC005,PRD0007475,2025-11-06 02:20:00,2025-11-06 04:35:00,135,Electrical Fault,Unplanned
DT004437,MC039,PRD0009057,2026-04-23 02:40:00,2026-04-23 03:38:00,58,Operator Break,Planned
DT004438,MC031,PRD0010618,2025-10-29 10:50:00,2025-10-29 13:47:00,177,Software/PLC Fault,Unplanned
DT004439,MC005,PRD0009340,2026-02-26 02:10:00,2026-02-26 03:43:00,93,Tooling Change,Planned
DT004440,MC007,PRD0002591,2025-01-16 20:10:00,2025-01-16 23:25:00,195,Mechanical Failure,Unplanned
DT004441,MC013,PRD0014889,2026-01-09 07:00:00,2026-01-09 10:43:00,223,Material Shortage,Unplanned
DT004442,MC017,PRD0018351,2025-07-05 16:50:00,2025-07-05 17:37:00,47,Scheduled Maintenance,Planned
DT004443,MC026,PRD0017123,2026-01-16 15:20:00,2026-01-16 16:08:00,48,Calibration,Planned
DT004444,MC004,PRD0000682,2026-05-02 22:50:00,2026-05-02 23:32:00,42,Tooling Change,Planned
DT004445,MC040,PRD0014572,2025-03-01 01:30:00,2025-03-01 03:23:00,113,Electrical Fault,Unplanned
DT004446,MC025,PRD0003413,2026-02-25 07:10:00,2026-02-25 08:10:00,60,Scheduled Maintenance,Planned
DT004447,MC004,PRD0007665,2025-06-17 16:40:00,2025-06-17 17:43:00,63,Scheduled Maintenance,Planned
DT004448,MC017,PRD0003051,2026-03-19 14:50:00,2026-03-19 16:05:00,75,Mechanical Failure,Unplanned
DT004449,MC017,PRD0006631,2026-02-27 21:50:00,2026-02-27 22:29:00,39,Software/PLC Fault,Unplanned
DT004450,MC002,PRD0007313,2026-02-25 06:10:00,2026-02-25 11:04:00,294,Material Shortage,Unplanned
DT004451,MC041,PRD0007522,2026-06-14 14:20:00,2026-06-14 15:04:00,44,Software/PLC Fault,Unplanned
DT004452,MC017,PRD0001582,2025-06-12 16:10:00,2025-06-12 17:49:00,99,Mechanical Failure,Unplanned
DT004453,MC028,,2025-11-30 11:10:00,2025-11-30 11:40:00,30,Software/PLC Fault,Unplanned
DT004454,MC034,PRD0011049,2026-01-02 19:20:00,2026-01-02 19:55:00,35,Operator Break,Planned
DT004455,MC037,,2025-02-28 21:20:00,2025-02-28 22:14:00,54,Scheduled Maintenance,Planned
DT004456,MC048,PRD0004449,2025-03-25 00:40:00,2025-03-25 01:14:00,34,Operator Break,Planned
DT004457,MC034,,2025-11-17 11:40:00,2025-11-17 11:52:00,12,Mechanical Failure,Unplanned
DT004458,MC011,,2026-04-30 22:40:00,2026-04-30 23:46:00,66,Calibration,Planned
DT004459,MC034,PRD0007642,2025-12-17 03:30:00,2025-12-17 04:03:00,33,Power Outage,Unplanned
DT004460,MC048,PRD0007185,2025-02-17 08:10:00,2025-02-17 08:51:00,41,Operator Break,Planned
DT004461,MC009,,2025-04-04 20:50:00,2025-04-04 21:37:00,47,Operator Break,Planned
DT004462,MC030,,2025-06-15 17:00:00,2025-06-15 17:10:00,10,Electrical Fault,Unplanned
DT004463,MC048,PRD0000280,2025-06-21 13:20:00,2025-06-21 14:06:00,46,Scheduled Maintenance,Planned
DT004464,MC039,PRD0016084,2025-08-01 09:50:00,2025-08-01 10:51:00,61,Operator Break,Planned
DT004465,MC048,PRD0008768,2026-04-20 01:50:00,2026-04-20 03:14:00,84,Electrical Fault,Unplanned
DT004466,MC030,PRD0016567,2025-06-25 17:30:00,2025-06-25 18:01:00,31,Calibration,Planned
DT004467,MC027,PRD0018927,2026-03-19 22:30:00,2026-03-19 22:55:00,25,Scheduled Maintenance,Planned
DT004468,MC008,PRD0010056,2026-01-06 13:00:00,2026-01-06 13:47:00,47,Calibration,Planned
DT004469,MC046,PRD0013556,2025-08-25 16:20:00,2025-08-25 16:40:00,20,Tooling Change,Planned
DT004470,MC012,PRD0013966,2025-06-24 15:00:00,2025-06-24 15:49:00,49,Operator Break,Planned
DT004471,MC001,PRD0013523,2025-04-18 13:00:00,2025-04-18 13:35:00,35,Electrical Fault,Unplanned
DT004472,MC015,PRD0000049,2025-05-28 21:50:00,2025-05-28 22:34:00,44,Calibration,Planned
DT004473,MC014,PRD0010711,2025-03-22 06:50:00,2025-03-22 07:54:00,64,Electrical Fault,Unplanned
DT004474,MC039,PRD0017951,2025-05-03 04:40:00,2025-05-03 05:13:00,33,Scheduled Maintenance,Planned
DT004475,MC019,PRD0000261,2026-03-04 01:30:00,2026-03-04 02:07:00,37,Operator Break,Planned
DT004476,MC017,PRD0015586,2026-06-16 21:00:00,2026-06-16 21:09:00,9,Mechanical Failure,Unplanned
DT004477,MC005,PRD0016291,2025-09-22 10:10:00,2025-09-22 10:20:00,10,Calibration,Planned
DT004478,MC047,,2025-08-19 04:50:00,2025-08-19 05:25:00,35,Software/PLC Fault,Unplanned
DT004479,MC013,,2025-01-20 21:30:00,2025-01-20 21:41:00,11,Electrical Fault,Unplanned
DT004480,MC039,,2025-04-18 00:10:00,2025-04-18 03:18:00,188,Power Outage,Unplanned
DT004481,MC003,PRD0005873,2025-10-25 19:30:00,2025-10-25 19:46:00,16,Calibration,Planned
DT004482,MC010,PRD0010779,2025-05-13 06:40:00,2025-05-13 07:36:00,56,Tooling Change,Planned
DT004483,MC039,PRD0013570,2026-03-17 19:50:00,2026-03-17 20:17:00,27,Material Shortage,Unplanned
DT004484,MC017,PRD0015604,2026-06-26 00:40:00,2026-06-26 01:16:00,36,Software/PLC Fault,Unplanned
DT004485,MC023,,2025-10-22 16:20:00,2025-10-22 17:21:00,61,Power Outage,Unplanned
DT004486,MC025,PRD0008897,2025-07-09 03:40:00,2025-07-09 04:42:00,62,Operator Break,Planned
DT004487,MC026,PRD0006431,2025-10-23 04:10:00,2025-10-23 04:48:00,38,Tooling Change,Planned
DT004488,MC021,,2026-04-06 11:50:00,2026-04-06 12:18:00,28,Calibration,Planned
DT004489,MC022,PRD0001264,2026-06-22 06:10:00,2026-06-22 06:28:00,18,Tooling Change,Planned
DT004490,MC038,PRD0016417,2025-05-10 05:20:00,2025-05-10 06:31:00,71,Scheduled Maintenance,Planned
DT004491,MC021,PRD0017402,2025-10-19 03:00:00,2025-10-19 03:38:00,38,Calibration,Planned
DT004492,MC025,,2025-11-13 01:50:00,2025-11-13 02:03:00,13,Electrical Fault,Unplanned
DT004493,MC044,PRD0019849,2025-07-26 06:00:00,2025-07-26 06:28:00,28,Electrical Fault,Unplanned
DT004494,MC010,,2026-03-11 20:50:00,2026-03-11 21:20:00,30,Tooling Change,Planned
DT004495,MC036,,2025-10-01 18:10:00,2025-10-01 18:22:00,12,Calibration,Planned
DT004496,MC001,,2025-06-19 13:50:00,2025-06-19 14:55:00,65,Operator Break,Planned
DT004497,MC040,PRD0018715,2025-01-27 00:10:00,2025-01-27 00:53:00,43,Mechanical Failure,Unplanned
DT004498,MC013,PRD0016658,2025-07-05 06:20:00,2025-07-05 07:00:00,40,Tooling Change,Planned
DT004499,MC046,PRD0001171,2025-12-12 16:50:00,2025-12-12 17:42:00,52,Scheduled Maintenance,Planned
DT004500,MC017,,2026-06-07 03:30:00,2026-06-07 03:44:00,14,Power Outage,Unplanned
DT004501,MC016,,2025-01-26 03:30:00,2025-01-26 03:59:00,29,Operator Break,Planned
DT004502,MC003,PRD0004632,2025-02-08 13:30:00,2025-02-08 14:06:00,36,Software/PLC Fault,Unplanned
DT004503,MC025,PRD0014974,2025-06-08 21:30:00,2025-06-08 22:13:00,43,Calibration,Planned
DT004504,MC036,PRD0015848,2025-09-03 05:40:00,2025-09-03 06:40:00,60,Operator Break,Planned
DT004505,MC002,PRD0005021,2026-02-18 02:50:00,2026-02-18 03:00:00,10,Mechanical Failure,Unplanned
DT004506,MC028,,2025-03-06 19:10:00,2025-03-06 20:51:00,101,Electrical Fault,Unplanned
DT004507,MC042,PRD0012692,2025-12-22 15:20:00,2025-12-22 16:25:00,65,Software/PLC Fault,Unplanned
DT004508,MC048,PRD0019614,2026-04-03 22:10:00,2026-04-03 22:43:00,33,Electrical Fault,Unplanned
DT004509,MC034,PRD0000217,2025-07-10 14:10:00,2025-07-10 14:42:00,32,Power Outage,Unplanned
DT004510,MC024,,2025-12-29 05:00:00,2025-12-29 05:09:00,9,Power Outage,Unplanned
DT004511,MC002,PRD0008336,2025-11-20 18:30:00,2025-11-20 19:18:00,48,Power Outage,Unplanned
DT004512,MC011,,2025-08-27 10:10:00,2025-08-27 13:08:00,178,Electrical Fault,Unplanned
DT004513,MC005,PRD0009957,2025-12-21 22:50:00,2025-12-21 23:45:00,55,Operator Break,Planned
DT004514,MC030,,2026-02-11 20:10:00,2026-02-11 21:28:00,78,Calibration,Planned
DT004515,MC010,,2025-07-24 16:40:00,2025-07-24 17:12:00,32,Material Shortage,Unplanned
DT004516,MC016,PRD0012757,2026-01-08 19:00:00,2026-01-08 19:52:00,52,Calibration,Planned
DT004517,MC042,PRD0010917,2026-05-01 07:30:00,2026-05-01 08:17:00,47,Scheduled Maintenance,Planned
DT004518,MC026,PRD0002269,2025-03-28 04:20:00,2025-03-28 04:25:00,5,Mechanical Failure,Unplanned
DT004519,MC002,,2025-01-27 17:30:00,2025-01-27 18:19:00,49,Operator Break,Planned
DT004520,MC030,PRD0016193,2026-01-17 03:40:00,2026-01-17 04:02:00,22,Power Outage,Unplanned
DT004521,MC011,,2025-03-25 12:10:00,2025-03-25 13:37:00,87,Calibration,Planned
DT004522,MC010,PRD0013104,2025-11-22 06:30:00,2025-11-22 06:42:00,12,Material Shortage,Unplanned
DT004523,MC022,,2026-05-04 22:30:00,2026-05-04 22:54:00,24,Software/PLC Fault,Unplanned
DT004524,MC028,PRD0006091,2025-06-18 08:40:00,2025-06-18 09:49:00,69,Software/PLC Fault,Unplanned
DT004525,MC045,PRD0011485,2025-02-08 20:00:00,2025-02-08 20:33:00,33,Scheduled Maintenance,Planned
DT004526,MC017,PRD0015918,2026-03-10 03:50:00,2026-03-10 04:35:00,45,Power Outage,Unplanned
DT004527,MC042,PRD0013773,2026-01-12 01:40:00,2026-01-12 02:45:00,65,Scheduled Maintenance,Planned
DT004528,MC027,PRD0005680,2026-06-04 06:10:00,2026-06-04 06:47:00,37,Electrical Fault,Unplanned
DT004529,MC004,PRD0015647,2026-01-29 02:10:00,2026-01-29 03:01:00,51,Operator Break,Planned
DT004530,MC017,,2025-01-27 17:30:00,2025-01-27 17:56:00,26,Tooling Change,Planned
DT004531,MC009,PRD0013841,2025-06-24 05:30:00,2025-06-24 06:24:00,54,Power Outage,Unplanned
DT004532,MC020,,2025-12-28 01:20:00,2025-12-28 01:43:00,23,Electrical Fault,Unplanned
DT004533,MC022,PRD0010214,2025-04-11 18:40:00,2025-04-11 19:01:00,21,Electrical Fault,Unplanned
DT004534,MC044,PRD0006745,2025-12-03 16:30:00,2025-12-03 17:43:00,73,Mechanical Failure,Unplanned
DT004535,MC008,PRD0001202,2025-11-05 06:20:00,2025-11-05 07:32:00,72,Calibration,Planned
DT004536,MC024,,2026-01-19 00:40:00,2026-01-19 01:13:00,33,Power Outage,Unplanned
DT004537,MC004,PRD0002402,2025-07-04 09:30:00,2025-07-04 09:50:00,20,Operator Break,Planned
DT004538,MC035,PRD0010079,2025-04-20 05:40:00,2025-04-20 06:07:00,27,Mechanical Failure,Unplanned
DT004539,MC009,PRD0008575,2025-12-06 04:20:00,2025-12-06 04:34:00,14,Operator Break,Planned
DT004540,MC039,,2026-06-14 03:30:00,2026-06-14 04:10:00,40,Scheduled Maintenance,Planned
DT004541,MC022,PRD0014419,2025-01-21 18:30:00,2025-01-21 19:01:00,31,Tooling Change,Planned
DT004542,MC032,PRD0003565,2025-07-20 14:30:00,2025-07-20 15:00:00,30,Scheduled Maintenance,Planned
DT004543,MC046,PRD0001650,2025-08-02 00:10:00,2025-08-02 00:15:00,5,Software/PLC Fault,Unplanned
DT004544,MC024,PRD0000811,2026-01-29 10:20:00,2026-01-29 10:42:00,22,Power Outage,Unplanned
DT004545,MC036,PRD0013164,2025-05-08 22:50:00,2025-05-08 23:09:00,19,Operator Break,Planned
DT004546,MC029,PRD0001492,2025-09-25 05:00:00,2025-09-25 06:23:00,83,Software/PLC Fault,Unplanned
DT004547,MC011,PRD0006928,2025-11-23 16:20:00,2025-11-23 16:53:00,33,Power Outage,Unplanned
DT004548,MC004,PRD0008073,2025-06-24 15:00:00,2025-06-24 15:36:00,36,Software/PLC Fault,Unplanned
DT004549,MC022,PRD0019443,2026-05-21 07:40:00,2026-05-21 08:47:00,67,Tooling Change,Planned
DT004550,MC037,PRD0000488,2025-06-17 22:40:00,2025-06-17 23:31:00,51,Operator Break,Planned
DT004551,MC049,PRD0019858,2025-08-22 03:30:00,2025-08-22 04:18:00,48,Tooling Change,Planned
DT004552,MC013,PRD0000291,2025-08-10 02:50:00,2025-08-10 03:53:00,63,Operator Break,Planned
DT004553,MC005,,2026-02-23 12:20:00,2026-02-23 13:25:00,65,Material Shortage,Unplanned
DT004554,MC003,,2025-04-25 10:10:00,2025-04-25 10:40:00,30,Software/PLC Fault,Unplanned
DT004555,MC029,,2026-06-25 10:20:00,2026-06-25 10:53:00,33,Material Shortage,Unplanned
DT004556,MC009,PRD0012045,2025-07-17 05:50:00,2025-07-17 06:25:00,35,Mechanical Failure,Unplanned
DT004557,MC038,PRD0003417,2025-09-03 22:10:00,2025-09-03 22:54:00,44,Calibration,Planned
DT004558,MC022,,2026-02-04 21:40:00,2026-02-04 22:15:00,35,Mechanical Failure,Unplanned
DT004559,MC019,,2025-02-01 05:30:00,2025-02-01 06:44:00,74,Mechanical Failure,Unplanned
DT004560,MC048,PRD0003465,2025-05-15 20:40:00,2025-05-15 21:45:00,65,Calibration,Planned
DT004561,MC004,PRD0008679,2025-03-25 19:50:00,2025-03-25 20:31:00,41,Material Shortage,Unplanned
DT004562,MC012,,2025-04-09 00:00:00,2025-04-09 00:39:00,39,Calibration,Planned
DT004563,MC036,PRD0017200,2025-10-03 11:50:00,2025-10-03 12:21:00,31,Scheduled Maintenance,Planned
DT004564,MC034,PRD0010032,2025-01-04 12:20:00,2025-01-04 13:42:00,82,Material Shortage,Unplanned
DT004565,MC031,PRD0000511,2025-10-20 12:10:00,2025-10-20 12:57:00,47,Operator Break,Planned
DT004566,MC036,PRD0012393,2026-03-11 03:10:00,2026-03-11 04:07:00,57,Power Outage,Unplanned
DT004567,MC047,PRD0010545,2025-10-26 13:40:00,2025-10-26 15:12:00,92,Software/PLC Fault,Unplanned
DT004568,MC028,PRD0001456,2026-01-31 17:20:00,2026-01-31 18:09:00,49,Scheduled Maintenance,Planned
DT004569,MC003,,2025-03-07 04:00:00,2025-03-07 07:45:00,225,Electrical Fault,Unplanned
DT004570,MC022,PRD0004407,2025-02-11 02:00:00,2025-02-11 02:52:00,52,Material Shortage,Unplanned
DT004571,MC010,PRD0003639,2026-02-01 01:10:00,2026-02-01 01:32:00,22,Material Shortage,Unplanned
DT004572,MC002,PRD0004425,2025-10-14 06:20:00,2025-10-14 06:49:00,29,Operator Break,Planned
DT004573,MC041,PRD0000421,2025-11-28 11:40:00,2025-11-28 13:53:00,133,Electrical Fault,Unplanned
DT004574,MC039,PRD0004357,2026-02-03 00:50:00,2026-02-03 01:10:00,20,Mechanical Failure,Unplanned
DT004575,MC047,,2025-01-20 18:20:00,2025-01-20 19:19:00,59,Calibration,Planned
DT004576,MC028,PRD0008344,2025-10-28 01:30:00,2025-10-28 02:52:00,82,Software/PLC Fault,Unplanned
DT004577,MC035,PRD0009412,2025-10-31 02:10:00,2025-10-31 02:45:00,35,Scheduled Maintenance,Planned
DT004578,MC037,PRD0007375,2025-07-16 13:00:00,2025-07-16 13:29:00,29,Mechanical Failure,Unplanned
DT004579,MC026,,2025-08-09 19:20:00,2025-08-09 19:41:00,21,Scheduled Maintenance,Planned
DT004580,MC037,PRD0001890,2025-09-01 11:00:00,2025-09-01 13:39:00,159,Electrical Fault,Unplanned
DT004581,MC022,PRD0014631,2025-12-30 19:20:00,2025-12-30 21:37:00,137,Material Shortage,Unplanned
DT004582,MC042,PRD0004471,2025-04-03 13:20:00,2025-04-03 18:29:00,309,Electrical Fault,Unplanned
DT004583,MC021,PRD0002590,2025-03-30 21:40:00,2025-03-30 22:16:00,36,Mechanical Failure,Unplanned
DT004584,MC022,PRD0015700,2025-05-15 16:30:00,2025-05-15 17:06:00,36,Software/PLC Fault,Unplanned
DT004585,MC050,PRD0000267,2026-02-27 10:20:00,2026-02-27 11:22:00,62,Tooling Change,Planned
DT004586,MC005,PRD0009729,2025-01-23 01:10:00,2025-01-23 02:09:00,59,Operator Break,Planned
DT004587,MC002,PRD0013839,2026-06-19 14:10:00,2026-06-19 14:37:00,27,Electrical Fault,Unplanned
DT004588,MC033,,2025-08-27 16:40:00,2025-08-27 18:41:00,121,Material Shortage,Unplanned
DT004589,MC030,PRD0017971,2025-10-22 12:40:00,2025-10-22 13:02:00,22,Mechanical Failure,Unplanned
DT004590,MC047,PRD0008381,2026-01-28 16:50:00,2026-01-28 17:58:00,68,Power Outage,Unplanned
DT004591,MC016,PRD0019065,2025-02-02 00:40:00,2025-02-02 01:56:00,76,Operator Break,Planned
DT004592,MC042,PRD0017746,2026-04-02 16:00:00,2026-04-02 16:58:00,58,Electrical Fault,Unplanned
DT004593,MC044,PRD0000155,2025-09-28 10:30:00,2025-09-28 13:10:00,160,Power Outage,Unplanned
DT004594,MC040,,2025-12-11 05:50:00,2025-12-11 06:09:00,19,Power Outage,Unplanned
DT004595,MC041,PRD0010738,2026-05-08 14:00:00,2026-05-08 14:42:00,42,Calibration,Planned
DT004596,MC005,,2025-09-22 00:40:00,2025-09-22 01:26:00,46,Scheduled Maintenance,Planned
DT004597,MC034,PRD0007277,2025-05-21 01:20:00,2025-05-21 01:40:00,20,Calibration,Planned
DT004598,MC003,,2025-11-11 02:20:00,2025-11-11 02:41:00,21,Tooling Change,Planned
DT004599,MC016,PRD0011938,2026-02-04 20:10:00,2026-02-04 22:09:00,119,Material Shortage,Unplanned
DT004600,MC041,PRD0004364,2026-02-07 12:10:00,2026-02-07 12:29:00,19,Scheduled Maintenance,Planned
DT004601,MC026,PRD0013945,2025-03-06 21:20:00,2025-03-06 21:26:00,6,Mechanical Failure,Unplanned
DT004602,MC018,PRD0001986,2025-02-24 12:50:00,2025-02-24 17:44:00,294,Power Outage,Unplanned
DT004603,MC044,PRD0000936,2025-01-06 09:00:00,2025-01-06 09:22:00,22,Mechanical Failure,Unplanned
DT004604,MC048,,2025-10-26 21:20:00,2025-10-26 22:22:00,62,Software/PLC Fault,Unplanned
DT004605,MC006,,2025-10-01 11:10:00,2025-10-01 11:56:00,46,Power Outage,Unplanned
DT004606,MC010,PRD0003949,2025-07-18 15:20:00,2025-07-18 16:25:00,65,Operator Break,Planned
DT004607,MC040,,2025-12-28 21:00:00,2025-12-28 21:39:00,39,Software/PLC Fault,Unplanned
DT004608,MC044,PRD0018466,2025-05-15 06:20:00,2025-05-15 07:10:00,50,Operator Break,Planned
DT004609,MC013,,2025-05-27 01:40:00,2025-05-27 02:45:00,65,Software/PLC Fault,Unplanned
DT004610,MC040,PRD0008831,2025-02-09 05:20:00,2025-02-09 06:01:00,41,Tooling Change,Planned
DT004611,MC047,PRD0015151,2026-06-19 13:40:00,2026-06-19 14:41:00,61,Tooling Change,Planned
DT004612,MC005,PRD0009345,2025-05-19 06:40:00,2025-05-19 07:32:00,52,Calibration,Planned
DT004613,MC036,PRD0013642,2026-05-30 01:00:00,2026-05-30 02:21:00,81,Scheduled Maintenance,Planned
DT004614,MC010,,2025-08-07 06:30:00,2025-08-07 08:05:00,95,Software/PLC Fault,Unplanned
DT004615,MC038,PRD0010253,2025-04-03 20:00:00,2025-04-03 20:46:00,46,Scheduled Maintenance,Planned
DT004616,MC047,,2025-03-14 18:00:00,2025-03-14 18:40:00,40,Tooling Change,Planned
DT004617,MC045,PRD0019650,2025-11-25 13:00:00,2025-11-25 13:24:00,24,Mechanical Failure,Unplanned
DT004618,MC043,PRD0014547,2025-07-14 17:00:00,2025-07-14 18:15:00,75,Software/PLC Fault,Unplanned
DT004619,MC048,,2025-04-14 21:30:00,2025-04-14 21:41:00,11,Software/PLC Fault,Unplanned
DT004620,MC002,PRD0004450,2026-03-11 18:00:00,2026-03-11 18:26:00,26,Software/PLC Fault,Unplanned
DT004621,MC044,PRD0000661,2025-01-08 20:00:00,2025-01-08 20:36:00,36,Software/PLC Fault,Unplanned
DT004622,MC037,,2025-11-19 00:10:00,2025-11-19 00:49:00,39,Electrical Fault,Unplanned
DT004623,MC046,,2025-04-18 17:30:00,2025-04-18 18:44:00,74,Scheduled Maintenance,Planned
DT004624,MC041,PRD0011555,2025-11-03 21:50:00,2025-11-03 22:29:00,39,Software/PLC Fault,Unplanned
DT004625,MC049,PRD0018076,2026-05-10 06:40:00,2026-05-10 07:46:00,66,Tooling Change,Planned
DT004626,MC021,PRD0011209,2026-03-24 17:40:00,2026-03-24 18:07:00,27,Electrical Fault,Unplanned
DT004627,MC002,,2026-01-12 11:20:00,2026-01-12 12:00:00,40,Power Outage,Unplanned
DT004628,MC012,PRD0004674,2025-01-12 16:50:00,2025-01-12 17:37:00,47,Scheduled Maintenance,Planned
DT004629,MC038,PRD0001660,2025-09-24 08:30:00,2025-09-24 10:04:00,94,Mechanical Failure,Unplanned
DT004630,MC018,PRD0003545,2025-12-10 10:00:00,2025-12-10 11:17:00,77,Mechanical Failure,Unplanned
DT004631,MC026,,2025-08-23 16:40:00,2025-08-23 17:01:00,21,Operator Break,Planned
DT004632,MC034,PRD0011061,2026-06-09 02:30:00,2026-06-09 03:07:00,37,Tooling Change,Planned
DT004633,MC038,PRD0008993,2025-10-03 07:40:00,2025-10-03 08:57:00,77,Electrical Fault,Unplanned
DT004634,MC040,PRD0001051,2026-03-22 06:30:00,2026-03-22 07:13:00,43,Tooling Change,Planned
DT004635,MC011,,2025-02-17 15:00:00,2025-02-17 15:19:00,19,Operator Break,Planned
DT004636,MC007,PRD0017724,2026-06-17 07:20:00,2026-06-17 08:15:00,55,Scheduled Maintenance,Planned
DT004637,MC042,PRD0007836,2025-09-03 13:50:00,2025-09-03 14:15:00,25,Material Shortage,Unplanned
DT004638,MC033,PRD0015395,2026-04-19 22:40:00,2026-04-19 23:16:00,36,Power Outage,Unplanned
DT004639,MC014,PRD0003212,2025-03-21 20:50:00,2025-03-21 21:18:00,28,Software/PLC Fault,Unplanned
DT004640,MC032,PRD0011721,2026-05-02 13:40:00,2026-05-02 17:32:00,232,Software/PLC Fault,Unplanned
DT004641,MC024,,2026-01-10 06:20:00,2026-01-10 07:00:00,40,Mechanical Failure,Unplanned
DT004642,MC005,,2025-01-23 09:10:00,2025-01-23 09:55:00,45,Scheduled Maintenance,Planned
DT004643,MC043,PRD0004238,2025-10-02 19:50:00,2025-10-02 20:52:00,62,Scheduled Maintenance,Planned
DT004644,MC001,,2026-05-14 04:20:00,2026-05-14 06:24:00,124,Mechanical Failure,Unplanned
DT004645,MC004,PRD0015548,2025-08-31 04:30:00,2025-08-31 04:54:00,24,Power Outage,Unplanned
DT004646,MC034,,2025-01-28 11:40:00,2025-01-28 12:20:00,40,Electrical Fault,Unplanned
DT004647,MC023,,2026-02-17 17:20:00,2026-02-17 18:16:00,56,Operator Break,Planned
DT004648,MC029,,2026-01-03 16:00:00,2026-01-03 16:53:00,53,Mechanical Failure,Unplanned
DT004649,MC023,,2026-03-31 05:10:00,2026-03-31 05:27:00,17,Material Shortage,Unplanned
DT004650,MC023,PRD0004139,2025-02-02 01:20:00,2025-02-02 02:03:00,43,Operator Break,Planned
DT004651,MC018,PRD0015690,2025-08-24 02:20:00,2025-08-24 03:52:00,92,Calibration,Planned
DT004652,MC002,,2025-12-28 00:20:00,2025-12-28 01:11:00,51,Operator Break,Planned
DT004653,MC043,PRD0009884,2025-07-18 01:50:00,2025-07-18 02:28:00,38,Material Shortage,Unplanned
DT004654,MC006,PRD0001283,2025-08-14 13:10:00,2025-08-14 13:58:00,48,Power Outage,Unplanned
DT004655,MC036,PRD0005048,2025-04-18 08:50:00,2025-04-18 10:12:00,82,Calibration,Planned
DT004656,MC013,PRD0008353,2026-06-08 16:40:00,2026-06-08 16:59:00,19,Power Outage,Unplanned
DT004657,MC030,,2026-03-14 16:40:00,2026-03-14 17:57:00,77,Electrical Fault,Unplanned
DT004658,MC005,PRD0013123,2025-08-24 15:40:00,2025-08-24 15:50:00,10,Operator Break,Planned
DT004659,MC024,PRD0014948,2025-04-11 01:10:00,2025-04-11 01:45:00,35,Electrical Fault,Unplanned
DT004660,MC026,PRD0011784,2026-01-09 09:10:00,2026-01-09 10:13:00,63,Calibration,Planned
DT004661,MC027,PRD0006720,2025-08-13 10:40:00,2025-08-13 11:56:00,76,Scheduled Maintenance,Planned
DT004662,MC043,PRD0012132,2025-05-06 03:00:00,2025-05-06 03:53:00,53,Power Outage,Unplanned
DT004663,MC004,PRD0005231,2025-02-06 21:30:00,2025-02-06 22:36:00,66,Calibration,Planned
DT004664,MC031,PRD0008942,2025-03-15 18:30:00,2025-03-15 18:43:00,13,Software/PLC Fault,Unplanned
DT004665,MC042,PRD0012680,2025-03-27 00:20:00,2025-03-27 01:39:00,79,Calibration,Planned
DT004666,MC019,,2026-05-30 05:50:00,2026-05-30 08:43:00,173,Material Shortage,Unplanned
DT004667,MC025,PRD0014039,2025-06-13 16:10:00,2025-06-13 16:59:00,49,Tooling Change,Planned
DT004668,MC023,PRD0009939,2025-12-02 07:50:00,2025-12-02 08:41:00,51,Tooling Change,Planned
DT004669,MC038,PRD0019015,2025-12-02 16:10:00,2025-12-02 16:34:00,24,Software/PLC Fault,Unplanned
DT004670,MC013,,2025-10-17 10:20:00,2025-10-17 10:56:00,36,Tooling Change,Planned
DT004671,MC025,PRD0012124,2025-08-23 00:50:00,2025-08-23 01:13:00,23,Calibration,Planned
DT004672,MC039,PRD0005869,2026-01-10 17:10:00,2026-01-10 17:41:00,31,Electrical Fault,Unplanned
DT004673,MC046,,2025-05-06 05:30:00,2025-05-06 06:17:00,47,Calibration,Planned
DT004674,MC016,PRD0015266,2025-05-03 18:20:00,2025-05-03 19:00:00,40,Scheduled Maintenance,Planned
DT004675,MC036,,2026-05-21 09:40:00,2026-05-21 10:00:00,20,Software/PLC Fault,Unplanned
DT004676,MC006,PRD0009659,2025-10-19 12:20:00,2025-10-19 13:04:00,44,Scheduled Maintenance,Planned
DT004677,MC002,PRD0009623,2025-08-20 22:00:00,2025-08-21 04:21:00,381,Electrical Fault,Unplanned
DT004678,MC017,PRD0015244,2025-09-13 09:30:00,2025-09-13 10:02:00,32,Material Shortage,Unplanned
DT004679,MC029,,2026-04-22 20:10:00,2026-04-22 21:09:00,59,Material Shortage,Unplanned
DT004680,MC009,,2025-02-17 05:30:00,2025-02-17 05:47:00,17,Scheduled Maintenance,Planned
DT004681,MC032,,2026-03-15 04:20:00,2026-03-15 04:42:00,22,Mechanical Failure,Unplanned
DT004682,MC013,PRD0001891,2025-07-28 12:40:00,2025-07-28 13:00:00,20,Mechanical Failure,Unplanned
DT004683,MC038,PRD0018847,2026-03-21 02:10:00,2026-03-21 03:14:00,64,Scheduled Maintenance,Planned
DT004684,MC029,PRD0003878,2025-10-03 00:00:00,2025-10-03 00:22:00,22,Mechanical Failure,Unplanned
DT004685,MC002,PRD0012546,2025-07-13 15:10:00,2025-07-13 16:16:00,66,Tooling Change,Planned
DT004686,MC035,PRD0011365,2025-04-29 04:40:00,2025-04-29 05:05:00,25,Electrical Fault,Unplanned
DT004687,MC020,PRD0009263,2026-03-03 02:50:00,2026-03-03 03:05:00,15,Electrical Fault,Unplanned
DT004688,MC027,PRD0005723,2025-12-14 10:30:00,2025-12-14 13:13:00,163,Material Shortage,Unplanned
DT004689,MC042,,2025-10-02 15:10:00,2025-10-02 15:36:00,26,Scheduled Maintenance,Planned
DT004690,MC031,PRD0016962,2025-04-17 12:10:00,2025-04-17 13:50:00,100,Mechanical Failure,Unplanned
DT004691,MC031,,2025-09-29 01:20:00,2025-09-29 01:45:00,25,Mechanical Failure,Unplanned
DT004692,MC044,,2026-06-06 00:20:00,2026-06-06 03:22:00,182,Power Outage,Unplanned
DT004693,MC013,,2026-02-20 06:40:00,2026-02-20 07:52:00,72,Scheduled Maintenance,Planned
DT004694,MC019,PRD0012069,2026-02-24 00:30:00,2026-02-24 02:10:00,100,Power Outage,Unplanned
DT004695,MC034,PRD0006753,2025-12-30 19:50:00,2025-12-30 21:44:00,114,Mechanical Failure,Unplanned
DT004696,MC035,PRD0016911,2025-08-18 11:00:00,2025-08-18 11:52:00,52,Mechanical Failure,Unplanned
DT004697,MC033,PRD0014506,2026-05-25 10:30:00,2026-05-25 12:44:00,134,Electrical Fault,Unplanned
DT004698,MC034,,2026-01-08 07:20:00,2026-01-08 08:49:00,89,Software/PLC Fault,Unplanned
DT004699,MC024,,2026-05-08 22:00:00,2026-05-08 22:11:00,11,Power Outage,Unplanned
DT004700,MC021,PRD0004635,2025-01-14 12:40:00,2025-01-14 13:06:00,26,Software/PLC Fault,Unplanned
DT004701,MC012,PRD0001831,2025-12-04 05:30:00,2025-12-04 05:48:00,18,Power Outage,Unplanned
DT004702,MC043,PRD0016573,2025-10-21 16:20:00,2025-10-21 16:36:00,16,Scheduled Maintenance,Planned
DT004703,MC036,,2025-04-24 16:50:00,2025-04-24 17:28:00,38,Mechanical Failure,Unplanned
DT004704,MC035,PRD0006923,2026-03-25 08:20:00,2026-03-25 08:46:00,26,Power Outage,Unplanned
DT004705,MC003,PRD0003718,2025-10-16 18:00:00,2025-10-16 19:30:00,90,Mechanical Failure,Unplanned
DT004706,MC021,PRD0009076,2025-12-03 04:30:00,2025-12-03 05:12:00,42,Calibration,Planned
DT004707,MC045,,2026-03-18 00:40:00,2026-03-18 01:27:00,47,Operator Break,Planned
DT004708,MC013,PRD0002702,2026-03-13 07:50:00,2026-03-13 08:34:00,44,Mechanical Failure,Unplanned
DT004709,MC050,PRD0014662,2026-05-04 09:40:00,2026-05-04 12:39:00,179,Electrical Fault,Unplanned
DT004710,MC035,PRD0005802,2025-11-13 06:30:00,2025-11-13 07:09:00,39,Calibration,Planned
DT004711,MC021,PRD0008233,2025-01-08 06:40:00,2025-01-08 07:13:00,33,Operator Break,Planned
DT004712,MC010,PRD0015651,2025-01-07 15:10:00,2025-01-07 16:04:00,54,Tooling Change,Planned
DT004713,MC050,PRD0005348,2025-12-03 20:10:00,2025-12-03 21:01:00,51,Operator Break,Planned
DT004714,MC004,,2025-11-27 07:50:00,2025-11-27 08:58:00,68,Operator Break,Planned
DT004715,MC036,PRD0011651,2025-04-10 17:00:00,2025-04-10 17:53:00,53,Tooling Change,Planned
DT004716,MC022,PRD0003395,2026-04-24 09:20:00,2026-04-24 09:36:00,16,Calibration,Planned
DT004717,MC050,PRD0015478,2025-09-20 05:50:00,2025-09-20 06:22:00,32,Operator Break,Planned
DT004718,MC019,PRD0006187,2025-03-06 14:40:00,2025-03-06 15:29:00,49,Scheduled Maintenance,Planned
DT004719,MC025,PRD0006234,2026-03-02 10:00:00,2026-03-02 10:46:00,46,Tooling Change,Planned
DT004720,MC049,PRD0010886,2026-06-30 05:10:00,2026-06-30 06:50:00,100,Mechanical Failure,Unplanned
DT004721,MC031,PRD0019754,2025-12-04 08:00:00,2025-12-04 09:09:00,69,Tooling Change,Planned
DT004722,MC021,,2026-06-26 11:10:00,2026-06-26 11:36:00,26,Software/PLC Fault,Unplanned
DT004723,MC034,PRD0010021,2026-03-01 09:20:00,2026-03-01 09:32:00,12,Power Outage,Unplanned
DT004724,MC028,PRD0010651,2026-01-31 21:30:00,2026-01-31 22:42:00,72,Scheduled Maintenance,Planned
DT004725,MC004,PRD0013288,2025-05-24 13:30:00,2025-05-24 14:41:00,71,Scheduled Maintenance,Planned
DT004726,MC022,PRD0006359,2025-02-06 07:50:00,2025-02-06 08:37:00,47,Calibration,Planned
DT004727,MC047,PRD0002268,2025-03-05 05:00:00,2025-03-05 05:29:00,29,Software/PLC Fault,Unplanned
DT004728,MC007,PRD0009794,2025-05-17 07:50:00,2025-05-17 08:52:00,62,Power Outage,Unplanned
DT004729,MC008,PRD0013624,2025-05-14 08:30:00,2025-05-14 09:42:00,72,Tooling Change,Planned
DT004730,MC009,PRD0002168,2026-04-15 17:50:00,2026-04-15 18:08:00,18,Scheduled Maintenance,Planned
DT004731,MC046,,2026-05-26 07:50:00,2026-05-26 08:17:00,27,Operator Break,Planned
DT004732,MC025,,2025-11-22 07:10:00,2025-11-22 07:33:00,23,Power Outage,Unplanned
DT004733,MC015,PRD0019909,2025-07-24 05:20:00,2025-07-24 05:32:00,12,Software/PLC Fault,Unplanned
DT004734,MC050,,2026-02-13 07:00:00,2026-02-13 07:36:00,36,Power Outage,Unplanned
DT004735,MC007,PRD0015105,2025-07-13 04:20:00,2025-07-13 05:29:00,69,Scheduled Maintenance,Planned
DT004736,MC026,PRD0004884,2025-08-22 03:20:00,2025-08-22 03:50:00,30,Material Shortage,Unplanned
DT004737,MC023,,2025-07-12 01:20:00,2025-07-12 01:50:00,30,Scheduled Maintenance,Planned
DT004738,MC006,PRD0013813,2026-05-16 02:10:00,2026-05-16 02:28:00,18,Calibration,Planned
DT004739,MC030,,2026-05-26 04:00:00,2026-05-26 04:28:00,28,Operator Break,Planned
DT004740,MC003,,2025-02-11 22:10:00,2025-02-12 02:14:00,244,Material Shortage,Unplanned
DT004741,MC031,,2025-01-08 02:10:00,2025-01-08 03:15:00,65,Calibration,Planned
DT004742,MC024,PRD0000429,2025-05-04 21:30:00,2025-05-04 22:30:00,60,Operator Break,Planned
DT004743,MC010,,2025-12-24 20:00:00,2025-12-24 20:16:00,16,Power Outage,Unplanned
DT004744,MC006,PRD0018991,2025-04-27 11:50:00,2025-04-27 12:18:00,28,Tooling Change,Planned
DT004745,MC010,PRD0001561,2026-04-03 22:00:00,2026-04-03 22:53:00,53,Power Outage,Unplanned
DT004746,MC013,PRD0014966,2025-05-04 22:40:00,2025-05-04 23:20:00,40,Scheduled Maintenance,Planned
DT004747,MC016,PRD0003890,2026-04-11 19:10:00,2026-04-11 19:46:00,36,Power Outage,Unplanned
DT004748,MC010,,2025-10-15 04:50:00,2025-10-15 05:34:00,44,Tooling Change,Planned
DT004749,MC037,PRD0005271,2025-04-25 08:10:00,2025-04-25 09:09:00,59,Calibration,Planned
DT004750,MC043,PRD0000881,2025-12-18 21:10:00,2025-12-18 22:00:00,50,Software/PLC Fault,Unplanned
DT004751,MC011,PRD0018618,2025-03-13 04:10:00,2025-03-13 04:49:00,39,Operator Break,Planned
DT004752,MC023,PRD0007151,2026-01-19 03:30:00,2026-01-19 05:35:00,125,Mechanical Failure,Unplanned
DT004753,MC042,PRD0005755,2025-09-16 13:00:00,2025-09-16 14:09:00,69,Material Shortage,Unplanned
DT004754,MC038,PRD0010839,2025-03-31 12:30:00,2025-03-31 13:13:00,43,Tooling Change,Planned
DT004755,MC026,PRD0001632,2025-11-24 06:50:00,2025-11-24 07:12:00,22,Power Outage,Unplanned
DT004756,MC042,,2025-01-26 10:50:00,2025-01-26 11:19:00,29,Calibration,Planned
DT004757,MC027,PRD0018265,2025-12-28 14:50:00,2025-12-28 15:01:00,11,Electrical Fault,Unplanned
DT004758,MC011,PRD0010071,2025-02-06 09:40:00,2025-02-06 10:45:00,65,Scheduled Maintenance,Planned
DT004759,MC026,PRD0000957,2025-05-19 00:50:00,2025-05-19 02:12:00,82,Scheduled Maintenance,Planned
DT004760,MC009,PRD0016354,2025-06-02 17:50:00,2025-06-02 18:22:00,32,Power Outage,Unplanned
DT004761,MC042,PRD0012789,2025-11-25 09:40:00,2025-11-25 10:08:00,28,Mechanical Failure,Unplanned
DT004762,MC020,,2025-12-19 20:30:00,2025-12-19 20:48:00,18,Mechanical Failure,Unplanned
DT004763,MC038,PRD0009356,2025-07-19 03:30:00,2025-07-19 03:35:00,5,Electrical Fault,Unplanned
DT004764,MC033,,2026-02-24 03:30:00,2026-02-24 04:40:00,70,Material Shortage,Unplanned
DT004765,MC024,PRD0016392,2025-02-03 10:30:00,2025-02-03 11:17:00,47,Calibration,Planned
DT004766,MC031,PRD0008050,2025-10-25 06:30:00,2025-10-25 07:01:00,31,Calibration,Planned
DT004767,MC021,PRD0015202,2026-02-05 06:50:00,2026-02-05 07:48:00,58,Operator Break,Planned
DT004768,MC030,PRD0014955,2026-06-17 14:30:00,2026-06-17 16:01:00,91,Operator Break,Planned
DT004769,MC038,,2025-08-25 17:30:00,2025-08-25 17:59:00,29,Calibration,Planned
DT004770,MC028,PRD0001719,2025-11-16 12:00:00,2025-11-16 12:46:00,46,Scheduled Maintenance,Planned
DT004771,MC047,PRD0009150,2026-06-30 14:20:00,2026-06-30 14:32:00,12,Material Shortage,Unplanned
DT004772,MC022,PRD0008061,2025-08-03 20:30:00,2025-08-03 21:17:00,47,Operator Break,Planned
DT004773,MC025,,2025-03-03 09:40:00,2025-03-03 10:54:00,74,Scheduled Maintenance,Planned
DT004774,MC040,PRD0017579,2026-02-26 01:30:00,2026-02-26 02:44:00,74,Scheduled Maintenance,Planned
DT004775,MC050,PRD0004027,2026-05-10 03:40:00,2026-05-10 04:15:00,35,Calibration,Planned
DT004776,MC013,,2026-03-20 13:50:00,2026-03-20 14:26:00,36,Electrical Fault,Unplanned
DT004777,MC049,,2025-10-31 13:00:00,2025-10-31 14:56:00,116,Mechanical Failure,Unplanned
DT004778,MC015,PRD0010271,2025-08-12 13:00:00,2025-08-12 14:11:00,71,Mechanical Failure,Unplanned
DT004779,MC046,PRD0013274,2025-01-03 11:50:00,2025-01-03 12:24:00,34,Mechanical Failure,Unplanned
DT004780,MC023,,2026-02-27 14:40:00,2026-02-27 15:16:00,36,Operator Break,Planned
DT004781,MC010,,2025-06-24 10:00:00,2025-06-24 11:07:00,67,Operator Break,Planned
DT004782,MC008,,2025-08-13 13:50:00,2025-08-13 14:44:00,54,Operator Break,Planned
DT004783,MC036,,2025-01-19 21:10:00,2025-01-19 21:53:00,43,Tooling Change,Planned
DT004784,MC017,,2025-02-07 19:40:00,2025-02-07 20:08:00,28,Scheduled Maintenance,Planned
DT004785,MC030,,2025-01-18 11:30:00,2025-01-18 11:56:00,26,Scheduled Maintenance,Planned
DT004786,MC029,PRD0002905,2026-06-14 05:10:00,2026-06-14 07:29:00,139,Electrical Fault,Unplanned
DT004787,MC034,,2025-02-01 13:00:00,2025-02-01 13:36:00,36,Material Shortage,Unplanned
DT004788,MC050,PRD0010233,2025-01-04 21:30:00,2025-01-04 23:06:00,96,Tooling Change,Planned
DT004789,MC045,PRD0003242,2026-03-23 10:10:00,2026-03-23 10:37:00,27,Mechanical Failure,Unplanned
DT004790,MC023,PRD0001943,2025-12-02 03:30:00,2025-12-02 03:54:00,24,Software/PLC Fault,Unplanned
DT004791,MC015,,2025-04-30 20:30:00,2025-04-30 20:49:00,19,Operator Break,Planned
DT004792,MC023,PRD0003937,2025-05-25 11:50:00,2025-05-25 12:42:00,52,Material Shortage,Unplanned
DT004793,MC039,PRD0007130,2025-10-22 12:10:00,2025-10-22 12:28:00,18,Mechanical Failure,Unplanned
DT004794,MC013,,2025-01-27 17:20:00,2025-01-27 17:55:00,35,Scheduled Maintenance,Planned
DT004795,MC049,PRD0006880,2025-04-11 19:20:00,2025-04-11 20:24:00,64,Calibration,Planned
DT004796,MC010,PRD0017851,2026-06-03 19:30:00,2026-06-03 20:21:00,51,Operator Break,Planned
DT004797,MC021,PRD0017646,2025-12-22 06:00:00,2025-12-22 07:51:00,111,Electrical Fault,Unplanned
DT004798,MC023,PRD0012436,2026-02-26 21:00:00,2026-02-26 21:41:00,41,Scheduled Maintenance,Planned
DT004799,MC016,PRD0006312,2025-07-12 10:30:00,2025-07-12 11:17:00,47,Calibration,Planned
DT004800,MC011,,2025-05-04 19:00:00,2025-05-04 19:28:00,28,Material Shortage,Unplanned
DT004801,MC033,PRD0001792,2025-10-31 21:30:00,2025-11-01 00:19:00,169,Electrical Fault,Unplanned
DT004802,MC007,,2025-01-28 16:50:00,2025-01-28 17:51:00,61,Tooling Change,Planned
DT004803,MC004,,2025-04-13 22:20:00,2025-04-13 22:44:00,24,Tooling Change,Planned
DT004804,MC011,PRD0000850,2025-07-28 16:30:00,2025-07-28 16:40:00,10,Scheduled Maintenance,Planned
DT004805,MC033,PRD0012479,2025-02-05 03:10:00,2025-02-05 03:42:00,32,Calibration,Planned
DT004806,MC016,PRD0019738,2025-09-24 05:30:00,2025-09-24 06:11:00,41,Material Shortage,Unplanned
DT004807,MC011,PRD0016013,2025-05-07 18:10:00,2025-05-07 18:29:00,19,Operator Break,Planned
DT004808,MC043,PRD0018370,2026-06-19 07:30:00,2026-06-19 08:12:00,42,Power Outage,Unplanned
DT004809,MC022,PRD0019686,2025-08-06 08:40:00,2025-08-06 08:54:00,14,Electrical Fault,Unplanned
DT004810,MC032,,2025-01-07 22:00:00,2025-01-07 23:02:00,62,Scheduled Maintenance,Planned
DT004811,MC003,PRD0006165,2026-01-15 00:00:00,2026-01-15 00:55:00,55,Software/PLC Fault,Unplanned
DT004812,MC017,PRD0004135,2025-08-20 13:00:00,2025-08-20 13:53:00,53,Scheduled Maintenance,Planned
DT004813,MC025,PRD0017244,2026-02-19 20:00:00,2026-02-19 21:16:00,76,Calibration,Planned
DT004814,MC002,PRD0012219,2025-03-13 10:40:00,2025-03-13 11:03:00,23,Tooling Change,Planned
DT004815,MC001,,2025-02-10 19:30:00,2025-02-10 19:43:00,13,Tooling Change,Planned
DT004816,MC037,,2025-04-28 14:20:00,2025-04-28 14:44:00,24,Mechanical Failure,Unplanned
DT004817,MC044,,2025-11-11 19:30:00,2025-11-11 20:26:00,56,Tooling Change,Planned
DT004818,MC044,PRD0011120,2025-09-10 10:10:00,2025-09-10 10:51:00,41,Electrical Fault,Unplanned
DT004819,MC031,,2026-03-28 03:50:00,2026-03-28 04:27:00,37,Material Shortage,Unplanned
DT004820,MC025,,2026-04-02 04:30:00,2026-04-02 05:07:00,37,Electrical Fault,Unplanned
DT004821,MC030,,2026-04-29 12:00:00,2026-04-29 22:00:00,600,Power Outage,Unplanned
DT004822,MC007,PRD0014657,2026-02-03 06:00:00,2026-02-03 06:51:00,51,Material Shortage,Unplanned
DT004823,MC019,PRD0015445,2025-10-29 11:00:00,2025-10-29 11:20:00,20,Scheduled Maintenance,Planned
DT004824,MC040,PRD0000983,2025-01-05 03:10:00,2025-01-05 03:46:00,36,Material Shortage,Unplanned
DT004825,MC014,PRD0009665,2025-05-21 13:50:00,2025-05-21 17:14:00,204,Software/PLC Fault,Unplanned
DT004826,MC042,PRD0005321,2026-01-15 14:20:00,2026-01-15 15:07:00,47,Tooling Change,Planned
DT004827,MC048,PRD0009112,2026-04-29 06:10:00,2026-04-29 06:34:00,24,Operator Break,Planned
DT004828,MC001,PRD0009037,2025-12-10 18:20:00,2025-12-10 19:03:00,43,Material Shortage,Unplanned
DT004829,MC015,,2025-09-24 19:10:00,2025-09-24 20:24:00,74,Power Outage,Unplanned
DT004830,MC029,,2025-03-14 06:40:00,2025-03-14 07:22:00,42,Material Shortage,Unplanned
DT004831,MC017,PRD0010267,2025-05-11 10:20:00,2025-05-11 11:12:00,52,Operator Break,Planned
DT004832,MC040,,2025-08-01 04:30:00,2025-08-01 05:15:00,45,Scheduled Maintenance,Planned
DT004833,MC030,PRD0003951,2025-11-11 21:40:00,2025-11-11 22:35:00,55,Scheduled Maintenance,Planned
DT004834,MC047,PRD0013383,2025-02-26 02:00:00,2025-02-26 03:34:00,94,Mechanical Failure,Unplanned
DT004835,MC003,PRD0006307,2025-03-18 07:10:00,2025-03-18 08:28:00,78,Tooling Change,Planned
DT004836,MC032,PRD0013933,2025-09-16 02:30:00,2025-09-16 03:43:00,73,Scheduled Maintenance,Planned
DT004837,MC046,,2025-05-15 08:50:00,2025-05-15 12:02:00,192,Electrical Fault,Unplanned
DT004838,MC040,PRD0015793,2025-01-12 03:10:00,2025-01-12 04:00:00,50,Tooling Change,Planned
DT004839,MC040,PRD0000895,2025-10-03 12:30:00,2025-10-03 13:19:00,49,Scheduled Maintenance,Planned
DT004840,MC023,PRD0019185,2025-11-21 08:30:00,2025-11-21 09:32:00,62,Software/PLC Fault,Unplanned
DT004841,MC033,PRD0012390,2025-01-08 13:30:00,2025-01-08 15:47:00,137,Mechanical Failure,Unplanned
DT004842,MC013,,2026-01-06 10:00:00,2026-01-06 10:06:00,6,Power Outage,Unplanned
DT004843,MC013,,2025-12-16 00:00:00,2025-12-16 00:29:00,29,Electrical Fault,Unplanned
DT004844,MC027,,2025-05-18 11:50:00,2025-05-18 12:13:00,23,Operator Break,Planned
DT004845,MC026,PRD0004028,2025-09-13 18:20:00,2025-09-13 19:29:00,69,Operator Break,Planned
DT004846,MC036,PRD0010167,2025-12-08 21:20:00,2025-12-08 21:35:00,15,Electrical Fault,Unplanned
DT004847,MC037,PRD0014168,2025-04-03 06:10:00,2025-04-03 06:29:00,19,Mechanical Failure,Unplanned
DT004848,MC006,PRD0019093,2025-03-21 00:00:00,2025-03-21 00:48:00,48,Scheduled Maintenance,Planned
DT004849,MC002,,2025-12-31 01:20:00,2025-12-31 02:09:00,49,Scheduled Maintenance,Planned
DT004850,MC034,PRD0003944,2025-07-03 06:10:00,2025-07-03 06:20:00,10,Scheduled Maintenance,Planned
DT004851,MC006,,2026-04-18 09:30:00,2026-04-18 10:18:00,48,Scheduled Maintenance,Planned
DT004852,MC004,PRD0015045,2025-08-26 06:40:00,2025-08-26 06:51:00,11,Electrical Fault,Unplanned
DT004853,MC046,PRD0006351,2025-09-14 14:00:00,2025-09-14 14:47:00,47,Operator Break,Planned
DT004854,MC029,PRD0011933,2026-06-02 07:30:00,2026-06-02 07:44:00,14,Software/PLC Fault,Unplanned
DT004855,MC047,PRD0005454,2025-12-03 06:20:00,2025-12-03 07:07:00,47,Mechanical Failure,Unplanned
DT004856,MC029,,2026-06-14 04:40:00,2026-06-14 05:26:00,46,Calibration,Planned
DT004857,MC009,PRD0009526,2026-01-31 06:30:00,2026-01-31 07:10:00,40,Tooling Change,Planned
DT004858,MC047,PRD0010338,2025-09-23 00:10:00,2025-09-23 00:37:00,27,Tooling Change,Planned
DT004859,MC002,PRD0004977,2025-10-26 05:20:00,2025-10-26 06:04:00,44,Mechanical Failure,Unplanned
DT004860,MC019,PRD0001179,2026-06-24 22:20:00,2026-06-24 22:31:00,11,Power Outage,Unplanned
DT004861,MC039,PRD0003356,2025-01-21 06:20:00,2025-01-21 06:58:00,38,Mechanical Failure,Unplanned
DT004862,MC002,PRD0004450,2026-03-11 08:20:00,2026-03-11 08:42:00,22,Material Shortage,Unplanned
DT004863,MC039,PRD0011221,2025-05-23 18:10:00,2025-05-23 18:20:00,10,Tooling Change,Planned
DT004864,MC024,,2025-08-25 02:20:00,2025-08-25 04:00:00,100,Electrical Fault,Unplanned
DT004865,MC028,PRD0001821,2026-04-28 10:00:00,2026-04-28 10:42:00,42,Software/PLC Fault,Unplanned
DT004866,MC034,PRD0003512,2025-09-17 11:30:00,2025-09-17 13:34:00,124,Software/PLC Fault,Unplanned
DT004867,MC026,PRD0011784,2026-01-09 06:50:00,2026-01-09 08:02:00,72,Power Outage,Unplanned
DT004868,MC008,PRD0003800,2025-09-06 06:30:00,2025-09-06 10:22:00,232,Electrical Fault,Unplanned
DT004869,MC004,PRD0006650,2025-07-24 08:20:00,2025-07-24 08:56:00,36,Electrical Fault,Unplanned
DT004870,MC025,PRD0011257,2025-02-07 20:20:00,2025-02-07 20:45:00,25,Scheduled Maintenance,Planned
DT004871,MC048,PRD0015554,2025-06-11 17:20:00,2025-06-11 18:04:00,44,Operator Break,Planned
DT004872,MC044,PRD0012395,2025-10-06 05:00:00,2025-10-06 05:43:00,43,Electrical Fault,Unplanned
DT004873,MC046,,2025-08-18 20:50:00,2025-08-18 22:36:00,106,Mechanical Failure,Unplanned
DT004874,MC024,,2025-03-12 15:40:00,2025-03-12 16:44:00,64,Material Shortage,Unplanned
DT004875,MC011,PRD0014607,2026-01-09 12:10:00,2026-01-09 13:19:00,69,Calibration,Planned
DT004876,MC009,PRD0007533,2025-05-31 19:40:00,2025-05-31 22:11:00,151,Material Shortage,Unplanned
DT004877,MC022,,2025-01-06 00:20:00,2025-01-06 00:41:00,21,Power Outage,Unplanned
DT004878,MC030,PRD0003724,2025-05-11 06:00:00,2025-05-11 06:29:00,29,Scheduled Maintenance,Planned
DT004879,MC049,PRD0008137,2025-10-04 15:10:00,2025-10-04 16:18:00,68,Calibration,Planned
DT004880,MC011,,2025-10-29 09:40:00,2025-10-29 10:00:00,20,Calibration,Planned
DT004881,MC045,PRD0003856,2025-12-22 01:20:00,2025-12-22 02:11:00,51,Scheduled Maintenance,Planned
DT004882,MC029,PRD0016707,2025-02-12 03:10:00,2025-02-12 03:47:00,37,Mechanical Failure,Unplanned
DT004883,MC032,PRD0006511,2026-02-28 07:30:00,2026-02-28 08:08:00,38,Tooling Change,Planned
DT004884,MC024,,2025-07-31 11:20:00,2025-07-31 12:29:00,69,Electrical Fault,Unplanned
DT004885,MC031,,2025-03-15 05:10:00,2025-03-15 06:04:00,54,Tooling Change,Planned
DT004886,MC014,PRD0018119,2026-01-28 11:20:00,2026-01-28 11:57:00,37,Calibration,Planned
DT004887,MC014,PRD0010711,2025-03-22 17:10:00,2025-03-22 17:21:00,11,Material Shortage,Unplanned
DT004888,MC044,PRD0018117,2026-05-11 20:30:00,2026-05-11 20:49:00,19,Software/PLC Fault,Unplanned
DT004889,MC045,,2026-06-01 12:10:00,2026-06-01 14:27:00,137,Power Outage,Unplanned
DT004890,MC008,,2025-07-20 01:10:00,2025-07-20 01:42:00,32,Electrical Fault,Unplanned
DT004891,MC037,PRD0016570,2026-06-26 10:10:00,2026-06-26 14:51:00,281,Software/PLC Fault,Unplanned
DT004892,MC035,PRD0005692,2026-05-07 20:30:00,2026-05-07 20:41:00,11,Material Shortage,Unplanned
DT004893,MC048,PRD0003578,2026-01-01 20:10:00,2026-01-01 20:44:00,34,Electrical Fault,Unplanned
DT004894,MC047,PRD0005500,2026-04-29 21:50:00,2026-04-29 22:35:00,45,Operator Break,Planned
DT004895,MC018,PRD0002088,2025-10-24 12:20:00,2025-10-24 12:30:00,10,Calibration,Planned
DT004896,MC008,PRD0010226,2026-05-04 00:40:00,2026-05-04 01:49:00,69,Software/PLC Fault,Unplanned
DT004897,MC030,PRD0018217,2025-03-10 08:50:00,2025-03-10 10:18:00,88,Electrical Fault,Unplanned
DT004898,MC030,PRD0013169,2025-08-10 07:20:00,2025-08-10 08:04:00,44,Scheduled Maintenance,Planned
DT004899,MC032,PRD0013982,2025-11-02 18:50:00,2025-11-02 19:33:00,43,Material Shortage,Unplanned
DT004900,MC031,PRD0009026,2025-08-25 09:40:00,2025-08-25 09:55:00,15,Electrical Fault,Unplanned
DT004901,MC032,PRD0019589,2025-05-04 05:30:00,2025-05-04 05:57:00,27,Calibration,Planned
DT004902,MC034,,2025-05-01 20:40:00,2025-05-01 21:13:00,33,Operator Break,Planned
DT004903,MC023,PRD0006838,2025-09-23 00:30:00,2025-09-23 00:52:00,22,Operator Break,Planned
DT004904,MC024,PRD0006898,2025-09-02 07:40:00,2025-09-02 08:41:00,61,Electrical Fault,Unplanned
DT004905,MC038,PRD0016936,2025-05-01 15:00:00,2025-05-01 15:17:00,17,Electrical Fault,Unplanned
DT004906,MC037,PRD0017138,2025-03-02 13:20:00,2025-03-02 13:51:00,31,Electrical Fault,Unplanned
DT004907,MC008,,2025-10-16 22:00:00,2025-10-16 22:16:00,16,Material Shortage,Unplanned
DT004908,MC001,PRD0011219,2026-01-07 00:40:00,2026-01-07 01:20:00,40,Operator Break,Planned
DT004909,MC028,,2025-10-24 04:30:00,2025-10-24 05:51:00,81,Material Shortage,Unplanned
DT004910,MC011,,2026-03-01 08:00:00,2026-03-01 08:42:00,42,Scheduled Maintenance,Planned
DT004911,MC033,,2025-07-18 08:30:00,2025-07-18 09:56:00,86,Operator Break,Planned
DT004912,MC011,PRD0011506,2025-02-15 20:30:00,2025-02-15 21:28:00,58,Material Shortage,Unplanned
DT004913,MC030,,2026-03-19 16:20:00,2026-03-19 16:26:00,6,Software/PLC Fault,Unplanned
DT004914,MC014,,2025-08-04 01:30:00,2025-08-04 04:08:00,158,Power Outage,Unplanned
DT004915,MC016,,2026-04-09 21:20:00,2026-04-09 21:52:00,32,Calibration,Planned
DT004916,MC010,PRD0000975,2026-01-11 19:00:00,2026-01-11 21:26:00,146,Electrical Fault,Unplanned
DT004917,MC025,PRD0018242,2026-04-04 05:20:00,2026-04-04 05:38:00,18,Mechanical Failure,Unplanned
DT004918,MC045,PRD0010255,2025-07-02 09:00:00,2025-07-02 09:11:00,11,Operator Break,Planned
DT004919,MC018,PRD0008215,2026-05-26 14:00:00,2026-05-26 15:00:00,60,Scheduled Maintenance,Planned
DT004920,MC016,,2025-10-13 04:30:00,2025-10-13 05:26:00,56,Calibration,Planned
DT004921,MC030,,2025-06-06 14:00:00,2025-06-06 15:34:00,94,Mechanical Failure,Unplanned
DT004922,MC025,PRD0018941,2026-04-19 01:40:00,2026-04-19 02:25:00,45,Tooling Change,Planned
DT004923,MC030,PRD0011210,2025-11-04 00:00:00,2025-11-04 01:31:00,91,Mechanical Failure,Unplanned
DT004924,MC025,,2025-02-05 19:20:00,2025-02-05 19:57:00,37,Material Shortage,Unplanned
DT004925,MC032,PRD0001863,2025-11-11 11:10:00,2025-11-11 12:48:00,98,Electrical Fault,Unplanned
DT004926,MC030,PRD0016875,2026-02-21 03:40:00,2026-02-21 03:58:00,18,Operator Break,Planned
DT004927,MC031,,2025-04-01 10:40:00,2025-04-01 11:09:00,29,Software/PLC Fault,Unplanned
DT004928,MC048,,2025-01-26 21:10:00,2025-01-26 21:33:00,23,Electrical Fault,Unplanned
DT004929,MC036,,2026-05-18 09:00:00,2026-05-18 10:26:00,86,Operator Break,Planned
DT004930,MC030,,2025-01-05 04:10:00,2025-01-05 04:43:00,33,Tooling Change,Planned
DT004931,MC018,,2025-11-27 05:10:00,2025-11-27 06:12:00,62,Mechanical Failure,Unplanned
DT004932,MC038,,2026-03-03 14:00:00,2026-03-03 14:23:00,23,Calibration,Planned
DT004933,MC014,PRD0019716,2025-03-24 00:30:00,2025-03-24 01:40:00,70,Calibration,Planned
DT004934,MC014,PRD0011270,2025-01-30 20:40:00,2025-01-30 21:22:00,42,Calibration,Planned
DT004935,MC035,PRD0011881,2025-02-06 09:00:00,2025-02-06 09:53:00,53,Tooling Change,Planned
DT004936,MC042,PRD0008944,2025-06-14 08:40:00,2025-06-14 09:33:00,53,Scheduled Maintenance,Planned
DT004937,MC011,PRD0007920,2025-12-08 05:10:00,2025-12-08 05:31:00,21,Material Shortage,Unplanned
DT004938,MC015,,2025-11-24 08:40:00,2025-11-24 08:58:00,18,Calibration,Planned
DT004939,MC032,,2025-03-29 04:30:00,2025-03-29 05:15:00,45,Scheduled Maintenance,Planned
DT004940,MC044,PRD0019521,2025-11-28 12:30:00,2025-11-28 13:12:00,42,Tooling Change,Planned
DT004941,MC010,PRD0004457,2025-02-24 08:30:00,2025-02-24 09:09:00,39,Software/PLC Fault,Unplanned
DT004942,MC022,PRD0002433,2026-01-07 11:10:00,2026-01-07 11:51:00,41,Operator Break,Planned
DT004943,MC006,,2025-04-23 10:40:00,2025-04-23 11:19:00,39,Mechanical Failure,Unplanned
DT004944,MC046,PRD0016450,2025-08-30 12:40:00,2025-08-30 12:50:00,10,Power Outage,Unplanned
DT004945,MC001,PRD0015585,2026-06-07 04:10:00,2026-06-07 04:51:00,41,Operator Break,Planned
DT004946,MC011,PRD0011469,2025-01-14 15:30:00,2025-01-14 16:05:00,35,Tooling Change,Planned
DT004947,MC027,PRD0014827,2025-09-16 06:50:00,2025-09-16 07:20:00,30,Tooling Change,Planned
DT004948,MC050,,2025-04-12 22:50:00,2025-04-12 23:31:00,41,Calibration,Planned
DT004949,MC014,,2026-03-15 07:00:00,2026-03-15 08:02:00,62,Calibration,Planned
DT004950,MC004,,2025-02-08 05:40:00,2025-02-08 07:37:00,117,Electrical Fault,Unplanned
DT004951,MC023,PRD0001404,2025-12-09 08:20:00,2025-12-09 08:54:00,34,Calibration,Planned
DT004952,MC015,,2025-09-26 21:50:00,2025-09-26 22:50:00,60,Electrical Fault,Unplanned
DT004953,MC004,PRD0001763,2025-05-15 21:40:00,2025-05-15 22:21:00,41,Scheduled Maintenance,Planned
DT004954,MC032,PRD0003488,2025-04-12 11:10:00,2025-04-12 11:44:00,34,Operator Break,Planned
DT004955,MC010,PRD0004739,2025-01-23 04:50:00,2025-01-23 05:10:00,20,Scheduled Maintenance,Planned
DT004956,MC040,,2026-02-17 15:50:00,2026-02-17 16:27:00,37,Electrical Fault,Unplanned
DT004957,MC025,PRD0012533,2025-06-23 13:10:00,2025-06-23 13:30:00,20,Calibration,Planned
DT004958,MC049,,2025-03-03 15:10:00,2025-03-03 16:07:00,57,Tooling Change,Planned
DT004959,MC022,,2025-07-26 10:30:00,2025-07-26 11:07:00,37,Scheduled Maintenance,Planned
DT004960,MC011,PRD0016003,2025-04-23 11:20:00,2025-04-23 11:39:00,19,Material Shortage,Unplanned
DT004961,MC024,PRD0000797,2026-05-06 12:30:00,2026-05-06 13:56:00,86,Software/PLC Fault,Unplanned
DT004962,MC007,PRD0010416,2025-08-15 09:00:00,2025-08-15 10:10:00,70,Material Shortage,Unplanned
DT004963,MC015,PRD0012953,2025-04-04 09:30:00,2025-04-04 09:35:00,5,Power Outage,Unplanned
DT004964,MC019,,2025-03-13 09:50:00,2025-03-13 10:24:00,34,Power Outage,Unplanned
DT004965,MC001,PRD0018230,2025-11-26 10:40:00,2025-11-26 11:14:00,34,Power Outage,Unplanned
DT004966,MC001,PRD0003492,2025-02-25 12:30:00,2025-02-25 13:59:00,89,Power Outage,Unplanned
DT004967,MC028,,2026-06-19 18:40:00,2026-06-19 18:52:00,12,Electrical Fault,Unplanned
DT004968,MC012,PRD0006058,2025-01-19 18:20:00,2025-01-19 19:16:00,56,Operator Break,Planned
DT004969,MC042,PRD0013619,2026-02-26 21:10:00,2026-02-26 21:54:00,44,Calibration,Planned
DT004970,MC025,PRD0009746,2026-06-17 13:30:00,2026-06-17 14:29:00,59,Calibration,Planned
DT004971,MC044,PRD0016210,2026-02-15 18:40:00,2026-02-15 19:35:00,55,Software/PLC Fault,Unplanned
DT004972,MC018,PRD0012688,2025-01-14 02:00:00,2025-01-14 02:47:00,47,Calibration,Planned
DT004973,MC002,PRD0014281,2025-04-14 15:40:00,2025-04-14 15:50:00,10,Scheduled Maintenance,Planned
DT004974,MC030,PRD0006559,2026-05-19 14:10:00,2026-05-19 14:43:00,33,Calibration,Planned
DT004975,MC004,,2026-05-28 01:00:00,2026-05-28 05:37:00,277,Electrical Fault,Unplanned
DT004976,MC046,PRD0002221,2025-06-24 11:00:00,2025-06-24 11:39:00,39,Material Shortage,Unplanned
DT004977,MC030,PRD0018955,2026-05-13 08:20:00,2026-05-13 09:46:00,86,Calibration,Planned
DT004978,MC016,,2025-10-06 11:40:00,2025-10-06 12:10:00,30,Operator Break,Planned
DT004979,MC049,PRD0013546,2025-06-12 00:40:00,2025-06-12 01:31:00,51,Power Outage,Unplanned
DT004980,MC027,PRD0005938,2025-01-24 04:40:00,2025-01-24 05:04:00,24,Calibration,Planned
DT004981,MC037,,2026-01-24 17:10:00,2026-01-24 18:30:00,80,Calibration,Planned
DT004982,MC039,PRD0012353,2026-02-26 08:10:00,2026-02-26 09:32:00,82,Power Outage,Unplanned
DT004983,MC014,,2025-05-15 19:50:00,2025-05-15 23:50:00,240,Material Shortage,Unplanned
DT004984,MC027,,2025-04-18 21:50:00,2025-04-18 22:19:00,29,Electrical Fault,Unplanned
DT004985,MC020,,2026-01-13 13:00:00,2026-01-13 13:53:00,53,Tooling Change,Planned
DT004986,MC019,,2025-12-09 03:10:00,2025-12-09 06:03:00,173,Material Shortage,Unplanned
DT004987,MC028,PRD0009774,2026-03-31 05:40:00,2026-03-31 07:58:00,138,Power Outage,Unplanned
DT004988,MC004,PRD0004862,2026-02-20 21:40:00,2026-02-20 22:03:00,23,Mechanical Failure,Unplanned
DT004989,MC016,PRD0018929,2025-04-15 09:20:00,2025-04-15 10:08:00,48,Power Outage,Unplanned
DT004990,MC009,PRD0009513,2025-11-12 21:00:00,2025-11-12 21:15:00,15,Power Outage,Unplanned
DT004991,MC026,,2025-12-29 02:10:00,2025-12-29 02:56:00,46,Material Shortage,Unplanned
DT004992,MC032,,2025-04-17 16:20:00,2025-04-17 17:02:00,42,Tooling Change,Planned
DT004993,MC038,PRD0008126,2025-08-09 07:50:00,2025-08-09 08:06:00,16,Power Outage,Unplanned
DT004994,MC003,PRD0010700,2026-05-22 01:50:00,2026-05-22 03:04:00,74,Electrical Fault,Unplanned
DT004995,MC013,PRD0018762,2026-06-18 07:40:00,2026-06-18 08:36:00,56,Tooling Change,Planned
DT004996,MC025,,2025-04-22 19:00:00,2025-04-22 19:39:00,39,Operator Break,Planned
DT004997,MC009,PRD0002929,2026-02-09 04:50:00,2026-02-09 05:39:00,49,Calibration,Planned
DT004998,MC040,PRD0003139,2026-01-18 18:40:00,2026-01-18 19:42:00,62,Mechanical Failure,Unplanned
DT004999,MC048,PRD0010554,2025-02-02 00:50:00,2025-02-02 02:39:00,109,Calibration,Planned
DT005000,MC024,PRD0019967,2026-03-23 18:20:00,2026-03-23 19:19:00,59,Operator Break,Planned
