po_item_id,po_id,material_id,quantity,unit_price,total_value,delivery_status
POI00000001,PO0000001,MAT00031,16,161.16,2578.56,Pending
POI00000002,PO0000001,MAT00033,6,103.45,620.7,Delivered
POI00000003,PO0000002,MAT00068,61,134.85,8225.85,Delivered
POI00000004,PO0000002,MAT00072,10,548.23,5482.3,Partially Delivered
POI00000005,PO0000002,MAT00074,20,211.63,4232.6,Cancelled
POI00000006,PO0000003,MAT00150,12,183.46,2201.52,Delivered
POI00000007,PO0000004,MAT00092,14,625.93,8763.02,Delivered
POI00000008,PO0000004,MAT00076,75,67.3,5047.5,Delivered
POI00000009,PO0000005,MAT00192,13,178.2,2316.6,Delivered
POI00000010,PO0000006,MAT00060,18,134.07,2413.26,Pending
POI00000011,PO0000006,MAT00058,48,62.98,3023.04,Cancelled
POI00000012,PO0000007,MAT00211,14,304.17,4258.38,Delivered
POI00000013,PO0000008,MAT00092,8,636.9,5095.2,Delivered
POI00000014,PO0000009,MAT00283,30,59.02,1770.6,Delivered
POI00000015,PO0000009,MAT00277,16,1138.83,18221.28,Delivered
POI00000016,PO0000010,MAT00202,6,61.86,371.16,Delivered
POI00000017,PO0000011,MAT00051,29,66.6,1931.4,Partially Delivered
POI00000018,PO0000011,MAT00052,61,763.13,46550.93,Delivered
POI00000019,PO0000011,MAT00060,26,140.97,3665.22,Partially Delivered
POI00000020,PO0000012,MAT00008,13,94.61,1229.93,Delivered
POI00000021,PO0000012,MAT00268,9,157.2,1414.8,Delivered
POI00000022,PO0000012,MAT00076,20,79.24,1584.8,Delivered
POI00000023,PO0000012,MAT00029,66,209.82,13848.12,Delivered
POI00000024,PO0000013,MAT00125,54,51.63,2788.02,Delivered
POI00000025,PO0000013,MAT00104,68,448.26,30481.68,Delivered
POI00000026,PO0000013,MAT00109,10,441.17,4411.7,Cancelled
POI00000027,PO0000014,MAT00084,11,189.08,2079.88,Delivered
POI00000028,PO0000015,MAT00192,38,177.99,6763.62,Cancelled
POI00000029,PO0000015,MAT00192,54,168.45,9096.3,Delivered
POI00000030,PO0000015,MAT00179,20,86.47,1729.4,Pending
POI00000031,PO0000015,MAT00192,46,153.52,7061.92,Delivered
POI00000032,PO0000016,MAT00120,55,87.03,4786.65,Delivered
POI00000033,PO0000017,MAT00245,70,88.31,6181.7,Delivered
POI00000034,PO0000017,MAT00240,20,674.8,13496.0,Delivered
POI00000035,PO0000018,MAT00016,8,533.99,4271.92,Delivered
POI00000036,PO0000019,MAT00180,108,254.54,27490.32,Delivered
POI00000037,PO0000019,MAT00180,9,240.63,2165.67,Delivered
POI00000038,PO0000019,MAT00181,24,157.78,3786.72,Delivered
POI00000039,PO0000020,MAT00038,157,777.57,122078.49,Cancelled
POI00000040,PO0000020,MAT00046,81,448.87,36358.47,Partially Delivered
POI00000041,PO0000021,MAT00243,25,1321.18,33029.5,Delivered
POI00000042,PO0000021,MAT00247,16,690.47,11047.52,Delivered
POI00000043,PO0000022,MAT00275,152,315.97,48027.44,Partially Delivered
POI00000044,PO0000022,MAT00252,21,855.32,17961.72,Pending
POI00000045,PO0000023,MAT00095,12,30.24,362.88,Delivered
POI00000046,PO0000023,MAT00096,25,304.95,7623.75,Delivered
POI00000047,PO0000024,MAT00013,171,121.33,20747.43,Delivered
POI00000048,PO0000024,MAT00016,8,607.18,4857.44,Delivered
POI00000049,PO0000025,MAT00090,83,258.94,21492.02,Delivered
POI00000050,PO0000025,MAT00232,2,74.69,149.38,Delivered
POI00000051,PO0000026,MAT00229,86,390.03,33542.58,Pending
POI00000052,PO0000027,MAT00210,10,315.43,3154.3,Delivered
POI00000053,PO0000027,MAT00210,9,340.55,3064.95,Delivered
POI00000054,PO0000028,MAT00250,68,2887.04,196318.72,Delivered
POI00000055,PO0000028,MAT00244,13,188.52,2450.76,Delivered
POI00000056,PO0000028,MAT00249,38,310.78,11809.64,Delivered
POI00000057,PO0000028,MAT00246,21,338.59,7110.39,Delivered
POI00000058,PO0000029,MAT00298,41,33.45,1371.45,Delivered
POI00000059,PO0000029,MAT00298,130,30.99,4028.7,Delivered
POI00000060,PO0000029,MAT00285,22,64.76,1424.72,Delivered
POI00000061,PO0000029,MAT00285,16,67.65,1082.4,Delivered
POI00000062,PO0000030,MAT00217,10,143.22,1432.2,Delivered
POI00000063,PO0000031,MAT00280,11,468.28,5151.08,Pending
POI00000064,PO0000032,MAT00282,12,210.44,2525.28,Pending
POI00000065,PO0000032,MAT00300,5,445.33,2226.65,Pending
POI00000066,PO0000032,MAT00296,21,86.51,1816.71,Pending
POI00000067,PO0000033,MAT00153,5,169.99,849.95,Pending
POI00000068,PO0000034,MAT00141,24,52.53,1260.72,Delivered
POI00000069,PO0000034,MAT00136,3,164.46,493.38,Delivered
POI00000070,PO0000034,MAT00145,27,247.05,6670.35,Delivered
POI00000071,PO0000035,MAT00213,49,319.51,15655.99,Delivered
POI00000072,PO0000035,MAT00203,53,75.61,4007.33,Delivered
POI00000073,PO0000035,MAT00204,4,1245.12,4980.48,Delivered
POI00000074,PO0000036,MAT00180,68,237.54,16152.72,Delivered
POI00000075,PO0000036,MAT00180,53,260.24,13792.72,Pending
POI00000076,PO0000036,MAT00181,35,178.02,6230.7,Pending
POI00000077,PO0000037,MAT00165,29,408.94,11859.26,Delivered
POI00000078,PO0000037,MAT00178,15,1125.78,16886.7,Delivered
POI00000079,PO0000037,MAT00234,32,259.94,8318.08,Delivered
POI00000080,PO0000037,MAT00013,15,122.2,1833.0,Delivered
POI00000081,PO0000038,MAT00038,11,736.79,8104.69,Partially Delivered
POI00000082,PO0000038,MAT00038,13,788.11,10245.43,Cancelled
POI00000083,PO0000038,MAT00046,9,449.9,4049.1,Cancelled
POI00000084,PO0000038,MAT00038,19,723.33,13743.27,Partially Delivered
POI00000085,PO0000039,MAT00065,2,133.0,266.0,Delivered
POI00000086,PO0000039,MAT00075,26,111.22,2891.72,Delivered
POI00000087,PO0000040,MAT00004,6,251.44,1508.64,Delivered
POI00000088,PO0000040,MAT00004,1,247.71,247.71,Delivered
POI00000089,PO0000041,MAT00089,42,520.75,21871.5,Pending
POI00000090,PO0000042,MAT00283,12,48.67,584.04,Delivered
POI00000091,PO0000042,MAT00277,41,1094.13,44859.33,Delivered
POI00000092,PO0000043,MAT00278,44,1589.66,69945.04,Delivered
POI00000093,PO0000044,MAT00050,3,117.78,353.34,Pending
POI00000094,PO0000045,MAT00201,1,163.63,163.63,Delivered
POI00000095,PO0000046,MAT00111,30,77.94,2338.2,Cancelled
POI00000096,PO0000046,MAT00111,6,73.97,443.82,Delivered
POI00000097,PO0000047,MAT00155,30,579.27,17378.1,Delivered
POI00000098,PO0000048,MAT00004,18,242.11,4357.98,Delivered
POI00000099,PO0000049,MAT00276,3,53.75,161.25,Delivered
POI00000100,PO0000049,MAT00264,31,826.03,25606.93,Delivered
POI00000101,PO0000050,MAT00250,7,3192.06,22344.42,Delivered
POI00000102,PO0000050,MAT00244,32,168.58,5394.56,Delivered
POI00000103,PO0000051,MAT00201,10,148.97,1489.7,Delivered
POI00000104,PO0000051,MAT00201,27,164.81,4449.87,Delivered
POI00000105,PO0000051,MAT00201,56,138.85,7775.6,Delivered
POI00000106,PO0000052,MAT00217,2,148.53,297.06,Delivered
POI00000107,PO0000053,MAT00056,12,79.9,958.8,Delivered
POI00000108,PO0000053,MAT00067,5,590.93,2954.65,Delivered
POI00000109,PO0000054,MAT00135,54,59.56,3216.24,Delivered
POI00000110,PO0000054,MAT00134,24,58.21,1397.04,Delivered
POI00000111,PO0000055,MAT00071,35,194.52,6808.2,Delivered
POI00000112,PO0000056,MAT00109,11,470.08,5170.88,Pending
POI00000113,PO0000056,MAT00124,9,144.35,1299.15,Delivered
POI00000114,PO0000057,MAT00206,27,817.63,22076.01,Delivered
POI00000115,PO0000057,MAT00206,18,720.35,12966.3,Delivered
POI00000116,PO0000057,MAT00215,25,142.1,3552.5,Delivered
POI00000117,PO0000058,MAT00204,10,1308.02,13080.2,Delivered
POI00000118,PO0000059,MAT00056,35,75.86,2655.1,Delivered
POI00000119,PO0000059,MAT00067,25,573.02,14325.5,Delivered
POI00000120,PO0000060,MAT00210,16,374.27,5988.32,Pending
POI00000121,PO0000061,MAT00230,9,397.71,3579.39,Pending
POI00000122,PO0000062,MAT00189,9,112.71,1014.39,Pending
POI00000123,PO0000063,MAT00204,9,1482.76,13344.84,Delivered
POI00000124,PO0000064,MAT00073,26,516.49,13428.74,Delivered
POI00000125,PO0000064,MAT00070,13,130.67,1698.71,Delivered
POI00000126,PO0000065,MAT00050,48,128.45,6165.6,Partially Delivered
POI00000127,PO0000065,MAT00032,36,73.55,2647.8,Cancelled
POI00000128,PO0000065,MAT00045,30,249.5,7485.0,Pending
POI00000129,PO0000065,MAT00030,25,233.3,5832.5,Cancelled
POI00000130,PO0000066,MAT00266,10,472.6,4726.0,Delivered
POI00000131,PO0000067,MAT00055,11,10.67,117.37,Delivered
POI00000132,PO0000067,MAT00057,16,168.31,2692.96,Delivered
POI00000133,PO0000067,MAT00062,30,78.22,2346.6,Delivered
POI00000134,PO0000068,MAT00279,13,381.57,4960.41,Delivered
POI00000135,PO0000068,MAT00288,50,904.09,45204.5,Delivered
POI00000136,PO0000069,MAT00173,25,300.36,7509.0,Delivered
POI00000137,PO0000069,MAT00164,8,114.16,913.28,Delivered
POI00000138,PO0000070,MAT00043,46,239.24,11005.04,Delivered
POI00000139,PO0000070,MAT00043,10,264.96,2649.6,Delivered
POI00000140,PO0000071,MAT00019,18,372.49,6704.82,Delivered
POI00000141,PO0000071,MAT00019,223,335.46,74807.58,Delivered
POI00000142,PO0000071,MAT00002,16,114.64,1834.24,Delivered
POI00000143,PO0000071,MAT00019,40,319.45,12778.0,Delivered
POI00000144,PO0000072,MAT00201,89,142.5,12682.5,Delivered
POI00000145,PO0000072,MAT00201,21,162.65,3415.65,Delivered
POI00000146,PO0000072,MAT00201,80,147.27,11781.6,Delivered
POI00000147,PO0000073,MAT00106,2,126.79,253.58,Pending
POI00000148,PO0000073,MAT00107,86,764.73,65766.78,Pending
POI00000149,PO0000074,MAT00070,5,151.72,758.6,Delivered
POI00000150,PO0000074,MAT00053,37,820.4,30354.8,Delivered
POI00000151,PO0000074,MAT00071,13,200.76,2609.88,Delivered
POI00000152,PO0000075,MAT00158,27,1204.1,32510.7,Pending
POI00000153,PO0000075,MAT00028,18,119.2,2145.6,Cancelled
POI00000154,PO0000076,MAT00046,4,415.44,1661.76,Delivered
POI00000155,PO0000076,MAT00046,6,483.93,2903.58,Delivered
POI00000156,PO0000076,MAT00038,4,785.71,3142.84,Delivered
POI00000157,PO0000076,MAT00046,16,462.84,7405.44,Delivered
POI00000158,PO0000077,MAT00008,71,105.6,7497.6,Delivered
POI00000159,PO0000078,MAT00119,8,158.64,1269.12,Pending
POI00000160,PO0000078,MAT00119,68,131.56,8946.08,Delivered
POI00000161,PO0000079,MAT00051,21,68.41,1436.61,Pending
POI00000162,PO0000080,MAT00089,35,480.27,16809.45,Delivered
POI00000163,PO0000080,MAT00089,9,488.96,4400.64,Delivered
POI00000164,PO0000081,MAT00042,40,55.36,2214.4,Delivered
POI00000165,PO0000081,MAT00048,18,205.66,3701.88,Delivered
POI00000166,PO0000082,MAT00059,31,88.19,2733.89,Pending
POI00000167,PO0000082,MAT00059,24,89.3,2143.2,Pending
POI00000168,PO0000082,MAT00059,30,87.57,2627.1,Pending
POI00000169,PO0000083,MAT00041,21,2611.35,54838.35,Delivered
POI00000170,PO0000084,MAT00249,14,320.07,4480.98,Delivered
POI00000171,PO0000085,MAT00010,18,135.86,2445.48,Delivered
POI00000172,PO0000086,MAT00025,19,223.0,4237.0,Delivered
POI00000173,PO0000086,MAT00011,5,49.01,245.05,Delivered
POI00000174,PO0000086,MAT00022,44,122.62,5395.28,Delivered
POI00000175,PO0000087,MAT00002,3,104.31,312.93,Delivered
POI00000176,PO0000087,MAT00002,136,113.07,15377.52,Delivered
POI00000177,PO0000087,MAT00002,11,122.67,1349.37,Delivered
POI00000178,PO0000088,MAT00203,15,63.43,951.45,Pending
POI00000179,PO0000088,MAT00213,53,285.19,15115.07,Delivered
POI00000180,PO0000089,MAT00095,89,27.31,2430.59,Delivered
POI00000181,PO0000089,MAT00096,52,275.65,14333.8,Delivered
POI00000182,PO0000090,MAT00153,39,172.34,6721.26,Delivered
POI00000183,PO0000090,MAT00156,16,162.77,2604.32,Delivered
POI00000184,PO0000091,MAT00124,78,143.58,11199.24,Delivered
POI00000185,PO0000091,MAT00103,17,78.38,1332.46,Delivered
POI00000186,PO0000092,MAT00123,23,445.99,10257.77,Delivered
POI00000187,PO0000092,MAT00120,25,82.32,2058.0,Delivered
POI00000188,PO0000092,MAT00105,27,49.11,1325.97,Delivered
POI00000189,PO0000093,MAT00168,12,91.33,1095.96,Delivered
POI00000190,PO0000093,MAT00144,53,101.81,5395.93,Delivered
POI00000191,PO0000094,MAT00038,1,839.75,839.75,Delivered
POI00000192,PO0000094,MAT00046,5,445.34,2226.7,Delivered
POI00000193,PO0000094,MAT00041,21,2369.59,49761.39,Delivered
POI00000194,PO0000094,MAT00038,59,847.16,49982.44,Delivered
POI00000195,PO0000095,MAT00221,24,128.07,3073.68,Pending
POI00000196,PO0000095,MAT00205,10,162.2,1622.0,Cancelled
POI00000197,PO0000096,MAT00038,4,826.03,3304.12,Delivered
POI00000198,PO0000096,MAT00218,5,66.79,333.95,Delivered
POI00000199,PO0000096,MAT00257,26,483.83,12579.58,Delivered
POI00000200,PO0000097,MAT00199,117,492.99,57679.83,Delivered
POI00000201,PO0000097,MAT00183,68,17.21,1170.28,Delivered
POI00000202,PO0000097,MAT00184,21,472.82,9929.22,Delivered
POI00000203,PO0000098,MAT00253,3,107.14,321.42,Delivered
POI00000204,PO0000098,MAT00272,23,1094.59,25175.57,Delivered
POI00000205,PO0000098,MAT00265,35,742.07,25972.45,Delivered
POI00000206,PO0000099,MAT00272,53,1307.1,69276.3,Delivered
POI00000207,PO0000099,MAT00162,8,2503.08,20024.64,Delivered
POI00000208,PO0000100,MAT00249,3,299.81,899.43,Delivered
POI00000209,PO0000100,MAT00250,28,2975.92,83325.76,Delivered
POI00000210,PO0000100,MAT00246,6,319.54,1917.24,Delivered
POI00000211,PO0000100,MAT00244,21,191.97,4031.37,Delivered
POI00000212,PO0000101,MAT00175,40,1524.78,60991.2,Delivered
POI00000213,PO0000101,MAT00161,12,337.96,4055.52,Pending
POI00000214,PO0000102,MAT00201,24,130.62,3134.88,Delivered
POI00000215,PO0000102,MAT00201,12,155.31,1863.72,Delivered
POI00000216,PO0000103,MAT00103,33,93.07,3071.31,Pending
POI00000217,PO0000103,MAT00109,8,471.07,3768.56,Cancelled
POI00000218,PO0000104,MAT00223,4,239.07,956.28,Delivered
POI00000219,PO0000104,MAT00205,38,129.95,4938.1,Delivered
POI00000220,PO0000105,MAT00046,10,451.86,4518.6,Delivered
POI00000221,PO0000105,MAT00038,19,800.81,15215.39,Delivered
POI00000222,PO0000106,MAT00164,98,103.68,10160.64,Pending
POI00000223,PO0000107,MAT00009,6,496.78,2980.68,Delivered
POI00000224,PO0000107,MAT00005,14,258.15,3614.1,Pending
POI00000225,PO0000108,MAT00195,40,148.18,5927.2,Delivered
POI00000226,PO0000108,MAT00198,87,861.33,74935.71,Delivered
POI00000227,PO0000109,MAT00266,16,508.68,8138.88,Pending
POI00000228,PO0000109,MAT00267,8,920.21,7361.68,Delivered
POI00000229,PO0000110,MAT00262,41,778.55,31920.55,Delivered
POI00000230,PO0000110,MAT00262,33,702.39,23178.87,Delivered
POI00000231,PO0000111,MAT00100,4,1052.3,4209.2,Partially Delivered
POI00000232,PO0000112,MAT00125,10,50.63,506.3,Delivered
POI00000233,PO0000113,MAT00246,11,283.01,3113.11,Delivered
POI00000234,PO0000114,MAT00017,21,418.01,8778.21,Pending
POI00000235,PO0000114,MAT00022,17,103.44,1758.48,Pending
POI00000236,PO0000114,MAT00015,14,55.26,773.64,Cancelled
POI00000237,PO0000115,MAT00268,58,159.28,9238.24,Delivered
POI00000238,PO0000116,MAT00219,32,87.04,2785.28,Delivered
POI00000239,PO0000116,MAT00137,9,290.28,2612.52,Delivered
POI00000240,PO0000116,MAT00299,9,92.91,836.19,Delivered
POI00000241,PO0000116,MAT00051,41,75.3,3087.3,Delivered
POI00000242,PO0000117,MAT00250,14,2801.12,39215.68,Delivered
POI00000243,PO0000117,MAT00246,37,336.56,12452.72,Delivered
POI00000244,PO0000117,MAT00244,135,200.05,27006.75,Delivered
POI00000245,PO0000118,MAT00282,60,211.67,12700.2,Cancelled
POI00000246,PO0000118,MAT00293,96,168.63,16188.48,Pending
POI00000247,PO0000119,MAT00028,47,112.68,5295.96,Delivered
POI00000248,PO0000119,MAT00033,45,104.24,4690.8,Delivered
POI00000249,PO0000120,MAT00171,30,508.34,15250.2,Delivered
POI00000250,PO0000121,MAT00003,10,1576.91,15769.1,Delivered
POI00000251,PO0000121,MAT00010,12,141.08,1692.96,Delivered
POI00000252,PO0000122,MAT00077,62,514.79,31916.98,Delivered
POI00000253,PO0000122,MAT00084,31,180.59,5598.29,Delivered
POI00000254,PO0000122,MAT00100,21,982.91,20641.11,Delivered
POI00000255,PO0000123,MAT00240,48,565.44,27141.12,Delivered
POI00000256,PO0000123,MAT00240,18,576.16,10370.88,Delivered
POI00000257,PO0000123,MAT00240,27,578.8,15627.6,Delivered
POI00000258,PO0000123,MAT00245,14,86.04,1204.56,Delivered
POI00000259,PO0000124,MAT00210,7,322.87,2260.09,Delivered
POI00000260,PO0000125,MAT00240,246,553.41,136138.86,Delivered
POI00000261,PO0000126,MAT00186,15,249.41,3741.15,Pending
POI00000262,PO0000127,MAT00217,26,146.48,3808.48,Delivered
POI00000263,PO0000127,MAT00217,17,145.38,2471.46,Delivered
POI00000264,PO0000128,MAT00132,71,118.06,8382.26,Delivered
POI00000265,PO0000129,MAT00042,5,50.43,252.15,Delivered
POI00000266,PO0000129,MAT00048,12,227.41,2728.92,Delivered
POI00000267,PO0000130,MAT00186,53,234.04,12404.12,Delivered
POI00000268,PO0000130,MAT00186,33,277.36,9152.88,Delivered
POI00000269,PO0000131,MAT00144,16,89.88,1438.08,Delivered
POI00000270,PO0000132,MAT00150,2,228.17,456.34,Delivered
POI00000271,PO0000133,MAT00118,7,679.59,4757.13,Delivered
POI00000272,PO0000134,MAT00059,2,84.62,169.24,Delivered
POI00000273,PO0000134,MAT00059,7,103.95,727.65,Delivered
POI00000274,PO0000134,MAT00059,114,90.95,10368.3,Delivered
POI00000275,PO0000134,MAT00059,11,83.59,919.49,Delivered
POI00000276,PO0000135,MAT00038,31,688.94,21357.14,Delivered
POI00000277,PO0000135,MAT00041,6,2840.95,17045.7,Delivered
POI00000278,PO0000136,MAT00018,147,320.09,47053.23,Delivered
POI00000279,PO0000136,MAT00003,47,1494.37,70235.39,Delivered
POI00000280,PO0000137,MAT00240,6,591.54,3549.24,Delivered
POI00000281,PO0000138,MAT00184,27,466.42,12593.34,Delivered
POI00000282,PO0000139,MAT00206,14,695.03,9730.42,Delivered
POI00000283,PO0000139,MAT00215,4,129.73,518.92,Delivered
POI00000284,PO0000139,MAT00215,98,150.62,14760.76,Delivered
POI00000285,PO0000139,MAT00206,13,710.85,9241.05,Delivered
POI00000286,PO0000140,MAT00185,5,199.16,995.8,Pending
POI00000287,PO0000140,MAT00179,20,80.13,1602.6,Pending
POI00000288,PO0000140,MAT00192,9,184.84,1663.56,Partially Delivered
POI00000289,PO0000141,MAT00087,23,318.18,7318.14,Delivered
POI00000290,PO0000141,MAT00086,19,101.53,1929.07,Pending
POI00000291,PO0000141,MAT00081,55,107.71,5924.05,Partially Delivered
POI00000292,PO0000142,MAT00252,6,855.29,5131.74,Pending
POI00000293,PO0000142,MAT00275,145,266.62,38659.9,Delivered
POI00000294,PO0000142,MAT00252,6,842.3,5053.8,Pending
POI00000295,PO0000142,MAT00275,17,291.87,4961.79,Pending
POI00000296,PO0000143,MAT00037,26,450.62,11716.12,Pending
POI00000297,PO0000144,MAT00044,7,503.96,3527.72,Delivered
POI00000298,PO0000144,MAT00159,21,571.48,12001.08,Delivered
POI00000299,PO0000144,MAT00177,69,264.99,18284.31,Delivered
POI00000300,PO0000145,MAT00152,34,293.8,9989.2,Delivered
POI00000301,PO0000145,MAT00157,10,34.48,344.8,Delivered
POI00000302,PO0000145,MAT00167,142,143.83,20423.86,Delivered
POI00000303,PO0000146,MAT00158,23,1232.07,28337.61,Cancelled
POI00000304,PO0000146,MAT00158,132,1491.22,196841.04,Pending
POI00000305,PO0000147,MAT00082,53,160.97,8531.41,Delivered
POI00000306,PO0000147,MAT00100,45,1022.47,46011.15,Delivered
POI00000307,PO0000147,MAT00077,30,444.93,13347.9,Delivered
POI00000308,PO0000148,MAT00267,27,810.05,21871.35,Delivered
POI00000309,PO0000148,MAT00266,41,435.82,17868.62,Delivered
POI00000310,PO0000149,MAT00055,9,10.39,93.51,Delivered
POI00000311,PO0000149,MAT00161,7,345.22,2416.54,Delivered
POI00000312,PO0000150,MAT00295,39,103.71,4044.69,Delivered
POI00000313,PO0000150,MAT00292,15,121.88,1828.2,Delivered
POI00000314,PO0000151,MAT00160,22,502.2,11048.4,Partially Delivered
POI00000315,PO0000151,MAT00174,4,298.24,1192.96,Partially Delivered
POI00000316,PO0000152,MAT00272,13,1323.81,17209.53,Partially Delivered
POI00000317,PO0000152,MAT00253,62,114.76,7115.12,Delivered
POI00000318,PO0000152,MAT00261,13,2918.54,37941.02,Pending
POI00000319,PO0000153,MAT00216,17,127.35,2164.95,Delivered
POI00000320,PO0000153,MAT00212,26,45.41,1180.66,Delivered
POI00000321,PO0000153,MAT00218,3,60.82,182.46,Delivered
POI00000322,PO0000154,MAT00219,18,98.61,1774.98,Delivered
POI00000323,PO0000154,MAT00222,10,253.63,2536.3,Delivered
POI00000324,PO0000155,MAT00186,7,271.82,1902.74,Delivered
POI00000325,PO0000155,MAT00186,54,245.01,13230.54,Delivered
POI00000326,PO0000156,MAT00210,3,391.7,1175.1,Delivered
POI00000327,PO0000156,MAT00210,225,362.68,81603.0,Delivered
POI00000328,PO0000157,MAT00004,24,226.98,5447.52,Delivered
POI00000329,PO0000157,MAT00295,19,90.49,1719.31,Delivered
POI00000330,PO0000157,MAT00065,28,130.23,3646.44,Delivered
POI00000331,PO0000157,MAT00001,1,67.79,67.79,Delivered
POI00000332,PO0000158,MAT00093,34,584.83,19884.22,Delivered
POI00000333,PO0000158,MAT00093,52,559.88,29113.76,Delivered
POI00000334,PO0000158,MAT00093,3,577.9,1733.7,Delivered
POI00000335,PO0000158,MAT00093,15,538.95,8084.25,Delivered
POI00000336,PO0000159,MAT00271,13,184.92,2403.96,Delivered
POI00000337,PO0000159,MAT00257,13,485.63,6313.19,Partially Delivered
POI00000338,PO0000159,MAT00269,6,289.03,1734.18,Pending
POI00000339,PO0000159,MAT00267,2,813.13,1626.26,Delivered
POI00000340,PO0000160,MAT00187,30,304.46,9133.8,Pending
POI00000341,PO0000160,MAT00200,20,70.19,1403.8,Pending
POI00000342,PO0000161,MAT00245,13,99.28,1290.64,Delivered
POI00000343,PO0000161,MAT00240,12,579.66,6955.92,Delivered
POI00000344,PO0000161,MAT00240,8,590.06,4720.48,Delivered
POI00000345,PO0000162,MAT00297,23,212.52,4887.96,Delivered
POI00000346,PO0000163,MAT00159,70,545.83,38208.1,Delivered
POI00000347,PO0000163,MAT00164,15,107.81,1617.15,Delivered
POI00000348,PO0000164,MAT00186,27,237.88,6422.76,Delivered
POI00000349,PO0000164,MAT00186,7,247.75,1734.25,Delivered
POI00000350,PO0000165,MAT00184,18,561.49,10106.82,Delivered
POI00000351,PO0000165,MAT00199,1,440.48,440.48,Delivered
POI00000352,PO0000166,MAT00002,33,124.48,4107.84,Delivered
POI00000353,PO0000167,MAT00071,83,208.29,17288.07,Delivered
POI00000354,PO0000167,MAT00070,11,130.0,1430.0,Delivered
POI00000355,PO0000168,MAT00155,31,624.6,19362.6,Partially Delivered
POI00000356,PO0000169,MAT00216,129,122.37,15785.73,Partially Delivered
POI00000357,PO0000170,MAT00009,28,450.6,12616.8,Delivered
POI00000358,PO0000170,MAT00005,36,298.13,10732.68,Delivered
POI00000359,PO0000171,MAT00119,93,148.63,13822.59,Delivered
POI00000360,PO0000171,MAT00119,18,149.77,2695.86,Delivered
POI00000361,PO0000172,MAT00237,19,821.29,15604.51,Delivered
POI00000362,PO0000173,MAT00224,38,1559.55,59262.9,Delivered
POI00000363,PO0000173,MAT00219,233,108.14,25196.62,Delivered
POI00000364,PO0000173,MAT00222,4,231.97,927.88,Delivered
POI00000365,PO0000174,MAT00159,4,555.99,2223.96,Delivered
POI00000366,PO0000174,MAT00168,86,89.86,7727.96,Delivered
POI00000367,PO0000175,MAT00201,17,144.84,2462.28,Delivered
POI00000368,PO0000175,MAT00201,47,146.08,6865.76,Cancelled
POI00000369,PO0000176,MAT00202,37,55.52,2054.24,Delivered
POI00000370,PO0000176,MAT00211,75,319.1,23932.5,Delivered
POI00000371,PO0000177,MAT00300,24,421.04,10104.96,Delivered
POI00000372,PO0000177,MAT00039,17,203.11,3452.87,Delivered
POI00000373,PO0000178,MAT00283,13,59.12,768.56,Pending
POI00000374,PO0000178,MAT00277,10,1148.01,11480.1,Delivered
POI00000375,PO0000178,MAT00282,4,201.2,804.8,Pending
POI00000376,PO0000179,MAT00058,12,61.58,738.96,Delivered
POI00000377,PO0000179,MAT00052,20,649.12,12982.4,Delivered
POI00000378,PO0000180,MAT00272,16,1222.65,19562.4,Partially Delivered
POI00000379,PO0000181,MAT00073,18,517.41,9313.38,Delivered
POI00000380,PO0000181,MAT00070,38,140.48,5338.24,Delivered
POI00000381,PO0000181,MAT00071,23,184.43,4241.89,Partially Delivered
POI00000382,PO0000182,MAT00013,18,116.45,2096.1,Delivered
POI00000383,PO0000182,MAT00016,24,580.44,13930.56,Delivered
POI00000384,PO0000182,MAT00016,162,585.35,94826.7,Delivered
POI00000385,PO0000183,MAT00012,13,421.64,5481.32,Delivered
POI00000386,PO0000184,MAT00219,40,90.12,3604.8,Pending
POI00000387,PO0000184,MAT00224,3,1562.41,4687.23,Delivered
POI00000388,PO0000185,MAT00192,39,179.34,6994.26,Cancelled
POI00000389,PO0000186,MAT00130,43,80.32,3453.76,Partially Delivered
POI00000390,PO0000186,MAT00145,206,227.6,46885.6,Delivered
POI00000391,PO0000186,MAT00146,7,262.53,1837.71,Partially Delivered
POI00000392,PO0000187,MAT00010,34,144.36,4908.24,Delivered
POI00000393,PO0000187,MAT00003,29,1599.08,46373.32,Delivered
POI00000394,PO0000187,MAT00008,5,111.8,559.0,Delivered
POI00000395,PO0000188,MAT00001,19,66.9,1271.1,Delivered
POI00000396,PO0000188,MAT00021,22,88.86,1954.92,Delivered
POI00000397,PO0000189,MAT00221,18,150.33,2705.94,Delivered
POI00000398,PO0000190,MAT00296,12,70.82,849.84,Delivered
POI00000399,PO0000190,MAT00283,14,58.72,822.08,Delivered
POI00000400,PO0000190,MAT00282,22,238.38,5244.36,Delivered
POI00000401,PO0000190,MAT00300,102,511.7,52193.4,Delivered
POI00000402,PO0000191,MAT00142,37,399.9,14796.3,Cancelled
POI00000403,PO0000191,MAT00149,18,20.81,374.58,Pending
POI00000404,PO0000191,MAT00150,41,207.73,8516.93,Partially Delivered
POI00000405,PO0000192,MAT00116,16,490.79,7852.64,Pending
POI00000406,PO0000192,MAT00117,12,145.52,1746.24,Partially Delivered
POI00000407,PO0000193,MAT00226,36,56.43,2031.48,Delivered
POI00000408,PO0000194,MAT00194,38,864.12,32836.56,Delivered
POI00000409,PO0000195,MAT00047,48,125.0,6000.0,Delivered
POI00000410,PO0000196,MAT00298,56,35.48,1986.88,Delivered
POI00000411,PO0000197,MAT00039,34,177.55,6036.7,Delivered
POI00000412,PO0000197,MAT00039,17,181.61,3087.37,Delivered
POI00000413,PO0000197,MAT00044,5,535.25,2676.25,Delivered
POI00000414,PO0000198,MAT00042,15,49.15,737.25,Delivered
POI00000415,PO0000198,MAT00029,9,219.17,1972.53,Delivered
POI00000416,PO0000199,MAT00009,7,407.36,2851.52,Delivered
POI00000417,PO0000199,MAT00023,16,561.84,8989.44,Delivered
POI00000418,PO0000200,MAT00269,37,291.61,10789.57,Delivered
POI00000419,PO0000201,MAT00083,20,60.66,1213.2,Delivered
POI00000420,PO0000201,MAT00094,21,108.44,2277.24,Delivered
POI00000421,PO0000202,MAT00283,11,49.42,543.62,Pending
POI00000422,PO0000203,MAT00066,213,127.34,27123.42,Delivered
POI00000423,PO0000203,MAT00066,12,138.25,1659.0,Delivered
POI00000424,PO0000203,MAT00061,19,266.74,5068.06,Delivered
POI00000425,PO0000203,MAT00066,37,138.78,5134.86,Delivered
POI00000426,PO0000204,MAT00193,15,83.19,1247.85,Partially Delivered
POI00000427,PO0000205,MAT00217,61,133.35,8134.35,Partially Delivered
POI00000428,PO0000206,MAT00295,43,83.83,3604.69,Pending
POI00000429,PO0000206,MAT00278,70,1449.05,101433.5,Pending
POI00000430,PO0000207,MAT00242,40,193.01,7720.4,Delivered
POI00000431,PO0000207,MAT00242,19,169.93,3228.67,Delivered
POI00000432,PO0000207,MAT00242,4,174.71,698.84,Delivered
POI00000433,PO0000208,MAT00220,2,290.15,580.3,Delivered
POI00000434,PO0000209,MAT00201,84,145.42,12215.28,Delivered
POI00000435,PO0000209,MAT00201,6,143.16,858.96,Delivered
POI00000436,PO0000209,MAT00201,12,147.92,1775.04,Delivered
POI00000437,PO0000210,MAT00202,6,59.32,355.92,Delivered
POI00000438,PO0000211,MAT00292,18,122.49,2204.82,Delivered
POI00000439,PO0000211,MAT00290,14,1508.2,21114.8,Delivered
POI00000440,PO0000212,MAT00179,22,84.62,1861.64,Delivered
POI00000441,PO0000212,MAT00192,13,191.42,2488.46,Delivered
POI00000442,PO0000212,MAT00192,4,172.04,688.16,Delivered
POI00000443,PO0000212,MAT00192,444,178.34,79182.96,Delivered
POI00000444,PO0000213,MAT00017,10,385.87,3858.7,Delivered
POI00000445,PO0000213,MAT00055,13,10.22,132.86,Delivered
POI00000446,PO0000214,MAT00221,11,139.76,1537.36,Partially Delivered
POI00000447,PO0000214,MAT00205,8,135.82,1086.56,Cancelled
POI00000448,PO0000215,MAT00110,25,506.81,12670.25,Delivered
POI00000449,PO0000215,MAT00110,11,542.94,5972.34,Delivered
POI00000450,PO0000215,MAT00110,12,477.61,5731.32,Delivered
POI00000451,PO0000215,MAT00113,9,1262.31,11360.79,Delivered
POI00000452,PO0000216,MAT00173,47,298.54,14031.38,Delivered
POI00000453,PO0000217,MAT00149,9,22.52,202.68,Delivered
POI00000454,PO0000218,MAT00118,24,597.75,14346.0,Delivered
POI00000455,PO0000218,MAT00124,63,138.55,8728.65,Delivered
POI00000456,PO0000219,MAT00089,8,542.05,4336.4,Delivered
POI00000457,PO0000220,MAT00002,53,103.23,5471.19,Delivered
POI00000458,PO0000220,MAT00002,17,122.39,2080.63,Delivered
POI00000459,PO0000220,MAT00002,12,122.41,1468.92,Delivered
POI00000460,PO0000220,MAT00019,42,312.84,13139.28,Delivered
POI00000461,PO0000221,MAT00285,26,68.79,1788.54,Pending
POI00000462,PO0000221,MAT00281,10,73.19,731.9,Cancelled
POI00000463,PO0000221,MAT00298,99,34.37,3402.63,Partially Delivered
POI00000464,PO0000222,MAT00030,22,257.82,5672.04,Pending
POI00000465,PO0000222,MAT00050,81,144.87,11734.47,Cancelled
POI00000466,PO0000223,MAT00212,27,42.46,1146.42,Delivered
POI00000467,PO0000224,MAT00223,15,223.22,3348.3,Delivered
POI00000468,PO0000224,MAT00205,53,161.16,8541.48,Delivered
POI00000469,PO0000225,MAT00013,9,104.76,942.84,Partially Delivered
POI00000470,PO0000225,MAT00016,38,526.33,20000.54,Cancelled
POI00000471,PO0000226,MAT00083,34,58.74,1997.16,Delivered
POI00000472,PO0000227,MAT00202,7,56.94,398.58,Delivered
POI00000473,PO0000228,MAT00229,15,399.24,5988.6,Delivered
POI00000474,PO0000228,MAT00230,66,443.31,29258.46,Delivered
POI00000475,PO0000228,MAT00230,25,430.53,10763.25,Delivered
POI00000476,PO0000229,MAT00258,54,101.58,5485.32,Delivered
POI00000477,PO0000230,MAT00118,6,652.77,3916.62,Delivered
POI00000478,PO0000230,MAT00108,17,1316.72,22384.24,Delivered
POI00000479,PO0000231,MAT00276,31,58.35,1808.85,Delivered
POI00000480,PO0000232,MAT00272,44,1246.65,54852.6,Delivered
POI00000481,PO0000232,MAT00253,11,114.98,1264.78,Pending
POI00000482,PO0000232,MAT00261,4,3355.38,13421.52,Pending
POI00000483,PO0000233,MAT00277,141,1124.89,158609.49,Delivered
POI00000484,PO0000233,MAT00282,15,231.96,3479.4,Delivered
POI00000485,PO0000234,MAT00222,28,254.42,7123.76,Cancelled
POI00000486,PO0000235,MAT00201,24,156.01,3744.24,Partially Delivered
POI00000487,PO0000235,MAT00201,14,147.12,2059.68,Pending
POI00000488,PO0000235,MAT00201,17,152.72,2596.24,Pending
POI00000489,PO0000236,MAT00180,9,245.98,2213.82,Delivered
POI00000490,PO0000237,MAT00297,58,204.02,11833.16,Delivered
POI00000491,PO0000238,MAT00182,265,53.96,14299.4,Delivered
POI00000492,PO0000238,MAT00178,18,1263.76,22747.68,Delivered
POI00000493,PO0000239,MAT00225,7,506.75,3547.25,Delivered
POI00000494,PO0000239,MAT00202,116,59.0,6844.0,Delivered
POI00000495,PO0000240,MAT00225,29,455.61,13212.69,Delivered
POI00000496,PO0000241,MAT00156,15,166.22,2493.3,Pending
POI00000497,PO0000242,MAT00020,31,415.95,12894.45,Delivered
POI00000498,PO0000243,MAT00161,19,364.65,6928.35,Delivered
POI00000499,PO0000244,MAT00235,36,273.36,9840.96,Delivered
POI00000500,PO0000245,MAT00245,46,90.88,4180.48,Pending
POI00000501,PO0000245,MAT00240,173,644.4,111481.2,Pending
POI00000502,PO0000246,MAT00206,37,711.14,26312.18,Delivered
POI00000503,PO0000247,MAT00285,11,76.93,846.23,Delivered
POI00000504,PO0000247,MAT00298,27,29.19,788.13,Delivered
POI00000505,PO0000248,MAT00292,46,140.96,6484.16,Delivered
POI00000506,PO0000249,MAT00156,18,152.19,2739.42,Delivered
POI00000507,PO0000249,MAT00160,32,561.01,17952.32,Delivered
POI00000508,PO0000250,MAT00103,48,83.96,4030.08,Pending
POI00000509,PO0000251,MAT00004,9,249.06,2241.54,Delivered
POI00000510,PO0000251,MAT00004,4,228.07,912.28,Delivered
POI00000511,PO0000252,MAT00008,47,105.35,4951.45,Delivered
POI00000512,PO0000253,MAT00114,35,247.19,8651.65,Delivered
POI00000513,PO0000253,MAT00108,25,1342.96,33574.0,Delivered
POI00000514,PO0000254,MAT00111,24,85.18,2044.32,Delivered
POI00000515,PO0000254,MAT00111,57,80.58,4593.06,Delivered
POI00000516,PO0000255,MAT00278,11,1810.4,19914.4,Cancelled
POI00000517,PO0000255,MAT00287,13,457.24,5944.12,Delivered
POI00000518,PO0000256,MAT00010,19,149.17,2834.23,Delivered
POI00000519,PO0000257,MAT00092,10,718.38,7183.8,Delivered
POI00000520,PO0000257,MAT00079,10,714.7,7147.0,Delivered
POI00000521,PO0000258,MAT00086,10,88.26,882.6,Delivered
POI00000522,PO0000258,MAT00098,76,450.74,34256.24,Delivered
POI00000523,PO0000258,MAT00081,6,104.21,625.26,Delivered
POI00000524,PO0000259,MAT00299,28,99.59,2788.52,Delivered
POI00000525,PO0000259,MAT00196,22,543.62,11959.64,Delivered
POI00000526,PO0000259,MAT00276,5,48.3,241.5,Delivered
POI00000527,PO0000260,MAT00113,14,1419.04,19866.56,Delivered
POI00000528,PO0000260,MAT00110,51,544.01,27744.51,Delivered
POI00000529,PO0000261,MAT00172,66,77.93,5143.38,Delivered
POI00000530,PO0000262,MAT00092,10,611.27,6112.7,Delivered
POI00000531,PO0000262,MAT00091,12,274.62,3295.44,Delivered
POI00000532,PO0000263,MAT00013,4,101.91,407.64,Partially Delivered
POI00000533,PO0000263,MAT00016,6,490.5,2943.0,Pending
POI00000534,PO0000264,MAT00165,33,439.48,14502.84,Delivered
POI00000535,PO0000265,MAT00255,66,1299.56,85770.96,Partially Delivered
POI00000536,PO0000265,MAT00255,5,1108.12,5540.6,Delivered
POI00000537,PO0000265,MAT00264,82,714.42,58582.44,Delivered
POI00000538,PO0000265,MAT00264,107,849.92,90941.44,Delivered
POI00000539,PO0000266,MAT00285,35,68.06,2382.1,Delivered
POI00000540,PO0000266,MAT00281,16,68.83,1101.28,Delivered
POI00000541,PO0000266,MAT00285,23,70.89,1630.47,Delivered
POI00000542,PO0000266,MAT00281,50,61.57,3078.5,Delivered
POI00000543,PO0000267,MAT00178,8,1242.37,9938.96,Delivered
POI00000544,PO0000267,MAT00182,6,56.32,337.92,Delivered
POI00000545,PO0000268,MAT00013,18,116.56,2098.08,Partially Delivered
POI00000546,PO0000269,MAT00012,27,362.07,9775.89,Pending
POI00000547,PO0000270,MAT00183,29,17.33,502.57,Pending
POI00000548,PO0000271,MAT00084,27,224.56,6063.12,Delivered
POI00000549,PO0000271,MAT00100,15,924.61,13869.15,Delivered
POI00000550,PO0000272,MAT00119,23,162.11,3728.53,Delivered
POI00000551,PO0000272,MAT00119,22,138.29,3042.38,Delivered
POI00000552,PO0000273,MAT00186,13,250.3,3253.9,Delivered
POI00000553,PO0000273,MAT00186,40,238.08,9523.2,Delivered
POI00000554,PO0000274,MAT00211,151,283.96,42877.96,Delivered
POI00000555,PO0000275,MAT00203,5,62.22,311.1,Delivered
POI00000556,PO0000276,MAT00272,4,1343.55,5374.2,Delivered
POI00000557,PO0000276,MAT00265,45,672.59,30266.55,Delivered
POI00000558,PO0000277,MAT00133,31,97.79,3031.49,Partially Delivered
POI00000559,PO0000277,MAT00143,31,50.61,1568.91,Partially Delivered
POI00000560,PO0000278,MAT00032,3,64.11,192.33,Delivered
POI00000561,PO0000278,MAT00030,19,210.58,4001.02,Delivered
POI00000562,PO0000279,MAT00242,44,182.9,8047.6,Delivered
POI00000563,PO0000279,MAT00242,9,154.49,1390.41,Delivered
POI00000564,PO0000279,MAT00242,9,154.49,1390.41,Delivered
POI00000565,PO0000280,MAT00041,16,2668.87,42701.92,Delivered
POI00000566,PO0000281,MAT00040,15,196.84,2952.6,Delivered
POI00000567,PO0000282,MAT00161,67,317.15,21249.05,Delivered
POI00000568,PO0000282,MAT00151,21,268.79,5644.59,Pending
POI00000569,PO0000283,MAT00217,78,122.63,9565.14,Delivered
POI00000570,PO0000284,MAT00194,27,865.47,23367.69,Delivered
POI00000571,PO0000285,MAT00152,41,288.96,11847.36,Delivered
POI00000572,PO0000285,MAT00172,6,90.16,540.96,Delivered
POI00000573,PO0000285,MAT00157,14,38.62,540.68,Delivered
POI00000574,PO0000285,MAT00167,7,143.01,1001.07,Delivered
POI00000575,PO0000286,MAT00180,40,255.37,10214.8,Delivered
POI00000576,PO0000286,MAT00181,20,159.43,3188.6,Delivered
POI00000577,PO0000286,MAT00181,3,169.02,507.06,Delivered
POI00000578,PO0000287,MAT00199,33,405.47,13380.51,Pending
POI00000579,PO0000287,MAT00183,14,18.64,260.96,Cancelled
POI00000580,PO0000287,MAT00184,58,518.68,30083.44,Partially Delivered
POI00000581,PO0000287,MAT00183,17,17.36,295.12,Delivered
POI00000582,PO0000288,MAT00027,51,179.5,9154.5,Delivered
POI00000583,PO0000289,MAT00097,5,635.88,3179.4,Delivered
POI00000584,PO0000290,MAT00126,15,183.09,2746.35,Pending
POI00000585,PO0000291,MAT00031,10,171.85,1718.5,Partially Delivered
POI00000586,PO0000291,MAT00033,500,104.05,52025.0,Delivered
POI00000587,PO0000292,MAT00033,9,111.48,1003.32,Delivered
POI00000588,PO0000292,MAT00031,72,177.6,12787.2,Delivered
POI00000589,PO0000292,MAT00028,10,103.3,1033.0,Delivered
POI00000590,PO0000293,MAT00083,13,61.93,805.09,Delivered
POI00000591,PO0000294,MAT00231,17,410.31,6975.27,Delivered
POI00000592,PO0000294,MAT00231,16,399.74,6395.84,Delivered
POI00000593,PO0000294,MAT00237,33,781.18,25778.94,Delivered
POI00000594,PO0000294,MAT00231,30,386.47,11594.1,Delivered
POI00000595,PO0000295,MAT00176,132,142.05,18750.6,Delivered
POI00000596,PO0000296,MAT00186,50,242.64,12132.0,Partially Delivered
POI00000597,PO0000296,MAT00245,6,102.22,613.32,Pending
POI00000598,PO0000296,MAT00096,42,319.0,13398.0,Pending
POI00000599,PO0000296,MAT00063,59,239.37,14122.83,Pending
POI00000600,PO0000297,MAT00050,3,123.12,369.36,Delivered
POI00000601,PO0000298,MAT00285,13,75.73,984.49,Delivered
POI00000602,PO0000298,MAT00281,6,76.05,456.3,Delivered
POI00000603,PO0000299,MAT00170,16,79.36,1269.76,Delivered
POI00000604,PO0000299,MAT00166,24,148.88,3573.12,Delivered
POI00000605,PO0000299,MAT00171,27,479.12,12936.24,Delivered
POI00000606,PO0000299,MAT00163,23,175.56,4037.88,Delivered
POI00000607,PO0000300,MAT00089,3,524.27,1572.81,Pending
POI00000608,PO0000300,MAT00089,12,489.06,5868.72,Pending
POI00000609,PO0000301,MAT00066,6,131.12,786.72,Delivered
POI00000610,PO0000301,MAT00054,171,498.33,85214.43,Delivered
POI00000611,PO0000301,MAT00061,12,284.21,3410.52,Delivered
POI00000612,PO0000302,MAT00071,7,197.61,1383.27,Delivered
POI00000613,PO0000303,MAT00088,67,1095.09,73371.03,Delivered
POI00000614,PO0000303,MAT00097,17,647.21,11002.57,Cancelled
POI00000615,PO0000303,MAT00097,11,587.31,6460.41,Delivered
POI00000616,PO0000304,MAT00075,15,107.7,1615.5,Delivered
POI00000617,PO0000304,MAT00065,7,147.92,1035.44,Delivered
POI00000618,PO0000305,MAT00109,12,442.06,5304.72,Delivered
POI00000619,PO0000305,MAT00125,160,60.06,9609.6,Delivered
POI00000620,PO0000306,MAT00016,12,610.22,7322.64,Delivered
POI00000621,PO0000307,MAT00024,79,105.75,8354.25,Delivered
POI00000622,PO0000307,MAT00020,32,422.77,13528.64,Delivered
POI00000623,PO0000307,MAT00020,238,435.76,103710.88,Delivered
POI00000624,PO0000307,MAT00012,6,384.0,2304.0,Delivered
POI00000625,PO0000308,MAT00013,4,125.61,502.44,Delivered
POI00000626,PO0000308,MAT00016,59,544.25,32110.75,Delivered
POI00000627,PO0000309,MAT00070,12,140.7,1688.4,Delivered
POI00000628,PO0000309,MAT00257,11,459.08,5049.88,Delivered
POI00000629,PO0000310,MAT00027,69,189.24,13057.56,Pending
POI00000630,PO0000311,MAT00084,308,187.79,57839.32,Delivered
POI00000631,PO0000311,MAT00077,12,473.58,5682.96,Delivered
POI00000632,PO0000312,MAT00037,35,454.45,15905.75,Delivered
POI00000633,PO0000313,MAT00087,3,355.68,1067.04,Delivered
POI00000634,PO0000313,MAT00086,6,84.5,507.0,Pending
POI00000635,PO0000313,MAT00098,19,448.65,8524.35,Delivered
POI00000636,PO0000314,MAT00229,1,425.9,425.9,Delivered
POI00000637,PO0000315,MAT00188,15,157.33,2359.95,Cancelled
POI00000638,PO0000315,MAT00194,11,983.11,10814.21,Delivered
POI00000639,PO0000316,MAT00159,34,600.53,20418.02,Delivered
POI00000640,PO0000317,MAT00256,29,156.82,4547.78,Delivered
POI00000641,PO0000317,MAT00273,5,475.61,2378.05,Delivered
POI00000642,PO0000318,MAT00172,20,82.28,1645.6,Pending
POI00000643,PO0000318,MAT00158,8,1351.04,10808.32,Pending
POI00000644,PO0000319,MAT00205,6,159.54,957.24,Pending
POI00000645,PO0000320,MAT00263,22,465.85,10248.7,Delivered
POI00000646,PO0000321,MAT00198,12,838.77,10065.24,Delivered
POI00000647,PO0000322,MAT00249,16,293.87,4701.92,Delivered
POI00000648,PO0000322,MAT00057,38,172.72,6563.36,Delivered
POI00000649,PO0000323,MAT00155,21,638.36,13405.56,Delivered
POI00000650,PO0000323,MAT00175,10,1712.5,17125.0,Delivered
POI00000651,PO0000323,MAT00161,1,383.1,383.1,Delivered
POI00000652,PO0000324,MAT00158,77,1261.83,97160.91,Delivered
POI00000653,PO0000324,MAT00158,21,1379.19,28962.99,Delivered
POI00000654,PO0000325,MAT00259,5,227.19,1135.95,Delivered
POI00000655,PO0000325,MAT00255,3,1083.24,3249.72,Delivered
POI00000656,PO0000326,MAT00221,17,143.88,2445.96,Delivered
POI00000657,PO0000326,MAT00223,49,265.71,13019.79,Delivered
POI00000658,PO0000326,MAT00205,10,139.17,1391.7,Delivered
POI00000659,PO0000327,MAT00223,27,213.5,5764.5,Pending
POI00000660,PO0000327,MAT00205,32,152.52,4880.64,Delivered
POI00000661,PO0000327,MAT00221,27,126.93,3427.11,Cancelled
POI00000662,PO0000328,MAT00285,8,69.71,557.68,Delivered
POI00000663,PO0000329,MAT00230,34,401.42,13648.28,Partially Delivered
POI00000664,PO0000329,MAT00229,15,430.59,6458.85,Delivered
POI00000665,PO0000330,MAT00224,5,1652.59,8262.95,Delivered
POI00000666,PO0000330,MAT00219,11,94.21,1036.31,Delivered
POI00000667,PO0000330,MAT00222,13,248.6,3231.8,Delivered
POI00000668,PO0000331,MAT00191,170,814.98,138546.6,Pending
POI00000669,PO0000331,MAT00191,5,776.68,3883.4,Pending
POI00000670,PO0000332,MAT00059,3,96.37,289.11,Pending
POI00000671,PO0000333,MAT00078,14,106.5,1491.0,Pending
POI00000672,PO0000333,MAT00085,45,599.18,26963.1,Pending
POI00000673,PO0000333,MAT00085,2,538.55,1077.1,Partially Delivered
POI00000674,PO0000333,MAT00085,4,558.91,2235.64,Partially Delivered
POI00000675,PO0000334,MAT00107,12,881.18,10574.16,Delivered
POI00000676,PO0000334,MAT00112,19,488.66,9284.54,Delivered
POI00000677,PO0000335,MAT00148,8,84.24,673.92,Pending
POI00000678,PO0000335,MAT00142,21,484.14,10166.94,Delivered
POI00000679,PO0000335,MAT00129,43,123.53,5311.79,Pending
POI00000680,PO0000336,MAT00016,29,562.12,16301.48,Cancelled
POI00000681,PO0000336,MAT00016,64,589.62,37735.68,Pending
POI00000682,PO0000336,MAT00013,2,103.06,206.12,Pending
POI00000683,PO0000337,MAT00230,8,414.28,3314.24,Pending
POI00000684,PO0000337,MAT00229,21,479.98,10079.58,Delivered
POI00000685,PO0000337,MAT00229,30,456.6,13698.0,Delivered
POI00000686,PO0000338,MAT00193,16,82.43,1318.88,Delivered
POI00000687,PO0000338,MAT00193,39,90.65,3535.35,Pending
POI00000688,PO0000338,MAT00193,19,84.0,1596.0,Pending
POI00000689,PO0000338,MAT00177,13,289.33,3761.29,Pending
POI00000690,PO0000339,MAT00250,6,2899.73,17398.38,Delivered
POI00000691,PO0000339,MAT00065,33,148.8,4910.4,Delivered
POI00000692,PO0000340,MAT00072,26,633.37,16467.62,Delivered
POI00000693,PO0000340,MAT00063,195,237.49,46310.55,Delivered
POI00000694,PO0000340,MAT00068,14,138.14,1933.96,Delivered
POI00000695,PO0000340,MAT00074,11,218.29,2401.19,Delivered
POI00000696,PO0000341,MAT00066,52,128.45,6679.4,Delivered
POI00000697,PO0000341,MAT00061,14,310.34,4344.76,Delivered
POI00000698,PO0000342,MAT00002,27,102.41,2765.07,Partially Delivered
POI00000699,PO0000343,MAT00178,24,1032.61,24782.64,Delivered
POI00000700,PO0000343,MAT00178,28,1187.03,33236.84,Delivered
POI00000701,PO0000343,MAT00178,32,1054.18,33733.76,Delivered
POI00000702,PO0000343,MAT00178,8,1243.87,9950.96,Delivered
POI00000703,PO0000344,MAT00177,168,245.94,41317.92,Pending
POI00000704,PO0000345,MAT00094,10,105.07,1050.7,Partially Delivered
POI00000705,PO0000346,MAT00279,21,357.53,7508.13,Delivered
POI00000706,PO0000346,MAT00284,132,309.17,40810.44,Partially Delivered
POI00000707,PO0000347,MAT00064,31,149.98,4649.38,Delivered
POI00000708,PO0000348,MAT00080,63,197.62,12450.06,Delivered
POI00000709,PO0000348,MAT00083,61,55.52,3386.72,Delivered
POI00000710,PO0000349,MAT00281,129,61.53,7937.37,Partially Delivered
POI00000711,PO0000349,MAT00285,88,68.35,6014.8,Delivered
POI00000712,PO0000350,MAT00212,8,42.78,342.24,Delivered
POI00000713,PO0000350,MAT00219,19,95.01,1805.19,Delivered
POI00000714,PO0000351,MAT00016,61,516.48,31505.28,Cancelled
POI00000715,PO0000352,MAT00073,9,493.14,4438.26,Delivered
POI00000716,PO0000352,MAT00070,6,155.28,931.68,Delivered
POI00000717,PO0000352,MAT00071,69,223.79,15441.51,Delivered
POI00000718,PO0000353,MAT00229,75,476.91,35768.25,Cancelled
POI00000719,PO0000354,MAT00096,13,273.06,3549.78,Pending
POI00000720,PO0000354,MAT00096,17,274.4,4664.8,Pending
POI00000721,PO0000354,MAT00095,9,31.99,287.91,Pending
POI00000722,PO0000354,MAT00096,23,271.22,6238.06,Pending
POI00000723,PO0000355,MAT00206,8,685.99,5487.92,Delivered
POI00000724,PO0000355,MAT00215,57,131.14,7474.98,Delivered
POI00000725,PO0000356,MAT00241,33,149.84,4944.72,Delivered
POI00000726,PO0000357,MAT00139,11,152.74,1680.14,Partially Delivered
POI00000727,PO0000357,MAT00126,24,209.6,5030.4,Partially Delivered
POI00000728,PO0000358,MAT00070,51,126.77,6465.27,Delivered
POI00000729,PO0000359,MAT00135,45,64.42,2898.9,Delivered
POI00000730,PO0000359,MAT00180,5,269.06,1345.3,Cancelled
POI00000731,PO0000360,MAT00169,56,358.21,20059.76,Delivered
POI00000732,PO0000361,MAT00209,56,319.86,17912.16,Delivered
POI00000733,PO0000361,MAT00220,25,271.34,6783.5,Delivered
POI00000734,PO0000361,MAT00220,8,336.06,2688.48,Delivered
POI00000735,PO0000362,MAT00143,172,46.22,7949.84,Pending
POI00000736,PO0000363,MAT00293,6,164.74,988.44,Delivered
POI00000737,PO0000364,MAT00012,13,408.21,5306.73,Delivered
POI00000738,PO0000364,MAT00024,9,122.49,1102.41,Delivered
POI00000739,PO0000364,MAT00020,19,430.91,8187.29,Delivered
POI00000740,PO0000365,MAT00108,14,1377.57,19285.98,Pending
POI00000741,PO0000365,MAT00114,4,255.42,1021.68,Pending
POI00000742,PO0000365,MAT00123,6,509.55,3057.3,Delivered
POI00000743,PO0000366,MAT00041,8,2230.18,17841.44,Delivered
POI00000744,PO0000367,MAT00197,72,572.32,41207.04,Delivered
POI00000745,PO0000368,MAT00227,35,235.25,8233.75,Delivered
POI00000746,PO0000368,MAT00232,7,63.02,441.14,Pending
POI00000747,PO0000368,MAT00226,144,55.04,7925.76,Cancelled
POI00000748,PO0000369,MAT00181,13,168.35,2188.55,Partially Delivered
POI00000749,PO0000370,MAT00161,3,382.31,1146.93,Delivered
POI00000750,PO0000371,MAT00255,19,1125.57,21385.83,Delivered
POI00000751,PO0000371,MAT00264,11,825.31,9078.41,Delivered
POI00000752,PO0000372,MAT00051,17,63.04,1071.68,Delivered
POI00000753,PO0000372,MAT00052,49,761.14,37295.86,Delivered
POI00000754,PO0000373,MAT00013,90,117.28,10555.2,Delivered
POI00000755,PO0000373,MAT00016,2,613.81,1227.62,Partially Delivered
POI00000756,PO0000374,MAT00208,57,50.72,2891.04,Delivered
POI00000757,PO0000374,MAT00218,20,72.66,1453.2,Delivered
POI00000758,PO0000374,MAT00212,30,47.62,1428.6,Delivered
POI00000759,PO0000374,MAT00216,12,108.14,1297.68,Delivered
POI00000760,PO0000375,MAT00260,16,280.76,4492.16,Delivered
POI00000761,PO0000375,MAT00251,47,118.62,5575.14,Delivered
POI00000762,PO0000375,MAT00268,210,165.59,34773.9,Delivered
POI00000763,PO0000376,MAT00101,18,51.3,923.4,Delivered
POI00000764,PO0000376,MAT00117,195,132.99,25933.05,Delivered
POI00000765,PO0000377,MAT00234,11,288.96,3178.56,Delivered
POI00000766,PO0000377,MAT00234,11,246.36,2709.96,Delivered
POI00000767,PO0000377,MAT00234,2,263.59,527.18,Delivered
POI00000768,PO0000377,MAT00234,9,227.33,2045.97,Delivered
POI00000769,PO0000378,MAT00293,72,174.87,12590.64,Cancelled
POI00000770,PO0000378,MAT00297,58,180.22,10452.76,Cancelled
POI00000771,PO0000379,MAT00170,5,71.88,359.4,Partially Delivered
POI00000772,PO0000379,MAT00163,3,164.27,492.81,Pending
POI00000773,PO0000379,MAT00166,10,137.64,1376.4,Pending
POI00000774,PO0000380,MAT00207,54,182.77,9869.58,Delivered
POI00000775,PO0000380,MAT00213,105,335.95,35274.75,Delivered
POI00000776,PO0000381,MAT00178,72,1156.21,83247.12,Delivered
POI00000777,PO0000382,MAT00245,28,92.31,2584.68,Partially Delivered
POI00000778,PO0000383,MAT00259,45,262.31,11803.95,Delivered
POI00000779,PO0000383,MAT00259,6,258.62,1551.72,Delivered
POI00000780,PO0000383,MAT00259,18,239.28,4307.04,Delivered
POI00000781,PO0000383,MAT00255,37,1120.54,41459.98,Delivered
POI00000782,PO0000384,MAT00201,36,134.79,4852.44,Delivered
POI00000783,PO0000385,MAT00127,20,5058.17,101163.4,Delivered
POI00000784,PO0000385,MAT00141,54,53.0,2862.0,Delivered
POI00000785,PO0000385,MAT00132,4,113.28,453.12,Delivered
POI00000786,PO0000386,MAT00048,24,214.71,5153.04,Delivered
POI00000787,PO0000387,MAT00215,10,135.44,1354.4,Delivered
POI00000788,PO0000388,MAT00104,52,389.89,20274.28,Cancelled
POI00000789,PO0000388,MAT00109,15,467.0,7005.0,Pending
POI00000790,PO0000389,MAT00167,62,176.77,10959.74,Cancelled
POI00000791,PO0000390,MAT00293,17,175.64,2985.88,Delivered
POI00000792,PO0000391,MAT00202,15,56.39,845.85,Delivered
POI00000793,PO0000392,MAT00028,3,110.79,332.37,Delivered
POI00000794,PO0000392,MAT00037,6,419.81,2518.86,Pending
POI00000795,PO0000392,MAT00033,22,95.2,2094.4,Pending
POI00000796,PO0000392,MAT00031,60,144.48,8668.8,Pending
POI00000797,PO0000393,MAT00075,79,112.12,8857.48,Cancelled
POI00000798,PO0000394,MAT00201,36,164.03,5905.08,Delivered
POI00000799,PO0000394,MAT00201,11,136.69,1503.59,Partially Delivered
POI00000800,PO0000395,MAT00041,23,2337.02,53751.46,Delivered
POI00000801,PO0000395,MAT00046,49,493.33,24173.17,Delivered
POI00000802,PO0000395,MAT00038,4,688.31,2753.24,Delivered
POI00000803,PO0000396,MAT00019,62,337.83,20945.46,Cancelled
POI00000804,PO0000397,MAT00052,47,718.65,33776.55,Delivered
POI00000805,PO0000397,MAT00051,9,77.61,698.49,Delivered
POI00000806,PO0000398,MAT00245,12,86.44,1037.28,Pending
POI00000807,PO0000398,MAT00240,6,595.04,3570.24,Partially Delivered
POI00000808,PO0000399,MAT00002,111,124.45,13813.95,Delivered
POI00000809,PO0000399,MAT00019,26,375.89,9773.14,Delivered
POI00000810,PO0000400,MAT00004,29,238.69,6922.01,Delivered
POI00000811,PO0000401,MAT00021,50,98.29,4914.5,Delivered
POI00000812,PO0000401,MAT00007,97,791.06,76732.82,Partially Delivered
POI00000813,PO0000402,MAT00038,28,780.05,21841.4,Delivered
POI00000814,PO0000402,MAT00046,99,462.91,45828.09,Delivered
POI00000815,PO0000403,MAT00059,2,103.02,206.04,Delivered
POI00000816,PO0000403,MAT00059,86,90.66,7796.76,Delivered
POI00000817,PO0000403,MAT00059,103,86.14,8872.42,Delivered
POI00000818,PO0000404,MAT00148,32,87.66,2805.12,Delivered
POI00000819,PO0000405,MAT00255,24,1134.28,27222.72,Delivered
POI00000820,PO0000405,MAT00259,36,258.56,9308.16,Partially Delivered
POI00000821,PO0000406,MAT00153,58,162.11,9402.38,Delivered
POI00000822,PO0000407,MAT00185,8,178.44,1427.52,Delivered
POI00000823,PO0000408,MAT00214,4,681.45,2725.8,Delivered
POI00000824,PO0000408,MAT00211,11,274.74,3022.14,Delivered
POI00000825,PO0000409,MAT00280,24,568.82,13651.68,Delivered
POI00000826,PO0000409,MAT00293,5,172.38,861.9,Partially Delivered
POI00000827,PO0000409,MAT00297,116,188.77,21897.32,Delivered
POI00000828,PO0000410,MAT00295,57,88.88,5066.16,Partially Delivered
POI00000829,PO0000410,MAT00287,63,464.51,29264.13,Pending
POI00000830,PO0000411,MAT00219,99,87.16,8628.84,Delivered
POI00000831,PO0000411,MAT00224,39,1650.62,64374.18,Delivered
POI00000832,PO0000412,MAT00004,121,207.45,25101.45,Pending
POI00000833,PO0000412,MAT00004,69,209.13,14429.97,Delivered
POI00000834,PO0000412,MAT00004,51,247.87,12641.37,Partially Delivered
POI00000835,PO0000413,MAT00282,52,248.5,12922.0,Delivered
POI00000836,PO0000413,MAT00300,9,497.54,4477.86,Delivered
POI00000837,PO0000413,MAT00277,6,1236.24,7417.44,Delivered
POI00000838,PO0000413,MAT00296,1,88.09,88.09,Delivered
POI00000839,PO0000414,MAT00183,6,16.52,99.12,Partially Delivered
POI00000840,PO0000415,MAT00265,158,644.85,101886.3,Delivered
POI00000841,PO0000415,MAT00272,7,1319.24,9234.68,Delivered
POI00000842,PO0000416,MAT00116,52,532.67,27698.84,Delivered
POI00000843,PO0000417,MAT00089,31,547.08,16959.48,Delivered
POI00000844,PO0000418,MAT00128,38,92.53,3516.14,Pending
POI00000845,PO0000418,MAT00137,3,250.98,752.94,Delivered
POI00000846,PO0000419,MAT00165,10,360.76,3607.6,Delivered
POI00000847,PO0000420,MAT00186,16,257.33,4117.28,Delivered
POI00000848,PO0000420,MAT00186,48,264.93,12716.64,Delivered
POI00000849,PO0000421,MAT00115,37,34.1,1261.7,Delivered
POI00000850,PO0000421,MAT00050,8,115.01,920.08,Delivered
POI00000851,PO0000422,MAT00240,40,587.51,23500.4,Partially Delivered
POI00000852,PO0000422,MAT00240,37,674.4,24952.8,Delivered
POI00000853,PO0000422,MAT00240,6,615.52,3693.12,Partially Delivered
POI00000854,PO0000423,MAT00141,5,45.8,229.0,Delivered
POI00000855,PO0000423,MAT00128,39,98.67,3848.13,Delivered
POI00000856,PO0000423,MAT00137,50,241.03,12051.5,Delivered
POI00000857,PO0000423,MAT00145,216,212.36,45869.76,Delivered
POI00000858,PO0000424,MAT00173,13,279.96,3639.48,Delivered
POI00000859,PO0000424,MAT00168,14,89.98,1259.72,Delivered
POI00000860,PO0000425,MAT00194,122,956.63,116708.86,Delivered
POI00000861,PO0000425,MAT00188,65,157.2,10218.0,Delivered
POI00000862,PO0000426,MAT00274,6,293.83,1762.98,Delivered
POI00000863,PO0000427,MAT00069,22,253.56,5578.32,Pending
POI00000864,PO0000427,MAT00064,8,147.24,1177.92,Partially Delivered
POI00000865,PO0000427,MAT00055,61,10.61,647.21,Delivered
POI00000866,PO0000428,MAT00100,88,944.44,83110.72,Partially Delivered
POI00000867,PO0000428,MAT00082,13,158.42,2059.46,Partially Delivered
POI00000868,PO0000428,MAT00084,16,178.75,2860.0,Partially Delivered
POI00000869,PO0000429,MAT00228,37,58.83,2176.71,Delivered
POI00000870,PO0000429,MAT00233,16,263.57,4217.12,Delivered
POI00000871,PO0000430,MAT00186,10,259.23,2592.3,Delivered
POI00000872,PO0000431,MAT00265,12,803.85,9646.2,Delivered
POI00000873,PO0000432,MAT00218,41,68.61,2813.01,Delivered
POI00000874,PO0000433,MAT00043,4,286.23,1144.92,Delivered
POI00000875,PO0000433,MAT00043,55,270.57,14881.35,Delivered
POI00000876,PO0000434,MAT00184,34,472.21,16055.14,Delivered
POI00000877,PO0000434,MAT00199,40,432.26,17290.4,Delivered
POI00000878,PO0000434,MAT00183,8,18.57,148.56,Delivered
POI00000879,PO0000435,MAT00235,44,290.23,12770.12,Delivered
POI00000880,PO0000435,MAT00235,14,267.2,3740.8,Delivered
POI00000881,PO0000435,MAT00242,5,175.41,877.05,Delivered
POI00000882,PO0000436,MAT00107,149,836.77,124678.73,Pending
POI00000883,PO0000437,MAT00026,14,578.69,8101.66,Delivered
POI00000884,PO0000437,MAT00026,13,598.8,7784.4,Pending
POI00000885,PO0000437,MAT00026,8,600.83,4806.64,Delivered
POI00000886,PO0000437,MAT00026,6,598.48,3590.88,Pending
POI00000887,PO0000438,MAT00198,6,864.59,5187.54,Delivered
POI00000888,PO0000439,MAT00053,8,937.93,7503.44,Delivered
POI00000889,PO0000440,MAT00048,60,207.11,12426.6,Delivered
POI00000890,PO0000440,MAT00275,20,253.86,5077.2,Delivered
POI00000891,PO0000441,MAT00252,47,803.96,37786.12,Delivered
POI00000892,PO0000441,MAT00275,31,256.22,7942.82,Delivered
POI00000893,PO0000442,MAT00024,25,131.45,3286.25,Delivered
POI00000894,PO0000443,MAT00151,170,259.14,44053.8,Delivered
POI00000895,PO0000443,MAT00175,38,1456.34,55340.92,Delivered
POI00000896,PO0000444,MAT00068,98,147.79,14483.42,Delivered
POI00000897,PO0000444,MAT00072,90,595.17,53565.3,Delivered
POI00000898,PO0000444,MAT00063,9,215.5,1939.5,Delivered
POI00000899,PO0000444,MAT00074,44,207.34,9122.96,Delivered
POI00000900,PO0000445,MAT00093,25,549.69,13742.25,Delivered
POI00000901,PO0000445,MAT00093,69,617.37,42598.53,Delivered
POI00000902,PO0000446,MAT00073,27,520.47,14052.69,Partially Delivered
POI00000903,PO0000446,MAT00053,30,947.58,28427.4,Partially Delivered
POI00000904,PO0000447,MAT00088,24,1235.04,29640.96,Pending
POI00000905,PO0000447,MAT00088,16,1157.27,18516.32,Pending
POI00000906,PO0000447,MAT00097,2,681.76,1363.52,Partially Delivered
POI00000907,PO0000448,MAT00201,50,152.73,7636.5,Delivered
POI00000908,PO0000449,MAT00163,500,149.27,74635.0,Delivered
POI00000909,PO0000450,MAT00268,19,179.56,3411.64,Delivered
POI00000910,PO0000451,MAT00035,8,724.87,5798.96,Delivered
POI00000911,PO0000451,MAT00035,33,696.09,22970.97,Delivered
POI00000912,PO0000451,MAT00035,7,749.98,5249.86,Delivered
POI00000913,PO0000451,MAT00026,7,536.52,3755.64,Delivered
POI00000914,PO0000452,MAT00268,147,184.07,27058.29,Partially Delivered
POI00000915,PO0000453,MAT00010,112,136.07,15239.84,Pending
POI00000916,PO0000454,MAT00024,86,113.45,9756.7,Delivered
POI00000917,PO0000454,MAT00020,75,356.54,26740.5,Delivered
POI00000918,PO0000454,MAT00012,22,406.27,8937.94,Delivered
POI00000919,PO0000455,MAT00178,18,1110.63,19991.34,Delivered
POI00000920,PO0000456,MAT00021,39,94.73,3694.47,Cancelled
POI00000921,PO0000456,MAT00007,26,742.33,19300.58,Partially Delivered
POI00000922,PO0000457,MAT00101,23,45.91,1055.93,Delivered
POI00000923,PO0000458,MAT00001,45,61.75,2778.75,Partially Delivered
POI00000924,PO0000459,MAT00280,83,555.47,46104.01,Delivered
POI00000925,PO0000460,MAT00089,33,538.43,17768.19,Delivered
POI00000926,PO0000460,MAT00089,25,529.8,13245.0,Pending
POI00000927,PO0000460,MAT00089,4,508.46,2033.84,Partially Delivered
POI00000928,PO0000461,MAT00253,18,119.6,2152.8,Partially Delivered
POI00000929,PO0000461,MAT00258,2,118.48,236.96,Pending
POI00000930,PO0000461,MAT00261,8,3293.25,26346.0,Pending
POI00000931,PO0000462,MAT00012,14,425.93,5963.02,Delivered
POI00000932,PO0000462,MAT00020,15,415.66,6234.9,Delivered
POI00000933,PO0000463,MAT00095,24,30.67,736.08,Delivered
POI00000934,PO0000463,MAT00096,33,283.23,9346.59,Delivered
POI00000935,PO0000463,MAT00096,5,267.05,1335.25,Delivered
POI00000936,PO0000464,MAT00253,11,120.17,1321.87,Pending
POI00000937,PO0000464,MAT00258,8,118.6,948.8,Delivered
POI00000938,PO0000465,MAT00072,4,618.1,2472.4,Delivered
POI00000939,PO0000466,MAT00252,18,891.55,16047.9,Delivered
POI00000940,PO0000467,MAT00240,16,557.11,8913.76,Delivered
POI00000941,PO0000467,MAT00240,51,593.25,30255.75,Delivered
POI00000942,PO0000467,MAT00240,9,620.62,5585.58,Delivered
POI00000943,PO0000468,MAT00119,7,137.68,963.76,Delivered
POI00000944,PO0000468,MAT00119,7,152.6,1068.2,Delivered
POI00000945,PO0000468,MAT00119,28,159.71,4471.88,Delivered
POI00000946,PO0000468,MAT00119,39,130.18,5077.02,Delivered
POI00000947,PO0000469,MAT00046,12,449.43,5393.16,Delivered
POI00000948,PO0000469,MAT00038,7,841.51,5890.57,Pending
POI00000949,PO0000469,MAT00041,14,2458.75,34422.5,Pending
POI00000950,PO0000470,MAT00216,6,107.99,647.94,Pending
POI00000951,PO0000470,MAT00208,13,46.03,598.39,Pending
POI00000952,PO0000471,MAT00300,18,508.38,9150.84,Delivered
POI00000953,PO0000471,MAT00277,15,1143.73,17155.95,Delivered
POI00000954,PO0000471,MAT00296,3,86.48,259.44,Delivered
POI00000955,PO0000471,MAT00283,20,49.06,981.2,Delivered
POI00000956,PO0000472,MAT00212,17,44.02,748.34,Delivered
POI00000957,PO0000472,MAT00081,13,113.73,1478.49,Partially Delivered
POI00000958,PO0000472,MAT00263,350,429.38,150283.0,Cancelled
POI00000959,PO0000473,MAT00262,9,740.85,6667.65,Delivered
POI00000960,PO0000474,MAT00050,27,131.43,3548.61,Pending
POI00000961,PO0000474,MAT00030,14,256.09,3585.26,Partially Delivered
POI00000962,PO0000474,MAT00045,8,253.14,2025.12,Pending
POI00000963,PO0000475,MAT00179,11,93.21,1025.31,Delivered
POI00000964,PO0000476,MAT00012,12,442.47,5309.64,Partially Delivered
POI00000965,PO0000477,MAT00227,7,204.43,1431.01,Pending
POI00000966,PO0000477,MAT00241,9,144.86,1303.74,Delivered
POI00000967,PO0000477,MAT00232,9,76.84,691.56,Pending
POI00000968,PO0000477,MAT00238,27,146.7,3960.9,Pending
POI00000969,PO0000478,MAT00181,12,162.5,1950.0,Delivered
POI00000970,PO0000478,MAT00180,17,286.37,4868.29,Delivered
POI00000971,PO0000479,MAT00089,60,487.1,29226.0,Pending
POI00000972,PO0000479,MAT00089,4,534.75,2139.0,Partially Delivered
POI00000973,PO0000479,MAT00089,13,460.05,5980.65,Partially Delivered
POI00000974,PO0000480,MAT00197,25,532.53,13313.25,Partially Delivered
POI00000975,PO0000480,MAT00176,5,160.08,800.4,Pending
POI00000976,PO0000481,MAT00220,15,298.63,4479.45,Delivered
POI00000977,PO0000481,MAT00209,35,289.35,10127.25,Partially Delivered
POI00000978,PO0000482,MAT00217,76,120.96,9192.96,Delivered
POI00000979,PO0000483,MAT00169,15,391.19,5867.85,Delivered
POI00000980,PO0000483,MAT00162,13,2162.48,28112.24,Delivered
POI00000981,PO0000483,MAT00157,9,42.35,381.15,Delivered
POI00000982,PO0000484,MAT00283,12,53.64,643.68,Pending
POI00000983,PO0000485,MAT00114,57,225.44,12850.08,Delivered
POI00000984,PO0000485,MAT00120,43,93.27,4010.61,Delivered
POI00000985,PO0000486,MAT00109,19,471.83,8964.77,Delivered
POI00000986,PO0000486,MAT00118,24,641.98,15407.52,Delivered
POI00000987,PO0000486,MAT00104,11,395.88,4354.68,Delivered
POI00000988,PO0000487,MAT00094,197,118.76,23395.72,Pending
POI00000989,PO0000487,MAT00090,11,267.46,2942.06,Pending
POI00000990,PO0000488,MAT00073,28,465.91,13045.48,Delivered
POI00000991,PO0000489,MAT00023,39,543.08,21180.12,Delivered
POI00000992,PO0000490,MAT00026,43,540.1,23224.3,Pending
POI00000993,PO0000491,MAT00043,15,267.39,4010.85,Delivered
POI00000994,PO0000491,MAT00043,7,276.11,1932.77,Cancelled
POI00000995,PO0000492,MAT00061,12,256.0,3072.0,Delivered
POI00000996,PO0000493,MAT00278,29,1661.21,48175.09,Delivered
POI00000997,PO0000493,MAT00295,41,93.36,3827.76,Pending
POI00000998,PO0000494,MAT00286,35,685.23,23983.05,Delivered
POI00000999,PO0000494,MAT00287,88,401.41,35324.08,Delivered
POI00001000,PO0000494,MAT00278,4,1484.42,5937.68,Delivered
POI00001001,PO0000495,MAT00176,1,144.78,144.78,Delivered
POI00001002,PO0000495,MAT00190,7,1199.48,8396.36,Delivered
POI00001003,PO0000496,MAT00281,8,65.84,526.72,Partially Delivered
POI00001004,PO0000496,MAT00082,3,158.9,476.7,Pending
POI00001005,PO0000496,MAT00072,14,508.64,7120.96,Pending
POI00001006,PO0000496,MAT00214,77,707.84,54503.68,Partially Delivered
POI00001007,PO0000497,MAT00240,22,550.06,12101.32,Delivered
POI00001008,PO0000497,MAT00240,9,662.9,5966.1,Pending
POI00001009,PO0000497,MAT00245,6,81.72,490.32,Pending
POI00001010,PO0000497,MAT00245,23,92.34,2123.82,Delivered
POI00001011,PO0000498,MAT00122,11,312.17,3433.87,Partially Delivered
POI00001012,PO0000499,MAT00275,50,265.04,13252.0,Partially Delivered
POI00001013,PO0000499,MAT00252,17,800.5,13608.5,Partially Delivered
POI00001014,PO0000500,MAT00007,8,706.2,5649.6,Pending
POI00001015,PO0000501,MAT00094,11,119.46,1314.06,Delivered
POI00001016,PO0000501,MAT00080,40,168.52,6740.8,Delivered
POI00001017,PO0000501,MAT00083,96,53.11,5098.56,Delivered
POI00001018,PO0000501,MAT00090,14,245.91,3442.74,Delivered
POI00001019,PO0000502,MAT00242,54,195.13,10537.02,Delivered
POI00001020,PO0000502,MAT00235,11,257.96,2837.56,Delivered
POI00001021,PO0000503,MAT00283,10,58.22,582.2,Pending
POI00001022,PO0000503,MAT00282,92,207.0,19044.0,Pending
POI00001023,PO0000504,MAT00053,22,782.08,17205.76,Pending
POI00001024,PO0000505,MAT00111,14,70.69,989.66,Cancelled
POI00001025,PO0000506,MAT00116,7,441.36,3089.52,Delivered
POI00001026,PO0000507,MAT00144,10,103.57,1035.7,Delivered
POI00001027,PO0000508,MAT00005,12,271.19,3254.28,Delivered
POI00001028,PO0000509,MAT00108,41,1563.33,64096.53,Partially Delivered
POI00001029,PO0000510,MAT00231,14,405.81,5681.34,Delivered
POI00001030,PO0000510,MAT00237,14,929.7,13015.8,Delivered
POI00001031,PO0000510,MAT00237,22,903.99,19887.78,Delivered
POI00001032,PO0000511,MAT00134,2,56.23,112.46,Delivered
POI00001033,PO0000511,MAT00147,10,666.89,6668.9,Delivered
POI00001034,PO0000511,MAT00138,49,255.82,12535.18,Delivered
POI00001035,PO0000512,MAT00181,31,168.06,5209.86,Delivered
POI00001036,PO0000513,MAT00004,19,224.05,4256.95,Delivered
POI00001037,PO0000513,MAT00004,28,230.58,6456.24,Delivered
POI00001038,PO0000514,MAT00180,98,285.08,27937.84,Delivered
POI00001039,PO0000514,MAT00180,20,273.47,5469.4,Delivered
POI00001040,PO0000514,MAT00180,27,249.32,6731.64,Delivered
POI00001041,PO0000515,MAT00273,15,479.6,7194.0,Delivered
POI00001042,PO0000515,MAT00263,144,454.14,65396.16,Cancelled
POI00001043,PO0000516,MAT00262,500,686.32,343160.0,Delivered
POI00001044,PO0000516,MAT00262,15,727.63,10914.45,Delivered
POI00001045,PO0000517,MAT00248,20,506.58,10131.6,Delivered
POI00001046,PO0000517,MAT00234,5,283.54,1417.7,Delivered
POI00001047,PO0000518,MAT00005,32,265.07,8482.24,Pending
POI00001048,PO0000518,MAT00023,76,627.34,47677.84,Partially Delivered
POI00001049,PO0000519,MAT00093,23,531.85,12232.55,Delivered
POI00001050,PO0000520,MAT00157,46,42.24,1943.04,Delivered
POI00001051,PO0000520,MAT00169,56,402.52,22541.12,Delivered
POI00001052,PO0000521,MAT00069,2,237.02,474.04,Delivered
POI00001053,PO0000521,MAT00064,25,146.02,3650.5,Delivered
POI00001054,PO0000521,MAT00057,50,165.55,8277.5,Delivered
POI00001055,PO0000522,MAT00161,26,336.0,8736.0,Delivered
POI00001056,PO0000522,MAT00151,49,283.95,13913.55,Delivered
POI00001057,PO0000523,MAT00151,8,305.28,2442.24,Delivered
POI00001058,PO0000523,MAT00175,2,1562.27,3124.54,Delivered
POI00001059,PO0000523,MAT00155,8,595.13,4761.04,Delivered
POI00001060,PO0000523,MAT00161,24,353.07,8473.68,Delivered
POI00001061,PO0000524,MAT00262,9,703.02,6327.18,Delivered
POI00001062,PO0000524,MAT00262,15,730.6,10959.0,Cancelled
POI00001063,PO0000524,MAT00262,30,768.61,23058.3,Pending
POI00001064,PO0000525,MAT00142,24,396.91,9525.84,Pending
POI00001065,PO0000525,MAT00133,5,81.9,409.5,Pending
POI00001066,PO0000525,MAT00129,8,127.43,1019.44,Pending
POI00001067,PO0000526,MAT00226,85,57.21,4862.85,Cancelled
POI00001068,PO0000526,MAT00241,45,157.64,7093.8,Pending
POI00001069,PO0000526,MAT00238,23,159.75,3674.25,Pending
POI00001070,PO0000527,MAT00097,10,638.47,6384.7,Delivered
POI00001071,PO0000528,MAT00255,6,1314.39,7886.34,Delivered
POI00001072,PO0000528,MAT00259,10,235.58,2355.8,Delivered
POI00001073,PO0000528,MAT00264,17,778.69,13237.73,Delivered
POI00001074,PO0000529,MAT00075,41,115.93,4753.13,Delivered
POI00001075,PO0000529,MAT00065,6,155.92,935.52,Delivered
POI00001076,PO0000530,MAT00090,33,282.29,9315.57,Delivered
POI00001077,PO0000530,MAT00094,28,110.57,3095.96,Delivered
POI00001078,PO0000530,MAT00083,65,56.37,3664.05,Delivered
POI00001079,PO0000531,MAT00119,14,164.72,2306.08,Delivered
POI00001080,PO0000532,MAT00110,1,446.56,446.56,Pending
POI00001081,PO0000532,MAT00113,26,1377.56,35816.56,Partially Delivered
POI00001082,PO0000533,MAT00055,14,10.55,147.7,Pending
POI00001083,PO0000534,MAT00273,31,445.58,13812.98,Delivered
POI00001084,PO0000534,MAT00256,13,185.48,2411.24,Delivered
POI00001085,PO0000535,MAT00210,52,340.69,17715.88,Delivered
POI00001086,PO0000535,MAT00210,202,318.92,64421.84,Partially Delivered
POI00001087,PO0000536,MAT00194,7,956.15,6693.05,Delivered
POI00001088,PO0000536,MAT00117,53,157.36,8340.08,Delivered
POI00001089,PO0000536,MAT00120,11,79.99,879.89,Delivered
POI00001090,PO0000536,MAT00210,46,360.23,16570.58,Delivered
POI00001091,PO0000537,MAT00124,22,125.62,2763.64,Delivered
POI00001092,PO0000537,MAT00006,2,311.18,622.36,Delivered
POI00001093,PO0000538,MAT00119,114,155.7,17749.8,Partially Delivered
POI00001094,PO0000539,MAT00242,32,194.89,6236.48,Delivered
POI00001095,PO0000539,MAT00235,150,277.9,41685.0,Delivered
POI00001096,PO0000540,MAT00030,14,208.78,2922.92,Delivered
POI00001097,PO0000540,MAT00260,25,305.09,7627.25,Delivered
POI00001098,PO0000541,MAT00202,28,60.19,1685.32,Delivered
POI00001099,PO0000542,MAT00180,8,274.0,2192.0,Pending
POI00001100,PO0000543,MAT00121,21,1732.59,36384.39,Delivered
POI00001101,PO0000544,MAT00113,69,1246.05,85977.45,Pending
POI00001102,PO0000544,MAT00110,19,481.85,9155.15,Delivered
POI00001103,PO0000544,MAT00113,39,1347.07,52535.73,Cancelled
POI00001104,PO0000544,MAT00110,2,473.79,947.58,Pending
POI00001105,PO0000545,MAT00023,6,579.56,3477.36,Delivered
POI00001106,PO0000545,MAT00005,8,255.55,2044.4,Delivered
POI00001107,PO0000545,MAT00009,4,472.23,1888.92,Delivered
POI00001108,PO0000546,MAT00252,63,773.35,48721.05,Delivered
POI00001109,PO0000546,MAT00252,77,817.55,62951.35,Delivered
POI00001110,PO0000546,MAT00252,48,829.5,39816.0,Delivered
POI00001111,PO0000547,MAT00284,19,303.23,5761.37,Pending
POI00001112,PO0000548,MAT00238,12,157.87,1894.44,Delivered
POI00001113,PO0000549,MAT00180,17,261.66,4448.22,Delivered
POI00001114,PO0000550,MAT00158,7,1339.05,9373.35,Cancelled
POI00001115,PO0000551,MAT00001,20,63.92,1278.4,Delivered
POI00001116,PO0000552,MAT00186,7,277.41,1941.87,Delivered
POI00001117,PO0000552,MAT00186,22,280.0,6160.0,Delivered
POI00001118,PO0000552,MAT00186,16,255.48,4087.68,Delivered
POI00001119,PO0000552,MAT00186,23,296.24,6813.52,Delivered
POI00001120,PO0000553,MAT00054,17,522.62,8884.54,Delivered
POI00001121,PO0000554,MAT00007,4,708.39,2833.56,Partially Delivered
POI00001122,PO0000554,MAT00072,28,573.24,16050.72,Partially Delivered
POI00001123,PO0000555,MAT00278,25,1834.29,45857.25,Delivered
POI00001124,PO0000556,MAT00103,9,83.37,750.33,Delivered
POI00001125,PO0000556,MAT00118,14,728.28,10195.92,Delivered
POI00001126,PO0000556,MAT00124,28,128.44,3596.32,Delivered
POI00001127,PO0000557,MAT00186,18,246.91,4444.38,Delivered
POI00001128,PO0000557,MAT00186,20,260.18,5203.6,Delivered
POI00001129,PO0000557,MAT00186,211,271.15,57212.65,Delivered
POI00001130,PO0000557,MAT00186,60,248.94,14936.4,Delivered
POI00001131,PO0000558,MAT00267,13,767.05,9971.65,Delivered
POI00001132,PO0000558,MAT00266,26,494.73,12862.98,Delivered
POI00001133,PO0000558,MAT00257,42,490.34,20594.28,Delivered
POI00001134,PO0000559,MAT00085,27,588.84,15898.68,Delivered
POI00001135,PO0000560,MAT00216,28,129.08,3614.24,Delivered
POI00001136,PO0000560,MAT00218,9,68.01,612.09,Delivered
POI00001137,PO0000561,MAT00170,10,76.97,769.7,Pending
POI00001138,PO0000561,MAT00163,22,151.33,3329.26,Partially Delivered
POI00001139,PO0000561,MAT00166,53,141.07,7476.71,Pending
POI00001140,PO0000562,MAT00197,44,553.67,24361.48,Delivered
POI00001141,PO0000563,MAT00217,22,133.15,2929.3,Delivered
POI00001142,PO0000563,MAT00217,14,138.11,1933.54,Delivered
POI00001143,PO0000563,MAT00217,46,137.19,6310.74,Delivered
POI00001144,PO0000564,MAT00285,34,64.35,2187.9,Delivered
POI00001145,PO0000565,MAT00191,110,820.84,90292.4,Pending
POI00001146,PO0000566,MAT00217,328,150.73,49439.44,Delivered
POI00001147,PO0000566,MAT00217,21,145.76,3060.96,Pending
POI00001148,PO0000567,MAT00077,5,525.08,2625.4,Delivered
POI00001149,PO0000567,MAT00082,21,157.11,3299.31,Delivered
POI00001150,PO0000567,MAT00100,28,939.9,26317.2,Delivered
POI00001151,PO0000568,MAT00223,9,236.79,2131.11,Delivered
POI00001152,PO0000568,MAT00221,83,139.06,11541.98,Delivered
POI00001153,PO0000569,MAT00087,30,375.98,11279.4,Delivered
POI00001154,PO0000569,MAT00098,5,447.78,2238.9,Delivered
POI00001155,PO0000570,MAT00242,9,172.58,1553.22,Delivered
POI00001156,PO0000570,MAT00235,50,298.46,14923.0,Delivered
POI00001157,PO0000571,MAT00147,42,653.55,27449.1,Delivered
POI00001158,PO0000571,MAT00144,6,100.38,602.28,Delivered
POI00001159,PO0000572,MAT00099,5,806.86,4034.3,Delivered
POI00001160,PO0000572,MAT00085,9,595.74,5361.66,Delivered
POI00001161,PO0000573,MAT00056,5,71.25,356.25,Delivered
POI00001162,PO0000573,MAT00067,15,506.22,7593.3,Delivered
POI00001163,PO0000573,MAT00056,8,75.06,600.48,Delivered
POI00001164,PO0000574,MAT00101,48,53.2,2553.6,Pending
POI00001165,PO0000575,MAT00119,27,132.53,3578.31,Delivered
POI00001166,PO0000575,MAT00119,9,146.95,1322.55,Delivered
POI00001167,PO0000575,MAT00119,5,155.25,776.25,Delivered
POI00001168,PO0000576,MAT00267,22,791.61,17415.42,Delivered
POI00001169,PO0000577,MAT00023,2,626.05,1252.1,Delivered
POI00001170,PO0000577,MAT00217,16,152.59,2441.44,Delivered
POI00001171,PO0000578,MAT00217,5,142.0,710.0,Delivered
POI00001172,PO0000579,MAT00248,44,540.12,23765.28,Delivered
POI00001173,PO0000580,MAT00175,38,1461.93,55553.34,Delivered
POI00001174,PO0000580,MAT00079,16,742.58,11881.28,Delivered
POI00001175,PO0000580,MAT00203,12,68.94,827.28,Delivered
POI00001176,PO0000580,MAT00105,64,51.81,3315.84,Delivered
POI00001177,PO0000581,MAT00065,27,143.59,3876.93,Delivered
POI00001178,PO0000581,MAT00075,29,108.88,3157.52,Delivered
POI00001179,PO0000582,MAT00194,13,922.85,11997.05,Partially Delivered
POI00001180,PO0000582,MAT00180,30,240.64,7219.2,Pending
POI00001181,PO0000583,MAT00191,74,956.21,70759.54,Delivered
POI00001182,PO0000584,MAT00231,86,352.04,30275.44,Pending
POI00001183,PO0000585,MAT00082,40,155.33,6213.2,Cancelled
POI00001184,PO0000585,MAT00100,41,1085.58,44508.78,Pending
POI00001185,PO0000586,MAT00156,28,174.04,4873.12,Delivered
POI00001186,PO0000586,MAT00174,74,347.28,25698.72,Delivered
POI00001187,PO0000586,MAT00160,63,553.48,34869.24,Delivered
POI00001188,PO0000587,MAT00174,7,317.64,2223.48,Delivered
POI00001189,PO0000588,MAT00186,23,287.13,6603.99,Pending
POI00001190,PO0000589,MAT00024,6,118.64,711.84,Delivered
POI00001191,PO0000589,MAT00222,13,204.07,2652.91,Delivered
POI00001192,PO0000589,MAT00167,39,176.44,6881.16,Delivered
POI00001193,PO0000590,MAT00193,10,85.56,855.6,Delivered
POI00001194,PO0000591,MAT00013,38,113.09,4297.42,Delivered
POI00001195,PO0000591,MAT00016,27,583.02,15741.54,Delivered
POI00001196,PO0000592,MAT00189,26,129.31,3362.06,Delivered
POI00001197,PO0000592,MAT00180,96,302.53,29042.88,Delivered
POI00001198,PO0000592,MAT00176,19,151.96,2887.24,Delivered
POI00001199,PO0000593,MAT00190,4,1246.58,4986.32,Delivered
POI00001200,PO0000593,MAT00197,21,478.49,10048.29,Delivered
POI00001201,PO0000594,MAT00082,13,158.09,2055.17,Delivered
POI00001202,PO0000594,MAT00100,10,1069.49,10694.9,Delivered
POI00001203,PO0000594,MAT00077,3,420.68,1262.04,Delivered
POI00001204,PO0000595,MAT00016,50,544.78,27239.0,Partially Delivered
POI00001205,PO0000596,MAT00037,4,461.15,1844.6,Delivered
POI00001206,PO0000596,MAT00031,8,171.32,1370.56,Delivered
POI00001207,PO0000597,MAT00020,23,399.98,9199.54,Delivered
POI00001208,PO0000597,MAT00024,18,120.54,2169.72,Delivered
POI00001209,PO0000598,MAT00121,31,1592.25,49359.75,Pending
POI00001210,PO0000598,MAT00102,6,254.66,1527.96,Partially Delivered
POI00001211,PO0000599,MAT00203,6,61.4,368.4,Delivered
POI00001212,PO0000600,MAT00142,83,459.91,38172.53,Delivered
POI00001213,PO0000601,MAT00212,29,43.49,1261.21,Pending
POI00001214,PO0000601,MAT00216,17,132.1,2245.7,Pending
POI00001215,PO0000601,MAT00208,13,44.91,583.83,Delivered
POI00001216,PO0000602,MAT00110,33,443.99,14651.67,Delivered
POI00001217,PO0000603,MAT00186,11,291.04,3201.44,Partially Delivered
POI00001218,PO0000603,MAT00186,2,275.63,551.26,Pending
POI00001219,PO0000604,MAT00217,1,140.99,140.99,Delivered
POI00001220,PO0000605,MAT00070,17,139.84,2377.28,Pending
POI00001221,PO0000606,MAT00044,16,543.93,8702.88,Delivered
POI00001222,PO0000606,MAT00039,2,177.41,354.82,Delivered
POI00001223,PO0000606,MAT00044,12,529.73,6356.76,Delivered
POI00001224,PO0000607,MAT00158,4,1415.92,5663.68,Delivered
POI00001225,PO0000607,MAT00158,38,1403.98,53351.24,Delivered
POI00001226,PO0000608,MAT00010,78,158.84,12389.52,Delivered
POI00001227,PO0000609,MAT00040,13,206.53,2684.89,Partially Delivered
POI00001228,PO0000609,MAT00047,22,134.54,2959.88,Delivered
POI00001229,PO0000610,MAT00107,27,913.92,24675.84,Delivered
POI00001230,PO0000610,MAT00102,10,280.37,2803.7,Delivered
POI00001231,PO0000611,MAT00230,23,371.24,8538.52,Delivered
POI00001232,PO0000612,MAT00036,4,102.76,411.04,Delivered
POI00001233,PO0000613,MAT00096,8,266.78,2134.24,Delivered
POI00001234,PO0000614,MAT00116,8,526.32,4210.56,Delivered
POI00001235,PO0000615,MAT00217,24,145.31,3487.44,Pending
POI00001236,PO0000616,MAT00118,3,722.32,2166.96,Delivered
POI00001237,PO0000616,MAT00139,362,145.39,52631.18,Delivered
POI00001238,PO0000616,MAT00242,18,161.71,2910.78,Delivered
POI00001239,PO0000616,MAT00010,8,156.3,1250.4,Delivered
POI00001240,PO0000617,MAT00237,5,964.42,4822.1,Partially Delivered
POI00001241,PO0000617,MAT00231,64,356.61,22823.04,Cancelled
POI00001242,PO0000618,MAT00142,14,495.6,6938.4,Delivered
POI00001243,PO0000618,MAT00150,50,196.49,9824.5,Delivered
POI00001244,PO0000619,MAT00214,14,636.33,8908.62,Delivered
POI00001245,PO0000619,MAT00225,24,424.22,10181.28,Delivered
POI00001246,PO0000620,MAT00012,33,358.29,11823.57,Delivered
POI00001247,PO0000621,MAT00014,127,74.98,9522.46,Partially Delivered
POI00001248,PO0000621,MAT00017,63,435.44,27432.72,Delivered
POI00001249,PO0000622,MAT00230,13,427.39,5556.07,Delivered
POI00001250,PO0000622,MAT00229,8,411.23,3289.84,Delivered
POI00001251,PO0000622,MAT00229,20,426.94,8538.8,Delivered
POI00001252,PO0000622,MAT00229,31,390.63,12109.53,Delivered
POI00001253,PO0000623,MAT00079,24,705.53,16932.72,Delivered
POI00001254,PO0000623,MAT00092,56,635.05,35562.8,Cancelled
POI00001255,PO0000624,MAT00040,16,219.83,3517.28,Delivered
POI00001256,PO0000624,MAT00049,15,83.77,1256.55,Delivered
POI00001257,PO0000624,MAT00034,16,75.69,1211.04,Delivered
POI00001258,PO0000625,MAT00169,24,394.06,9457.44,Partially Delivered
POI00001259,PO0000626,MAT00098,20,446.11,8922.2,Delivered
POI00001260,PO0000627,MAT00273,8,462.34,3698.72,Pending
POI00001261,PO0000627,MAT00274,5,294.72,1473.6,Pending
POI00001262,PO0000627,MAT00263,3,435.42,1306.26,Pending
POI00001263,PO0000628,MAT00265,8,641.24,5129.92,Delivered
POI00001264,PO0000628,MAT00261,13,3376.65,43896.45,Delivered
POI00001265,PO0000628,MAT00253,32,96.15,3076.8,Delivered
POI00001266,PO0000628,MAT00272,21,1144.37,24031.77,Delivered
POI00001267,PO0000629,MAT00153,19,158.89,3018.91,Delivered
POI00001268,PO0000630,MAT00152,10,326.98,3269.8,Delivered
POI00001269,PO0000631,MAT00250,17,2657.71,45181.07,Delivered
POI00001270,PO0000631,MAT00249,175,286.53,50142.75,Delivered
POI00001271,PO0000631,MAT00246,68,313.73,21333.64,Delivered
POI00001272,PO0000632,MAT00262,14,740.32,10364.48,Pending
POI00001273,PO0000633,MAT00173,8,269.87,2158.96,Pending
POI00001274,PO0000634,MAT00058,3,60.14,180.42,Delivered
POI00001275,PO0000634,MAT00103,18,82.5,1485.0,Delivered
POI00001276,PO0000635,MAT00211,44,293.83,12928.52,Delivered
POI00001277,PO0000635,MAT00214,12,710.72,8528.64,Delivered
POI00001278,PO0000636,MAT00173,40,278.77,11150.8,Pending
POI00001279,PO0000636,MAT00159,27,511.54,13811.58,Pending
POI00001280,PO0000637,MAT00181,15,174.86,2622.9,Delivered
POI00001281,PO0000638,MAT00113,11,1364.45,15008.95,Delivered
POI00001282,PO0000638,MAT00110,8,484.6,3876.8,Delivered
POI00001283,PO0000639,MAT00261,6,3003.17,18019.02,Delivered
POI00001284,PO0000639,MAT00253,21,115.77,2431.17,Delivered
POI00001285,PO0000640,MAT00141,23,48.03,1104.69,Delivered
POI00001286,PO0000640,MAT00145,9,207.47,1867.23,Delivered
POI00001287,PO0000641,MAT00064,65,131.11,8522.15,Delivered
POI00001288,PO0000641,MAT00069,30,220.26,6607.8,Delivered
POI00001289,PO0000642,MAT00115,11,31.68,348.48,Partially Delivered
POI00001290,PO0000643,MAT00223,52,220.09,11444.68,Delivered
POI00001291,PO0000643,MAT00221,55,140.33,7718.15,Delivered
POI00001292,PO0000644,MAT00047,21,140.31,2946.51,Cancelled
POI00001293,PO0000644,MAT00049,9,69.26,623.34,Delivered
POI00001294,PO0000645,MAT00229,5,459.82,2299.1,Cancelled
POI00001295,PO0000646,MAT00119,4,152.24,608.96,Delivered
POI00001296,PO0000646,MAT00119,8,144.19,1153.52,Partially Delivered
POI00001297,PO0000647,MAT00201,109,162.73,17737.57,Delivered
POI00001298,PO0000647,MAT00201,14,152.53,2135.42,Delivered
POI00001299,PO0000648,MAT00073,52,490.78,25520.56,Delivered
POI00001300,PO0000649,MAT00076,59,82.17,4848.03,Delivered
POI00001301,PO0000649,MAT00091,68,232.48,15808.64,Delivered
POI00001302,PO0000650,MAT00211,60,320.96,19257.6,Delivered
POI00001303,PO0000650,MAT00202,36,56.92,2049.12,Delivered
POI00001304,PO0000651,MAT00120,15,88.74,1331.1,Delivered
POI00001305,PO0000652,MAT00138,14,216.5,3031.0,Pending
POI00001306,PO0000652,MAT00147,21,661.53,13892.13,Pending
POI00001307,PO0000652,MAT00135,175,65.97,11544.75,Partially Delivered
POI00001308,PO0000653,MAT00184,5,472.51,2362.55,Delivered
POI00001309,PO0000653,MAT00183,24,17.98,431.52,Delivered
POI00001310,PO0000653,MAT00183,47,16.96,797.12,Delivered
POI00001311,PO0000653,MAT00184,36,512.63,18454.68,Delivered
POI00001312,PO0000654,MAT00147,13,764.31,9936.03,Pending
POI00001313,PO0000654,MAT00135,2,55.44,110.88,Partially Delivered
POI00001314,PO0000655,MAT00177,17,281.98,4793.66,Pending
POI00001315,PO0000655,MAT00177,22,250.24,5505.28,Delivered
POI00001316,PO0000655,MAT00193,7,88.74,621.18,Pending
POI00001317,PO0000656,MAT00183,51,18.34,935.34,Delivered
POI00001318,PO0000656,MAT00266,11,501.09,5511.99,Delivered
POI00001319,PO0000657,MAT00234,6,275.89,1655.34,Partially Delivered
POI00001320,PO0000657,MAT00248,7,443.49,3104.43,Pending
POI00001321,PO0000658,MAT00262,12,657.0,7884.0,Delivered
POI00001322,PO0000658,MAT00262,10,738.7,7387.0,Delivered
POI00001323,PO0000659,MAT00158,25,1185.59,29639.75,Delivered
POI00001324,PO0000659,MAT00158,73,1338.04,97676.92,Delivered
POI00001325,PO0000659,MAT00158,40,1276.94,51077.6,Delivered
POI00001326,PO0000659,MAT00158,25,1308.73,32718.25,Pending
POI00001327,PO0000660,MAT00240,7,580.54,4063.78,Delivered
POI00001328,PO0000661,MAT00225,108,509.41,55016.28,Delivered
POI00001329,PO0000661,MAT00214,19,661.01,12559.19,Delivered
POI00001330,PO0000662,MAT00216,12,132.3,1587.6,Delivered
POI00001331,PO0000662,MAT00212,46,40.91,1881.86,Delivered
POI00001332,PO0000662,MAT00208,9,42.03,378.27,Delivered
POI00001333,PO0000662,MAT00218,7,69.15,484.05,Delivered
POI00001334,PO0000663,MAT00152,25,330.17,8254.25,Partially Delivered
POI00001335,PO0000663,MAT00174,7,316.12,2212.84,Delivered
POI00001336,PO0000663,MAT00268,8,155.87,1246.96,Pending
POI00001337,PO0000664,MAT00016,11,613.61,6749.71,Delivered
POI00001338,PO0000664,MAT00013,78,117.64,9175.92,Delivered
POI00001339,PO0000665,MAT00286,156,802.24,125149.44,Delivered
POI00001340,PO0000665,MAT00002,7,101.11,707.77,Delivered
POI00001341,PO0000666,MAT00279,108,430.76,46522.08,Delivered
POI00001342,PO0000667,MAT00191,15,905.45,13581.75,Pending
POI00001343,PO0000667,MAT00191,12,770.34,9244.08,Partially Delivered
POI00001344,PO0000667,MAT00191,15,886.45,13296.75,Partially Delivered
POI00001345,PO0000668,MAT00111,93,70.99,6602.07,Cancelled
POI00001346,PO0000668,MAT00111,24,84.02,2016.48,Pending
POI00001347,PO0000669,MAT00093,236,527.66,124527.76,Delivered
POI00001348,PO0000669,MAT00093,77,541.98,41732.46,Delivered
POI00001349,PO0000670,MAT00158,58,1402.39,81338.62,Pending
POI00001350,PO0000670,MAT00158,2,1322.22,2644.44,Partially Delivered
POI00001351,PO0000671,MAT00196,16,557.77,8924.32,Delivered
POI00001352,PO0000671,MAT00176,37,163.5,6049.5,Delivered
POI00001353,PO0000672,MAT00273,38,457.4,17381.2,Delivered
POI00001354,PO0000672,MAT00263,15,479.58,7193.7,Partially Delivered
POI00001355,PO0000673,MAT00171,194,496.16,96255.04,Pending
POI00001356,PO0000674,MAT00162,10,2285.28,22852.8,Cancelled
POI00001357,PO0000674,MAT00044,12,455.5,5466.0,Delivered
POI00001358,PO0000674,MAT00190,23,1188.5,27335.5,Delivered
POI00001359,PO0000674,MAT00156,68,157.47,10707.96,Delivered
POI00001360,PO0000675,MAT00097,20,631.36,12627.2,Delivered
POI00001361,PO0000675,MAT00088,16,1277.58,20441.28,Delivered
POI00001362,PO0000676,MAT00206,7,671.18,4698.26,Delivered
POI00001363,PO0000676,MAT00206,7,762.54,5337.78,Delivered
POI00001364,PO0000676,MAT00215,4,123.51,494.04,Delivered
POI00001365,PO0000677,MAT00286,13,777.98,10113.74,Delivered
POI00001366,PO0000677,MAT00287,14,431.15,6036.1,Delivered
POI00001367,PO0000677,MAT00290,16,1535.45,24567.2,Delivered
POI00001368,PO0000678,MAT00096,29,288.68,8371.72,Delivered
POI00001369,PO0000679,MAT00231,21,426.99,8966.79,Delivered
POI00001370,PO0000680,MAT00129,28,115.76,3241.28,Delivered
POI00001371,PO0000680,MAT00142,11,472.09,5192.99,Delivered
POI00001372,PO0000681,MAT00213,89,323.02,28748.78,Pending
POI00001373,PO0000681,MAT00203,12,65.49,785.88,Pending
POI00001374,PO0000682,MAT00277,26,1137.06,29563.56,Pending
POI00001375,PO0000682,MAT00282,14,207.55,2905.7,Cancelled
POI00001376,PO0000683,MAT00188,27,135.77,3665.79,Delivered
POI00001377,PO0000683,MAT00188,19,143.05,2717.95,Pending
POI00001378,PO0000683,MAT00188,40,152.98,6119.2,Partially Delivered
POI00001379,PO0000683,MAT00194,8,911.03,7288.24,Partially Delivered
POI00001380,PO0000684,MAT00193,19,79.61,1512.59,Delivered
POI00001381,PO0000684,MAT00274,159,314.21,49959.39,Delivered
POI00001382,PO0000685,MAT00210,25,398.3,9957.5,Partially Delivered
POI00001383,PO0000685,MAT00210,64,318.49,20383.36,Delivered
POI00001384,PO0000686,MAT00066,106,112.89,11966.34,Delivered
POI00001385,PO0000687,MAT00079,53,636.37,33727.61,Delivered
POI00001386,PO0000688,MAT00034,35,75.71,2649.85,Delivered
POI00001387,PO0000688,MAT00047,8,125.88,1007.04,Delivered
POI00001388,PO0000689,MAT00075,27,108.37,2925.99,Pending
POI00001389,PO0000689,MAT00139,11,139.55,1535.05,Pending
POI00001390,PO0000690,MAT00082,3,157.82,473.46,Delivered
POI00001391,PO0000690,MAT00100,50,866.12,43306.0,Delivered
POI00001392,PO0000691,MAT00125,4,61.03,244.12,Cancelled
POI00001393,PO0000691,MAT00109,30,514.14,15424.2,Pending
POI00001394,PO0000692,MAT00199,71,468.63,33272.73,Pending
POI00001395,PO0000692,MAT00183,7,16.77,117.39,Delivered
POI00001396,PO0000693,MAT00104,42,431.98,18143.16,Delivered
POI00001397,PO0000693,MAT00109,4,439.29,1757.16,Delivered
POI00001398,PO0000693,MAT00124,20,126.22,2524.4,Delivered
POI00001399,PO0000694,MAT00021,41,93.09,3816.69,Partially Delivered
POI00001400,PO0000695,MAT00122,151,292.33,44141.83,Delivered
POI00001401,PO0000695,MAT00108,26,1570.02,40820.52,Delivered
POI00001402,PO0000696,MAT00095,127,31.75,4032.25,Pending
POI00001403,PO0000696,MAT00096,16,308.04,4928.64,Partially Delivered
POI00001404,PO0000696,MAT00095,11,33.46,368.06,Partially Delivered
POI00001405,PO0000697,MAT00044,9,439.41,3954.69,Cancelled
POI00001406,PO0000697,MAT00039,36,180.38,6493.68,Pending
POI00001407,PO0000698,MAT00077,22,512.04,11264.88,Pending
POI00001408,PO0000698,MAT00082,23,162.59,3739.57,Pending
POI00001409,PO0000698,MAT00100,370,1012.01,374443.7,Pending
POI00001410,PO0000698,MAT00084,14,206.78,2894.92,Delivered
POI00001411,PO0000699,MAT00263,16,479.9,7678.4,Delivered
POI00001412,PO0000699,MAT00273,30,498.79,14963.7,Pending
POI00001413,PO0000699,MAT00274,3,324.27,972.81,Partially Delivered
POI00001414,PO0000700,MAT00201,6,142.08,852.48,Delivered
POI00001415,PO0000700,MAT00201,19,154.34,2932.46,Delivered
POI00001416,PO0000701,MAT00101,29,45.19,1310.51,Delivered
POI00001417,PO0000702,MAT00248,14,453.5,6349.0,Delivered
POI00001418,PO0000702,MAT00234,26,288.88,7510.88,Delivered
POI00001419,PO0000703,MAT00269,70,307.28,21509.6,Delivered
POI00001420,PO0000703,MAT00110,2,449.66,899.32,Delivered
POI00001421,PO0000703,MAT00180,20,258.1,5162.0,Delivered
POI00001422,PO0000704,MAT00065,40,141.31,5652.4,Partially Delivered
POI00001423,PO0000704,MAT00075,11,114.25,1256.75,Pending
POI00001424,PO0000705,MAT00089,9,480.09,4320.81,Delivered
POI00001425,PO0000705,MAT00089,1,441.71,441.71,Delivered
POI00001426,PO0000705,MAT00089,31,439.82,13634.42,Delivered
POI00001427,PO0000705,MAT00089,14,484.59,6784.26,Delivered
POI00001428,PO0000706,MAT00189,23,125.55,2887.65,Delivered
POI00001429,PO0000706,MAT00189,23,133.95,3080.85,Pending
POI00001430,PO0000706,MAT00189,25,110.41,2760.25,Pending
POI00001431,PO0000707,MAT00266,4,476.78,1907.12,Delivered
POI00001432,PO0000708,MAT00215,20,136.64,2732.8,Delivered
POI00001433,PO0000709,MAT00081,17,112.71,1916.07,Delivered
POI00001434,PO0000710,MAT00092,3,603.74,1811.22,Delivered
POI00001435,PO0000711,MAT00191,18,933.48,16802.64,Delivered
POI00001436,PO0000711,MAT00073,5,547.56,2737.8,Delivered
POI00001437,PO0000711,MAT00032,3,77.17,231.51,Delivered
POI00001438,PO0000712,MAT00055,16,10.63,170.08,Delivered
POI00001439,PO0000712,MAT00062,45,68.44,3079.8,Delivered
POI00001440,PO0000713,MAT00257,23,541.59,12456.57,Delivered
POI00001441,PO0000713,MAT00271,19,190.06,3611.14,Delivered
POI00001442,PO0000713,MAT00267,8,824.52,6596.16,Delivered
POI00001443,PO0000713,MAT00266,5,477.97,2389.85,Delivered
POI00001444,PO0000714,MAT00230,35,365.8,12803.0,Delivered
POI00001445,PO0000715,MAT00041,25,2772.5,69312.5,Pending
POI00001446,PO0000715,MAT00038,97,827.78,80294.66,Delivered
POI00001447,PO0000716,MAT00090,5,252.56,1262.8,Pending
POI00001448,PO0000716,MAT00094,4,99.47,397.88,Pending
POI00001449,PO0000716,MAT00080,13,181.75,2362.75,Delivered
POI00001450,PO0000717,MAT00023,29,533.86,15481.94,Delivered
POI00001451,PO0000717,MAT00005,13,288.61,3751.93,Delivered
POI00001452,PO0000718,MAT00190,23,1116.13,25670.99,Delivered
POI00001453,PO0000718,MAT00176,9,154.35,1389.15,Delivered
POI00001454,PO0000718,MAT00196,18,505.12,9092.16,Delivered
POI00001455,PO0000719,MAT00192,31,172.57,5349.67,Delivered
POI00001456,PO0000720,MAT00097,22,610.41,13429.02,Delivered
POI00001457,PO0000720,MAT00088,13,1108.61,14411.93,Delivered
POI00001458,PO0000720,MAT00097,99,644.1,63765.9,Delivered
POI00001459,PO0000721,MAT00026,60,585.5,35130.0,Delivered
POI00001460,PO0000721,MAT00035,20,705.33,14106.6,Delivered
POI00001461,PO0000721,MAT00027,44,176.27,7755.88,Delivered
POI00001462,PO0000722,MAT00075,30,116.94,3508.2,Partially Delivered
POI00001463,PO0000723,MAT00015,40,47.94,1917.6,Delivered
POI00001464,PO0000723,MAT00022,342,109.4,37414.8,Delivered
POI00001465,PO0000724,MAT00164,11,95.04,1045.44,Delivered
POI00001466,PO0000724,MAT00159,21,547.48,11497.08,Delivered
POI00001467,PO0000725,MAT00194,20,933.82,18676.4,Delivered
POI00001468,PO0000725,MAT00188,80,137.15,10972.0,Delivered
POI00001469,PO0000725,MAT00194,4,797.8,3191.2,Delivered
POI00001470,PO0000726,MAT00210,78,342.0,26676.0,Cancelled
POI00001471,PO0000727,MAT00093,5,550.97,2754.85,Delivered
POI00001472,PO0000727,MAT00093,23,532.01,12236.23,Delivered
POI00001473,PO0000727,MAT00093,45,590.32,26564.4,Partially Delivered
POI00001474,PO0000728,MAT00093,30,540.19,16205.7,Delivered
POI00001475,PO0000728,MAT00093,12,616.3,7395.6,Delivered
POI00001476,PO0000728,MAT00093,61,624.76,38110.36,Delivered
POI00001477,PO0000729,MAT00161,9,352.96,3176.64,Delivered
POI00001478,PO0000730,MAT00095,32,29.35,939.2,Delivered
POI00001479,PO0000731,MAT00019,84,309.83,26025.72,Delivered
POI00001480,PO0000732,MAT00175,27,1502.59,40569.93,Delivered
POI00001481,PO0000732,MAT00151,14,285.61,3998.54,Delivered
POI00001482,PO0000733,MAT00292,44,118.69,5222.36,Delivered
POI00001483,PO0000733,MAT00050,40,121.66,4866.4,Partially Delivered
POI00001484,PO0000733,MAT00237,60,906.29,54377.4,Pending
POI00001485,PO0000734,MAT00068,22,153.87,3385.14,Cancelled
POI00001486,PO0000734,MAT00072,23,502.67,11561.41,Cancelled
POI00001487,PO0000735,MAT00277,82,1095.47,89828.54,Pending
POI00001488,PO0000735,MAT00282,67,233.87,15669.29,Delivered
POI00001489,PO0000735,MAT00296,122,75.82,9250.04,Pending
POI00001490,PO0000736,MAT00190,11,1020.24,11222.64,Delivered
POI00001491,PO0000736,MAT00196,16,548.98,8783.68,Delivered
POI00001492,PO0000737,MAT00272,17,1164.69,19799.73,Delivered
POI00001493,PO0000738,MAT00004,10,218.55,2185.5,Delivered
POI00001494,PO0000739,MAT00281,17,77.2,1312.4,Pending
POI00001495,PO0000739,MAT00101,6,45.6,273.6,Pending
POI00001496,PO0000740,MAT00176,12,133.87,1606.44,Pending
POI00001497,PO0000741,MAT00189,53,120.23,6372.19,Delivered
POI00001498,PO0000741,MAT00189,12,111.97,1343.64,Delivered
POI00001499,PO0000742,MAT00266,30,471.62,14148.6,Delivered
POI00001500,PO0000743,MAT00058,59,65.53,3866.27,Pending
POI00001501,PO0000744,MAT00190,10,1254.83,12548.3,Delivered
POI00001502,PO0000744,MAT00273,44,461.7,20314.8,Delivered
POI00001503,PO0000744,MAT00179,12,82.91,994.92,Pending
POI00001504,PO0000745,MAT00112,72,519.32,37391.04,Delivered
POI00001505,PO0000746,MAT00020,4,363.54,1454.16,Pending
POI00001506,PO0000747,MAT00003,37,1669.16,61758.92,Pending
POI00001507,PO0000747,MAT00018,24,391.96,9407.04,Pending
POI00001508,PO0000747,MAT00010,46,128.76,5922.96,Pending
POI00001509,PO0000748,MAT00182,13,60.15,781.95,Pending
POI00001510,PO0000748,MAT00178,65,1137.88,73962.2,Partially Delivered
POI00001511,PO0000749,MAT00225,36,418.13,15052.68,Delivered
POI00001512,PO0000750,MAT00177,23,285.29,6561.67,Delivered
POI00001513,PO0000751,MAT00236,7,168.99,1182.93,Delivered
POI00001514,PO0000751,MAT00247,35,744.21,26047.35,Delivered
POI00001515,PO0000752,MAT00195,38,132.07,5018.66,Pending
POI00001516,PO0000752,MAT00200,3,79.89,239.67,Partially Delivered
POI00001517,PO0000752,MAT00198,45,756.99,34064.55,Pending
POI00001518,PO0000752,MAT00187,44,327.16,14395.04,Delivered
POI00001519,PO0000753,MAT00256,26,188.32,4896.32,Delivered
POI00001520,PO0000753,MAT00270,40,540.98,21639.2,Delivered
POI00001521,PO0000754,MAT00231,24,369.29,8862.96,Delivered
POI00001522,PO0000755,MAT00004,10,216.01,2160.1,Delivered
POI00001523,PO0000755,MAT00004,16,232.1,3713.6,Delivered
POI00001524,PO0000755,MAT00004,166,226.72,37635.52,Delivered
POI00001525,PO0000756,MAT00078,13,100.59,1307.67,Delivered
POI00001526,PO0000756,MAT00099,22,884.33,19455.26,Delivered
POI00001527,PO0000756,MAT00085,11,611.94,6731.34,Delivered
POI00001528,PO0000757,MAT00028,19,109.87,2087.53,Delivered
POI00001529,PO0000758,MAT00131,10,251.45,2514.5,Pending
POI00001530,PO0000758,MAT00138,13,230.66,2998.58,Pending
POI00001531,PO0000759,MAT00004,27,240.0,6480.0,Delivered
POI00001532,PO0000759,MAT00004,2,233.93,467.86,Delivered
POI00001533,PO0000760,MAT00013,36,116.68,4200.48,Delivered
POI00001534,PO0000760,MAT00016,19,535.49,10174.31,Delivered
POI00001535,PO0000761,MAT00043,15,278.31,4174.65,Delivered
POI00001536,PO0000761,MAT00043,21,265.31,5571.51,Delivered
POI00001537,PO0000761,MAT00043,14,269.85,3777.9,Delivered
POI00001538,PO0000762,MAT00234,15,279.05,4185.75,Delivered
POI00001539,PO0000762,MAT00248,64,474.15,30345.6,Delivered
POI00001540,PO0000762,MAT00248,104,552.1,57418.4,Delivered
POI00001541,PO0000763,MAT00043,53,291.55,15452.15,Delivered
POI00001542,PO0000763,MAT00043,4,249.4,997.6,Delivered
POI00001543,PO0000763,MAT00043,20,267.02,5340.4,Delivered
POI00001544,PO0000764,MAT00091,70,276.29,19340.3,Delivered
POI00001545,PO0000765,MAT00002,11,107.9,1186.9,Pending
POI00001546,PO0000765,MAT00002,29,106.0,3074.0,Partially Delivered
POI00001547,PO0000765,MAT00019,6,327.17,1963.02,Pending
POI00001548,PO0000766,MAT00001,18,58.84,1059.12,Delivered
POI00001549,PO0000766,MAT00021,9,94.25,848.25,Delivered
POI00001550,PO0000767,MAT00121,8,1982.28,15858.24,Delivered
POI00001551,PO0000767,MAT00273,84,499.16,41929.44,Delivered
POI00001552,PO0000767,MAT00131,22,221.17,4865.74,Delivered
POI00001553,PO0000768,MAT00179,18,86.49,1556.82,Pending
POI00001554,PO0000768,MAT00192,270,168.2,45414.0,Partially Delivered
POI00001555,PO0000768,MAT00185,8,192.17,1537.36,Partially Delivered
POI00001556,PO0000769,MAT00158,5,1269.41,6347.05,Delivered
POI00001557,PO0000770,MAT00004,5,208.66,1043.3,Delivered
POI00001558,PO0000770,MAT00004,13,229.35,2981.55,Delivered
POI00001559,PO0000771,MAT00006,23,320.16,7363.68,Pending
POI00001560,PO0000772,MAT00096,3,277.15,831.45,Delivered
POI00001561,PO0000772,MAT00095,9,29.1,261.9,Delivered
POI00001562,PO0000773,MAT00004,18,215.76,3883.68,Partially Delivered
POI00001563,PO0000773,MAT00004,46,209.05,9616.3,Delivered
POI00001564,PO0000773,MAT00004,21,250.2,5254.2,Pending
POI00001565,PO0000774,MAT00180,8,299.15,2393.2,Delivered
POI00001566,PO0000775,MAT00210,37,349.65,12937.05,Delivered
POI00001567,PO0000775,MAT00210,12,381.16,4573.92,Delivered
POI00001568,PO0000775,MAT00210,85,395.47,33614.95,Delivered
POI00001569,PO0000776,MAT00087,10,386.67,3866.7,Delivered
POI00001570,PO0000776,MAT00086,27,82.29,2221.83,Delivered
POI00001571,PO0000777,MAT00180,13,260.97,3392.61,Delivered
POI00001572,PO0000778,MAT00187,3,317.36,952.08,Delivered
POI00001573,PO0000779,MAT00052,7,681.47,4770.29,Delivered
POI00001574,PO0000779,MAT00058,4,54.93,219.72,Delivered
POI00001575,PO0000780,MAT00090,24,279.71,6713.04,Delivered
POI00001576,PO0000781,MAT00039,16,174.17,2786.72,Delivered
POI00001577,PO0000781,MAT00044,5,523.44,2617.2,Delivered
POI00001578,PO0000782,MAT00029,21,219.73,4614.33,Delivered
POI00001579,PO0000783,MAT00013,10,123.93,1239.3,Pending
POI00001580,PO0000783,MAT00016,16,545.31,8724.96,Delivered
POI00001581,PO0000784,MAT00229,39,409.3,15962.7,Cancelled
POI00001582,PO0000785,MAT00194,9,905.94,8153.46,Delivered
POI00001583,PO0000785,MAT00194,17,818.03,13906.51,Delivered
POI00001584,PO0000785,MAT00194,27,836.25,22578.75,Delivered
POI00001585,PO0000786,MAT00067,13,583.06,7579.78,Delivered
POI00001586,PO0000786,MAT00056,1,66.89,66.89,Delivered
POI00001587,PO0000787,MAT00024,14,118.76,1662.64,Delivered
POI00001588,PO0000787,MAT00012,53,391.87,20769.11,Pending
POI00001589,PO0000787,MAT00024,3,122.77,368.31,Partially Delivered
POI00001590,PO0000787,MAT00020,26,358.7,9326.2,Cancelled
POI00001591,PO0000788,MAT00189,30,127.6,3828.0,Delivered
POI00001592,PO0000788,MAT00189,11,111.16,1222.76,Delivered
POI00001593,PO0000788,MAT00189,38,125.17,4756.46,Delivered
POI00001594,PO0000788,MAT00189,10,122.0,1220.0,Delivered
POI00001595,PO0000789,MAT00299,59,91.06,5372.54,Pending
POI00001596,PO0000789,MAT00175,2,1795.79,3591.58,Partially Delivered
POI00001597,PO0000790,MAT00101,18,50.21,903.78,Delivered
POI00001598,PO0000790,MAT00116,53,437.9,23208.7,Delivered
POI00001599,PO0000791,MAT00176,22,146.76,3228.72,Delivered
POI00001600,PO0000791,MAT00197,68,452.26,30753.68,Delivered
POI00001601,PO0000791,MAT00190,29,1253.3,36345.7,Delivered
POI00001602,PO0000792,MAT00195,53,163.72,8677.16,Delivered
POI00001603,PO0000792,MAT00200,82,76.13,6242.66,Delivered
POI00001604,PO0000792,MAT00198,31,736.59,22834.29,Delivered
POI00001605,PO0000792,MAT00187,34,296.9,10094.6,Delivered
POI00001606,PO0000793,MAT00192,149,187.6,27952.4,Delivered
POI00001607,PO0000793,MAT00185,16,205.53,3288.48,Delivered
POI00001608,PO0000793,MAT00179,317,80.46,25505.82,Delivered
POI00001609,PO0000794,MAT00235,5,295.23,1476.15,Delivered
POI00001610,PO0000794,MAT00235,14,298.59,4180.26,Delivered
POI00001611,PO0000794,MAT00235,28,279.55,7827.4,Partially Delivered
POI00001612,PO0000794,MAT00242,35,174.04,6091.4,Cancelled
POI00001613,PO0000795,MAT00104,6,453.17,2719.02,Partially Delivered
POI00001614,PO0000795,MAT00118,4,637.79,2551.16,Pending
POI00001615,PO0000796,MAT00022,5,117.22,586.1,Partially Delivered
POI00001616,PO0000797,MAT00158,5,1203.44,6017.2,Delivered
POI00001617,PO0000797,MAT00158,14,1462.73,20478.22,Delivered
POI00001618,PO0000798,MAT00029,3,189.23,567.69,Delivered
POI00001619,PO0000799,MAT00100,6,943.0,5658.0,Delivered
POI00001620,PO0000800,MAT00049,2,71.71,143.42,Delivered
POI00001621,PO0000800,MAT00176,15,134.75,2021.25,Delivered
POI00001622,PO0000800,MAT00175,9,1821.19,16390.71,Delivered
POI00001623,PO0000801,MAT00110,71,515.74,36617.54,Delivered
POI00001624,PO0000802,MAT00105,104,53.32,5545.28,Pending
POI00001625,PO0000802,MAT00097,13,590.65,7678.45,Pending
POI00001626,PO0000802,MAT00263,26,436.58,11351.08,Pending
POI00001627,PO0000802,MAT00074,7,203.67,1425.69,Delivered
POI00001628,PO0000803,MAT00224,11,1469.57,16165.27,Delivered
POI00001629,PO0000803,MAT00222,14,221.16,3096.24,Delivered
POI00001630,PO0000804,MAT00010,21,146.63,3079.23,Delivered
POI00001631,PO0000805,MAT00089,202,455.86,92083.72,Delivered
POI00001632,PO0000806,MAT00243,54,1310.57,70770.78,Delivered
POI00001633,PO0000806,MAT00228,11,68.68,755.48,Delivered
POI00001634,PO0000807,MAT00237,15,927.56,13913.4,Cancelled
POI00001635,PO0000807,MAT00231,44,385.75,16973.0,Delivered
POI00001636,PO0000808,MAT00188,11,159.43,1753.73,Partially Delivered
POI00001637,PO0000808,MAT00055,4,8.69,34.76,Delivered
POI00001638,PO0000809,MAT00139,4,155.56,622.24,Pending
POI00001639,PO0000809,MAT00149,21,21.25,446.25,Partially Delivered
POI00001640,PO0000810,MAT00117,21,145.63,3058.23,Pending
POI00001641,PO0000810,MAT00116,2,482.66,965.32,Pending
POI00001642,PO0000810,MAT00101,27,50.79,1371.33,Pending
POI00001643,PO0000811,MAT00088,29,1200.13,34803.77,Delivered
POI00001644,PO0000811,MAT00088,35,1196.48,41876.8,Delivered
POI00001645,PO0000811,MAT00088,30,1145.07,34352.1,Delivered
POI00001646,PO0000812,MAT00067,63,577.6,36388.8,Delivered
POI00001647,PO0000812,MAT00056,89,79.65,7088.85,Delivered
POI00001648,PO0000813,MAT00018,17,373.59,6351.03,Delivered
POI00001649,PO0000813,MAT00010,28,132.28,3703.84,Delivered
POI00001650,PO0000813,MAT00008,38,103.19,3921.22,Delivered
POI00001651,PO0000813,MAT00003,56,1582.01,88592.56,Delivered
POI00001652,PO0000814,MAT00243,17,1251.28,21271.76,Delivered
POI00001653,PO0000815,MAT00026,11,562.08,6182.88,Delivered
POI00001654,PO0000815,MAT00035,29,748.87,21717.23,Delivered
POI00001655,PO0000815,MAT00027,8,213.84,1710.72,Delivered
POI00001656,PO0000816,MAT00103,1,90.4,90.4,Delivered
POI00001657,PO0000816,MAT00178,6,1043.21,6259.26,Delivered
POI00001658,PO0000816,MAT00235,34,288.5,9809.0,Delivered
POI00001659,PO0000817,MAT00053,12,862.78,10353.36,Delivered
POI00001660,PO0000818,MAT00249,36,319.28,11494.08,Pending
POI00001661,PO0000819,MAT00189,6,109.25,655.5,Delivered
POI00001662,PO0000819,MAT00189,24,119.78,2874.72,Delivered
POI00001663,PO0000820,MAT00254,39,445.99,17393.61,Delivered
POI00001664,PO0000820,MAT00268,66,178.03,11749.98,Delivered
POI00001665,PO0000820,MAT00260,8,281.97,2255.76,Delivered
POI00001666,PO0000821,MAT00125,109,60.71,6617.39,Delivered
POI00001667,PO0000822,MAT00292,49,144.82,7096.18,Delivered
POI00001668,PO0000822,MAT00286,15,819.99,12299.85,Delivered
POI00001669,PO0000822,MAT00295,60,84.36,5061.6,Delivered
POI00001670,PO0000823,MAT00240,11,554.57,6100.27,Delivered
POI00001671,PO0000823,MAT00240,44,644.22,28345.68,Delivered
POI00001672,PO0000823,MAT00240,14,673.62,9430.68,Delivered
POI00001673,PO0000824,MAT00102,29,289.32,8390.28,Pending
POI00001674,PO0000824,MAT00094,17,106.47,1809.99,Pending
POI00001675,PO0000824,MAT00258,2,114.59,229.18,Partially Delivered
POI00001676,PO0000825,MAT00059,8,105.23,841.84,Delivered
POI00001677,PO0000826,MAT00206,47,832.42,39123.74,Pending
POI00001678,PO0000826,MAT00206,2,827.46,1654.92,Partially Delivered
POI00001679,PO0000826,MAT00206,12,730.33,8763.96,Delivered
POI00001680,PO0000827,MAT00252,20,823.5,16470.0,Delivered
POI00001681,PO0000828,MAT00230,15,432.91,6493.65,Delivered
POI00001682,PO0000828,MAT00229,18,458.35,8250.3,Delivered
POI00001683,PO0000828,MAT00230,13,375.2,4877.6,Delivered
POI00001684,PO0000829,MAT00165,3,454.14,1362.42,Delivered
POI00001685,PO0000829,MAT00154,24,173.31,4159.44,Delivered
POI00001686,PO0000829,MAT00159,8,548.69,4389.52,Delivered
POI00001687,PO0000830,MAT00288,21,855.58,17967.18,Delivered
POI00001688,PO0000830,MAT00299,24,88.15,2115.6,Delivered
POI00001689,PO0000830,MAT00276,13,59.35,771.55,Delivered
POI00001690,PO0000830,MAT00294,6,478.09,2868.54,Delivered
POI00001691,PO0000831,MAT00088,30,1214.84,36445.2,Delivered
POI00001692,PO0000832,MAT00201,27,155.0,4185.0,Partially Delivered
POI00001693,PO0000833,MAT00249,14,264.57,3703.98,Delivered
POI00001694,PO0000833,MAT00250,18,3021.9,54394.2,Delivered
POI00001695,PO0000833,MAT00244,72,205.59,14802.48,Delivered
POI00001696,PO0000834,MAT00110,143,511.31,73117.33,Delivered
POI00001697,PO0000835,MAT00218,6,72.76,436.56,Pending
POI00001698,PO0000835,MAT00212,11,47.93,527.23,Pending
POI00001699,PO0000836,MAT00004,14,211.01,2954.14,Delivered
POI00001700,PO0000836,MAT00094,10,122.67,1226.7,Pending
POI00001701,PO0000837,MAT00121,418,1906.04,796724.72,Delivered
POI00001702,PO0000837,MAT00112,1,492.58,492.58,Delivered
POI00001703,PO0000837,MAT00107,61,853.14,52041.54,Delivered
POI00001704,PO0000838,MAT00098,26,438.09,11390.34,Delivered
POI00001705,PO0000838,MAT00087,12,322.38,3868.56,Delivered
POI00001706,PO0000839,MAT00070,29,139.62,4048.98,Delivered
POI00001707,PO0000840,MAT00070,65,143.92,9354.8,Delivered
POI00001708,PO0000840,MAT00053,19,879.39,16708.41,Delivered
POI00001709,PO0000841,MAT00013,7,126.44,885.08,Pending
POI00001710,PO0000842,MAT00070,5,137.06,685.3,Pending
POI00001711,PO0000843,MAT00053,32,786.05,25153.6,Delivered
POI00001712,PO0000844,MAT00119,28,136.66,3826.48,Delivered
POI00001713,PO0000845,MAT00262,17,685.76,11657.92,Cancelled
POI00001714,PO0000845,MAT00262,77,754.27,58078.79,Cancelled
POI00001715,PO0000846,MAT00171,52,431.85,22456.2,Delivered
POI00001716,PO0000846,MAT00170,13,80.27,1043.51,Delivered
POI00001717,PO0000846,MAT00166,20,154.81,3096.2,Delivered
POI00001718,PO0000846,MAT00163,30,153.52,4605.6,Delivered
POI00001719,PO0000847,MAT00155,33,604.44,19946.52,Delivered
POI00001720,PO0000848,MAT00262,68,693.32,47145.76,Partially Delivered
POI00001721,PO0000848,MAT00262,22,790.11,17382.42,Cancelled
POI00001722,PO0000849,MAT00199,28,408.23,11430.44,Delivered
POI00001723,PO0000849,MAT00183,3,17.99,53.97,Delivered
POI00001724,PO0000849,MAT00184,12,535.11,6421.32,Delivered
POI00001725,PO0000850,MAT00231,3,422.36,1267.08,Delivered
POI00001726,PO0000850,MAT00237,16,949.09,15185.44,Cancelled
POI00001727,PO0000851,MAT00186,23,259.01,5957.23,Pending
POI00001728,PO0000851,MAT00186,3,257.47,772.41,Pending
POI00001729,PO0000852,MAT00254,3,497.19,1491.57,Pending
POI00001730,PO0000852,MAT00268,49,166.37,8152.13,Pending
POI00001731,PO0000853,MAT00052,17,775.95,13191.15,Delivered
POI00001732,PO0000853,MAT00051,7,72.61,508.27,Delivered
POI00001733,PO0000853,MAT00058,46,52.46,2413.16,Cancelled
POI00001734,PO0000854,MAT00025,20,258.09,5161.8,Partially Delivered
POI00001735,PO0000854,MAT00015,3,44.57,133.71,Delivered
POI00001736,PO0000855,MAT00013,10,117.09,1170.9,Delivered
POI00001737,PO0000856,MAT00037,3,430.21,1290.63,Delivered
POI00001738,PO0000856,MAT00033,25,94.54,2363.5,Delivered
POI00001739,PO0000857,MAT00019,17,343.83,5845.11,Delivered
POI00001740,PO0000858,MAT00044,16,531.49,8503.84,Pending
POI00001741,PO0000858,MAT00044,18,539.98,9719.64,Cancelled
POI00001742,PO0000858,MAT00039,12,174.37,2092.44,Partially Delivered
POI00001743,PO0000859,MAT00002,13,125.69,1633.97,Delivered
POI00001744,PO0000859,MAT00019,8,307.79,2462.32,Delivered
POI00001745,PO0000860,MAT00185,30,180.97,5429.1,Delivered
POI00001746,PO0000861,MAT00207,21,166.17,3489.57,Partially Delivered
POI00001747,PO0000861,MAT00204,2,1526.4,3052.8,Delivered
POI00001748,PO0000861,MAT00203,10,63.23,632.3,Delivered
POI00001749,PO0000862,MAT00092,20,639.25,12785.0,Partially Delivered
POI00001750,PO0000862,MAT00076,13,82.07,1066.91,Pending
POI00001751,PO0000862,MAT00091,88,252.76,22242.88,Cancelled
POI00001752,PO0000863,MAT00009,10,429.46,4294.6,Delivered
POI00001753,PO0000863,MAT00023,96,555.36,53314.56,Delivered
POI00001754,PO0000863,MAT00009,16,440.04,7040.64,Delivered
POI00001755,PO0000863,MAT00005,64,293.19,18764.16,Delivered
POI00001756,PO0000864,MAT00103,75,78.27,5870.25,Delivered
POI00001757,PO0000865,MAT00268,21,167.33,3513.93,Delivered
POI00001758,PO0000866,MAT00018,20,363.0,7260.0,Delivered
POI00001759,PO0000866,MAT00006,10,317.7,3177.0,Delivered
POI00001760,PO0000867,MAT00069,163,242.87,39587.81,Delivered
POI00001761,PO0000867,MAT00055,18,8.79,158.22,Delivered
POI00001762,PO0000867,MAT00064,19,123.94,2354.86,Delivered
POI00001763,PO0000868,MAT00217,166,125.64,20856.24,Delivered
POI00001764,PO0000869,MAT00068,7,139.21,974.47,Partially Delivered
POI00001765,PO0000869,MAT00135,22,60.35,1327.7,Pending
POI00001766,PO0000870,MAT00065,27,149.52,4037.04,Pending
POI00001767,PO0000870,MAT00075,134,102.14,13686.76,Delivered
POI00001768,PO0000871,MAT00084,4,201.02,804.08,Pending
POI00001769,PO0000872,MAT00201,62,134.83,8359.46,Delivered
POI00001770,PO0000873,MAT00231,12,407.31,4887.72,Pending
POI00001771,PO0000873,MAT00237,54,856.42,46246.68,Pending
POI00001772,PO0000873,MAT00237,2,790.87,1581.74,Pending
POI00001773,PO0000874,MAT00039,34,179.19,6092.46,Partially Delivered
POI00001774,PO0000875,MAT00089,12,559.11,6709.32,Delivered
POI00001775,PO0000876,MAT00111,63,68.65,4324.95,Delivered
POI00001776,PO0000876,MAT00111,18,77.63,1397.34,Pending
POI00001777,PO0000877,MAT00186,2,261.2,522.4,Delivered
POI00001778,PO0000877,MAT00186,25,294.01,7350.25,Delivered
POI00001779,PO0000877,MAT00186,4,267.31,1069.24,Delivered
POI00001780,PO0000878,MAT00036,13,105.81,1375.53,Partially Delivered
POI00001781,PO0000879,MAT00191,96,824.03,79106.88,Delivered
POI00001782,PO0000879,MAT00191,32,827.1,26467.2,Delivered
POI00001783,PO0000879,MAT00191,7,791.54,5540.78,Delivered
POI00001784,PO0000880,MAT00245,7,94.6,662.2,Pending
POI00001785,PO0000881,MAT00115,38,28.44,1080.72,Delivered
POI00001786,PO0000882,MAT00255,7,1221.04,8547.28,Delivered
POI00001787,PO0000882,MAT00264,49,777.68,38106.32,Delivered
POI00001788,PO0000882,MAT00259,2,248.85,497.7,Delivered
POI00001789,PO0000883,MAT00097,13,590.17,7672.21,Delivered
POI00001790,PO0000883,MAT00088,50,1121.73,56086.5,Delivered
POI00001791,PO0000884,MAT00012,92,382.87,35224.04,Delivered
POI00001792,PO0000885,MAT00122,32,346.22,11079.04,Delivered
POI00001793,PO0000885,MAT00162,9,2351.56,21164.04,Cancelled
POI00001794,PO0000886,MAT00167,20,167.12,3342.4,Delivered
POI00001795,PO0000887,MAT00026,17,599.0,10183.0,Delivered
POI00001796,PO0000887,MAT00035,9,744.33,6698.97,Delivered
POI00001797,PO0000888,MAT00220,21,280.1,5882.1,Delivered
POI00001798,PO0000888,MAT00220,8,278.88,2231.04,Delivered
POI00001799,PO0000888,MAT00220,3,327.67,983.01,Delivered
POI00001800,PO0000889,MAT00230,113,357.17,40360.21,Delivered
POI00001801,PO0000889,MAT00229,4,447.11,1788.44,Delivered
POI00001802,PO0000890,MAT00074,27,218.95,5911.65,Delivered
POI00001803,PO0000890,MAT00072,76,522.56,39714.56,Delivered
POI00001804,PO0000890,MAT00063,18,235.69,4242.42,Delivered
POI00001805,PO0000891,MAT00097,36,720.05,25921.8,Delivered
POI00001806,PO0000891,MAT00088,54,1140.45,61584.3,Delivered
POI00001807,PO0000892,MAT00046,46,421.73,19399.58,Delivered
POI00001808,PO0000892,MAT00041,1,2466.33,2466.33,Delivered
POI00001809,PO0000892,MAT00038,10,799.21,7992.1,Delivered
POI00001810,PO0000893,MAT00063,7,209.63,1467.41,Delivered
POI00001811,PO0000893,MAT00068,18,126.73,2281.14,Delivered
POI00001812,PO0000894,MAT00254,56,424.19,23754.64,Cancelled
POI00001813,PO0000895,MAT00264,14,737.3,10322.2,Delivered
POI00001814,PO0000895,MAT00264,25,844.99,21124.75,Delivered
POI00001815,PO0000895,MAT00264,2,744.76,1489.52,Delivered
POI00001816,PO0000895,MAT00255,12,1050.58,12606.96,Delivered
POI00001817,PO0000896,MAT00239,6,657.41,3944.46,Delivered
POI00001818,PO0000897,MAT00085,33,630.22,20797.26,Delivered
POI00001819,PO0000897,MAT00078,5,109.01,545.05,Delivered
POI00001820,PO0000897,MAT00099,12,794.98,9539.76,Delivered
POI00001821,PO0000898,MAT00191,8,767.8,6142.4,Delivered
POI00001822,PO0000898,MAT00191,14,951.93,13327.02,Delivered
POI00001823,PO0000899,MAT00209,63,319.99,20159.37,Delivered
POI00001824,PO0000900,MAT00093,54,566.75,30604.5,Delivered
POI00001825,PO0000901,MAT00240,8,637.63,5101.04,Pending
POI00001826,PO0000902,MAT00207,13,157.03,2041.39,Delivered
POI00001827,PO0000902,MAT00204,11,1447.91,15927.01,Cancelled
POI00001828,PO0000903,MAT00156,12,179.98,2159.76,Delivered
POI00001829,PO0000903,MAT00160,41,489.89,20085.49,Delivered
POI00001830,PO0000903,MAT00174,63,308.21,19417.23,Delivered
POI00001831,PO0000904,MAT00186,9,287.24,2585.16,Delivered
POI00001832,PO0000904,MAT00186,76,256.67,19506.92,Delivered
POI00001833,PO0000904,MAT00186,79,287.39,22703.81,Delivered
POI00001834,PO0000905,MAT00032,26,71.33,1854.58,Delivered
POI00001835,PO0000905,MAT00050,16,128.21,2051.36,Delivered
POI00001836,PO0000906,MAT00094,2,112.0,224.0,Pending
POI00001837,PO0000906,MAT00090,6,257.22,1543.32,Pending
POI00001838,PO0000907,MAT00281,11,76.78,844.58,Delivered
POI00001839,PO0000907,MAT00285,84,79.85,6707.4,Delivered
POI00001840,PO0000908,MAT00153,21,150.66,3163.86,Pending
POI00001841,PO0000909,MAT00249,14,322.23,4511.22,Delivered
POI00001842,PO0000910,MAT00260,7,303.02,2121.14,Partially Delivered
POI00001843,PO0000910,MAT00268,27,174.24,4704.48,Delivered
POI00001844,PO0000911,MAT00095,9,27.69,249.21,Delivered
POI00001845,PO0000911,MAT00096,4,318.74,1274.96,Delivered
POI00001846,PO0000911,MAT00096,152,262.3,39869.6,Delivered
POI00001847,PO0000912,MAT00043,32,242.86,7771.52,Delivered
POI00001848,PO0000912,MAT00043,10,256.15,2561.5,Delivered
POI00001849,PO0000913,MAT00110,10,518.8,5188.0,Delivered
POI00001850,PO0000914,MAT00016,3,566.04,1698.12,Partially Delivered
POI00001851,PO0000914,MAT00016,23,587.7,13517.1,Delivered
POI00001852,PO0000914,MAT00013,9,108.71,978.39,Pending
POI00001853,PO0000915,MAT00009,5,404.9,2024.5,Delivered
POI00001854,PO0000915,MAT00005,3,274.27,822.81,Delivered
POI00001855,PO0000916,MAT00112,13,482.1,6267.3,Delivered
POI00001856,PO0000916,MAT00102,20,278.75,5575.0,Delivered
POI00001857,PO0000917,MAT00043,1,277.3,277.3,Pending
POI00001858,PO0000918,MAT00113,35,1215.97,42558.95,Delivered
POI00001859,PO0000918,MAT00110,13,551.27,7166.51,Delivered
POI00001860,PO0000918,MAT00113,12,1181.26,14175.12,Delivered
POI00001861,PO0000918,MAT00110,55,545.22,29987.1,Delivered
POI00001862,PO0000919,MAT00255,11,1048.81,11536.91,Delivered
POI00001863,PO0000919,MAT00259,8,240.88,1927.04,Delivered
POI00001864,PO0000919,MAT00264,83,725.16,60188.28,Delivered
POI00001865,PO0000920,MAT00254,68,477.89,32496.52,Delivered
POI00001866,PO0000920,MAT00251,39,119.78,4671.42,Delivered
POI00001867,PO0000921,MAT00185,11,206.13,2267.43,Delivered
POI00001868,PO0000922,MAT00243,19,1069.88,20327.72,Delivered
POI00001869,PO0000923,MAT00186,13,234.26,3045.38,Delivered
POI00001870,PO0000924,MAT00130,11,75.61,831.71,Delivered
POI00001871,PO0000925,MAT00144,7,106.82,747.74,Delivered
POI00001872,PO0000925,MAT00134,8,65.47,523.76,Delivered
POI00001873,PO0000925,MAT00138,10,220.58,2205.8,Delivered
POI00001874,PO0000926,MAT00071,50,193.9,9695.0,Delivered
POI00001875,PO0000927,MAT00234,11,266.01,2926.11,Delivered
POI00001876,PO0000928,MAT00097,10,628.01,6280.1,Delivered
POI00001877,PO0000928,MAT00088,76,1083.9,82376.4,Delivered
POI00001878,PO0000929,MAT00186,28,235.65,6598.2,Delivered
POI00001879,PO0000930,MAT00133,48,95.94,4605.12,Delivered
POI00001880,PO0000931,MAT00056,7,78.81,551.67,Pending
POI00001881,PO0000932,MAT00075,10,122.08,1220.8,Pending
POI00001882,PO0000932,MAT00065,90,128.52,11566.8,Pending
POI00001883,PO0000932,MAT00075,3,114.71,344.13,Pending
POI00001884,PO0000932,MAT00075,10,106.42,1064.2,Delivered
POI00001885,PO0000933,MAT00293,2,146.43,292.86,Pending
POI00001886,PO0000934,MAT00177,40,238.9,9556.0,Partially Delivered
POI00001887,PO0000934,MAT00177,4,277.56,1110.24,Delivered
POI00001888,PO0000934,MAT00177,16,285.84,4573.44,Delivered
POI00001889,PO0000935,MAT00262,16,738.29,11812.64,Delivered
POI00001890,PO0000935,MAT00262,6,762.18,4573.08,Delivered
POI00001891,PO0000936,MAT00213,11,291.07,3201.77,Delivered
POI00001892,PO0000936,MAT00203,34,72.05,2449.7,Delivered
POI00001893,PO0000936,MAT00207,12,160.31,1923.72,Delivered
POI00001894,PO0000937,MAT00141,17,51.53,876.01,Partially Delivered
POI00001895,PO0000937,MAT00128,9,98.42,885.78,Pending
POI00001896,PO0000937,MAT00130,36,91.54,3295.44,Pending
POI00001897,PO0000938,MAT00223,25,253.52,6338.0,Delivered
POI00001898,PO0000939,MAT00107,4,844.0,3376.0,Delivered
POI00001899,PO0000939,MAT00102,21,230.91,4849.11,Cancelled
POI00001900,PO0000940,MAT00143,19,51.54,979.26,Cancelled
POI00001901,PO0000941,MAT00149,22,23.23,511.06,Delivered
POI00001902,PO0000941,MAT00133,6,86.19,517.14,Delivered
POI00001903,PO0000942,MAT00186,19,294.9,5603.1,Delivered
POI00001904,PO0000942,MAT00186,24,273.31,6559.44,Delivered
POI00001905,PO0000942,MAT00186,2,235.95,471.9,Delivered
POI00001906,PO0000942,MAT00186,27,283.93,7666.11,Delivered
POI00001907,PO0000943,MAT00252,19,887.41,16860.79,Delivered
POI00001908,PO0000944,MAT00285,13,74.83,972.79,Delivered
POI00001909,PO0000944,MAT00298,21,30.84,647.64,Delivered
POI00001910,PO0000944,MAT00298,58,35.49,2058.42,Delivered
POI00001911,PO0000944,MAT00281,12,62.67,752.04,Delivered
POI00001912,PO0000945,MAT00252,43,775.8,33359.4,Delivered
POI00001913,PO0000946,MAT00275,9,274.15,2467.35,Delivered
POI00001914,PO0000947,MAT00193,45,80.86,3638.7,Delivered
POI00001915,PO0000948,MAT00239,10,621.47,6214.7,Delivered
POI00001916,PO0000948,MAT00233,4,235.1,940.4,Pending
POI00001917,PO0000949,MAT00230,3,376.15,1128.45,Delivered
POI00001918,PO0000950,MAT00037,22,414.09,9109.98,Delivered
POI00001919,PO0000951,MAT00059,33,90.37,2982.21,Pending
POI00001920,PO0000952,MAT00004,500,224.25,112125.0,Cancelled
POI00001921,PO0000952,MAT00004,57,231.12,13173.84,Delivered
POI00001922,PO0000952,MAT00004,30,243.19,7295.7,Pending
POI00001923,PO0000953,MAT00026,26,588.51,15301.26,Delivered
POI00001924,PO0000953,MAT00035,6,704.1,4224.6,Delivered
POI00001925,PO0000954,MAT00078,14,101.58,1422.12,Delivered
POI00001926,PO0000954,MAT00078,6,99.39,596.34,Delivered
POI00001927,PO0000954,MAT00085,9,617.34,5556.06,Delivered
POI00001928,PO0000954,MAT00085,15,604.0,9060.0,Delivered
POI00001929,PO0000955,MAT00217,18,131.93,2374.74,Delivered
POI00001930,PO0000955,MAT00217,13,124.75,1621.75,Delivered
POI00001931,PO0000956,MAT00252,8,818.09,6544.72,Partially Delivered
POI00001932,PO0000957,MAT00282,21,228.9,4806.9,Partially Delivered
POI00001933,PO0000957,MAT00296,18,85.34,1536.12,Pending
POI00001934,PO0000958,MAT00220,20,318.12,6362.4,Delivered
POI00001935,PO0000958,MAT00209,26,313.55,8152.3,Delivered
POI00001936,PO0000958,MAT00209,8,264.43,2115.44,Delivered
POI00001937,PO0000959,MAT00290,5,1433.95,7169.75,Delivered
POI00001938,PO0000959,MAT00292,8,115.59,924.72,Delivered
POI00001939,PO0000960,MAT00153,9,145.47,1309.23,Pending
POI00001940,PO0000960,MAT00177,18,258.27,4648.86,Pending
POI00001941,PO0000961,MAT00269,95,297.3,28243.5,Delivered
POI00001942,PO0000961,MAT00257,9,467.67,4209.03,Delivered
POI00001943,PO0000962,MAT00191,11,772.37,8496.07,Delivered
POI00001944,PO0000963,MAT00137,9,262.35,2361.15,Delivered
POI00001945,PO0000963,MAT00136,134,143.79,19267.86,Delivered
POI00001946,PO0000963,MAT00127,7,5769.17,40384.19,Delivered
POI00001947,PO0000964,MAT00249,8,307.74,2461.92,Delivered
POI00001948,PO0000964,MAT00250,5,3244.61,16223.05,Delivered
POI00001949,PO0000965,MAT00212,16,44.81,716.96,Delivered
POI00001950,PO0000966,MAT00243,13,1331.54,17310.02,Delivered
POI00001951,PO0000966,MAT00236,7,185.31,1297.17,Delivered
POI00001952,PO0000967,MAT00011,32,52.53,1680.96,Delivered
POI00001953,PO0000967,MAT00022,17,113.31,1926.27,Delivered
POI00001954,PO0000967,MAT00017,4,433.36,1733.44,Delivered
POI00001955,PO0000967,MAT00014,33,66.56,2196.48,Delivered
POI00001956,PO0000968,MAT00030,130,239.02,31072.6,Delivered
POI00001957,PO0000968,MAT00035,18,692.0,12456.0,Delivered
POI00001958,PO0000969,MAT00196,9,565.63,5090.67,Partially Delivered
POI00001959,PO0000969,MAT00282,430,214.9,92407.0,Delivered
POI00001960,PO0000969,MAT00182,29,62.52,1813.08,Partially Delivered
POI00001961,PO0000969,MAT00015,17,46.31,787.27,Pending
POI00001962,PO0000970,MAT00111,18,83.53,1503.54,Delivered
POI00001963,PO0000970,MAT00111,11,68.82,757.02,Delivered
POI00001964,PO0000971,MAT00029,5,211.6,1058.0,Pending
POI00001965,PO0000971,MAT00042,55,50.51,2778.05,Partially Delivered
POI00001966,PO0000972,MAT00155,32,542.34,17354.88,Pending
POI00001967,PO0000973,MAT00099,7,851.42,5959.94,Partially Delivered
POI00001968,PO0000973,MAT00078,51,99.07,5052.57,Pending
POI00001969,PO0000973,MAT00085,11,519.56,5715.16,Partially Delivered
POI00001970,PO0000974,MAT00289,41,219.24,8988.84,Delivered
POI00001971,PO0000974,MAT00291,81,316.37,25625.97,Delivered
POI00001972,PO0000975,MAT00251,27,118.6,3202.2,Pending
POI00001973,PO0000976,MAT00007,38,725.03,27551.14,Delivered
POI00001974,PO0000977,MAT00190,24,1127.64,27063.36,Delivered
POI00001975,PO0000977,MAT00176,49,143.67,7039.83,Delivered
POI00001976,PO0000977,MAT00197,40,517.66,20706.4,Delivered
POI00001977,PO0000978,MAT00017,70,432.13,30249.1,Delivered
POI00001978,PO0000979,MAT00070,20,125.2,2504.0,Delivered
POI00001979,PO0000979,MAT00073,13,475.5,6181.5,Partially Delivered
POI00001980,PO0000979,MAT00071,15,222.51,3337.65,Delivered
POI00001981,PO0000980,MAT00285,12,74.69,896.28,Delivered
POI00001982,PO0000980,MAT00281,4,61.29,245.16,Delivered
POI00001983,PO0000981,MAT00238,15,150.24,2253.6,Cancelled
POI00001984,PO0000982,MAT00182,3,53.5,160.5,Delivered
POI00001985,PO0000982,MAT00178,48,1214.71,58306.08,Delivered
POI00001986,PO0000982,MAT00178,17,1146.14,19484.38,Delivered
POI00001987,PO0000982,MAT00178,8,1085.33,8682.64,Delivered
POI00001988,PO0000983,MAT00056,16,65.37,1045.92,Cancelled
POI00001989,PO0000983,MAT00067,43,502.33,21600.19,Pending
POI00001990,PO0000984,MAT00250,16,2798.2,44771.2,Delivered
POI00001991,PO0000984,MAT00249,18,283.68,5106.24,Delivered
POI00001992,PO0000984,MAT00244,25,172.31,4307.75,Delivered
POI00001993,PO0000985,MAT00186,8,296.4,2371.2,Delivered
POI00001994,PO0000985,MAT00186,19,239.07,4542.33,Delivered
POI00001995,PO0000985,MAT00186,12,236.08,2832.96,Delivered
POI00001996,PO0000986,MAT00025,41,257.99,10577.59,Partially Delivered
POI00001997,PO0000986,MAT00014,31,71.0,2201.0,Pending
POI00001998,PO0000987,MAT00227,14,227.52,3185.28,Delivered
POI00001999,PO0000988,MAT00262,2,659.07,1318.14,Partially Delivered
POI00002000,PO0000989,MAT00255,7,1260.47,8823.29,Delivered
POI00002001,PO0000989,MAT00264,49,812.69,39821.81,Delivered
POI00002002,PO0000990,MAT00077,8,444.75,3558.0,Cancelled
POI00002003,PO0000991,MAT00110,90,489.67,44070.3,Delivered
POI00002004,PO0000991,MAT00110,19,526.52,10003.88,Delivered
POI00002005,PO0000991,MAT00110,62,499.72,30982.64,Delivered
POI00002006,PO0000992,MAT00210,3,391.96,1175.88,Delivered
POI00002007,PO0000992,MAT00210,2,394.96,789.92,Partially Delivered
POI00002008,PO0000993,MAT00176,6,159.03,954.18,Delivered
POI00002009,PO0000993,MAT00196,11,451.74,4969.14,Delivered
POI00002010,PO0000993,MAT00197,10,482.06,4820.6,Delivered
POI00002011,PO0000994,MAT00016,6,560.61,3363.66,Delivered
POI00002012,PO0000995,MAT00206,105,743.48,78065.4,Pending
POI00002013,PO0000995,MAT00206,41,838.94,34396.54,Delivered
POI00002014,PO0000995,MAT00215,13,140.17,1822.21,Delivered
POI00002015,PO0000996,MAT00013,12,112.76,1353.12,Delivered
POI00002016,PO0000996,MAT00016,37,581.05,21498.85,Delivered
POI00002017,PO0000996,MAT00013,4,111.51,446.04,Delivered
POI00002018,PO0000997,MAT00155,42,599.86,25194.12,Delivered
POI00002019,PO0000998,MAT00103,38,92.2,3503.6,Delivered
POI00002020,PO0000998,MAT00124,38,127.48,4844.24,Delivered
POI00002021,PO0000999,MAT00017,10,450.04,4500.4,Delivered
POI00002022,PO0001000,MAT00241,34,166.14,5648.76,Delivered
POI00002023,PO0001000,MAT00232,35,73.0,2555.0,Partially Delivered
POI00002024,PO0001001,MAT00217,4,139.16,556.64,Delivered
POI00002025,PO0001001,MAT00217,22,140.31,3086.82,Delivered
POI00002026,PO0001002,MAT00167,12,159.31,1911.72,Delivered
POI00002027,PO0001002,MAT00172,10,84.46,844.6,Delivered
POI00002028,PO0001003,MAT00230,30,376.03,11280.9,Delivered
POI00002029,PO0001003,MAT00230,52,427.42,22225.84,Delivered
POI00002030,PO0001003,MAT00230,16,398.53,6376.48,Delivered
POI00002031,PO0001004,MAT00163,3,165.07,495.21,Delivered
POI00002032,PO0001005,MAT00187,42,278.26,11686.92,Delivered
POI00002033,PO0001006,MAT00249,64,263.59,16869.76,Delivered
POI00002034,PO0001006,MAT00133,2,98.01,196.02,Delivered
POI00002035,PO0001006,MAT00127,74,4941.77,365690.98,Delivered
POI00002036,PO0001007,MAT00186,13,251.88,3274.44,Pending
POI00002037,PO0001007,MAT00186,40,241.06,9642.4,Delivered
POI00002038,PO0001008,MAT00224,5,1547.98,7739.9,Delivered
POI00002039,PO0001008,MAT00219,46,90.07,4143.22,Delivered
POI00002040,PO0001008,MAT00222,16,245.47,3927.52,Delivered
POI00002041,PO0001009,MAT00092,71,622.57,44202.47,Cancelled
POI00002042,PO0001009,MAT00299,15,93.94,1409.1,Delivered
POI00002043,PO0001010,MAT00095,5,31.59,157.95,Delivered
POI00002044,PO0001011,MAT00231,78,421.14,32848.92,Delivered
POI00002045,PO0001011,MAT00237,6,803.26,4819.56,Delivered
POI00002046,PO0001012,MAT00091,28,267.98,7503.44,Delivered
POI00002047,PO0001013,MAT00172,15,79.46,1191.9,Delivered
POI00002048,PO0001013,MAT00152,4,338.6,1354.4,Delivered
POI00002049,PO0001014,MAT00128,3,106.78,320.34,Partially Delivered
POI00002050,PO0001014,MAT00137,184,233.57,42976.88,Pending
POI00002051,PO0001014,MAT00130,19,86.88,1650.72,Pending
POI00002052,PO0001014,MAT00127,3,5358.24,16074.72,Delivered
POI00002053,PO0001015,MAT00260,18,330.4,5947.2,Partially Delivered
POI00002054,PO0001016,MAT00252,10,730.37,7303.7,Delivered
POI00002055,PO0001016,MAT00275,4,293.02,1172.08,Delivered
POI00002056,PO0001016,MAT00275,6,307.65,1845.9,Delivered
POI00002057,PO0001017,MAT00089,20,478.47,9569.4,Delivered
POI00002058,PO0001017,MAT00089,15,492.88,7393.2,Delivered
POI00002059,PO0001018,MAT00191,23,919.71,21153.33,Delivered
POI00002060,PO0001018,MAT00191,127,901.19,114451.13,Delivered
POI00002061,PO0001019,MAT00099,42,769.8,32331.6,Delivered
POI00002062,PO0001019,MAT00085,22,661.06,14543.32,Delivered
POI00002063,PO0001020,MAT00053,26,933.55,24272.3,Delivered
POI00002064,PO0001020,MAT00073,23,539.79,12415.17,Delivered
POI00002065,PO0001020,MAT00070,27,150.25,4056.75,Delivered
POI00002066,PO0001021,MAT00166,8,164.7,1317.6,Delivered
POI00002067,PO0001021,MAT00163,25,162.0,4050.0,Delivered
POI00002068,PO0001022,MAT00231,182,397.98,72432.36,Pending
POI00002069,PO0001022,MAT00237,3,852.53,2557.59,Delivered
POI00002070,PO0001023,MAT00038,96,861.11,82666.56,Cancelled
POI00002071,PO0001023,MAT00041,50,2732.35,136617.5,Pending
POI00002072,PO0001023,MAT00046,59,527.64,31130.76,Pending
POI00002073,PO0001024,MAT00052,28,785.31,21988.68,Pending
POI00002074,PO0001025,MAT00216,9,112.9,1016.1,Delivered
POI00002075,PO0001025,MAT00218,19,62.12,1180.28,Delivered
POI00002076,PO0001025,MAT00208,26,50.05,1301.3,Delivered
POI00002077,PO0001025,MAT00212,7,41.79,292.53,Delivered
POI00002078,PO0001026,MAT00158,1,1503.29,1503.29,Delivered
POI00002079,PO0001026,MAT00158,26,1314.36,34173.36,Delivered
POI00002080,PO0001027,MAT00033,6,94.12,564.72,Delivered
POI00002081,PO0001028,MAT00259,17,233.0,3961.0,Delivered
POI00002082,PO0001028,MAT00255,16,1245.41,19926.56,Delivered
POI00002083,PO0001029,MAT00253,2,107.6,215.2,Delivered
POI00002084,PO0001029,MAT00272,48,1206.1,57892.8,Delivered
POI00002085,PO0001030,MAT00105,45,53.67,2415.15,Delivered
POI00002086,PO0001030,MAT00123,9,443.35,3990.15,Pending
POI00002087,PO0001030,MAT00114,38,246.23,9356.74,Delivered
POI00002088,PO0001031,MAT00103,14,79.83,1117.62,Delivered
POI00002089,PO0001031,MAT00118,6,670.78,4024.68,Delivered
POI00002090,PO0001031,MAT00109,57,446.74,25464.18,Delivered
POI00002091,PO0001032,MAT00218,12,63.26,759.12,Pending
POI00002092,PO0001033,MAT00008,1,88.93,88.93,Pending
POI00002093,PO0001033,MAT00003,105,1487.74,156212.7,Pending
POI00002094,PO0001033,MAT00018,25,367.0,9175.0,Delivered
POI00002095,PO0001034,MAT00117,44,166.11,7308.84,Delivered
POI00002096,PO0001035,MAT00088,89,1190.45,105950.05,Delivered
POI00002097,PO0001035,MAT00088,17,1287.2,21882.4,Delivered
POI00002098,PO0001035,MAT00097,12,650.46,7805.52,Delivered
POI00002099,PO0001036,MAT00107,346,742.65,256956.9,Delivered
POI00002100,PO0001036,MAT00112,45,489.36,22021.2,Delivered
POI00002101,PO0001037,MAT00269,3,314.41,943.23,Delivered
POI00002102,PO0001037,MAT00257,21,466.25,9791.25,Delivered
POI00002103,PO0001038,MAT00048,5,240.24,1201.2,Delivered
POI00002104,PO0001039,MAT00090,11,232.42,2556.62,Delivered
POI00002105,PO0001040,MAT00199,53,433.7,22986.1,Partially Delivered
POI00002106,PO0001040,MAT00184,71,483.79,34349.09,Partially Delivered
POI00002107,PO0001040,MAT00183,24,15.4,369.6,Delivered
POI00002108,PO0001041,MAT00209,6,311.07,1866.42,Pending
POI00002109,PO0001041,MAT00220,8,325.06,2600.48,Delivered
POI00002110,PO0001041,MAT00209,21,301.96,6341.16,Partially Delivered
POI00002111,PO0001042,MAT00053,110,832.42,91566.2,Partially Delivered
POI00002112,PO0001042,MAT00070,16,123.98,1983.68,Pending
POI00002113,PO0001042,MAT00073,11,436.63,4802.93,Pending
POI00002114,PO0001042,MAT00071,34,195.65,6652.1,Delivered
POI00002115,PO0001043,MAT00264,6,803.76,4822.56,Delivered
POI00002116,PO0001044,MAT00214,90,609.1,54819.0,Delivered
POI00002117,PO0001044,MAT00211,22,318.44,7005.68,Delivered
POI00002118,PO0001045,MAT00234,52,240.25,12493.0,Delivered
POI00002119,PO0001045,MAT00248,11,466.22,5128.42,Delivered
POI00002120,PO0001046,MAT00066,33,117.36,3872.88,Delivered
POI00002121,PO0001047,MAT00043,29,262.19,7603.51,Delivered
POI00002122,PO0001047,MAT00043,72,258.52,18613.44,Delivered
POI00002123,PO0001048,MAT00014,22,77.93,1714.46,Delivered
POI00002124,PO0001048,MAT00015,23,50.93,1171.39,Delivered
POI00002125,PO0001049,MAT00230,17,428.14,7278.38,Delivered
POI00002126,PO0001050,MAT00163,62,159.86,9911.32,Delivered
POI00002127,PO0001051,MAT00217,14,141.36,1979.04,Delivered
POI00002128,PO0001052,MAT00224,101,1390.01,140391.01,Delivered
POI00002129,PO0001052,MAT00219,3,85.8,257.4,Partially Delivered
POI00002130,PO0001053,MAT00260,44,289.23,12726.12,Delivered
POI00002131,PO0001053,MAT00268,9,184.25,1658.25,Delivered
POI00002132,PO0001054,MAT00252,20,873.01,17460.2,Delivered
POI00002133,PO0001055,MAT00074,10,205.14,2051.4,Delivered
POI00002134,PO0001055,MAT00068,42,137.93,5793.06,Pending
POI00002135,PO0001055,MAT00063,7,234.11,1638.77,Delivered
POI00002136,PO0001056,MAT00264,45,803.6,36162.0,Pending
POI00002137,PO0001056,MAT00255,23,1260.61,28994.03,Cancelled
POI00002138,PO0001057,MAT00031,20,166.53,3330.6,Delivered
POI00002139,PO0001057,MAT00033,46,103.66,4768.36,Delivered
POI00002140,PO0001058,MAT00030,4,218.08,872.32,Delivered
POI00002141,PO0001058,MAT00032,29,80.85,2344.65,Delivered
POI00002142,PO0001059,MAT00106,6,105.44,632.64,Pending
POI00002143,PO0001059,MAT00121,41,1764.91,72361.31,Pending
POI00002144,PO0001059,MAT00102,12,283.7,3404.4,Delivered
POI00002145,PO0001060,MAT00191,11,952.11,10473.21,Delivered
POI00002146,PO0001060,MAT00191,2,776.17,1552.34,Delivered
POI00002147,PO0001061,MAT00083,14,63.14,883.96,Cancelled
POI00002148,PO0001062,MAT00083,90,66.03,5942.7,Delivered
POI00002149,PO0001063,MAT00003,19,1580.96,30038.24,Delivered
POI00002150,PO0001064,MAT00167,92,170.27,15664.84,Delivered
POI00002151,PO0001064,MAT00169,200,363.32,72664.0,Delivered
POI00002152,PO0001065,MAT00189,39,112.18,4375.02,Delivered
POI00002153,PO0001065,MAT00189,72,119.95,8636.4,Delivered
POI00002154,PO0001066,MAT00262,3,739.68,2219.04,Partially Delivered
POI00002155,PO0001066,MAT00262,20,759.01,15180.2,Cancelled
POI00002156,PO0001066,MAT00262,40,747.26,29890.4,Pending
POI00002157,PO0001067,MAT00260,2,322.14,644.28,Delivered
POI00002158,PO0001067,MAT00251,18,133.63,2405.34,Delivered
POI00002159,PO0001068,MAT00241,50,143.84,7192.0,Delivered
POI00002160,PO0001068,MAT00009,13,397.19,5163.47,Delivered
POI00002161,PO0001069,MAT00186,13,290.97,3782.61,Delivered
POI00002162,PO0001069,MAT00186,135,287.96,38874.6,Delivered
POI00002163,PO0001069,MAT00186,16,270.73,4331.68,Delivered
POI00002164,PO0001070,MAT00180,24,291.95,7006.8,Delivered
POI00002165,PO0001070,MAT00181,1,167.49,167.49,Delivered
POI00002166,PO0001071,MAT00189,5,110.09,550.45,Delivered
POI00002167,PO0001071,MAT00189,4,126.75,507.0,Delivered
POI00002168,PO0001072,MAT00110,6,453.5,2721.0,Delivered
POI00002169,PO0001073,MAT00275,23,263.64,6063.72,Delivered
POI00002170,PO0001074,MAT00226,21,56.91,1195.11,Pending
POI00002171,PO0001074,MAT00238,5,162.58,812.9,Delivered
POI00002172,PO0001074,MAT00241,11,166.29,1829.19,Pending
POI00002173,PO0001074,MAT00227,16,208.2,3331.2,Delivered
POI00002174,PO0001075,MAT00032,74,77.86,5761.64,Delivered
POI00002175,PO0001076,MAT00186,13,264.83,3442.79,Delivered
POI00002176,PO0001076,MAT00186,18,276.23,4972.14,Delivered
POI00002177,PO0001076,MAT00186,33,280.4,9253.2,Delivered
POI00002178,PO0001077,MAT00119,4,158.5,634.0,Delivered
POI00002179,PO0001078,MAT00222,51,214.95,10962.45,Delivered
POI00002180,PO0001079,MAT00001,39,57.52,2243.28,Delivered
POI00002181,PO0001079,MAT00001,58,55.39,3212.62,Pending
POI00002182,PO0001079,MAT00021,23,86.04,1978.92,Cancelled
POI00002183,PO0001079,MAT00001,13,53.79,699.27,Delivered
POI00002184,PO0001080,MAT00217,14,151.05,2114.7,Pending
POI00002185,PO0001081,MAT00095,10,26.64,266.4,Delivered
POI00002186,PO0001081,MAT00096,33,270.56,8928.48,Pending
POI00002187,PO0001082,MAT00065,27,154.65,4175.55,Delivered
POI00002188,PO0001082,MAT00065,15,132.99,1994.85,Delivered
POI00002189,PO0001082,MAT00065,47,142.37,6691.39,Delivered
POI00002190,PO0001083,MAT00275,25,264.57,6614.25,Pending
POI00002191,PO0001084,MAT00071,49,198.7,9736.3,Pending
POI00002192,PO0001084,MAT00073,80,509.47,40757.6,Delivered
POI00002193,PO0001085,MAT00013,27,120.68,3258.36,Delivered
POI00002194,PO0001086,MAT00089,9,530.53,4774.77,Delivered
POI00002195,PO0001087,MAT00253,158,105.32,16640.56,Cancelled
POI00002196,PO0001088,MAT00013,8,104.17,833.36,Delivered
POI00002197,PO0001088,MAT00016,9,601.78,5416.02,Delivered
POI00002198,PO0001088,MAT00016,27,582.66,15731.82,Delivered
POI00002199,PO0001089,MAT00033,59,109.13,6438.67,Delivered
POI00002200,PO0001089,MAT00028,86,106.78,9183.08,Delivered
POI00002201,PO0001090,MAT00119,24,147.34,3536.16,Delivered
POI00002202,PO0001091,MAT00090,40,267.52,10700.8,Pending
POI00002203,PO0001092,MAT00022,22,111.13,2444.86,Delivered
POI00002204,PO0001092,MAT00017,39,428.93,16728.27,Cancelled
POI00002205,PO0001093,MAT00092,37,606.8,22451.6,Delivered
POI00002206,PO0001094,MAT00065,3,127.21,381.63,Delivered
POI00002207,PO0001094,MAT00075,13,101.84,1323.92,Delivered
POI00002208,PO0001095,MAT00220,4,290.68,1162.72,Delivered
POI00002209,PO0001095,MAT00209,22,331.4,7290.8,Delivered
POI00002210,PO0001095,MAT00209,88,263.27,23167.76,Delivered
POI00002211,PO0001096,MAT00013,6,109.48,656.88,Pending
POI00002212,PO0001096,MAT00016,19,599.48,11390.12,Cancelled
POI00002213,PO0001096,MAT00016,107,557.2,59620.4,Delivered
POI00002214,PO0001096,MAT00013,39,112.76,4397.64,Pending
POI00002215,PO0001097,MAT00105,35,57.54,2013.9,Delivered
POI00002216,PO0001097,MAT00123,55,437.56,24065.8,Partially Delivered
POI00002217,PO0001097,MAT00120,27,84.22,2273.94,Pending
POI00002218,PO0001098,MAT00184,3,455.05,1365.15,Delivered
POI00002219,PO0001099,MAT00293,32,172.62,5523.84,Delivered
POI00002220,PO0001099,MAT00297,74,215.04,15912.96,Delivered
POI00002221,PO0001099,MAT00280,12,466.07,5592.84,Delivered
POI00002222,PO0001100,MAT00036,14,91.71,1283.94,Delivered
POI00002223,PO0001100,MAT00049,40,72.28,2891.2,Delivered
POI00002224,PO0001100,MAT00047,23,129.87,2987.01,Delivered
POI00002225,PO0001100,MAT00034,12,73.44,881.28,Delivered
POI00002226,PO0001101,MAT00210,38,330.91,12574.58,Partially Delivered
POI00002227,PO0001101,MAT00210,47,373.37,17548.39,Pending
POI00002228,PO0001102,MAT00044,15,447.1,6706.5,Cancelled
POI00002229,PO0001102,MAT00044,38,540.33,20532.54,Delivered
POI00002230,PO0001102,MAT00044,3,454.75,1364.25,Delivered
POI00002231,PO0001103,MAT00184,1,515.69,515.69,Delivered
POI00002232,PO0001103,MAT00183,67,16.39,1098.13,Delivered
POI00002233,PO0001104,MAT00044,11,473.03,5203.33,Delivered
POI00002234,PO0001104,MAT00034,306,82.44,25226.64,Delivered
POI00002235,PO0001104,MAT00008,3,91.28,273.84,Partially Delivered
POI00002236,PO0001105,MAT00080,7,188.9,1322.3,Delivered
POI00002237,PO0001105,MAT00083,17,62.85,1068.45,Delivered
POI00002238,PO0001106,MAT00201,17,155.2,2638.4,Delivered
POI00002239,PO0001107,MAT00150,12,183.45,2201.4,Delivered
POI00002240,PO0001108,MAT00004,1,211.06,211.06,Pending
POI00002241,PO0001108,MAT00004,21,229.19,4812.99,Delivered
POI00002242,PO0001108,MAT00004,22,251.11,5524.42,Pending
POI00002243,PO0001109,MAT00238,23,169.14,3890.22,Delivered
POI00002244,PO0001109,MAT00227,13,236.18,3070.34,Delivered
POI00002245,PO0001110,MAT00248,12,435.32,5223.84,Pending
POI00002246,PO0001110,MAT00234,23,288.07,6625.61,Partially Delivered
POI00002247,PO0001111,MAT00014,8,65.52,524.16,Pending
POI00002248,PO0001111,MAT00017,8,376.94,3015.52,Pending
POI00002249,PO0001111,MAT00025,15,218.05,3270.75,Partially Delivered
POI00002250,PO0001111,MAT00015,14,49.48,692.72,Delivered
POI00002251,PO0001112,MAT00036,6,102.85,617.1,Delivered
POI00002252,PO0001112,MAT00034,7,76.75,537.25,Delivered
POI00002253,PO0001113,MAT00255,31,1244.36,38575.16,Partially Delivered
POI00002254,PO0001113,MAT00259,9,270.84,2437.56,Pending
POI00002255,PO0001113,MAT00264,51,806.92,41152.92,Partially Delivered
POI00002256,PO0001114,MAT00069,106,227.51,24116.06,Delivered
POI00002257,PO0001114,MAT00064,32,147.78,4728.96,Delivered
POI00002258,PO0001115,MAT00043,31,262.39,8134.09,Delivered
POI00002259,PO0001115,MAT00043,25,260.53,6513.25,Delivered
POI00002260,PO0001115,MAT00043,8,257.74,2061.92,Delivered
POI00002261,PO0001115,MAT00043,20,274.36,5487.2,Delivered
POI00002262,PO0001116,MAT00242,8,163.18,1305.44,Partially Delivered
POI00002263,PO0001116,MAT00235,30,272.61,8178.3,Delivered
POI00002264,PO0001117,MAT00273,16,468.71,7499.36,Delivered
POI00002265,PO0001118,MAT00258,14,103.78,1452.92,Pending
POI00002266,PO0001118,MAT00098,42,381.32,16015.44,Delivered
POI00002267,PO0001118,MAT00266,28,427.01,11956.28,Pending
POI00002268,PO0001119,MAT00190,8,1142.17,9137.36,Delivered
POI00002269,PO0001120,MAT00247,3,716.4,2149.2,Delivered
POI00002270,PO0001120,MAT00236,26,183.64,4774.64,Delivered
POI00002271,PO0001120,MAT00239,56,714.68,40022.08,Delivered
POI00002272,PO0001120,MAT00243,7,1198.95,8392.65,Delivered
POI00002273,PO0001121,MAT00182,18,60.56,1090.08,Pending
POI00002274,PO0001122,MAT00285,14,69.01,966.14,Partially Delivered
POI00002275,PO0001122,MAT00281,8,62.26,498.08,Pending
POI00002276,PO0001123,MAT00067,21,513.2,10777.2,Delivered
POI00002277,PO0001123,MAT00067,49,504.5,24720.5,Delivered
POI00002278,PO0001123,MAT00056,19,68.08,1293.52,Pending
POI00002279,PO0001124,MAT00095,6,32.42,194.52,Delivered
POI00002280,PO0001124,MAT00096,43,300.84,12936.12,Delivered
POI00002281,PO0001125,MAT00210,4,353.74,1414.96,Delivered
POI00002282,PO0001126,MAT00226,6,55.62,333.72,Delivered
POI00002283,PO0001126,MAT00232,3,75.63,226.89,Delivered
POI00002284,PO0001127,MAT00084,68,223.19,15176.92,Delivered
POI00002285,PO0001127,MAT00100,11,940.38,10344.18,Delivered
POI00002286,PO0001128,MAT00255,32,1190.17,38085.44,Partially Delivered
POI00002287,PO0001128,MAT00264,57,698.5,39814.5,Partially Delivered
POI00002288,PO0001129,MAT00045,5,232.41,1162.05,Pending
POI00002289,PO0001129,MAT00050,6,135.21,811.26,Pending
POI00002290,PO0001130,MAT00135,11,58.52,643.72,Delivered
POI00002291,PO0001131,MAT00262,76,779.04,59207.04,Partially Delivered
POI00002292,PO0001131,MAT00262,3,675.03,2025.09,Delivered
POI00002293,PO0001131,MAT00262,14,755.3,10574.2,Partially Delivered
POI00002294,PO0001132,MAT00257,4,540.44,2161.76,Delivered
POI00002295,PO0001132,MAT00109,36,525.95,18934.2,Delivered
POI00002296,PO0001133,MAT00237,8,853.39,6827.12,Pending
POI00002297,PO0001134,MAT00096,11,282.22,3104.42,Delivered
POI00002298,PO0001135,MAT00013,16,106.58,1705.28,Cancelled
POI00002299,PO0001135,MAT00016,10,516.71,5167.1,Delivered
POI00002300,PO0001135,MAT00013,22,102.88,2263.36,Delivered
POI00002301,PO0001136,MAT00046,9,488.06,4392.54,Delivered
POI00002302,PO0001137,MAT00067,12,578.17,6938.04,Cancelled
POI00002303,PO0001138,MAT00085,22,531.3,11688.6,Delivered
POI00002304,PO0001139,MAT00029,24,187.05,4489.2,Pending
POI00002305,PO0001140,MAT00191,12,926.1,11113.2,Delivered
POI00002306,PO0001140,MAT00191,11,864.89,9513.79,Pending
POI00002307,PO0001141,MAT00203,27,76.01,2052.27,Delivered
POI00002308,PO0001141,MAT00213,15,306.79,4601.85,Delivered
POI00002309,PO0001141,MAT00207,10,175.83,1758.3,Delivered
POI00002310,PO0001142,MAT00088,17,1293.57,21990.69,Pending
POI00002311,PO0001143,MAT00046,26,449.56,11688.56,Delivered
POI00002312,PO0001143,MAT00038,116,793.99,92102.84,Delivered
POI00002313,PO0001144,MAT00121,15,1724.73,25870.95,Partially Delivered
POI00002314,PO0001144,MAT00107,14,846.42,11849.88,Partially Delivered
POI00002315,PO0001145,MAT00184,15,500.42,7506.3,Partially Delivered
POI00002316,PO0001146,MAT00290,61,1491.99,91011.39,Delivered
POI00002317,PO0001147,MAT00238,24,146.99,3527.76,Delivered
POI00002318,PO0001147,MAT00227,70,249.95,17496.5,Delivered
POI00002319,PO0001147,MAT00241,36,143.04,5149.44,Delivered
POI00002320,PO0001147,MAT00226,80,53.04,4243.2,Pending
POI00002321,PO0001148,MAT00099,20,895.92,17918.4,Cancelled
POI00002322,PO0001148,MAT00085,4,591.5,2366.0,Delivered
POI00002323,PO0001149,MAT00081,34,115.82,3937.88,Delivered
POI00002324,PO0001149,MAT00087,25,323.85,8096.25,Delivered
POI00002325,PO0001149,MAT00086,12,89.0,1068.0,Delivered
POI00002326,PO0001150,MAT00230,58,405.9,23542.2,Cancelled
POI00002327,PO0001150,MAT00229,29,421.28,12217.12,Pending
POI00002328,PO0001151,MAT00095,3,28.8,86.4,Delivered
POI00002329,PO0001151,MAT00096,6,286.07,1716.42,Pending
POI00002330,PO0001151,MAT00096,12,274.98,3299.76,Pending
POI00002331,PO0001152,MAT00168,34,98.59,3352.06,Delivered
POI00002332,PO0001153,MAT00292,39,131.72,5137.08,Delivered
POI00002333,PO0001153,MAT00287,6,471.01,2826.06,Pending
POI00002334,PO0001154,MAT00262,186,675.66,125672.76,Delivered
POI00002335,PO0001154,MAT00262,13,752.24,9779.12,Delivered
POI00002336,PO0001155,MAT00264,75,709.43,53207.25,Partially Delivered
POI00002337,PO0001155,MAT00259,24,253.53,6084.72,Pending
POI00002338,PO0001156,MAT00093,35,533.27,18664.45,Delivered
POI00002339,PO0001156,MAT00093,117,586.5,68620.5,Delivered
POI00002340,PO0001156,MAT00093,23,607.41,13970.43,Delivered
POI00002341,PO0001157,MAT00245,9,81.03,729.27,Delivered
POI00002342,PO0001157,MAT00240,24,543.44,13042.56,Delivered
POI00002343,PO0001157,MAT00245,30,90.25,2707.5,Delivered
POI00002344,PO0001158,MAT00094,192,104.91,20142.72,Pending
POI00002345,PO0001158,MAT00090,10,253.1,2531.0,Partially Delivered
POI00002346,PO0001159,MAT00181,15,159.86,2397.9,Delivered
POI00002347,PO0001159,MAT00181,49,171.93,8424.57,Delivered
POI00002348,PO0001159,MAT00180,23,261.8,6021.4,Delivered
POI00002349,PO0001160,MAT00001,18,56.9,1024.2,Delivered
POI00002350,PO0001161,MAT00191,11,768.79,8456.69,Delivered
POI00002351,PO0001161,MAT00084,33,205.27,6773.91,Delivered
POI00002352,PO0001162,MAT00272,87,1362.38,118527.06,Pending
POI00002353,PO0001163,MAT00205,11,136.29,1499.19,Delivered
POI00002354,PO0001163,MAT00221,3,135.4,406.2,Delivered
POI00002355,PO0001164,MAT00223,25,228.09,5702.25,Delivered
POI00002356,PO0001164,MAT00223,10,254.96,2549.6,Pending
POI00002357,PO0001164,MAT00221,32,155.25,4968.0,Cancelled
POI00002358,PO0001164,MAT00205,18,163.12,2936.16,Partially Delivered
POI00002359,PO0001165,MAT00094,16,112.44,1799.04,Delivered
POI00002360,PO0001165,MAT00083,19,58.47,1110.93,Delivered
POI00002361,PO0001166,MAT00186,19,271.54,5159.26,Partially Delivered
POI00002362,PO0001167,MAT00217,12,132.02,1584.24,Partially Delivered
POI00002363,PO0001168,MAT00257,7,480.29,3362.03,Delivered
POI00002364,PO0001168,MAT00266,67,450.04,30152.68,Pending
POI00002365,PO0001169,MAT00106,24,131.79,3162.96,Delivered
POI00002366,PO0001169,MAT00102,72,238.14,17146.08,Delivered
POI00002367,PO0001169,MAT00107,22,893.52,19657.44,Delivered
POI00002368,PO0001170,MAT00268,16,162.53,2600.48,Delivered
POI00002369,PO0001170,MAT00271,56,175.22,9812.32,Delivered
POI00002370,PO0001170,MAT00114,13,263.33,3423.29,Delivered
POI00002371,PO0001171,MAT00278,66,1840.48,121471.68,Delivered
POI00002372,PO0001171,MAT00286,44,676.99,29787.56,Delivered
POI00002373,PO0001172,MAT00223,3,269.83,809.49,Pending
POI00002374,PO0001172,MAT00223,29,266.44,7726.76,Delivered
POI00002375,PO0001172,MAT00223,10,247.91,2479.1,Delivered
POI00002376,PO0001172,MAT00223,8,260.53,2084.24,Pending
POI00002377,PO0001173,MAT00146,57,237.04,13511.28,Partially Delivered
POI00002378,PO0001173,MAT00145,24,228.46,5483.04,Pending
POI00002379,PO0001173,MAT00137,15,236.43,3546.45,Delivered
POI00002380,PO0001174,MAT00270,10,492.79,4927.9,Delivered
POI00002381,PO0001174,MAT00274,23,308.54,7096.42,Delivered
POI00002382,PO0001174,MAT00256,4,171.79,687.16,Delivered
POI00002383,PO0001174,MAT00273,3,441.21,1323.63,Delivered
POI00002384,PO0001175,MAT00250,5,3049.81,15249.05,Delivered
POI00002385,PO0001175,MAT00246,9,280.45,2524.05,Delivered
POI00002386,PO0001175,MAT00249,19,307.45,5841.55,Delivered
POI00002387,PO0001175,MAT00244,6,189.79,1138.74,Delivered
POI00002388,PO0001176,MAT00059,11,96.81,1064.91,Pending
POI00002389,PO0001176,MAT00059,12,102.75,1233.0,Delivered
POI00002390,PO0001176,MAT00059,14,83.77,1172.78,Pending
POI00002391,PO0001176,MAT00059,30,99.12,2973.6,Pending
POI00002392,PO0001177,MAT00068,36,129.71,4669.56,Delivered
POI00002393,PO0001178,MAT00254,14,443.29,6206.06,Delivered
POI00002394,PO0001178,MAT00260,9,348.07,3132.63,Delivered
POI00002395,PO0001179,MAT00077,11,439.74,4837.14,Partially Delivered
POI00002396,PO0001180,MAT00093,29,608.96,17659.84,Delivered
POI00002397,PO0001181,MAT00252,16,873.3,13972.8,Delivered
POI00002398,PO0001182,MAT00039,6,173.05,1038.3,Delivered
POI00002399,PO0001182,MAT00044,43,443.81,19083.83,Delivered
POI00002400,PO0001182,MAT00039,25,199.91,4997.75,Delivered
POI00002401,PO0001183,MAT00122,45,298.49,13432.05,Delivered
POI00002402,PO0001183,MAT00120,12,97.04,1164.48,Delivered
POI00002403,PO0001184,MAT00059,84,90.12,7570.08,Delivered
POI00002404,PO0001184,MAT00059,36,92.21,3319.56,Partially Delivered
POI00002405,PO0001185,MAT00116,6,451.56,2709.36,Delivered
POI00002406,PO0001185,MAT00101,22,54.89,1207.58,Delivered
POI00002407,PO0001185,MAT00117,37,141.04,5218.48,Delivered
POI00002408,PO0001186,MAT00110,1,437.38,437.38,Delivered
POI00002409,PO0001187,MAT00255,6,1070.81,6424.86,Delivered
POI00002410,PO0001187,MAT00264,15,731.7,10975.5,Delivered
POI00002411,PO0001188,MAT00078,5,110.29,551.45,Delivered
POI00002412,PO0001188,MAT00085,9,620.06,5580.54,Delivered
POI00002413,PO0001189,MAT00162,1,2138.33,2138.33,Partially Delivered
POI00002414,PO0001190,MAT00243,105,1267.26,133062.3,Delivered
POI00002415,PO0001190,MAT00102,6,274.76,1648.56,Delivered
POI00002416,PO0001190,MAT00283,40,51.76,2070.4,Delivered
POI00002417,PO0001191,MAT00214,29,767.19,22248.51,Cancelled
POI00002418,PO0001191,MAT00225,20,415.4,8308.0,Delivered
POI00002419,PO0001191,MAT00202,47,61.27,2879.69,Delivered
POI00002420,PO0001192,MAT00255,10,1117.85,11178.5,Delivered
POI00002421,PO0001193,MAT00153,8,140.78,1126.24,Pending
POI00002422,PO0001193,MAT00174,36,340.64,12263.04,Partially Delivered
POI00002423,PO0001193,MAT00156,4,176.56,706.24,Pending
POI00002424,PO0001193,MAT00160,22,600.6,13213.2,Pending
POI00002425,PO0001194,MAT00243,6,1075.52,6453.12,Delivered
POI00002426,PO0001194,MAT00228,34,60.86,2069.24,Delivered
POI00002427,PO0001194,MAT00233,3,267.01,801.03,Delivered
POI00002428,PO0001195,MAT00089,14,559.01,7826.14,Delivered
POI00002429,PO0001195,MAT00089,156,452.55,70597.8,Delivered
POI00002430,PO0001195,MAT00089,38,546.31,20759.78,Delivered
POI00002431,PO0001196,MAT00002,19,123.47,2345.93,Pending
POI00002432,PO0001196,MAT00019,7,325.71,2279.97,Delivered
POI00002433,PO0001197,MAT00066,6,135.05,810.3,Delivered
POI00002434,PO0001198,MAT00174,31,350.43,10863.33,Delivered
POI00002435,PO0001199,MAT00017,26,465.83,12111.58,Delivered
POI00002436,PO0001199,MAT00015,10,49.22,492.2,Delivered
POI00002437,PO0001199,MAT00014,6,79.46,476.76,Delivered
POI00002438,PO0001199,MAT00022,51,112.0,5712.0,Delivered
POI00002439,PO0001200,MAT00188,21,133.11,2795.31,Pending
POI00002440,PO0001201,MAT00183,4,17.15,68.6,Cancelled
POI00002441,PO0001202,MAT00247,41,713.63,29258.83,Delivered
POI00002442,PO0001203,MAT00207,64,174.54,11170.56,Delivered
POI00002443,PO0001203,MAT00213,19,319.59,6072.21,Delivered
POI00002444,PO0001204,MAT00247,10,603.83,6038.3,Pending
POI00002445,PO0001204,MAT00243,34,1162.57,39527.38,Delivered
POI00002446,PO0001205,MAT00178,30,1279.0,38370.0,Delivered
POI00002447,PO0001205,MAT00182,46,50.21,2309.66,Delivered
POI00002448,PO0001206,MAT00123,12,477.91,5734.92,Cancelled
POI00002449,PO0001206,MAT00105,10,49.12,491.2,Partially Delivered
POI00002450,PO0001206,MAT00114,13,258.71,3363.23,Partially Delivered
POI00002451,PO0001207,MAT00246,17,322.82,5487.94,Delivered
POI00002452,PO0001207,MAT00244,12,179.81,2157.72,Delivered
POI00002453,PO0001208,MAT00114,51,229.36,11697.36,Delivered
POI00002454,PO0001208,MAT00120,28,81.82,2290.96,Delivered
POI00002455,PO0001209,MAT00234,18,264.2,4755.6,Delivered
POI00002456,PO0001209,MAT00248,15,489.72,7345.8,Delivered
POI00002457,PO0001210,MAT00242,74,165.71,12262.54,Delivered
POI00002458,PO0001210,MAT00235,3,242.63,727.89,Delivered
POI00002459,PO0001211,MAT00023,24,553.66,13287.84,Cancelled
POI00002460,PO0001211,MAT00005,24,251.05,6025.2,Pending
POI00002461,PO0001211,MAT00009,74,498.02,36853.48,Pending
POI00002462,PO0001212,MAT00012,19,428.8,8147.2,Delivered
POI00002463,PO0001212,MAT00024,26,106.92,2779.92,Delivered
POI00002464,PO0001212,MAT00020,34,373.52,12699.68,Delivered
POI00002465,PO0001213,MAT00266,12,450.79,5409.48,Cancelled
POI00002466,PO0001213,MAT00271,3,195.17,585.51,Delivered
POI00002467,PO0001214,MAT00055,22,9.7,213.4,Delivered
POI00002468,PO0001214,MAT00057,21,173.57,3644.97,Delivered
POI00002469,PO0001214,MAT00069,2,219.06,438.12,Delivered
POI00002470,PO0001215,MAT00265,12,741.34,8896.08,Delivered
POI00002471,PO0001215,MAT00261,81,3044.93,246639.33,Delivered
POI00002472,PO0001216,MAT00020,108,415.47,44870.76,Delivered
POI00002473,PO0001217,MAT00059,34,99.03,3367.02,Delivered
POI00002474,PO0001217,MAT00252,1,843.38,843.38,Delivered
POI00002475,PO0001218,MAT00171,6,455.19,2731.14,Delivered
POI00002476,PO0001218,MAT00166,21,151.24,3176.04,Pending
POI00002477,PO0001219,MAT00286,7,830.1,5810.7,Delivered
POI00002478,PO0001220,MAT00026,8,529.04,4232.32,Delivered
POI00002479,PO0001220,MAT00027,453,189.74,85952.22,Delivered
POI00002480,PO0001221,MAT00260,23,294.26,6767.98,Pending
POI00002481,PO0001221,MAT00251,6,129.03,774.18,Delivered
POI00002482,PO0001221,MAT00254,32,416.33,13322.56,Partially Delivered
POI00002483,PO0001221,MAT00268,13,159.14,2068.82,Pending
POI00002484,PO0001222,MAT00065,3,151.75,455.25,Delivered
POI00002485,PO0001222,MAT00075,45,110.25,4961.25,Partially Delivered
POI00002486,PO0001223,MAT00059,41,99.18,4066.38,Delivered
POI00002487,PO0001223,MAT00059,35,102.7,3594.5,Delivered
POI00002488,PO0001223,MAT00059,12,101.14,1213.68,Delivered
POI00002489,PO0001224,MAT00049,84,72.1,6056.4,Pending
POI00002490,PO0001225,MAT00055,3,8.82,26.46,Delivered
POI00002491,PO0001225,MAT00069,45,237.59,10691.55,Delivered
POI00002492,PO0001225,MAT00057,5,147.72,738.6,Delivered
POI00002493,PO0001226,MAT00260,20,343.6,6872.0,Delivered
POI00002494,PO0001226,MAT00251,3,148.01,444.03,Delivered
POI00002495,PO0001226,MAT00268,21,186.16,3909.36,Delivered
POI00002496,PO0001226,MAT00254,9,494.52,4450.68,Delivered
POI00002497,PO0001227,MAT00250,12,2951.21,35414.52,Delivered
POI00002498,PO0001228,MAT00265,40,783.48,31339.2,Pending
POI00002499,PO0001228,MAT00272,72,1151.99,82943.28,Partially Delivered
POI00002500,PO0001229,MAT00026,80,601.98,48158.4,Delivered
POI00002501,PO0001229,MAT00027,28,197.93,5542.04,Pending
POI00002502,PO0001230,MAT00136,10,155.98,1559.8,Delivered
POI00002503,PO0001230,MAT00265,12,681.98,8183.76,Delivered
POI00002504,PO0001230,MAT00127,23,5290.15,121673.45,Delivered
POI00002505,PO0001231,MAT00191,7,870.46,6093.22,Delivered
POI00002506,PO0001232,MAT00271,24,204.22,4901.28,Delivered
POI00002507,PO0001233,MAT00003,15,1454.36,21815.4,Delivered
POI00002508,PO0001233,MAT00018,241,312.29,75261.89,Delivered
POI00002509,PO0001234,MAT00081,9,109.44,984.96,Delivered
POI00002510,PO0001234,MAT00087,224,343.53,76950.72,Delivered
POI00002511,PO0001234,MAT00086,28,100.23,2806.44,Delivered
POI00002512,PO0001234,MAT00098,11,432.89,4761.79,Delivered
POI00002513,PO0001235,MAT00269,11,286.85,3155.35,Pending
POI00002514,PO0001235,MAT00267,13,920.44,11965.72,Pending
POI00002515,PO0001235,MAT00271,17,201.97,3433.49,Cancelled
POI00002516,PO0001236,MAT00281,22,67.36,1481.92,Delivered
POI00002517,PO0001236,MAT00285,71,69.17,4911.07,Delivered
POI00002518,PO0001236,MAT00298,10,31.94,319.4,Delivered
POI00002519,PO0001237,MAT00058,49,53.09,2601.41,Delivered
POI00002520,PO0001238,MAT00029,11,194.01,2134.11,Delivered
POI00002521,PO0001238,MAT00042,21,51.38,1078.98,Delivered
POI00002522,PO0001239,MAT00038,2,777.29,1554.58,Delivered
POI00002523,PO0001240,MAT00012,28,391.9,10973.2,Delivered
POI00002524,PO0001240,MAT00020,25,398.24,9956.0,Delivered
POI00002525,PO0001241,MAT00174,10,340.24,3402.4,Delivered
POI00002526,PO0001241,MAT00061,13,267.56,3478.28,Delivered
POI00002527,PO0001242,MAT00013,156,114.99,17938.44,Delivered
POI00002528,PO0001242,MAT00013,117,117.57,13755.69,Delivered
POI00002529,PO0001242,MAT00016,8,558.89,4471.12,Delivered
POI00002530,PO0001243,MAT00217,30,133.99,4019.7,Delivered
POI00002531,PO0001243,MAT00217,18,122.08,2197.44,Delivered
POI00002532,PO0001243,MAT00217,35,128.14,4484.9,Delivered
POI00002533,PO0001244,MAT00119,22,154.66,3402.52,Delivered
POI00002534,PO0001244,MAT00119,13,138.86,1805.18,Delivered
POI00002535,PO0001245,MAT00295,8,95.92,767.36,Delivered
POI00002536,PO0001245,MAT00278,21,1646.65,34579.65,Delivered
POI00002537,PO0001246,MAT00049,11,67.77,745.47,Delivered
POI00002538,PO0001247,MAT00088,303,1153.9,349631.7,Pending
POI00002539,PO0001248,MAT00246,102,354.34,36142.68,Delivered
POI00002540,PO0001249,MAT00259,74,258.45,19125.3,Pending
POI00002541,PO0001249,MAT00264,15,680.24,10203.6,Pending
POI00002542,PO0001250,MAT00035,167,684.02,114231.34,Delivered
POI00002543,PO0001250,MAT00035,5,717.87,3589.35,Delivered
POI00002544,PO0001250,MAT00035,60,701.64,42098.4,Delivered
POI00002545,PO0001250,MAT00027,68,215.81,14675.08,Delivered
POI00002546,PO0001251,MAT00023,4,596.0,2384.0,Cancelled
POI00002547,PO0001251,MAT00005,4,246.85,987.4,Cancelled
POI00002548,PO0001251,MAT00009,52,482.66,25098.32,Cancelled
POI00002549,PO0001252,MAT00141,190,46.61,8855.9,Pending
POI00002550,PO0001253,MAT00217,6,148.02,888.12,Delivered
POI00002551,PO0001254,MAT00259,15,232.46,3486.9,Delivered
POI00002552,PO0001254,MAT00255,7,1320.08,9240.56,Delivered
POI00002553,PO0001255,MAT00094,55,115.79,6368.45,Delivered
POI00002554,PO0001255,MAT00090,10,268.58,2685.8,Delivered
POI00002555,PO0001255,MAT00080,54,203.35,10980.9,Delivered
POI00002556,PO0001256,MAT00225,10,448.34,4483.4,Delivered
POI00002557,PO0001256,MAT00214,18,658.87,11859.66,Delivered
POI00002558,PO0001256,MAT00211,15,278.23,4173.45,Delivered
POI00002559,PO0001257,MAT00091,12,240.96,2891.52,Delivered
POI00002560,PO0001257,MAT00294,14,554.31,7760.34,Delivered
POI00002561,PO0001257,MAT00048,3,249.96,749.88,Delivered
POI00002562,PO0001258,MAT00008,17,112.87,1918.79,Delivered
POI00002563,PO0001258,MAT00003,6,1556.63,9339.78,Delivered
POI00002564,PO0001259,MAT00117,13,165.78,2155.14,Delivered
POI00002565,PO0001259,MAT00101,27,48.0,1296.0,Delivered
POI00002566,PO0001259,MAT00116,13,528.44,6869.72,Delivered
POI00002567,PO0001260,MAT00230,7,397.75,2784.25,Delivered
POI00002568,PO0001261,MAT00002,50,121.8,6090.0,Pending
POI00002569,PO0001262,MAT00210,14,388.7,5441.8,Delivered
POI00002570,PO0001263,MAT00239,12,755.46,9065.52,Delivered
POI00002571,PO0001263,MAT00236,35,192.57,6739.95,Partially Delivered
POI00002572,PO0001263,MAT00228,1,65.84,65.84,Delivered
POI00002573,PO0001264,MAT00248,28,449.73,12592.44,Delivered
POI00002574,PO0001264,MAT00248,11,532.4,5856.4,Delivered
POI00002575,PO0001264,MAT00234,13,286.44,3723.72,Delivered
POI00002576,PO0001265,MAT00245,40,97.6,3904.0,Delivered
POI00002577,PO0001265,MAT00240,12,670.96,8051.52,Delivered
POI00002578,PO0001265,MAT00240,8,584.12,4672.96,Delivered
POI00002579,PO0001266,MAT00158,14,1400.75,19610.5,Cancelled
POI00002580,PO0001266,MAT00158,12,1408.81,16905.72,Partially Delivered
POI00002581,PO0001267,MAT00288,31,843.63,26152.53,Delivered
POI00002582,PO0001267,MAT00276,23,56.76,1305.48,Delivered
POI00002583,PO0001267,MAT00279,27,425.81,11496.87,Delivered
POI00002584,PO0001267,MAT00289,8,255.43,2043.44,Delivered
POI00002585,PO0001268,MAT00236,14,194.04,2716.56,Pending
POI00002586,PO0001269,MAT00044,14,487.62,6826.68,Delivered
POI00002587,PO0001269,MAT00039,93,173.35,16121.55,Delivered
POI00002588,PO0001270,MAT00161,26,338.78,8808.28,Pending
POI00002589,PO0001271,MAT00115,18,30.04,540.72,Delivered
POI00002590,PO0001272,MAT00282,26,210.16,5464.16,Delivered
POI00002591,PO0001272,MAT00283,1,54.33,54.33,Delivered
POI00002592,PO0001273,MAT00018,20,338.2,6764.0,Delivered
POI00002593,PO0001273,MAT00006,11,335.98,3695.78,Delivered
POI00002594,PO0001274,MAT00254,122,526.03,64175.66,Delivered
POI00002595,PO0001274,MAT00260,24,281.46,6755.04,Delivered
POI00002596,PO0001275,MAT00029,7,180.55,1263.85,Delivered
POI00002597,PO0001275,MAT00042,59,55.99,3303.41,Partially Delivered
POI00002598,PO0001276,MAT00164,73,95.23,6951.79,Delivered
POI00002599,PO0001277,MAT00291,19,295.87,5621.53,Pending
POI00002600,PO0001277,MAT00204,16,1515.39,24246.24,Pending
POI00002601,PO0001277,MAT00003,37,1502.48,55591.76,Delivered
POI00002602,PO0001278,MAT00046,119,491.17,58449.23,Pending
POI00002603,PO0001278,MAT00041,30,2541.44,76243.2,Pending
POI00002604,PO0001278,MAT00038,25,769.36,19234.0,Delivered
POI00002605,PO0001279,MAT00009,19,498.17,9465.23,Delivered
POI00002606,PO0001279,MAT00005,26,298.26,7754.76,Delivered
POI00002607,PO0001280,MAT00026,147,530.96,78051.12,Delivered
POI00002608,PO0001281,MAT00073,35,490.95,17183.25,Delivered
POI00002609,PO0001282,MAT00292,15,145.17,2177.55,Delivered
POI00002610,PO0001282,MAT00278,4,1672.83,6691.32,Pending
POI00002611,PO0001282,MAT00286,18,792.06,14257.08,Pending
POI00002612,PO0001283,MAT00229,178,484.0,86152.0,Cancelled
POI00002613,PO0001284,MAT00146,46,266.05,12238.3,Delivered
POI00002614,PO0001284,MAT00130,18,79.81,1436.58,Delivered
POI00002615,PO0001284,MAT00132,5,106.71,533.55,Delivered
POI00002616,PO0001284,MAT00136,5,168.42,842.1,Delivered
POI00002617,PO0001285,MAT00217,5,129.97,649.85,Delivered
POI00002618,PO0001285,MAT00217,64,151.74,9711.36,Delivered
POI00002619,PO0001285,MAT00217,38,131.79,5008.02,Delivered
POI00002620,PO0001285,MAT00217,2,122.8,245.6,Delivered
POI00002621,PO0001286,MAT00194,42,785.55,32993.1,Delivered
POI00002622,PO0001286,MAT00188,5,161.82,809.1,Delivered
POI00002623,PO0001287,MAT00153,25,138.51,3462.75,Pending
POI00002624,PO0001287,MAT00174,49,281.6,13798.4,Pending
POI00002625,PO0001287,MAT00160,11,538.75,5926.25,Cancelled
POI00002626,PO0001288,MAT00100,6,951.89,5711.34,Delivered
POI00002627,PO0001289,MAT00058,41,63.18,2590.38,Pending
POI00002628,PO0001290,MAT00042,46,55.71,2562.66,Partially Delivered
POI00002629,PO0001290,MAT00048,2,203.92,407.84,Pending
POI00002630,PO0001290,MAT00029,14,209.65,2935.1,Pending
POI00002631,PO0001290,MAT00048,35,234.27,8199.45,Partially Delivered
POI00002632,PO0001291,MAT00089,25,507.64,12691.0,Partially Delivered
POI00002633,PO0001291,MAT00089,61,517.6,31573.6,Pending
POI00002634,PO0001291,MAT00089,6,495.62,2973.72,Partially Delivered
POI00002635,PO0001291,MAT00089,29,465.95,13512.55,Pending
POI00002636,PO0001292,MAT00016,6,559.18,3355.08,Delivered
POI00002637,PO0001293,MAT00022,27,117.27,3166.29,Delivered
POI00002638,PO0001294,MAT00224,28,1437.88,40260.64,Delivered
POI00002639,PO0001294,MAT00222,4,250.93,1003.72,Delivered
POI00002640,PO0001295,MAT00038,106,717.79,76085.74,Delivered
POI00002641,PO0001295,MAT00041,36,2712.24,97640.64,Partially Delivered
POI00002642,PO0001296,MAT00131,16,236.57,3785.12,Delivered
POI00002643,PO0001296,MAT00138,6,212.9,1277.4,Delivered
POI00002644,PO0001296,MAT00135,117,61.87,7238.79,Delivered
POI00002645,PO0001297,MAT00229,13,457.86,5952.18,Cancelled
POI00002646,PO0001297,MAT00230,22,434.76,9564.72,Pending
POI00002647,PO0001298,MAT00235,19,242.78,4612.82,Delivered
POI00002648,PO0001299,MAT00189,137,120.16,16461.92,Delivered
POI00002649,PO0001299,MAT00189,41,116.04,4757.64,Delivered
POI00002650,PO0001299,MAT00189,2,128.1,256.2,Delivered
POI00002651,PO0001300,MAT00189,36,135.67,4884.12,Delivered
POI00002652,PO0001301,MAT00038,105,868.61,91204.05,Delivered
POI00002653,PO0001302,MAT00228,84,73.86,6204.24,Pending
POI00002654,PO0001303,MAT00229,7,479.38,3355.66,Delivered
POI00002655,PO0001303,MAT00230,7,403.25,2822.75,Delivered
POI00002656,PO0001304,MAT00003,307,1547.23,474999.61,Delivered
POI00002657,PO0001305,MAT00194,114,807.52,92057.28,Delivered
POI00002658,PO0001306,MAT00300,98,457.67,44851.66,Delivered
POI00002659,PO0001306,MAT00283,95,50.04,4753.8,Delivered
POI00002660,PO0001307,MAT00144,13,90.27,1173.51,Delivered
POI00002661,PO0001308,MAT00043,2,261.03,522.06,Delivered
POI00002662,PO0001309,MAT00098,10,408.1,4081.0,Delivered
POI00002663,PO0001309,MAT00086,38,87.83,3337.54,Delivered
POI00002664,PO0001310,MAT00047,17,131.79,2240.43,Delivered
POI00002665,PO0001310,MAT00034,71,78.73,5589.83,Delivered
POI00002666,PO0001311,MAT00148,3,85.55,256.65,Delivered
POI00002667,PO0001312,MAT00265,47,697.98,32805.06,Partially Delivered
POI00002668,PO0001312,MAT00198,18,749.04,13482.72,Pending
POI00002669,PO0001313,MAT00237,22,896.86,19730.92,Delivered
POI00002670,PO0001313,MAT00231,32,339.09,10850.88,Delivered
POI00002671,PO0001314,MAT00095,17,26.85,456.45,Delivered
POI00002672,PO0001314,MAT00096,32,321.16,10277.12,Pending
POI00002673,PO0001314,MAT00095,5,27.63,138.15,Cancelled
POI00002674,PO0001315,MAT00043,13,291.7,3792.1,Delivered
POI00002675,PO0001315,MAT00043,4,268.72,1074.88,Delivered
POI00002676,PO0001315,MAT00043,12,243.27,2919.24,Delivered
POI00002677,PO0001316,MAT00266,57,449.42,25616.94,Pending
POI00002678,PO0001317,MAT00062,23,80.16,1843.68,Delivered
POI00002679,PO0001317,MAT00069,43,274.33,11796.19,Delivered
POI00002680,PO0001317,MAT00064,13,119.98,1559.74,Delivered
POI00002681,PO0001318,MAT00215,4,136.81,547.24,Delivered
POI00002682,PO0001318,MAT00206,5,668.34,3341.7,Delivered
POI00002683,PO0001319,MAT00026,12,607.47,7289.64,Delivered
POI00002684,PO0001319,MAT00027,19,197.71,3756.49,Pending
POI00002685,PO0001320,MAT00250,7,2590.14,18130.98,Delivered
POI00002686,PO0001321,MAT00065,33,151.46,4998.18,Delivered
POI00002687,PO0001322,MAT00262,21,777.19,16320.99,Cancelled
POI00002688,PO0001322,MAT00262,24,778.92,18694.08,Delivered
POI00002689,PO0001322,MAT00262,88,754.19,66368.72,Pending
POI00002690,PO0001322,MAT00262,10,630.12,6301.2,Pending
POI00002691,PO0001323,MAT00040,17,216.31,3677.27,Delivered
POI00002692,PO0001323,MAT00047,3,129.64,388.92,Delivered
POI00002693,PO0001324,MAT00035,41,692.14,28377.74,Pending
POI00002694,PO0001324,MAT00027,3,171.59,514.77,Pending
POI00002695,PO0001324,MAT00026,11,604.79,6652.69,Delivered
POI00002696,PO0001325,MAT00060,18,140.48,2528.64,Partially Delivered
POI00002697,PO0001325,MAT00058,36,59.01,2124.36,Pending
POI00002698,PO0001326,MAT00133,13,94.34,1226.42,Cancelled
POI00002699,PO0001326,MAT00206,500,798.48,399240.0,Delivered
POI00002700,PO0001327,MAT00131,31,257.06,7968.86,Delivered
POI00002701,PO0001328,MAT00210,1,355.3,355.3,Delivered
POI00002702,PO0001329,MAT00055,44,10.92,480.48,Delivered
POI00002703,PO0001329,MAT00189,12,128.67,1544.04,Delivered
POI00002704,PO0001329,MAT00002,22,120.27,2645.94,Delivered
POI00002705,PO0001330,MAT00110,18,465.62,8381.16,Delivered
POI00002706,PO0001331,MAT00065,39,136.52,5324.28,Delivered
POI00002707,PO0001332,MAT00035,26,664.66,17281.16,Delivered
POI00002708,PO0001333,MAT00115,2,28.34,56.68,Delivered
POI00002709,PO0001334,MAT00059,28,86.42,2419.76,Pending
POI00002710,PO0001334,MAT00059,8,82.73,661.84,Pending
POI00002711,PO0001334,MAT00059,17,95.64,1625.88,Delivered
POI00002712,PO0001334,MAT00059,34,101.46,3449.64,Cancelled
POI00002713,PO0001335,MAT00059,6,93.24,559.44,Delivered
POI00002714,PO0001336,MAT00030,59,239.29,14118.11,Delivered
POI00002715,PO0001337,MAT00088,15,1030.07,15451.05,Delivered
POI00002716,PO0001337,MAT00097,11,589.07,6479.77,Delivered
POI00002717,PO0001338,MAT00274,28,279.71,7831.88,Delivered
POI00002718,PO0001338,MAT00022,21,107.88,2265.48,Delivered
POI00002719,PO0001338,MAT00007,81,730.6,59178.6,Delivered
POI00002720,PO0001339,MAT00217,44,141.61,6230.84,Delivered
POI00002721,PO0001340,MAT00295,44,84.34,3710.96,Delivered
POI00002722,PO0001340,MAT00287,7,492.49,3447.43,Delivered
POI00002723,PO0001341,MAT00084,36,189.13,6808.68,Delivered
POI00002724,PO0001342,MAT00201,11,138.97,1528.67,Delivered
POI00002725,PO0001342,MAT00201,44,158.97,6994.68,Delivered
POI00002726,PO0001343,MAT00229,7,404.66,2832.62,Pending
POI00002727,PO0001344,MAT00221,12,146.03,1752.36,Delivered
POI00002728,PO0001345,MAT00212,126,42.85,5399.1,Delivered
POI00002729,PO0001345,MAT00216,30,133.53,4005.9,Delivered
POI00002730,PO0001345,MAT00208,65,48.99,3184.35,Delivered
POI00002731,PO0001345,MAT00218,52,58.9,3062.8,Delivered
POI00002732,PO0001346,MAT00055,255,9.09,2317.95,Delivered
POI00002733,PO0001346,MAT00213,29,332.65,9646.85,Delivered
POI00002734,PO0001346,MAT00035,11,826.33,9089.63,Delivered
POI00002735,PO0001347,MAT00142,11,441.58,4857.38,Pending
POI00002736,PO0001347,MAT00149,12,22.05,264.6,Delivered
POI00002737,PO0001347,MAT00150,47,217.02,10199.94,Delivered
POI00002738,PO0001347,MAT00129,5,115.07,575.35,Partially Delivered
POI00002739,PO0001348,MAT00043,6,238.11,1428.66,Delivered
POI00002740,PO0001348,MAT00043,50,251.38,12569.0,Delivered
POI00002741,PO0001348,MAT00043,3,245.61,736.83,Delivered
POI00002742,PO0001348,MAT00043,111,277.98,30855.78,Delivered
POI00002743,PO0001349,MAT00189,11,114.49,1259.39,Delivered
POI00002744,PO0001349,MAT00189,30,117.15,3514.5,Delivered
POI00002745,PO0001350,MAT00215,10,129.62,1296.2,Pending
POI00002746,PO0001350,MAT00215,25,142.2,3555.0,Delivered
POI00002747,PO0001350,MAT00206,5,721.34,3606.7,Pending
POI00002748,PO0001351,MAT00004,12,250.23,3002.76,Delivered
POI00002749,PO0001351,MAT00004,45,207.0,9315.0,Delivered
POI00002750,PO0001352,MAT00220,11,281.86,3100.46,Partially Delivered
POI00002751,PO0001352,MAT00209,27,263.45,7113.15,Partially Delivered
POI00002752,PO0001352,MAT00220,32,305.89,9788.48,Pending
POI00002753,PO0001353,MAT00157,34,41.93,1425.62,Delivered
POI00002754,PO0001354,MAT00043,35,259.96,9098.6,Cancelled
POI00002755,PO0001354,MAT00043,21,248.54,5219.34,Delivered
POI00002756,PO0001355,MAT00017,9,471.45,4243.05,Delivered
POI00002757,PO0001356,MAT00042,14,47.91,670.74,Delivered
POI00002758,PO0001357,MAT00031,10,169.46,1694.6,Delivered
POI00002759,PO0001357,MAT00037,20,444.09,8881.8,Delivered
POI00002760,PO0001358,MAT00052,137,718.9,98489.3,Pending
POI00002761,PO0001359,MAT00242,1,172.02,172.02,Pending
POI00002762,PO0001359,MAT00235,17,269.02,4573.34,Pending
POI00002763,PO0001360,MAT00293,16,176.58,2825.28,Delivered
POI00002764,PO0001360,MAT00297,9,191.45,1723.05,Delivered
POI00002765,PO0001360,MAT00280,25,455.6,11390.0,Delivered
POI00002766,PO0001360,MAT00280,6,542.38,3254.28,Delivered
POI00002767,PO0001361,MAT00281,70,62.22,4355.4,Pending
POI00002768,PO0001362,MAT00288,19,929.76,17665.44,Partially Delivered
POI00002769,PO0001363,MAT00004,39,237.69,9269.91,Delivered
POI00002770,PO0001363,MAT00004,120,215.88,25905.6,Delivered
POI00002771,PO0001363,MAT00004,15,225.33,3379.95,Delivered
POI00002772,PO0001364,MAT00274,30,289.99,8699.7,Delivered
POI00002773,PO0001365,MAT00067,72,549.33,39551.76,Delivered
POI00002774,PO0001366,MAT00175,18,1482.74,26689.32,Delivered
POI00002775,PO0001366,MAT00151,8,295.42,2363.36,Delivered
POI00002776,PO0001367,MAT00093,2,580.16,1160.32,Pending
POI00002777,PO0001368,MAT00030,13,222.69,2894.97,Pending
POI00002778,PO0001369,MAT00155,28,619.94,17358.32,Delivered
POI00002779,PO0001370,MAT00120,7,85.51,598.57,Delivered
POI00002780,PO0001371,MAT00043,21,235.96,4955.16,Cancelled
POI00002781,PO0001372,MAT00194,9,941.68,8475.12,Delivered
POI00002782,PO0001372,MAT00188,89,130.42,11607.38,Delivered
POI00002783,PO0001372,MAT00188,12,162.18,1946.16,Delivered
POI00002784,PO0001373,MAT00247,27,704.29,19015.83,Pending
POI00002785,PO0001373,MAT00243,11,1208.76,13296.36,Delivered
POI00002786,PO0001373,MAT00228,16,58.83,941.28,Cancelled
POI00002787,PO0001373,MAT00239,67,666.94,44684.98,Pending
POI00002788,PO0001374,MAT00175,46,1769.41,81392.86,Delivered
POI00002789,PO0001374,MAT00161,10,344.39,3443.9,Pending
POI00002790,PO0001374,MAT00155,9,638.99,5750.91,Delivered
POI00002791,PO0001375,MAT00210,40,354.45,14178.0,Delivered
POI00002792,PO0001376,MAT00078,21,111.99,2351.79,Pending
POI00002793,PO0001377,MAT00206,20,831.66,16633.2,Delivered
POI00002794,PO0001377,MAT00215,2,121.02,242.04,Delivered
POI00002795,PO0001377,MAT00206,12,795.46,9545.52,Delivered
POI00002796,PO0001378,MAT00001,202,53.97,10901.94,Delivered
POI00002797,PO0001379,MAT00090,22,263.06,5787.32,Delivered
POI00002798,PO0001379,MAT00083,500,63.23,31615.0,Delivered
POI00002799,PO0001379,MAT00094,3,121.96,365.88,Delivered
POI00002800,PO0001380,MAT00189,41,120.76,4951.16,Partially Delivered
POI00002801,PO0001380,MAT00189,13,125.97,1637.61,Partially Delivered
POI00002802,PO0001380,MAT00189,44,112.26,4939.44,Pending
POI00002803,PO0001380,MAT00189,46,126.23,5806.58,Delivered
POI00002804,PO0001381,MAT00231,27,408.24,11022.48,Pending
POI00002805,PO0001381,MAT00237,51,871.56,44449.56,Partially Delivered
POI00002806,PO0001381,MAT00231,7,386.83,2707.81,Pending
POI00002807,PO0001382,MAT00056,13,70.93,922.09,Delivered
POI00002808,PO0001382,MAT00067,28,598.74,16764.72,Delivered
POI00002809,PO0001383,MAT00009,86,452.7,38932.2,Delivered
POI00002810,PO0001383,MAT00005,16,257.87,4125.92,Delivered
POI00002811,PO0001384,MAT00192,17,192.44,3271.48,Partially Delivered
POI00002812,PO0001384,MAT00179,12,92.87,1114.44,Delivered
POI00002813,PO0001384,MAT00185,31,205.43,6368.33,Pending
POI00002814,PO0001385,MAT00004,26,232.17,6036.42,Delivered
POI00002815,PO0001385,MAT00004,15,260.59,3908.85,Delivered
POI00002816,PO0001386,MAT00147,1,695.5,695.5,Delivered
POI00002817,PO0001386,MAT00135,4,59.27,237.08,Cancelled
POI00002818,PO0001387,MAT00290,34,1584.87,53885.58,Delivered
POI00002819,PO0001388,MAT00262,37,758.75,28073.75,Delivered
POI00002820,PO0001388,MAT00262,23,757.94,17432.62,Delivered
POI00002821,PO0001389,MAT00282,38,225.07,8552.66,Delivered
POI00002822,PO0001389,MAT00296,12,72.62,871.44,Delivered
POI00002823,PO0001389,MAT00277,2,1252.52,2505.04,Delivered
POI00002824,PO0001390,MAT00060,3,131.54,394.62,Delivered
POI00002825,PO0001391,MAT00248,21,486.31,10212.51,Delivered
POI00002826,PO0001391,MAT00234,23,283.04,6509.92,Delivered
POI00002827,PO0001391,MAT00234,64,256.66,16426.24,Delivered
POI00002828,PO0001392,MAT00182,1,52.96,52.96,Delivered
POI00002829,PO0001393,MAT00178,9,1256.49,11308.41,Delivered
POI00002830,PO0001394,MAT00169,54,397.88,21485.52,Delivered
POI00002831,PO0001395,MAT00028,8,101.53,812.24,Delivered
POI00002832,PO0001395,MAT00039,10,203.3,2033.0,Delivered
POI00002833,PO0001395,MAT00012,9,423.9,3815.1,Delivered
POI00002834,PO0001395,MAT00181,29,200.61,5817.69,Delivered
POI00002835,PO0001396,MAT00128,23,101.55,2335.65,Delivered
POI00002836,PO0001396,MAT00146,31,251.65,7801.15,Delivered
POI00002837,PO0001397,MAT00177,85,266.76,22674.6,Delivered
POI00002838,PO0001398,MAT00202,13,67.67,879.71,Delivered
POI00002839,PO0001398,MAT00041,28,2420.94,67786.32,Delivered
POI00002840,PO0001398,MAT00091,19,234.04,4446.76,Delivered
POI00002841,PO0001399,MAT00005,5,236.44,1182.2,Delivered
POI00002842,PO0001399,MAT00009,20,407.29,8145.8,Delivered
POI00002843,PO0001400,MAT00209,6,331.51,1989.06,Pending
POI00002844,PO0001401,MAT00106,11,107.54,1182.94,Pending
POI00002845,PO0001402,MAT00195,17,151.36,2573.12,Delivered
POI00002846,PO0001403,MAT00143,28,49.13,1375.64,Delivered
POI00002847,PO0001403,MAT00149,14,22.38,313.32,Delivered
POI00002848,PO0001404,MAT00119,16,133.58,2137.28,Delivered
POI00002849,PO0001405,MAT00044,10,441.26,4412.6,Pending
POI00002850,PO0001406,MAT00097,69,633.22,43692.18,Partially Delivered
POI00002851,PO0001407,MAT00291,59,315.85,18635.15,Delivered
POI00002852,PO0001408,MAT00066,20,122.58,2451.6,Delivered
POI00002853,PO0001408,MAT00061,6,300.46,1802.76,Delivered
POI00002854,PO0001408,MAT00061,3,280.7,842.1,Delivered
POI00002855,PO0001408,MAT00054,18,538.44,9691.92,Delivered
POI00002856,PO0001409,MAT00218,22,62.02,1364.44,Delivered
POI00002857,PO0001410,MAT00099,20,859.53,17190.6,Pending
POI00002858,PO0001410,MAT00078,21,104.03,2184.63,Pending
POI00002859,PO0001410,MAT00085,57,544.0,31008.0,Pending
POI00002860,PO0001411,MAT00042,23,45.76,1052.48,Delivered
POI00002861,PO0001411,MAT00029,25,217.86,5446.5,Delivered
POI00002862,PO0001412,MAT00111,17,74.5,1266.5,Delivered
POI00002863,PO0001412,MAT00111,44,67.52,2970.88,Delivered
POI00002864,PO0001413,MAT00283,43,57.31,2464.33,Delivered
POI00002865,PO0001414,MAT00198,9,761.18,6850.62,Delivered
POI00002866,PO0001414,MAT00200,9,71.38,642.42,Delivered
POI00002867,PO0001415,MAT00019,2,326.09,652.18,Delivered
POI00002868,PO0001415,MAT00019,3,302.15,906.45,Delivered
POI00002869,PO0001415,MAT00002,23,123.14,2832.22,Delivered
POI00002870,PO0001416,MAT00115,7,35.06,245.42,Delivered
POI00002871,PO0001416,MAT00270,36,586.43,21111.48,Delivered
POI00002872,PO0001417,MAT00290,14,1474.7,20645.8,Partially Delivered
POI00002873,PO0001417,MAT00278,4,1623.69,6494.76,Delivered
POI00002874,PO0001418,MAT00088,93,1177.13,109473.09,Delivered
POI00002875,PO0001419,MAT00065,105,136.11,14291.55,Delivered
POI00002876,PO0001420,MAT00038,7,829.96,5809.72,Partially Delivered
POI00002877,PO0001421,MAT00245,126,93.88,11828.88,Delivered
POI00002878,PO0001421,MAT00240,37,543.67,20115.79,Pending
POI00002879,PO0001421,MAT00240,5,662.72,3313.6,Delivered
POI00002880,PO0001422,MAT00113,6,1332.02,7992.12,Pending
POI00002881,PO0001422,MAT00110,17,452.07,7685.19,Partially Delivered
POI00002882,PO0001422,MAT00110,1,504.81,504.81,Pending
POI00002883,PO0001423,MAT00179,19,92.43,1756.17,Delivered
POI00002884,PO0001423,MAT00185,2,206.61,413.22,Delivered
POI00002885,PO0001424,MAT00221,33,135.8,4481.4,Delivered
POI00002886,PO0001424,MAT00223,12,248.68,2984.16,Delivered
POI00002887,PO0001425,MAT00126,17,196.64,3342.88,Delivered
POI00002888,PO0001425,MAT00143,31,51.49,1596.19,Delivered
POI00002889,PO0001426,MAT00252,29,864.95,25083.55,Cancelled
POI00002890,PO0001426,MAT00275,9,254.81,2293.29,Pending
POI00002891,PO0001427,MAT00039,42,198.45,8334.9,Delivered
POI00002892,PO0001427,MAT00044,45,472.29,21253.05,Delivered
POI00002893,PO0001428,MAT00117,96,159.14,15277.44,Delivered
POI00002894,PO0001429,MAT00023,16,502.89,8046.24,Delivered
POI00002895,PO0001429,MAT00005,28,259.46,7264.88,Delivered
POI00002896,PO0001430,MAT00002,6,104.85,629.1,Delivered
POI00002897,PO0001431,MAT00213,31,327.88,10164.28,Partially Delivered
POI00002898,PO0001431,MAT00234,8,265.31,2122.48,Delivered
POI00002899,PO0001431,MAT00078,3,98.36,295.08,Partially Delivered
POI00002900,PO0001432,MAT00154,12,182.07,2184.84,Pending
POI00002901,PO0001432,MAT00203,36,72.48,2609.28,Pending
POI00002902,PO0001432,MAT00021,14,86.84,1215.76,Pending
POI00002903,PO0001433,MAT00065,42,134.73,5658.66,Partially Delivered
POI00002904,PO0001434,MAT00093,13,614.72,7991.36,Pending
POI00002905,PO0001434,MAT00093,4,529.28,2117.12,Cancelled
POI00002906,PO0001435,MAT00022,72,106.25,7650.0,Delivered
POI00002907,PO0001435,MAT00015,43,51.77,2226.11,Delivered
POI00002908,PO0001436,MAT00049,4,84.48,337.92,Partially Delivered
POI00002909,PO0001436,MAT00036,57,98.26,5600.82,Cancelled
POI00002910,PO0001436,MAT00047,20,137.58,2751.6,Partially Delivered
POI00002911,PO0001437,MAT00227,155,222.6,34503.0,Cancelled
POI00002912,PO0001437,MAT00241,9,141.07,1269.63,Partially Delivered
POI00002913,PO0001438,MAT00126,22,176.54,3883.88,Pending
POI00002914,PO0001439,MAT00119,15,144.05,2160.75,Delivered
POI00002915,PO0001440,MAT00008,22,90.16,1983.52,Delivered
POI00002916,PO0001440,MAT00003,6,1512.2,9073.2,Delivered
POI00002917,PO0001440,MAT00006,33,327.29,10800.57,Delivered
POI00002918,PO0001441,MAT00121,12,1633.3,19599.6,Delivered
POI00002919,PO0001442,MAT00115,13,32.0,416.0,Delivered
POI00002920,PO0001442,MAT00109,6,432.28,2593.68,Delivered
POI00002921,PO0001442,MAT00124,10,140.76,1407.6,Delivered
POI00002922,PO0001443,MAT00096,3,291.9,875.7,Cancelled
POI00002923,PO0001443,MAT00095,27,32.12,867.24,Partially Delivered
POI00002924,PO0001444,MAT00103,52,86.32,4488.64,Delivered
POI00002925,PO0001445,MAT00105,21,47.97,1007.37,Delivered
POI00002926,PO0001445,MAT00120,20,82.25,1645.0,Delivered
POI00002927,PO0001445,MAT00122,11,319.64,3516.04,Delivered
POI00002928,PO0001445,MAT00108,110,1439.24,158316.4,Delivered
POI00002929,PO0001446,MAT00043,11,237.94,2617.34,Delivered
POI00002930,PO0001446,MAT00043,11,279.27,3071.97,Delivered
POI00002931,PO0001447,MAT00111,29,79.85,2315.65,Delivered
POI00002932,PO0001447,MAT00111,71,70.97,5038.87,Delivered
POI00002933,PO0001447,MAT00111,13,76.75,997.75,Delivered
POI00002934,PO0001448,MAT00013,2,120.18,240.36,Delivered
POI00002935,PO0001448,MAT00016,29,611.05,17720.45,Delivered
POI00002936,PO0001449,MAT00032,33,70.73,2334.09,Delivered
POI00002937,PO0001450,MAT00181,12,189.71,2276.52,Partially Delivered
POI00002938,PO0001450,MAT00181,1,160.85,160.85,Partially Delivered
POI00002939,PO0001450,MAT00181,15,191.8,2877.0,Pending
POI00002940,PO0001451,MAT00264,24,706.41,16953.84,Delivered
POI00002941,PO0001451,MAT00134,33,56.97,1880.01,Delivered
POI00002942,PO0001451,MAT00035,30,806.07,24182.1,Partially Delivered
POI00002943,PO0001451,MAT00065,111,145.05,16100.55,Delivered
POI00002944,PO0001452,MAT00004,28,239.73,6712.44,Delivered
POI00002945,PO0001452,MAT00004,27,255.1,6887.7,Delivered
POI00002946,PO0001453,MAT00048,6,247.8,1486.8,Partially Delivered
POI00002947,PO0001453,MAT00042,16,55.6,889.6,Delivered
POI00002948,PO0001454,MAT00207,49,178.64,8753.36,Delivered
POI00002949,PO0001455,MAT00092,18,580.92,10456.56,Delivered
POI00002950,PO0001455,MAT00091,20,227.21,4544.2,Delivered
POI00002951,PO0001456,MAT00262,296,796.58,235787.68,Delivered
POI00002952,PO0001456,MAT00262,81,680.32,55105.92,Delivered
POI00002953,PO0001456,MAT00262,5,772.68,3863.4,Delivered
POI00002954,PO0001456,MAT00262,12,786.9,9442.8,Delivered
POI00002955,PO0001457,MAT00102,30,283.99,8519.7,Pending
POI00002956,PO0001458,MAT00043,5,263.69,1318.45,Pending
POI00002957,PO0001458,MAT00043,131,262.42,34377.02,Pending
POI00002958,PO0001458,MAT00043,4,294.78,1179.12,Partially Delivered
POI00002959,PO0001458,MAT00043,7,288.99,2022.93,Partially Delivered
POI00002960,PO0001459,MAT00266,10,442.99,4429.9,Delivered
POI00002961,PO0001460,MAT00093,54,638.24,34464.96,Delivered
POI00002962,PO0001461,MAT00029,13,216.98,2820.74,Delivered
POI00002963,PO0001461,MAT00042,267,45.35,12108.45,Delivered
POI00002964,PO0001462,MAT00163,2,155.93,311.86,Delivered
POI00002965,PO0001462,MAT00171,31,523.75,16236.25,Delivered
POI00002966,PO0001463,MAT00148,6,71.56,429.36,Partially Delivered
POI00002967,PO0001463,MAT00027,19,213.74,4061.06,Pending
POI00002968,PO0001464,MAT00282,12,249.65,2995.8,Pending
POI00002969,PO0001464,MAT00225,22,462.31,10170.82,Cancelled
POI00002970,PO0001464,MAT00257,5,517.7,2588.5,Pending
POI00002971,PO0001465,MAT00198,4,767.5,3070.0,Delivered
POI00002972,PO0001466,MAT00213,24,291.62,6998.88,Delivered
POI00002973,PO0001466,MAT00203,35,77.04,2696.4,Delivered
POI00002974,PO0001467,MAT00026,35,506.49,17727.15,Delivered
POI00002975,PO0001467,MAT00027,79,174.17,13759.43,Delivered
POI00002976,PO0001468,MAT00187,20,269.99,5399.8,Delivered
POI00002977,PO0001468,MAT00200,8,72.96,583.68,Delivered
POI00002978,PO0001469,MAT00067,48,538.41,25843.68,Delivered
POI00002979,PO0001469,MAT00056,7,68.72,481.04,Partially Delivered
POI00002980,PO0001470,MAT00181,9,162.21,1459.89,Delivered
POI00002981,PO0001470,MAT00180,29,237.29,6881.41,Delivered
POI00002982,PO0001471,MAT00043,18,268.11,4825.98,Delivered
POI00002983,PO0001471,MAT00043,8,272.06,2176.48,Delivered
POI00002984,PO0001471,MAT00043,5,256.12,1280.6,Delivered
POI00002985,PO0001472,MAT00124,15,151.2,2268.0,Pending
POI00002986,PO0001472,MAT00128,3,100.08,300.24,Delivered
POI00002987,PO0001473,MAT00180,26,291.76,7585.76,Delivered
POI00002988,PO0001474,MAT00212,7,47.67,333.69,Delivered
POI00002989,PO0001474,MAT00208,29,43.35,1257.15,Delivered
POI00002990,PO0001474,MAT00218,26,63.91,1661.66,Delivered
POI00002991,PO0001475,MAT00255,10,1126.12,11261.2,Partially Delivered
POI00002992,PO0001476,MAT00219,32,88.2,2822.4,Delivered
POI00002993,PO0001476,MAT00056,5,78.7,393.5,Delivered
POI00002994,PO0001476,MAT00028,6,119.42,716.52,Delivered
POI00002995,PO0001477,MAT00039,4,188.84,755.36,Delivered
POI00002996,PO0001477,MAT00044,38,480.1,18243.8,Delivered
POI00002997,PO0001477,MAT00044,22,554.87,12207.14,Delivered
POI00002998,PO0001478,MAT00222,20,210.49,4209.8,Delivered
POI00002999,PO0001479,MAT00031,9,149.64,1346.76,Delivered
POI00003000,PO0001479,MAT00033,5,100.74,503.7,Delivered
POI00003001,PO0001480,MAT00043,37,294.92,10912.04,Delivered
POI00003002,PO0001480,MAT00043,283,256.66,72634.78,Delivered
POI00003003,PO0001480,MAT00043,41,236.76,9707.16,Delivered
POI00003004,PO0001481,MAT00210,14,387.63,5426.82,Delivered
POI00003005,PO0001482,MAT00066,97,131.53,12758.41,Delivered
POI00003006,PO0001482,MAT00061,47,314.11,14763.17,Delivered
POI00003007,PO0001483,MAT00052,9,653.68,5883.12,Delivered
POI00003008,PO0001483,MAT00058,75,62.19,4664.25,Cancelled
POI00003009,PO0001483,MAT00060,1,132.81,132.81,Pending
POI00003010,PO0001484,MAT00059,10,86.08,860.8,Delivered
POI00003011,PO0001484,MAT00059,13,98.43,1279.59,Delivered
POI00003012,PO0001485,MAT00257,10,455.66,4556.6,Partially Delivered
POI00003013,PO0001485,MAT00266,5,456.05,2280.25,Pending
POI00003014,PO0001485,MAT00267,34,875.8,29777.2,Pending
POI00003015,PO0001486,MAT00180,32,272.78,8728.96,Delivered
POI00003016,PO0001486,MAT00181,7,173.18,1212.26,Delivered
POI00003017,PO0001487,MAT00181,42,181.67,7630.14,Partially Delivered
POI00003018,PO0001488,MAT00096,17,292.58,4973.86,Delivered
POI00003019,PO0001488,MAT00095,7,32.74,229.18,Delivered
POI00003020,PO0001489,MAT00201,6,138.36,830.16,Delivered
POI00003021,PO0001490,MAT00110,30,552.85,16585.5,Partially Delivered
POI00003022,PO0001491,MAT00191,33,860.44,28394.52,Delivered
POI00003023,PO0001491,MAT00191,25,933.71,23342.75,Delivered
POI00003024,PO0001491,MAT00191,10,910.87,9108.7,Delivered
POI00003025,PO0001492,MAT00180,13,252.07,3276.91,Delivered
POI00003026,PO0001493,MAT00017,33,472.26,15584.58,Pending
POI00003027,PO0001494,MAT00091,139,234.31,32569.09,Delivered
POI00003028,PO0001494,MAT00288,18,981.41,17665.38,Delivered
POI00003029,PO0001494,MAT00076,34,66.02,2244.68,Delivered
POI00003030,PO0001494,MAT00101,3,55.54,166.62,Delivered
POI00003031,PO0001495,MAT00104,9,380.57,3425.13,Delivered
POI00003032,PO0001495,MAT00109,197,524.79,103383.63,Delivered
POI00003033,PO0001495,MAT00124,12,156.7,1880.4,Delivered
POI00003034,PO0001495,MAT00115,2,34.01,68.02,Delivered
POI00003035,PO0001496,MAT00055,22,8.98,197.56,Cancelled
POI00003036,PO0001497,MAT00255,41,1257.73,51566.93,Delivered
POI00003037,PO0001497,MAT00264,20,772.3,15446.0,Delivered
POI00003038,PO0001498,MAT00158,19,1381.41,26246.79,Delivered
POI00003039,PO0001498,MAT00158,10,1189.41,11894.1,Delivered
POI00003040,PO0001498,MAT00158,15,1448.0,21720.0,Delivered
POI00003041,PO0001498,MAT00158,94,1474.51,138603.94,Delivered
POI00003042,PO0001499,MAT00116,11,470.07,5170.77,Pending
POI00003043,PO0001499,MAT00117,44,164.69,7246.36,Delivered
POI00003044,PO0001500,MAT00047,53,136.98,7259.94,Delivered
POI00003045,PO0001500,MAT00040,17,218.68,3717.56,Delivered
POI00003046,PO0001501,MAT00219,19,90.63,1721.97,Delivered
POI00003047,PO0001502,MAT00284,43,316.86,13624.98,Delivered
POI00003048,PO0001502,MAT00289,1,231.68,231.68,Delivered
POI00003049,PO0001503,MAT00059,14,90.46,1266.44,Delivered
POI00003050,PO0001504,MAT00174,74,279.26,20665.24,Delivered
POI00003051,PO0001504,MAT00153,17,149.63,2543.71,Delivered
POI00003052,PO0001505,MAT00070,13,141.96,1845.48,Partially Delivered
POI00003053,PO0001505,MAT00053,8,784.88,6279.04,Pending
POI00003054,PO0001505,MAT00073,17,439.98,7479.66,Pending
POI00003055,PO0001505,MAT00071,32,192.46,6158.72,Delivered
POI00003056,PO0001506,MAT00166,6,144.31,865.86,Delivered
POI00003057,PO0001506,MAT00171,25,538.85,13471.25,Delivered
POI00003058,PO0001506,MAT00163,7,148.66,1040.62,Delivered
POI00003059,PO0001507,MAT00047,12,119.38,1432.56,Delivered
POI00003060,PO0001507,MAT00034,26,88.44,2299.44,Delivered
POI00003061,PO0001507,MAT00049,41,82.02,3362.82,Delivered
POI00003062,PO0001508,MAT00078,38,96.89,3681.82,Delivered
POI00003063,PO0001508,MAT00099,48,752.83,36135.84,Delivered
POI00003064,PO0001508,MAT00085,84,645.42,54215.28,Delivered
POI00003065,PO0001509,MAT00047,43,122.78,5279.54,Delivered
POI00003066,PO0001509,MAT00036,28,95.35,2669.8,Delivered
POI00003067,PO0001509,MAT00049,4,72.49,289.96,Delivered
POI00003068,PO0001510,MAT00089,10,464.73,4647.3,Delivered
POI00003069,PO0001511,MAT00181,7,168.1,1176.7,Delivered
POI00003070,PO0001512,MAT00189,41,115.23,4724.43,Partially Delivered
POI00003071,PO0001513,MAT00089,5,555.74,2778.7,Delivered
POI00003072,PO0001513,MAT00089,10,545.43,5454.3,Delivered
POI00003073,PO0001514,MAT00027,24,194.4,4665.6,Delivered
POI00003074,PO0001515,MAT00215,18,129.63,2333.34,Delivered
POI00003075,PO0001515,MAT00095,43,28.06,1206.58,Delivered
POI00003076,PO0001515,MAT00053,46,841.98,38731.08,Delivered
POI00003077,PO0001516,MAT00030,9,230.85,2077.65,Delivered
POI00003078,PO0001517,MAT00192,17,162.59,2764.03,Delivered
POI00003079,PO0001518,MAT00005,75,272.1,20407.5,Delivered
POI00003080,PO0001518,MAT00009,23,457.86,10530.78,Delivered
POI00003081,PO0001519,MAT00219,5,103.77,518.85,Delivered
POI00003082,PO0001520,MAT00097,3,601.02,1803.06,Cancelled
POI00003083,PO0001520,MAT00252,19,799.86,15197.34,Delivered
POI00003084,PO0001520,MAT00156,42,166.01,6972.42,Pending
POI00003085,PO0001520,MAT00187,5,338.83,1694.15,Delivered
POI00003086,PO0001521,MAT00218,10,61.2,612.0,Delivered
POI00003087,PO0001521,MAT00216,5,118.18,590.9,Delivered
POI00003088,PO0001522,MAT00237,6,831.59,4989.54,Delivered
POI00003089,PO0001522,MAT00231,20,399.3,7986.0,Delivered
POI00003090,PO0001523,MAT00158,1,1446.62,1446.62,Pending
POI00003091,PO0001523,MAT00158,4,1321.39,5285.56,Delivered
POI00003092,PO0001524,MAT00271,5,190.87,954.35,Delivered
POI00003093,PO0001525,MAT00019,7,345.3,2417.1,Delivered
POI00003094,PO0001525,MAT00002,26,115.37,2999.62,Delivered
POI00003095,PO0001525,MAT00019,10,374.05,3740.5,Delivered
POI00003096,PO0001525,MAT00002,23,101.22,2328.06,Delivered
POI00003097,PO0001526,MAT00157,18,41.45,746.1,Delivered
POI00003098,PO0001527,MAT00191,53,826.75,43817.75,Delivered
POI00003099,PO0001528,MAT00298,84,35.66,2995.44,Pending
POI00003100,PO0001528,MAT00285,19,68.96,1310.24,Partially Delivered
POI00003101,PO0001528,MAT00281,42,65.8,2763.6,Delivered
POI00003102,PO0001528,MAT00298,63,30.4,1915.2,Pending
POI00003103,PO0001529,MAT00159,31,505.55,15672.05,Delivered
POI00003104,PO0001529,MAT00154,31,168.6,5226.6,Delivered
POI00003105,PO0001529,MAT00173,28,298.96,8370.88,Delivered
POI00003106,PO0001530,MAT00278,23,1824.39,41960.97,Pending
POI00003107,PO0001531,MAT00243,26,1201.78,31246.28,Delivered
POI00003108,PO0001531,MAT00239,1,695.4,695.4,Delivered
POI00003109,PO0001532,MAT00249,20,316.16,6323.2,Pending
POI00003110,PO0001532,MAT00244,75,167.85,12588.75,Partially Delivered
POI00003111,PO0001533,MAT00285,14,68.28,955.92,Pending
POI00003112,PO0001533,MAT00281,46,73.06,3360.76,Pending
POI00003113,PO0001533,MAT00298,48,34.94,1677.12,Delivered
POI00003114,PO0001534,MAT00170,48,69.17,3320.16,Delivered
POI00003115,PO0001534,MAT00166,13,167.79,2181.27,Delivered
POI00003116,PO0001535,MAT00209,9,263.83,2374.47,Delivered
POI00003117,PO0001536,MAT00237,8,925.09,7400.72,Delivered
POI00003118,PO0001536,MAT00231,8,406.01,3248.08,Delivered
POI00003119,PO0001537,MAT00163,215,150.25,32303.75,Partially Delivered
POI00003120,PO0001537,MAT00170,16,73.01,1168.16,Partially Delivered
POI00003121,PO0001538,MAT00075,123,102.05,12552.15,Delivered
POI00003122,PO0001538,MAT00065,16,126.32,2021.12,Delivered
POI00003123,PO0001539,MAT00072,7,503.76,3526.32,Delivered
POI00003124,PO0001539,MAT00251,17,138.47,2353.99,Delivered
POI00003125,PO0001540,MAT00208,4,42.72,170.88,Pending
POI00003126,PO0001541,MAT00277,12,1258.79,15105.48,Delivered
POI00003127,PO0001542,MAT00268,60,185.51,11130.6,Delivered
POI00003128,PO0001542,MAT00260,41,287.11,11771.51,Delivered
POI00003129,PO0001542,MAT00251,172,138.36,23797.92,Delivered
POI00003130,PO0001543,MAT00113,16,1234.9,19758.4,Pending
POI00003131,PO0001543,MAT00110,4,546.7,2186.8,Cancelled
POI00003132,PO0001543,MAT00113,20,1142.94,22858.8,Delivered
POI00003133,PO0001543,MAT00113,46,1204.95,55427.7,Partially Delivered
POI00003134,PO0001544,MAT00260,4,349.67,1398.68,Pending
POI00003135,PO0001544,MAT00268,39,162.95,6355.05,Partially Delivered
POI00003136,PO0001544,MAT00251,23,145.88,3355.24,Delivered
POI00003137,PO0001545,MAT00194,42,982.27,41255.34,Pending
POI00003138,PO0001546,MAT00214,36,751.9,27068.4,Delivered
POI00003139,PO0001546,MAT00211,10,332.2,3322.0,Delivered
POI00003140,PO0001546,MAT00202,19,60.73,1153.87,Delivered
POI00003141,PO0001547,MAT00082,7,148.2,1037.4,Delivered
POI00003142,PO0001547,MAT00077,27,447.95,12094.65,Delivered
POI00003143,PO0001547,MAT00100,30,1051.88,31556.4,Delivered
POI00003144,PO0001548,MAT00043,8,242.96,1943.68,Delivered
POI00003145,PO0001548,MAT00043,16,293.01,4688.16,Pending
POI00003146,PO0001549,MAT00111,38,71.92,2732.96,Delivered
POI00003147,PO0001549,MAT00111,29,85.76,2487.04,Delivered
POI00003148,PO0001550,MAT00082,7,133.05,931.35,Delivered
POI00003149,PO0001550,MAT00100,11,1057.05,11627.55,Delivered
POI00003150,PO0001551,MAT00180,40,259.67,10386.8,Delivered
POI00003151,PO0001551,MAT00181,7,170.29,1192.03,Delivered
POI00003152,PO0001552,MAT00265,76,812.1,61719.6,Delivered
POI00003153,PO0001552,MAT00227,6,230.25,1381.5,Delivered
POI00003154,PO0001553,MAT00260,43,293.93,12638.99,Partially Delivered
POI00003155,PO0001553,MAT00268,19,169.92,3228.48,Delivered
POI00003156,PO0001553,MAT00251,22,136.39,3000.58,Delivered
POI00003157,PO0001554,MAT00238,41,153.85,6307.85,Delivered
POI00003158,PO0001554,MAT00252,23,849.38,19535.74,Delivered
POI00003159,PO0001555,MAT00028,4,114.92,459.68,Delivered
POI00003160,PO0001556,MAT00074,7,197.82,1384.74,Delivered
POI00003161,PO0001556,MAT00072,15,554.62,8319.3,Pending
POI00003162,PO0001556,MAT00068,46,148.13,6813.98,Pending
POI00003163,PO0001556,MAT00063,16,224.03,3584.48,Partially Delivered
POI00003164,PO0001557,MAT00192,30,187.34,5620.2,Delivered
POI00003165,PO0001557,MAT00185,15,180.27,2704.05,Delivered
POI00003166,PO0001558,MAT00108,3,1402.28,4206.84,Delivered
POI00003167,PO0001559,MAT00027,7,203.02,1421.14,Delivered
POI00003168,PO0001559,MAT00035,128,720.82,92264.96,Cancelled
POI00003169,PO0001559,MAT00026,4,528.5,2114.0,Partially Delivered
POI00003170,PO0001560,MAT00230,3,399.11,1197.33,Delivered
POI00003171,PO0001561,MAT00213,22,345.7,7605.4,Delivered
POI00003172,PO0001561,MAT00207,8,161.73,1293.84,Delivered
POI00003173,PO0001562,MAT00007,44,868.72,38223.68,Delivered
POI00003174,PO0001562,MAT00021,89,91.32,8127.48,Delivered
POI00003175,PO0001563,MAT00191,52,869.09,45192.68,Delivered
POI00003176,PO0001563,MAT00191,44,973.72,42843.68,Delivered
POI00003177,PO0001564,MAT00019,17,351.85,5981.45,Delivered
POI00003178,PO0001564,MAT00002,13,123.3,1602.9,Delivered
POI00003179,PO0001564,MAT00019,48,371.14,17814.72,Delivered
POI00003180,PO0001565,MAT00147,26,716.66,18633.16,Pending
POI00003181,PO0001565,MAT00034,20,87.17,1743.4,Partially Delivered
POI00003182,PO0001566,MAT00085,4,639.98,2559.92,Delivered
POI00003183,PO0001566,MAT00099,24,822.09,19730.16,Delivered
POI00003184,PO0001566,MAT00078,33,106.19,3504.27,Delivered
POI00003185,PO0001567,MAT00110,13,480.42,6245.46,Delivered
POI00003186,PO0001567,MAT00113,17,1198.12,20368.04,Delivered
POI00003187,PO0001568,MAT00202,53,55.4,2936.2,Delivered
POI00003188,PO0001569,MAT00039,42,202.84,8519.28,Delivered
POI00003189,PO0001569,MAT00039,8,168.05,1344.4,Delivered
POI00003190,PO0001569,MAT00039,85,197.93,16824.05,Delivered
POI00003191,PO0001570,MAT00293,45,146.05,6572.25,Delivered
POI00003192,PO0001571,MAT00041,12,2644.11,31729.32,Pending
POI00003193,PO0001571,MAT00046,32,452.44,14478.08,Pending
POI00003194,PO0001572,MAT00117,105,138.89,14583.45,Delivered
POI00003195,PO0001572,MAT00116,16,454.47,7271.52,Delivered
POI00003196,PO0001572,MAT00101,97,45.36,4399.92,Delivered
POI00003197,PO0001573,MAT00078,293,97.62,28602.66,Cancelled
POI00003198,PO0001573,MAT00085,14,627.85,8789.9,Pending
POI00003199,PO0001573,MAT00099,48,878.13,42150.24,Cancelled
POI00003200,PO0001574,MAT00189,15,133.65,2004.75,Delivered
POI00003201,PO0001574,MAT00189,44,117.0,5148.0,Delivered
POI00003202,PO0001574,MAT00189,46,126.45,5816.7,Delivered
POI00003203,PO0001574,MAT00189,42,117.26,4924.92,Pending
POI00003204,PO0001575,MAT00269,23,315.17,7248.91,Delivered
POI00003205,PO0001576,MAT00260,16,314.76,5036.16,Delivered
POI00003206,PO0001576,MAT00268,92,182.44,16784.48,Delivered
POI00003207,PO0001577,MAT00245,4,83.84,335.36,Delivered
POI00003208,PO0001577,MAT00240,70,654.46,45812.2,Pending
POI00003209,PO0001577,MAT00245,14,86.7,1213.8,Pending
POI00003210,PO0001578,MAT00222,27,242.99,6560.73,Cancelled
POI00003211,PO0001578,MAT00219,20,104.75,2095.0,Pending
POI00003212,PO0001579,MAT00001,1,62.64,62.64,Delivered
POI00003213,PO0001579,MAT00021,32,83.73,2679.36,Delivered
POI00003214,PO0001580,MAT00147,16,638.08,10209.28,Pending
POI00003215,PO0001580,MAT00144,26,94.92,2467.92,Pending
POI00003216,PO0001581,MAT00284,20,336.43,6728.6,Delivered
POI00003217,PO0001581,MAT00291,6,291.01,1746.06,Delivered
POI00003218,PO0001582,MAT00240,14,678.43,9498.02,Pending
POI00003219,PO0001583,MAT00083,18,60.57,1090.26,Delivered
POI00003220,PO0001583,MAT00094,23,101.02,2323.46,Delivered
POI00003221,PO0001583,MAT00080,40,187.41,7496.4,Delivered
POI00003222,PO0001584,MAT00075,23,113.55,2611.65,Delivered
POI00003223,PO0001584,MAT00065,26,145.12,3773.12,Delivered
POI00003224,PO0001585,MAT00229,29,416.54,12079.66,Delivered
POI00003225,PO0001585,MAT00283,25,60.92,1523.0,Delivered
POI00003226,PO0001585,MAT00112,50,494.39,24719.5,Delivered
POI00003227,PO0001585,MAT00246,23,331.71,7629.33,Delivered
POI00003228,PO0001586,MAT00105,9,53.97,485.73,Delivered
POI00003229,PO0001586,MAT00120,4,93.61,374.44,Delivered
POI00003230,PO0001587,MAT00064,6,122.61,735.66,Delivered
POI00003231,PO0001588,MAT00260,132,320.91,42360.12,Delivered
POI00003232,PO0001589,MAT00001,19,59.26,1125.94,Pending
POI00003233,PO0001589,MAT00007,27,799.18,21577.86,Pending
POI00003234,PO0001590,MAT00221,12,151.74,1820.88,Pending
POI00003235,PO0001590,MAT00205,22,131.69,2897.18,Partially Delivered
POI00003236,PO0001591,MAT00044,26,503.09,13080.34,Partially Delivered
POI00003237,PO0001591,MAT00044,43,460.18,19787.74,Delivered
POI00003238,PO0001591,MAT00039,12,187.02,2244.24,Pending
POI00003239,PO0001591,MAT00044,12,490.79,5889.48,Delivered
POI00003240,PO0001592,MAT00106,26,133.12,3461.12,Delivered
POI00003241,PO0001593,MAT00181,205,190.99,39152.95,Delivered
POI00003242,PO0001593,MAT00180,33,270.63,8930.79,Delivered
POI00003243,PO0001594,MAT00042,12,51.68,620.16,Delivered
POI00003244,PO0001594,MAT00002,13,123.91,1610.83,Delivered
POI00003245,PO0001594,MAT00259,37,261.82,9687.34,Delivered
POI00003246,PO0001595,MAT00055,88,9.48,834.24,Delivered
POI00003247,PO0001595,MAT00243,11,1335.37,14689.07,Delivered
POI00003248,PO0001595,MAT00100,3,1009.64,3028.92,Delivered
POI00003249,PO0001596,MAT00237,11,886.06,9746.66,Delivered
POI00003250,PO0001596,MAT00231,18,372.83,6710.94,Delivered
POI00003251,PO0001597,MAT00269,4,290.17,1160.68,Pending
POI00003252,PO0001597,MAT00123,45,475.64,21403.8,Partially Delivered
POI00003253,PO0001597,MAT00244,17,199.16,3385.72,Partially Delivered
POI00003254,PO0001598,MAT00193,20,84.1,1682.0,Cancelled
POI00003255,PO0001598,MAT00193,404,92.5,37370.0,Pending
POI00003256,PO0001598,MAT00177,7,241.85,1692.95,Delivered
POI00003257,PO0001599,MAT00085,40,582.62,23304.8,Partially Delivered
POI00003258,PO0001599,MAT00078,4,111.59,446.36,Delivered
POI00003259,PO0001600,MAT00180,32,255.55,8177.6,Delivered
POI00003260,PO0001601,MAT00189,2,111.14,222.28,Cancelled
POI00003261,PO0001601,MAT00189,45,131.6,5922.0,Delivered
POI00003262,PO0001601,MAT00189,16,114.63,1834.08,Delivered
POI00003263,PO0001601,MAT00189,76,128.6,9773.6,Delivered
POI00003264,PO0001602,MAT00293,76,144.07,10949.32,Delivered
POI00003265,PO0001602,MAT00297,9,184.71,1662.39,Delivered
POI00003266,PO0001603,MAT00101,12,57.1,685.2,Delivered
POI00003267,PO0001603,MAT00116,84,546.11,45873.24,Delivered
POI00003268,PO0001604,MAT00055,6,8.81,52.86,Partially Delivered
POI00003269,PO0001605,MAT00230,8,428.48,3427.84,Delivered
POI00003270,PO0001606,MAT00230,7,405.93,2841.51,Delivered
POI00003271,PO0001606,MAT00066,10,118.48,1184.8,Delivered
POI00003272,PO0001606,MAT00068,10,129.41,1294.1,Delivered
POI00003273,PO0001607,MAT00186,13,246.58,3205.54,Delivered
POI00003274,PO0001607,MAT00186,9,284.75,2562.75,Delivered
POI00003275,PO0001608,MAT00146,61,266.72,16269.92,Delivered
POI00003276,PO0001608,MAT00139,206,154.59,31845.54,Delivered
POI00003277,PO0001608,MAT00148,72,84.32,6071.04,Delivered
POI00003278,PO0001608,MAT00265,9,668.91,6020.19,Delivered
POI00003279,PO0001609,MAT00125,26,48.87,1270.62,Partially Delivered
POI00003280,PO0001609,MAT00109,25,441.53,11038.25,Cancelled
POI00003281,PO0001609,MAT00104,33,373.51,12325.83,Pending
POI00003282,PO0001610,MAT00072,16,610.83,9773.28,Delivered
POI00003283,PO0001611,MAT00175,15,1637.81,24567.15,Delivered
POI00003284,PO0001612,MAT00116,18,472.8,8510.4,Partially Delivered
POI00003285,PO0001612,MAT00117,10,150.98,1509.8,Pending
POI00003286,PO0001612,MAT00101,153,56.35,8621.55,Pending
POI00003287,PO0001613,MAT00173,20,258.33,5166.6,Delivered
POI00003288,PO0001614,MAT00001,34,62.83,2136.22,Delivered
POI00003289,PO0001615,MAT00186,1,234.42,234.42,Delivered
POI00003290,PO0001616,MAT00294,17,594.08,10099.36,Partially Delivered
POI00003291,PO0001617,MAT00061,6,259.09,1554.54,Delivered
POI00003292,PO0001617,MAT00054,17,600.28,10204.76,Delivered
POI00003293,PO0001617,MAT00066,9,118.59,1067.31,Delivered
POI00003294,PO0001618,MAT00109,59,438.35,25862.65,Pending
POI00003295,PO0001619,MAT00101,3,45.85,137.55,Delivered
POI00003296,PO0001619,MAT00233,12,220.88,2650.56,Delivered
POI00003297,PO0001620,MAT00208,24,43.78,1050.72,Delivered
POI00003298,PO0001620,MAT00036,115,108.37,12462.55,Delivered
POI00003299,PO0001620,MAT00130,3,81.32,243.96,Delivered
POI00003300,PO0001621,MAT00050,2,144.0,288.0,Delivered
POI00003301,PO0001622,MAT00186,2,235.93,471.86,Delivered
POI00003302,PO0001622,MAT00186,3,276.71,830.13,Delivered
POI00003303,PO0001623,MAT00187,28,337.37,9446.36,Partially Delivered
POI00003304,PO0001623,MAT00195,33,160.79,5306.07,Pending
POI00003305,PO0001624,MAT00297,148,198.64,29398.72,Pending
POI00003306,PO0001624,MAT00293,13,148.77,1934.01,Delivered
POI00003307,PO0001624,MAT00297,53,188.72,10002.16,Delivered
POI00003308,PO0001624,MAT00293,9,171.26,1541.34,Delivered
POI00003309,PO0001625,MAT00244,13,194.59,2529.67,Delivered
POI00003310,PO0001626,MAT00252,13,793.23,10311.99,Pending
POI00003311,PO0001626,MAT00275,18,271.66,4889.88,Pending
POI00003312,PO0001627,MAT00170,109,63.44,6914.96,Pending
POI00003313,PO0001627,MAT00166,10,159.7,1597.0,Delivered
POI00003314,PO0001628,MAT00119,45,155.17,6982.65,Delivered
POI00003315,PO0001629,MAT00172,10,75.21,752.1,Delivered
POI00003316,PO0001629,MAT00169,153,341.47,52244.91,Pending
POI00003317,PO0001629,MAT00157,11,38.39,422.29,Delivered
POI00003318,PO0001629,MAT00152,9,284.21,2557.89,Pending
POI00003319,PO0001630,MAT00201,35,143.93,5037.55,Delivered
POI00003320,PO0001630,MAT00201,86,165.74,14253.64,Delivered
POI00003321,PO0001631,MAT00194,10,983.48,9834.8,Delivered
POI00003322,PO0001631,MAT00188,34,159.56,5425.04,Delivered
POI00003323,PO0001632,MAT00025,5,231.48,1157.4,Delivered
POI00003324,PO0001632,MAT00149,22,19.89,437.58,Delivered
POI00003325,PO0001633,MAT00278,58,1448.24,83997.92,Delivered
POI00003326,PO0001633,MAT00290,71,1412.14,100261.94,Delivered
POI00003327,PO0001633,MAT00286,6,818.51,4911.06,Delivered
POI00003328,PO0001634,MAT00024,79,120.95,9555.05,Cancelled
POI00003329,PO0001634,MAT00020,26,449.62,11690.12,Pending
POI00003330,PO0001634,MAT00012,413,410.35,169474.55,Delivered
POI00003331,PO0001635,MAT00237,58,783.35,45434.3,Pending
POI00003332,PO0001636,MAT00241,5,138.73,693.65,Delivered
POI00003333,PO0001637,MAT00223,43,246.41,10595.63,Delivered
POI00003334,PO0001637,MAT00205,24,161.37,3872.88,Delivered
POI00003335,PO0001637,MAT00221,11,143.07,1573.77,Delivered
POI00003336,PO0001638,MAT00056,4,67.94,271.76,Delivered
POI00003337,PO0001639,MAT00087,30,361.88,10856.4,Delivered
POI00003338,PO0001640,MAT00261,72,2829.94,203755.68,Delivered
POI00003339,PO0001640,MAT00265,126,685.36,86355.36,Delivered
POI00003340,PO0001641,MAT00189,13,133.36,1733.68,Delivered
POI00003341,PO0001641,MAT00189,6,109.7,658.2,Delivered
POI00003342,PO0001641,MAT00189,14,115.93,1623.02,Pending
POI00003343,PO0001642,MAT00276,8,54.52,436.16,Cancelled
POI00003344,PO0001642,MAT00036,48,105.44,5061.12,Pending
POI00003345,PO0001643,MAT00092,10,620.08,6200.8,Delivered
POI00003346,PO0001643,MAT00091,11,230.0,2530.0,Delivered
POI00003347,PO0001643,MAT00079,8,604.33,4834.64,Delivered
POI00003348,PO0001643,MAT00076,16,75.03,1200.48,Delivered
POI00003349,PO0001644,MAT00271,18,163.37,2940.66,Pending
POI00003350,PO0001645,MAT00235,27,284.01,7668.27,Delivered
POI00003351,PO0001645,MAT00242,17,174.03,2958.51,Delivered
POI00003352,PO0001646,MAT00043,33,281.02,9273.66,Partially Delivered
POI00003353,PO0001647,MAT00096,4,305.43,1221.72,Pending
POI00003354,PO0001647,MAT00096,22,270.37,5948.14,Delivered
POI00003355,PO0001647,MAT00096,7,322.3,2256.1,Delivered
POI00003356,PO0001648,MAT00214,4,703.94,2815.76,Pending
POI00003357,PO0001648,MAT00225,12,494.48,5933.76,Pending
POI00003358,PO0001649,MAT00251,6,149.49,896.94,Delivered
POI00003359,PO0001649,MAT00254,15,515.44,7731.6,Delivered
POI00003360,PO0001650,MAT00275,118,289.18,34123.24,Partially Delivered
POI00003361,PO0001650,MAT00252,37,750.74,27777.38,Partially Delivered
POI00003362,PO0001650,MAT00275,12,286.93,3443.16,Pending
POI00003363,PO0001651,MAT00189,8,117.88,943.04,Delivered
POI00003364,PO0001652,MAT00076,18,72.08,1297.44,Pending
POI00003365,PO0001652,MAT00091,24,259.71,6233.04,Pending
POI00003366,PO0001652,MAT00079,92,686.16,63126.72,Pending
POI00003367,PO0001652,MAT00092,32,699.95,22398.4,Pending
POI00003368,PO0001653,MAT00289,26,254.93,6628.18,Delivered
POI00003369,PO0001654,MAT00048,16,249.42,3990.72,Delivered
POI00003370,PO0001655,MAT00219,4,107.12,428.48,Delivered
POI00003371,PO0001655,MAT00224,35,1658.65,58052.75,Delivered
POI00003372,PO0001656,MAT00096,20,295.36,5907.2,Pending
POI00003373,PO0001656,MAT00095,11,28.48,313.28,Pending
POI00003374,PO0001657,MAT00053,46,957.87,44062.02,Delivered
POI00003375,PO0001657,MAT00106,58,117.1,6791.8,Delivered
POI00003376,PO0001658,MAT00296,7,78.95,552.65,Delivered
POI00003377,PO0001658,MAT00278,18,1794.31,32297.58,Delivered
POI00003378,PO0001659,MAT00119,153,147.69,22596.57,Delivered
POI00003379,PO0001659,MAT00119,4,161.2,644.8,Delivered
POI00003380,PO0001659,MAT00119,19,151.46,2877.74,Delivered
POI00003381,PO0001660,MAT00263,6,413.47,2480.82,Delivered
POI00003382,PO0001660,MAT00174,56,333.03,18649.68,Delivered
POI00003383,PO0001660,MAT00018,60,353.72,21223.2,Delivered
POI00003384,PO0001661,MAT00119,37,160.52,5939.24,Partially Delivered
POI00003385,PO0001661,MAT00119,16,165.17,2642.72,Delivered
POI00003386,PO0001661,MAT00119,46,134.63,6192.98,Delivered
POI00003387,PO0001661,MAT00119,1,135.68,135.68,Pending
POI00003388,PO0001662,MAT00022,17,110.33,1875.61,Delivered
POI00003389,PO0001662,MAT00015,17,54.97,934.49,Delivered
POI00003390,PO0001662,MAT00014,28,66.26,1855.28,Delivered
POI00003391,PO0001662,MAT00011,16,58.34,933.44,Delivered
POI00003392,PO0001663,MAT00070,109,144.88,15791.92,Delivered
POI00003393,PO0001663,MAT00257,18,441.01,7938.18,Delivered
POI00003394,PO0001664,MAT00239,3,640.13,1920.39,Delivered
POI00003395,PO0001665,MAT00244,14,170.31,2384.34,Delivered
POI00003396,PO0001666,MAT00234,225,237.23,53376.75,Delivered
POI00003397,PO0001666,MAT00248,35,483.93,16937.55,Delivered
POI00003398,PO0001666,MAT00234,20,267.82,5356.4,Delivered
POI00003399,PO0001667,MAT00103,10,96.72,967.2,Delivered
POI00003400,PO0001668,MAT00210,51,344.59,17574.09,Delivered
POI00003401,PO0001669,MAT00089,41,459.66,18846.06,Delivered
POI00003402,PO0001669,MAT00089,75,446.16,33462.0,Delivered
POI00003403,PO0001670,MAT00267,32,751.15,24036.8,Delivered
POI00003404,PO0001671,MAT00249,11,275.96,3035.56,Delivered
POI00003405,PO0001671,MAT00246,8,280.31,2242.48,Delivered
POI00003406,PO0001672,MAT00187,14,341.56,4781.84,Delivered
POI00003407,PO0001672,MAT00195,17,162.39,2760.63,Delivered
POI00003408,PO0001673,MAT00285,116,72.35,8392.6,Partially Delivered
POI00003409,PO0001673,MAT00298,106,34.87,3696.22,Partially Delivered
POI00003410,PO0001674,MAT00018,44,327.7,14418.8,Delivered
POI00003411,PO0001675,MAT00029,37,197.88,7321.56,Delivered
POI00003412,PO0001675,MAT00042,16,45.2,723.2,Delivered
POI00003413,PO0001676,MAT00273,123,465.12,57209.76,Partially Delivered
POI00003414,PO0001677,MAT00123,19,516.65,9816.35,Pending
POI00003415,PO0001678,MAT00097,20,721.18,14423.6,Delivered
POI00003416,PO0001678,MAT00088,61,1153.21,70345.81,Delivered
POI00003417,PO0001678,MAT00097,10,646.33,6463.3,Delivered
POI00003418,PO0001678,MAT00088,16,1190.11,19041.76,Delivered
POI00003419,PO0001679,MAT00237,70,890.55,62338.5,Delivered
POI00003420,PO0001680,MAT00016,38,496.22,18856.36,Delivered
POI00003421,PO0001680,MAT00013,13,108.27,1407.51,Pending
POI00003422,PO0001680,MAT00013,37,107.45,3975.65,Delivered
POI00003423,PO0001681,MAT00089,75,510.29,38271.75,Pending
POI00003424,PO0001682,MAT00158,98,1348.82,132184.36,Delivered
POI00003425,PO0001682,MAT00158,199,1420.28,282635.72,Delivered
POI00003426,PO0001682,MAT00158,98,1432.74,140408.52,Delivered
POI00003427,PO0001683,MAT00259,83,272.14,22587.62,Delivered
POI00003428,PO0001683,MAT00264,2,714.36,1428.72,Delivered
POI00003429,PO0001684,MAT00158,27,1287.9,34773.3,Delivered
POI00003430,PO0001684,MAT00158,22,1262.86,27782.92,Delivered
POI00003431,PO0001684,MAT00158,24,1190.1,28562.4,Delivered
POI00003432,PO0001685,MAT00242,6,178.89,1073.34,Partially Delivered
POI00003433,PO0001685,MAT00235,13,277.01,3601.13,Pending
POI00003434,PO0001685,MAT00235,6,252.44,1514.64,Pending
POI00003435,PO0001685,MAT00242,6,153.41,920.46,Pending
POI00003436,PO0001686,MAT00207,167,188.93,31551.31,Delivered
POI00003437,PO0001686,MAT00204,13,1397.68,18169.84,Delivered
POI00003438,PO0001687,MAT00100,11,997.85,10976.35,Delivered
POI00003439,PO0001687,MAT00082,88,155.97,13725.36,Delivered
POI00003440,PO0001688,MAT00210,22,314.97,6929.34,Delivered
POI00003441,PO0001688,MAT00210,4,338.91,1355.64,Delivered
POI00003442,PO0001689,MAT00217,34,143.61,4882.74,Delivered
POI00003443,PO0001689,MAT00217,26,149.44,3885.44,Delivered
POI00003444,PO0001690,MAT00189,54,108.39,5853.06,Delivered
POI00003445,PO0001690,MAT00189,131,128.84,16878.04,Delivered
POI00003446,PO0001691,MAT00017,241,431.55,104003.55,Delivered
POI00003447,PO0001691,MAT00205,64,131.78,8433.92,Delivered
POI00003448,PO0001691,MAT00196,29,522.31,15146.99,Delivered
POI00003449,PO0001692,MAT00013,32,124.56,3985.92,Delivered
POI00003450,PO0001692,MAT00016,6,590.43,3542.58,Delivered
POI00003451,PO0001692,MAT00016,45,509.47,22926.15,Delivered
POI00003452,PO0001693,MAT00012,4,410.08,1640.32,Delivered
POI00003453,PO0001693,MAT00020,11,393.59,4329.49,Delivered
POI00003454,PO0001693,MAT00024,16,112.32,1797.12,Delivered
POI00003455,PO0001693,MAT00024,8,130.08,1040.64,Delivered
POI00003456,PO0001694,MAT00295,39,94.16,3672.24,Delivered
POI00003457,PO0001695,MAT00174,12,300.84,3610.08,Delivered
POI00003458,PO0001696,MAT00021,87,102.73,8937.51,Partially Delivered
POI00003459,PO0001696,MAT00001,24,55.66,1335.84,Pending
POI00003460,PO0001696,MAT00007,12,763.2,9158.4,Delivered
POI00003461,PO0001697,MAT00237,41,895.78,36726.98,Pending
POI00003462,PO0001697,MAT00231,50,378.89,18944.5,Partially Delivered
POI00003463,PO0001698,MAT00051,36,76.14,2741.04,Pending
POI00003464,PO0001699,MAT00189,32,117.81,3769.92,Delivered
POI00003465,PO0001700,MAT00058,11,55.47,610.17,Delivered
POI00003466,PO0001700,MAT00060,30,141.16,4234.8,Delivered
POI00003467,PO0001701,MAT00249,8,262.62,2100.96,Delivered
POI00003468,PO0001701,MAT00250,5,2711.42,13557.1,Delivered
POI00003469,PO0001702,MAT00163,24,144.85,3476.4,Delivered
POI00003470,PO0001702,MAT00170,15,74.52,1117.8,Delivered
POI00003471,PO0001703,MAT00194,56,796.61,44610.16,Pending
POI00003472,PO0001704,MAT00262,14,668.76,9362.64,Delivered
POI00003473,PO0001705,MAT00130,292,83.34,24335.28,Delivered
POI00003474,PO0001706,MAT00275,23,289.87,6667.01,Partially Delivered
POI00003475,PO0001706,MAT00252,7,789.79,5528.53,Pending
POI00003476,PO0001707,MAT00281,45,63.87,2874.15,Delivered
POI00003477,PO0001708,MAT00237,2,921.6,1843.2,Partially Delivered
POI00003478,PO0001708,MAT00237,25,792.54,19813.5,Partially Delivered
POI00003479,PO0001708,MAT00237,5,871.03,4355.15,Cancelled
POI00003480,PO0001709,MAT00026,24,618.83,14851.92,Pending
POI00003481,PO0001709,MAT00020,19,376.58,7155.02,Partially Delivered
POI00003482,PO0001710,MAT00137,20,231.48,4629.6,Pending
POI00003483,PO0001711,MAT00089,11,491.37,5405.07,Pending
POI00003484,PO0001711,MAT00089,65,539.95,35096.75,Pending
POI00003485,PO0001712,MAT00211,10,325.26,3252.6,Delivered
POI00003486,PO0001713,MAT00172,16,87.2,1395.2,Cancelled
POI00003487,PO0001714,MAT00071,16,208.8,3340.8,Delivered
POI00003488,PO0001714,MAT00053,25,998.03,24950.75,Delivered
POI00003489,PO0001714,MAT00073,16,539.59,8633.44,Delivered
POI00003490,PO0001714,MAT00070,25,126.6,3165.0,Delivered
POI00003491,PO0001715,MAT00285,35,74.14,2594.9,Delivered
POI00003492,PO0001715,MAT00020,14,365.86,5122.04,Delivered
POI00003493,PO0001715,MAT00097,31,569.83,17664.73,Delivered
POI00003494,PO0001716,MAT00052,20,658.74,13174.8,Pending
POI00003495,PO0001717,MAT00024,24,110.98,2663.52,Delivered
POI00003496,PO0001717,MAT00012,8,414.54,3316.32,Delivered
POI00003497,PO0001717,MAT00020,23,374.82,8620.86,Delivered
POI00003498,PO0001718,MAT00200,20,76.67,1533.4,Delivered
POI00003499,PO0001718,MAT00187,33,293.66,9690.78,Delivered
POI00003500,PO0001718,MAT00198,24,891.74,21401.76,Partially Delivered
POI00003501,PO0001718,MAT00195,5,163.23,816.15,Pending
POI00003502,PO0001719,MAT00266,4,444.88,1779.52,Delivered
POI00003503,PO0001719,MAT00257,15,442.59,6638.85,Delivered
POI00003504,PO0001719,MAT00271,13,190.27,2473.51,Delivered
POI00003505,PO0001720,MAT00026,85,566.32,48137.2,Delivered
POI00003506,PO0001720,MAT00027,22,172.42,3793.24,Delivered
POI00003507,PO0001720,MAT00035,66,654.39,43189.74,Delivered
POI00003508,PO0001721,MAT00245,63,81.24,5118.12,Delivered
POI00003509,PO0001721,MAT00245,14,93.23,1305.22,Delivered
POI00003510,PO0001721,MAT00245,6,100.28,601.68,Delivered
POI00003511,PO0001721,MAT00245,5,96.57,482.85,Delivered
POI00003512,PO0001722,MAT00202,10,66.77,667.7,Delivered
POI00003513,PO0001722,MAT00214,4,684.01,2736.04,Cancelled
POI00003514,PO0001723,MAT00064,38,142.19,5403.22,Delivered
POI00003515,PO0001723,MAT00057,47,159.12,7478.64,Delivered
POI00003516,PO0001723,MAT00062,14,71.11,995.54,Delivered
POI00003517,PO0001724,MAT00051,35,75.43,2640.05,Delivered
POI00003518,PO0001725,MAT00175,27,1836.65,49589.55,Delivered
POI00003519,PO0001725,MAT00161,31,349.25,10826.75,Delivered
POI00003520,PO0001725,MAT00151,85,299.31,25441.35,Delivered
POI00003521,PO0001726,MAT00274,41,308.07,12630.87,Delivered
POI00003522,PO0001727,MAT00265,47,670.82,31528.54,Delivered
POI00003523,PO0001727,MAT00253,7,106.24,743.68,Delivered
POI00003524,PO0001728,MAT00237,3,899.8,2699.4,Cancelled
POI00003525,PO0001728,MAT00231,7,353.27,2472.89,Pending
POI00003526,PO0001729,MAT00186,15,275.82,4137.3,Cancelled
POI00003527,PO0001729,MAT00186,36,250.44,9015.84,Partially Delivered
POI00003528,PO0001729,MAT00186,5,270.3,1351.5,Pending
POI00003529,PO0001730,MAT00291,78,272.43,21249.54,Pending
POI00003530,PO0001731,MAT00167,20,164.43,3288.6,Delivered
POI00003531,PO0001731,MAT00169,2,357.52,715.04,Delivered
POI00003532,PO0001731,MAT00162,14,2623.29,36726.06,Delivered
POI00003533,PO0001731,MAT00157,64,39.67,2538.88,Delivered
POI00003534,PO0001732,MAT00245,37,101.62,3759.94,Pending
POI00003535,PO0001732,MAT00245,17,81.2,1380.4,Delivered
POI00003536,PO0001732,MAT00240,48,611.47,29350.56,Pending
POI00003537,PO0001733,MAT00246,16,348.62,5577.92,Delivered
POI00003538,PO0001733,MAT00250,40,3011.39,120455.6,Delivered
POI00003539,PO0001733,MAT00244,10,210.38,2103.8,Delivered
POI00003540,PO0001734,MAT00093,22,598.12,13158.64,Delivered
POI00003541,PO0001734,MAT00093,9,549.13,4942.17,Delivered
POI00003542,PO0001735,MAT00029,25,180.4,4510.0,Partially Delivered
POI00003543,PO0001735,MAT00042,9,48.57,437.13,Cancelled
POI00003544,PO0001735,MAT00048,86,220.27,18943.22,Cancelled
POI00003545,PO0001736,MAT00129,9,107.13,964.17,Delivered
POI00003546,PO0001736,MAT00133,17,97.65,1660.05,Delivered
POI00003547,PO0001736,MAT00126,24,214.94,5158.56,Delivered
POI00003548,PO0001737,MAT00093,17,531.83,9041.11,Delivered
POI00003549,PO0001737,MAT00093,36,535.92,19293.12,Delivered
POI00003550,PO0001737,MAT00093,6,549.01,3294.06,Delivered
POI00003551,PO0001738,MAT00222,15,231.52,3472.8,Delivered
POI00003552,PO0001739,MAT00053,1,827.05,827.05,Delivered
POI00003553,PO0001739,MAT00071,8,184.84,1478.72,Partially Delivered
POI00003554,PO0001739,MAT00070,4,141.69,566.76,Delivered
POI00003555,PO0001740,MAT00261,6,3121.37,18728.22,Delivered
POI00003556,PO0001740,MAT00272,16,1152.53,18440.48,Delivered
POI00003557,PO0001740,MAT00253,3,101.4,304.2,Delivered
POI00003558,PO0001741,MAT00158,44,1493.64,65720.16,Delivered
POI00003559,PO0001741,MAT00158,89,1450.64,129106.96,Delivered
POI00003560,PO0001741,MAT00158,8,1441.3,11530.4,Pending
POI00003561,PO0001742,MAT00252,21,724.29,15210.09,Delivered
POI00003562,PO0001742,MAT00275,29,275.97,8003.13,Partially Delivered
POI00003563,PO0001743,MAT00065,25,122.98,3074.5,Cancelled
POI00003564,PO0001744,MAT00215,33,145.32,4795.56,Delivered
POI00003565,PO0001745,MAT00287,2,398.01,796.02,Partially Delivered
POI00003566,PO0001745,MAT00290,32,1700.71,54422.72,Pending
POI00003567,PO0001745,MAT00292,9,141.72,1275.48,Cancelled
POI00003568,PO0001746,MAT00053,48,866.84,41608.32,Delivered
POI00003569,PO0001746,MAT00070,18,154.43,2779.74,Delivered
POI00003570,PO0001746,MAT00071,22,179.51,3949.22,Delivered
POI00003571,PO0001747,MAT00178,9,1028.8,9259.2,Pending
POI00003572,PO0001747,MAT00182,22,49.53,1089.66,Delivered
POI00003573,PO0001748,MAT00253,16,99.73,1595.68,Delivered
POI00003574,PO0001748,MAT00069,8,251.8,2014.4,Delivered
POI00003575,PO0001749,MAT00201,11,143.14,1574.54,Delivered
POI00003576,PO0001749,MAT00201,37,162.58,6015.46,Pending
POI00003577,PO0001750,MAT00019,15,343.72,5155.8,Cancelled
POI00003578,PO0001750,MAT00019,11,299.75,3297.25,Delivered
POI00003579,PO0001750,MAT00002,13,113.12,1470.56,Delivered
POI00003580,PO0001751,MAT00004,105,255.73,26851.65,Delivered
POI00003581,PO0001752,MAT00284,19,311.98,5927.62,Delivered
POI00003582,PO0001752,MAT00291,34,282.92,9619.28,Delivered
POI00003583,PO0001752,MAT00288,2,1002.74,2005.48,Delivered
POI00003584,PO0001753,MAT00250,16,3194.29,51108.64,Pending
POI00003585,PO0001754,MAT00275,15,303.81,4557.15,Delivered
POI00003586,PO0001754,MAT00252,9,789.29,7103.61,Delivered
POI00003587,PO0001755,MAT00124,19,137.0,2603.0,Delivered
POI00003588,PO0001755,MAT00109,53,491.38,26043.14,Delivered
POI00003589,PO0001756,MAT00062,30,77.76,2332.8,Delivered
POI00003590,PO0001756,MAT00055,12,9.43,113.16,Delivered
POI00003591,PO0001756,MAT00064,5,118.55,592.75,Delivered
POI00003592,PO0001757,MAT00245,48,99.47,4774.56,Partially Delivered
POI00003593,PO0001757,MAT00240,6,603.71,3622.26,Pending
POI00003594,PO0001758,MAT00001,54,64.52,3484.08,Delivered
POI00003595,PO0001759,MAT00081,45,106.54,4794.3,Delivered
POI00003596,PO0001759,MAT00098,20,374.03,7480.6,Delivered
POI00003597,PO0001760,MAT00012,17,355.91,6050.47,Delivered
POI00003598,PO0001761,MAT00255,10,1176.28,11762.8,Delivered
POI00003599,PO0001761,MAT00259,35,231.36,8097.6,Delivered
POI00003600,PO0001761,MAT00264,45,713.81,32121.45,Delivered
POI00003601,PO0001762,MAT00281,44,67.7,2978.8,Partially Delivered
POI00003602,PO0001762,MAT00285,148,72.71,10761.08,Delivered
POI00003603,PO0001762,MAT00298,33,33.85,1117.05,Pending
POI00003604,PO0001763,MAT00112,235,557.68,131054.8,Delivered
POI00003605,PO0001764,MAT00181,1,178.38,178.38,Delivered
POI00003606,PO0001764,MAT00180,28,286.07,8009.96,Delivered
POI00003607,PO0001764,MAT00180,7,282.26,1975.82,Delivered
POI00003608,PO0001765,MAT00219,12,107.14,1285.68,Pending
POI00003609,PO0001765,MAT00222,33,209.52,6914.16,Delivered
POI00003610,PO0001766,MAT00217,12,131.59,1579.08,Pending
POI00003611,PO0001767,MAT00273,25,480.56,12014.0,Delivered
POI00003612,PO0001767,MAT00270,32,538.65,17236.8,Delivered
POI00003613,PO0001767,MAT00263,13,481.51,6259.63,Delivered
POI00003614,PO0001767,MAT00256,11,179.93,1979.23,Delivered
POI00003615,PO0001768,MAT00085,17,648.58,11025.86,Delivered
POI00003616,PO0001769,MAT00089,21,538.81,11315.01,Delivered
POI00003617,PO0001769,MAT00089,19,554.56,10536.64,Delivered
POI00003618,PO0001770,MAT00097,68,640.73,43569.64,Delivered
POI00003619,PO0001770,MAT00088,6,1038.3,6229.8,Delivered
POI00003620,PO0001771,MAT00059,104,93.56,9730.24,Delivered
POI00003621,PO0001771,MAT00059,37,100.07,3702.59,Delivered
POI00003622,PO0001771,MAT00059,80,90.7,7256.0,Delivered
POI00003623,PO0001771,MAT00059,3,101.13,303.39,Delivered
POI00003624,PO0001772,MAT00194,9,805.1,7245.9,Delivered
POI00003625,PO0001772,MAT00188,12,129.58,1554.96,Delivered
POI00003626,PO0001773,MAT00051,9,71.6,644.4,Delivered
POI00003627,PO0001774,MAT00240,79,616.88,48733.52,Delivered
POI00003628,PO0001774,MAT00245,34,101.91,3464.94,Delivered
POI00003629,PO0001775,MAT00215,4,133.88,535.52,Delivered
POI00003630,PO0001776,MAT00211,4,285.82,1143.28,Delivered
POI00003631,PO0001776,MAT00214,226,672.21,151919.46,Delivered
POI00003632,PO0001777,MAT00170,6,70.78,424.68,Delivered
POI00003633,PO0001777,MAT00171,34,462.47,15723.98,Delivered
POI00003634,PO0001777,MAT00163,3,142.8,428.4,Delivered
POI00003635,PO0001778,MAT00055,19,9.89,187.91,Delivered
POI00003636,PO0001778,MAT00064,61,120.46,7348.06,Delivered
POI00003637,PO0001778,MAT00069,4,240.22,960.88,Delivered
POI00003638,PO0001779,MAT00227,33,224.06,7393.98,Pending
POI00003639,PO0001779,MAT00232,69,69.31,4782.39,Delivered
POI00003640,PO0001780,MAT00139,10,127.68,1276.8,Delivered
POI00003641,PO0001781,MAT00285,47,72.64,3414.08,Pending
POI00003642,PO0001781,MAT00298,196,31.45,6164.2,Partially Delivered
POI00003643,PO0001782,MAT00119,3,159.13,477.39,Pending
POI00003644,PO0001782,MAT00119,29,130.66,3789.14,Pending
POI00003645,PO0001783,MAT00078,49,106.4,5213.6,Pending
POI00003646,PO0001783,MAT00085,31,647.67,20077.77,Pending
POI00003647,PO0001784,MAT00289,119,216.48,25761.12,Delivered
POI00003648,PO0001785,MAT00275,12,271.94,3263.28,Pending
POI00003649,PO0001785,MAT00252,283,763.39,216039.37,Partially Delivered
POI00003650,PO0001786,MAT00078,30,106.43,3192.9,Partially Delivered
POI00003651,PO0001786,MAT00099,4,781.57,3126.28,Pending
POI00003652,PO0001787,MAT00209,22,293.76,6462.72,Partially Delivered
POI00003653,PO0001787,MAT00220,5,292.27,1461.35,Pending
POI00003654,PO0001788,MAT00041,2,2382.04,4764.08,Delivered
POI00003655,PO0001789,MAT00176,13,166.66,2166.58,Pending
POI00003656,PO0001790,MAT00044,10,527.86,5278.6,Partially Delivered
POI00003657,PO0001790,MAT00039,37,169.95,6288.15,Partially Delivered
POI00003658,PO0001790,MAT00039,23,201.03,4623.69,Pending
POI00003659,PO0001791,MAT00098,64,373.51,23904.64,Delivered
POI00003660,PO0001792,MAT00058,26,65.84,1711.84,Delivered
POI00003661,PO0001792,MAT00060,26,142.52,3705.52,Delivered
POI00003662,PO0001793,MAT00176,73,162.55,11866.15,Delivered
POI00003663,PO0001793,MAT00197,17,451.57,7676.69,Partially Delivered
POI00003664,PO0001794,MAT00069,38,274.38,10426.44,Delivered
POI00003665,PO0001794,MAT00064,7,118.56,829.92,Delivered
POI00003666,PO0001795,MAT00194,45,909.28,40917.6,Pending
POI00003667,PO0001795,MAT00188,42,162.14,6809.88,Partially Delivered
POI00003668,PO0001796,MAT00151,16,269.27,4308.32,Delivered
POI00003669,PO0001796,MAT00175,9,1794.35,16149.15,Delivered
POI00003670,PO0001797,MAT00270,7,484.17,3389.19,Pending
POI00003671,PO0001797,MAT00256,27,181.39,4897.53,Partially Delivered
POI00003672,PO0001798,MAT00149,15,20.73,310.95,Delivered
POI00003673,PO0001798,MAT00142,7,418.96,2932.72,Delivered
POI00003674,PO0001799,MAT00191,45,830.52,37373.4,Pending
POI00003675,PO0001799,MAT00191,43,950.3,40862.9,Cancelled
POI00003676,PO0001800,MAT00153,31,167.96,5206.76,Delivered
POI00003677,PO0001800,MAT00160,34,510.78,17366.52,Delivered
POI00003678,PO0001800,MAT00174,34,320.64,10901.76,Delivered
POI00003679,PO0001801,MAT00158,20,1426.81,28536.2,Pending
POI00003680,PO0001802,MAT00058,55,61.98,3408.9,Delivered
POI00003681,PO0001802,MAT00051,16,77.33,1237.28,Delivered
POI00003682,PO0001803,MAT00095,4,33.51,134.04,Delivered
POI00003683,PO0001803,MAT00095,17,27.25,463.25,Delivered
POI00003684,PO0001803,MAT00096,14,294.25,4119.5,Delivered
POI00003685,PO0001804,MAT00248,29,492.14,14272.06,Partially Delivered
POI00003686,PO0001804,MAT00234,25,272.5,6812.5,Cancelled
POI00003687,PO0001805,MAT00088,41,1164.8,47756.8,Partially Delivered
POI00003688,PO0001805,MAT00097,19,589.27,11196.13,Delivered
POI00003689,PO0001805,MAT00097,26,619.04,16095.04,Delivered
POI00003690,PO0001806,MAT00235,105,264.02,27722.1,Delivered
POI00003691,PO0001806,MAT00242,166,177.18,29411.88,Delivered
POI00003692,PO0001807,MAT00224,33,1493.15,49273.95,Delivered
POI00003693,PO0001808,MAT00292,7,124.5,871.5,Delivered
POI00003694,PO0001808,MAT00295,86,101.0,8686.0,Delivered
POI00003695,PO0001808,MAT00287,8,426.23,3409.84,Delivered
POI00003696,PO0001809,MAT00093,10,527.26,5272.6,Delivered
POI00003697,PO0001809,MAT00093,21,651.68,13685.28,Delivered
POI00003698,PO0001810,MAT00158,30,1333.88,40016.4,Partially Delivered
POI00003699,PO0001810,MAT00158,12,1323.56,15882.72,Partially Delivered
POI00003700,PO0001811,MAT00201,1,149.45,149.45,Delivered
POI00003701,PO0001811,MAT00201,27,150.28,4057.56,Delivered
POI00003702,PO0001811,MAT00201,316,161.61,51068.76,Delivered
POI00003703,PO0001812,MAT00065,23,129.12,2969.76,Partially Delivered
POI00003704,PO0001812,MAT00075,18,102.85,1851.3,Pending
POI00003705,PO0001813,MAT00300,89,533.54,47485.06,Delivered
POI00003706,PO0001814,MAT00245,10,100.39,1003.9,Delivered
POI00003707,PO0001814,MAT00240,52,607.73,31601.96,Delivered
POI00003708,PO0001815,MAT00285,28,63.11,1767.08,Delivered
POI00003709,PO0001815,MAT00281,11,68.8,756.8,Delivered
POI00003710,PO0001815,MAT00298,62,36.12,2239.44,Delivered
POI00003711,PO0001816,MAT00151,15,299.71,4495.65,Delivered
POI00003712,PO0001817,MAT00212,26,47.47,1234.22,Delivered
POI00003713,PO0001817,MAT00218,39,58.81,2293.59,Delivered
POI00003714,PO0001818,MAT00002,24,117.6,2822.4,Delivered
POI00003715,PO0001818,MAT00019,47,350.82,16488.54,Delivered
POI00003716,PO0001818,MAT00002,38,121.01,4598.38,Delivered
POI00003717,PO0001819,MAT00194,25,862.52,21563.0,Delivered
POI00003718,PO0001819,MAT00188,15,153.22,2298.3,Delivered
POI00003719,PO0001820,MAT00206,13,673.55,8756.15,Delivered
POI00003720,PO0001820,MAT00039,6,176.95,1061.7,Delivered
POI00003721,PO0001820,MAT00209,10,317.81,3178.1,Delivered
POI00003722,PO0001820,MAT00104,35,414.66,14513.1,Delivered
POI00003723,PO0001821,MAT00220,42,310.84,13055.28,Delivered
POI00003724,PO0001822,MAT00280,4,545.07,2180.28,Pending
POI00003725,PO0001823,MAT00041,56,2425.1,135805.6,Delivered
POI00003726,PO0001824,MAT00177,36,281.06,10118.16,Cancelled
POI00003727,PO0001824,MAT00193,57,78.04,4448.28,Delivered
POI00003728,PO0001824,MAT00177,12,281.08,3372.96,Pending
POI00003729,PO0001825,MAT00089,3,499.08,1497.24,Delivered
POI00003730,PO0001825,MAT00089,17,473.95,8057.15,Delivered
POI00003731,PO0001825,MAT00089,94,488.17,45887.98,Delivered
POI00003732,PO0001826,MAT00186,16,259.55,4152.8,Partially Delivered
POI00003733,PO0001826,MAT00186,4,277.72,1110.88,Delivered
POI00003734,PO0001826,MAT00186,17,267.68,4550.56,Partially Delivered
POI00003735,PO0001827,MAT00063,3,226.0,678.0,Delivered
POI00003736,PO0001827,MAT00068,13,147.37,1915.81,Pending
POI00003737,PO0001827,MAT00074,98,206.52,20238.96,Delivered
POI00003738,PO0001827,MAT00072,12,607.75,7293.0,Delivered
POI00003739,PO0001828,MAT00168,27,101.96,2752.92,Partially Delivered
POI00003740,PO0001828,MAT00164,52,102.36,5322.72,Delivered
POI00003741,PO0001829,MAT00158,24,1245.85,29900.4,Delivered
POI00003742,PO0001829,MAT00158,52,1376.76,71591.52,Delivered
POI00003743,PO0001830,MAT00072,8,620.4,4963.2,Delivered
POI00003744,PO0001830,MAT00063,7,203.13,1421.91,Delivered
POI00003745,PO0001831,MAT00031,20,159.37,3187.4,Delivered
POI00003746,PO0001831,MAT00033,52,91.65,4765.8,Delivered
POI00003747,PO0001832,MAT00041,25,2837.11,70927.75,Delivered
POI00003748,PO0001832,MAT00046,53,449.41,23818.73,Delivered
POI00003749,PO0001833,MAT00253,21,103.85,2180.85,Delivered
POI00003750,PO0001833,MAT00265,6,668.53,4011.18,Delivered
POI00003751,PO0001833,MAT00261,3,3324.4,9973.2,Delivered
POI00003752,PO0001833,MAT00258,16,103.66,1658.56,Delivered
POI00003753,PO0001834,MAT00049,44,67.52,2970.88,Delivered
POI00003754,PO0001834,MAT00047,15,134.78,2021.7,Delivered
POI00003755,PO0001835,MAT00052,12,749.39,8992.68,Pending
POI00003756,PO0001836,MAT00206,19,812.11,15430.09,Delivered
POI00003757,PO0001837,MAT00132,28,98.5,2758.0,Partially Delivered
POI00003758,PO0001838,MAT00059,13,100.15,1301.95,Delivered
POI00003759,PO0001838,MAT00059,14,101.05,1414.7,Delivered
POI00003760,PO0001839,MAT00216,3,107.08,321.24,Delivered
POI00003761,PO0001840,MAT00196,12,505.47,6065.64,Delivered
POI00003762,PO0001840,MAT00176,26,139.56,3628.56,Delivered
POI00003763,PO0001841,MAT00012,48,416.22,19978.56,Delivered
POI00003764,PO0001841,MAT00020,23,449.64,10341.72,Partially Delivered
POI00003765,PO0001841,MAT00012,19,373.5,7096.5,Pending
POI00003766,PO0001841,MAT00024,51,122.29,6236.79,Pending
POI00003767,PO0001842,MAT00189,16,124.21,1987.36,Pending
POI00003768,PO0001843,MAT00045,24,262.69,6304.56,Delivered
POI00003769,PO0001843,MAT00030,12,215.15,2581.8,Delivered
POI00003770,PO0001844,MAT00188,13,127.78,1661.14,Delivered
POI00003771,PO0001844,MAT00194,17,848.55,14425.35,Delivered
POI00003772,PO0001844,MAT00194,21,915.35,19222.35,Delivered
POI00003773,PO0001844,MAT00188,2,132.13,264.26,Delivered
POI00003774,PO0001845,MAT00193,28,79.29,2220.12,Delivered
POI00003775,PO0001845,MAT00177,30,294.66,8839.8,Delivered
POI00003776,PO0001845,MAT00193,42,87.8,3687.6,Delivered
POI00003777,PO0001845,MAT00177,8,284.34,2274.72,Delivered
POI00003778,PO0001846,MAT00173,53,263.08,13943.24,Delivered
POI00003779,PO0001847,MAT00029,20,209.76,4195.2,Delivered
POI00003780,PO0001848,MAT00005,16,258.31,4132.96,Pending
POI00003781,PO0001848,MAT00009,21,491.54,10322.34,Pending
POI00003782,PO0001849,MAT00110,51,528.81,26969.31,Delivered
POI00003783,PO0001850,MAT00003,13,1562.92,20317.96,Delivered
POI00003784,PO0001851,MAT00184,68,548.2,37277.6,Delivered
POI00003785,PO0001852,MAT00137,2,256.34,512.68,Partially Delivered
POI00003786,PO0001852,MAT00183,4,15.04,60.16,Pending
POI00003787,PO0001852,MAT00011,19,58.27,1107.13,Delivered
POI00003788,PO0001852,MAT00204,14,1206.24,16887.36,Delivered
POI00003789,PO0001853,MAT00002,16,100.89,1614.24,Delivered
POI00003790,PO0001854,MAT00111,3,68.38,205.14,Delivered
POI00003791,PO0001854,MAT00111,12,79.38,952.56,Cancelled
POI00003792,PO0001854,MAT00111,14,72.59,1016.26,Partially Delivered
POI00003793,PO0001855,MAT00261,38,2912.72,110683.36,Delivered
POI00003794,PO0001855,MAT00267,59,898.99,53040.41,Delivered
POI00003795,PO0001856,MAT00172,29,77.0,2233.0,Delivered
POI00003796,PO0001857,MAT00216,21,124.0,2604.0,Delivered
POI00003797,PO0001858,MAT00095,11,32.21,354.31,Delivered
POI00003798,PO0001858,MAT00096,9,282.53,2542.77,Delivered
POI00003799,PO0001859,MAT00092,7,618.76,4331.32,Delivered
POI00003800,PO0001859,MAT00079,3,584.87,1754.61,Pending
POI00003801,PO0001860,MAT00111,16,68.46,1095.36,Delivered
POI00003802,PO0001860,MAT00111,16,69.72,1115.52,Delivered
POI00003803,PO0001860,MAT00111,11,82.22,904.42,Delivered
POI00003804,PO0001860,MAT00111,15,68.95,1034.25,Delivered
POI00003805,PO0001861,MAT00234,16,262.85,4205.6,Delivered
POI00003806,PO0001862,MAT00079,16,742.49,11879.84,Delivered
POI00003807,PO0001862,MAT00092,16,630.8,10092.8,Partially Delivered
POI00003808,PO0001862,MAT00091,5,245.74,1228.7,Partially Delivered
POI00003809,PO0001862,MAT00076,30,80.24,2407.2,Partially Delivered
POI00003810,PO0001863,MAT00044,24,475.28,11406.72,Delivered
POI00003811,PO0001863,MAT00039,9,201.11,1809.99,Delivered
POI00003812,PO0001864,MAT00121,5,2003.43,10017.15,Delivered
POI00003813,PO0001864,MAT00198,16,803.37,12853.92,Delivered
POI00003814,PO0001864,MAT00069,4,230.92,923.68,Delivered
POI00003815,PO0001864,MAT00193,25,80.2,2005.0,Delivered
POI00003816,PO0001865,MAT00177,230,263.41,60584.3,Pending
POI00003817,PO0001866,MAT00051,40,67.49,2699.6,Delivered
POI00003818,PO0001867,MAT00242,47,170.43,8010.21,Delivered
POI00003819,PO0001867,MAT00235,13,274.54,3569.02,Delivered
POI00003820,PO0001867,MAT00242,77,158.62,12213.74,Delivered
POI00003821,PO0001868,MAT00109,76,423.13,32157.88,Delivered
POI00003822,PO0001868,MAT00115,8,31.41,251.28,Delivered
POI00003823,PO0001868,MAT00118,4,591.82,2367.28,Delivered
POI00003824,PO0001869,MAT00231,26,343.44,8929.44,Delivered
POI00003825,PO0001869,MAT00237,3,847.22,2541.66,Delivered
POI00003826,PO0001869,MAT00237,20,964.42,19288.4,Delivered
POI00003827,PO0001870,MAT00083,29,53.76,1559.04,Delivered
POI00003828,PO0001870,MAT00080,17,192.49,3272.33,Delivered
POI00003829,PO0001871,MAT00283,8,59.4,475.2,Partially Delivered
POI00003830,PO0001871,MAT00282,16,253.22,4051.52,Pending
POI00003831,PO0001872,MAT00274,12,269.11,3229.32,Delivered
POI00003832,PO0001872,MAT00273,142,438.55,62274.1,Delivered
POI00003833,PO0001872,MAT00270,29,532.32,15437.28,Delivered
POI00003834,PO0001872,MAT00256,102,161.1,16432.2,Delivered
POI00003835,PO0001873,MAT00093,15,589.29,8839.35,Pending
POI00003836,PO0001873,MAT00093,18,578.88,10419.84,Delivered
POI00003837,PO0001873,MAT00093,18,585.99,10547.82,Cancelled
POI00003838,PO0001874,MAT00018,11,323.18,3554.98,Delivered
POI00003839,PO0001874,MAT00012,34,417.55,14196.7,Delivered
POI00003840,PO0001875,MAT00129,25,112.42,2810.5,Delivered
POI00003841,PO0001875,MAT00143,14,52.19,730.66,Delivered
POI00003842,PO0001876,MAT00051,30,64.39,1931.7,Partially Delivered
POI00003843,PO0001876,MAT00251,5,140.35,701.75,Delivered
POI00003844,PO0001876,MAT00178,6,1157.3,6943.8,Pending
POI00003845,PO0001877,MAT00180,44,251.73,11076.12,Partially Delivered
POI00003846,PO0001877,MAT00181,42,167.05,7016.1,Delivered
POI00003847,PO0001878,MAT00236,17,180.53,3069.01,Delivered
POI00003848,PO0001878,MAT00239,73,709.59,51800.07,Delivered
POI00003849,PO0001878,MAT00243,5,1074.19,5370.95,Delivered
POI00003850,PO0001878,MAT00233,17,256.38,4358.46,Delivered
POI00003851,PO0001879,MAT00186,28,283.2,7929.6,Delivered
POI00003852,PO0001879,MAT00186,11,268.29,2951.19,Delivered
POI00003853,PO0001880,MAT00081,26,103.13,2681.38,Delivered
POI00003854,PO0001880,MAT00087,37,363.97,13466.89,Delivered
POI00003855,PO0001881,MAT00212,25,45.1,1127.5,Delivered
POI00003856,PO0001881,MAT00216,18,134.21,2415.78,Delivered
POI00003857,PO0001881,MAT00218,4,58.29,233.16,Pending
POI00003858,PO0001882,MAT00058,12,64.89,778.68,Partially Delivered
POI00003859,PO0001882,MAT00051,74,72.82,5388.68,Delivered
POI00003860,PO0001882,MAT00052,21,626.83,13163.43,Cancelled
POI00003861,PO0001883,MAT00246,39,320.23,12488.97,Partially Delivered
POI00003862,PO0001883,MAT00244,2,202.25,404.5,Delivered
POI00003863,PO0001883,MAT00249,11,285.52,3140.72,Pending
POI00003864,PO0001883,MAT00250,3,3119.99,9359.97,Cancelled
POI00003865,PO0001884,MAT00153,13,141.77,1843.01,Delivered
POI00003866,PO0001884,MAT00174,34,325.75,11075.5,Delivered
POI00003867,PO0001884,MAT00156,10,168.0,1680.0,Delivered
POI00003868,PO0001885,MAT00234,18,286.58,5158.44,Delivered
POI00003869,PO0001885,MAT00234,86,282.55,24299.3,Delivered
POI00003870,PO0001885,MAT00234,46,233.19,10726.74,Delivered
POI00003871,PO0001886,MAT00105,15,56.71,850.65,Pending
POI00003872,PO0001886,MAT00120,12,88.5,1062.0,Pending
POI00003873,PO0001887,MAT00096,78,312.17,24349.26,Delivered
POI00003874,PO0001887,MAT00095,11,29.18,320.98,Delivered
POI00003875,PO0001888,MAT00063,25,193.81,4845.25,Delivered
POI00003876,PO0001888,MAT00031,15,166.07,2491.05,Delivered
POI00003877,PO0001889,MAT00181,13,190.81,2480.53,Delivered
POI00003878,PO0001890,MAT00274,4,338.36,1353.44,Delivered
POI00003879,PO0001891,MAT00079,1,728.28,728.28,Delivered
POI00003880,PO0001891,MAT00076,10,82.52,825.2,Delivered
POI00003881,PO0001892,MAT00013,47,100.68,4731.96,Delivered
POI00003882,PO0001893,MAT00262,36,720.88,25951.68,Cancelled
POI00003883,PO0001893,MAT00262,5,764.83,3824.15,Delivered
POI00003884,PO0001893,MAT00262,9,732.5,6592.5,Delivered
POI00003885,PO0001893,MAT00262,43,758.03,32595.29,Cancelled
POI00003886,PO0001894,MAT00188,24,141.58,3397.92,Delivered
POI00003887,PO0001894,MAT00194,6,1002.89,6017.34,Delivered
POI00003888,PO0001895,MAT00059,24,93.53,2244.72,Pending
POI00003889,PO0001895,MAT00059,9,102.36,921.24,Pending
POI00003890,PO0001896,MAT00171,17,449.16,7635.72,Delivered
POI00003891,PO0001897,MAT00095,18,28.97,521.46,Delivered
POI00003892,PO0001897,MAT00096,126,269.74,33987.24,Delivered
POI00003893,PO0001897,MAT00095,17,30.17,512.89,Delivered
POI00003894,PO0001897,MAT00096,39,323.37,12611.43,Delivered
POI00003895,PO0001898,MAT00240,36,628.52,22626.72,Delivered
POI00003896,PO0001898,MAT00245,17,89.47,1520.99,Delivered
POI00003897,PO0001899,MAT00162,90,2366.01,212940.9,Delivered
POI00003898,PO0001899,MAT00167,24,177.74,4265.76,Delivered
POI00003899,PO0001899,MAT00152,13,318.59,4141.67,Partially Delivered
POI00003900,PO0001900,MAT00037,47,460.81,21658.07,Cancelled
POI00003901,PO0001900,MAT00031,6,160.38,962.28,Pending
POI00003902,PO0001900,MAT00028,7,97.54,682.78,Partially Delivered
POI00003903,PO0001901,MAT00256,17,160.22,2723.74,Cancelled
POI00003904,PO0001901,MAT00263,9,465.51,4189.59,Delivered
POI00003905,PO0001901,MAT00274,12,295.39,3544.68,Delivered
POI00003906,PO0001902,MAT00262,46,763.56,35123.76,Pending
POI00003907,PO0001902,MAT00262,2,671.36,1342.72,Pending
POI00003908,PO0001903,MAT00255,28,1302.26,36463.28,Pending
POI00003909,PO0001903,MAT00259,27,263.03,7101.81,Pending
POI00003910,PO0001903,MAT00264,14,834.74,11686.36,Pending
POI00003911,PO0001904,MAT00178,20,1120.2,22404.0,Delivered
POI00003912,PO0001904,MAT00182,18,54.41,979.38,Delivered
POI00003913,PO0001905,MAT00261,14,3418.07,47852.98,Delivered
POI00003914,PO0001906,MAT00187,24,311.94,7486.56,Partially Delivered
POI00003915,PO0001906,MAT00198,56,896.32,50193.92,Delivered
POI00003916,PO0001906,MAT00195,12,135.36,1624.32,Cancelled
POI00003917,PO0001907,MAT00016,43,482.87,20763.41,Delivered
POI00003918,PO0001908,MAT00088,1,1101.3,1101.3,Partially Delivered
POI00003919,PO0001908,MAT00088,7,1025.58,7179.06,Pending
POI00003920,PO0001908,MAT00097,12,607.98,7295.76,Pending
POI00003921,PO0001908,MAT00088,47,1298.4,61024.8,Delivered
POI00003922,PO0001909,MAT00226,39,46.05,1795.95,Delivered
POI00003923,PO0001910,MAT00035,4,716.58,2866.32,Pending
POI00003924,PO0001911,MAT00183,51,16.7,851.7,Delivered
POI00003925,PO0001912,MAT00098,40,402.14,16085.6,Delivered
POI00003926,PO0001912,MAT00087,9,371.76,3345.84,Delivered
POI00003927,PO0001912,MAT00086,15,83.77,1256.55,Delivered
POI00003928,PO0001913,MAT00090,6,249.47,1496.82,Pending
POI00003929,PO0001913,MAT00080,19,201.77,3833.63,Delivered
POI00003930,PO0001913,MAT00083,476,60.83,28955.08,Delivered
POI00003931,PO0001914,MAT00242,19,184.38,3503.22,Partially Delivered
POI00003932,PO0001915,MAT00272,20,1292.44,25848.8,Delivered
POI00003933,PO0001916,MAT00251,1,142.67,142.67,Delivered
POI00003934,PO0001916,MAT00030,7,258.35,1808.45,Delivered
POI00003935,PO0001917,MAT00201,36,154.78,5572.08,Partially Delivered
POI00003936,PO0001918,MAT00018,25,316.0,7900.0,Delivered
POI00003937,PO0001918,MAT00008,7,105.37,737.59,Delivered
POI00003938,PO0001919,MAT00131,12,248.68,2984.16,Delivered
POI00003939,PO0001920,MAT00253,49,110.96,5437.04,Cancelled
POI00003940,PO0001920,MAT00174,16,339.47,5431.52,Pending
POI00003941,PO0001921,MAT00148,21,85.75,1800.75,Delivered
POI00003942,PO0001922,MAT00136,8,156.41,1251.28,Delivered
POI00003943,PO0001922,MAT00130,16,91.24,1459.84,Delivered
POI00003944,PO0001923,MAT00075,18,116.86,2103.48,Delivered
POI00003945,PO0001923,MAT00065,16,143.93,2302.88,Delivered
POI00003946,PO0001924,MAT00295,46,99.13,4559.98,Delivered
POI00003947,PO0001925,MAT00226,30,50.52,1515.6,Delivered
POI00003948,PO0001926,MAT00227,4,234.72,938.88,Delivered
POI00003949,PO0001927,MAT00238,19,159.55,3031.45,Delivered
POI00003950,PO0001928,MAT00186,41,264.73,10853.93,Delivered
POI00003951,PO0001929,MAT00002,22,104.48,2298.56,Delivered
POI00003952,PO0001930,MAT00013,45,103.49,4657.05,Partially Delivered
POI00003953,PO0001930,MAT00013,26,121.96,3170.96,Partially Delivered
POI00003954,PO0001930,MAT00016,28,540.37,15130.36,Partially Delivered
POI00003955,PO0001931,MAT00111,48,78.12,3749.76,Delivered
POI00003956,PO0001931,MAT00111,35,84.42,2954.7,Pending
POI00003957,PO0001931,MAT00111,13,71.64,931.32,Pending
POI00003958,PO0001931,MAT00111,50,75.52,3776.0,Pending
POI00003959,PO0001932,MAT00090,5,262.02,1310.1,Delivered
POI00003960,PO0001933,MAT00201,11,135.05,1485.55,Pending
POI00003961,PO0001934,MAT00110,9,456.24,4106.16,Pending
POI00003962,PO0001934,MAT00113,7,1364.87,9554.09,Cancelled
POI00003963,PO0001935,MAT00140,15,104.09,1561.35,Delivered
POI00003964,PO0001935,MAT00141,26,47.92,1245.92,Delivered
POI00003965,PO0001935,MAT00137,3,270.27,810.81,Delivered
POI00003966,PO0001936,MAT00201,6,142.36,854.16,Delivered
POI00003967,PO0001936,MAT00201,83,153.82,12767.06,Delivered
POI00003968,PO0001937,MAT00045,18,275.78,4964.04,Delivered
POI00003969,PO0001938,MAT00279,9,400.38,3603.42,Delivered
POI00003970,PO0001939,MAT00083,9,54.02,486.18,Delivered
POI00003971,PO0001939,MAT00090,10,275.23,2752.3,Pending
POI00003972,PO0001940,MAT00067,5,567.98,2839.9,Delivered
POI00003973,PO0001940,MAT00056,12,76.77,921.24,Delivered
POI00003974,PO0001941,MAT00158,77,1306.95,100635.15,Delivered
POI00003975,PO0001942,MAT00002,7,123.99,867.93,Delivered
POI00003976,PO0001943,MAT00256,11,182.22,2004.42,Delivered
POI00003977,PO0001943,MAT00273,8,515.32,4122.56,Delivered
POI00003978,PO0001943,MAT00274,4,328.38,1313.52,Delivered
POI00003979,PO0001943,MAT00270,25,586.88,14672.0,Delivered
POI00003980,PO0001944,MAT00002,28,105.45,2952.6,Delivered
POI00003981,PO0001945,MAT00240,5,565.08,2825.4,Partially Delivered
POI00003982,PO0001945,MAT00245,27,92.67,2502.09,Pending
POI00003983,PO0001946,MAT00227,4,215.45,861.8,Delivered
POI00003984,PO0001946,MAT00238,98,159.21,15602.58,Delivered
POI00003985,PO0001947,MAT00164,12,106.32,1275.84,Delivered
POI00003986,PO0001947,MAT00173,16,307.56,4920.96,Delivered
POI00003987,PO0001947,MAT00154,11,146.03,1606.33,Delivered
POI00003988,PO0001947,MAT00168,42,96.17,4039.14,Delivered
POI00003989,PO0001948,MAT00242,9,155.83,1402.47,Delivered
POI00003990,PO0001949,MAT00013,47,110.91,5212.77,Pending
POI00003991,PO0001949,MAT00016,14,547.28,7661.92,Partially Delivered
POI00003992,PO0001949,MAT00013,57,109.74,6255.18,Pending
POI00003993,PO0001950,MAT00050,6,139.39,836.34,Delivered
POI00003994,PO0001951,MAT00028,17,118.32,2011.44,Delivered
POI00003995,PO0001952,MAT00170,23,74.97,1724.31,Delivered
POI00003996,PO0001952,MAT00166,1,154.39,154.39,Delivered
POI00003997,PO0001953,MAT00108,14,1441.53,20181.42,Delivered
POI00003998,PO0001954,MAT00098,22,437.03,9614.66,Delivered
POI00003999,PO0001955,MAT00243,23,1364.51,31383.73,Delivered
POI00004000,PO0001955,MAT00236,153,173.28,26511.84,Delivered
POI00004001,PO0001955,MAT00239,7,778.38,5448.66,Delivered
POI00004002,PO0001956,MAT00067,9,593.26,5339.34,Delivered
POI00004003,PO0001956,MAT00067,108,580.29,62671.32,Delivered
POI00004004,PO0001956,MAT00056,5,73.07,365.35,Delivered
POI00004005,PO0001957,MAT00298,2,28.95,57.9,Delivered
POI00004006,PO0001957,MAT00281,30,61.8,1854.0,Delivered
POI00004007,PO0001958,MAT00262,16,669.28,10708.48,Delivered
POI00004008,PO0001958,MAT00262,14,737.97,10331.58,Delivered
POI00004009,PO0001958,MAT00262,19,769.1,14612.9,Cancelled
POI00004010,PO0001958,MAT00262,125,783.41,97926.25,Pending
POI00004011,PO0001959,MAT00065,12,128.35,1540.2,Delivered
POI00004012,PO0001959,MAT00075,18,120.74,2173.32,Delivered
POI00004013,PO0001960,MAT00156,1,185.84,185.84,Delivered
POI00004014,PO0001960,MAT00153,25,170.0,4250.0,Delivered
POI00004015,PO0001961,MAT00181,7,193.24,1352.68,Delivered
POI00004016,PO0001962,MAT00170,22,63.99,1407.78,Delivered
POI00004017,PO0001963,MAT00167,57,151.98,8662.86,Cancelled
POI00004018,PO0001963,MAT00152,35,308.94,10812.9,Pending
POI00004019,PO0001964,MAT00182,20,55.14,1102.8,Delivered
POI00004020,PO0001964,MAT00178,52,1191.27,61946.04,Delivered
POI00004021,PO0001965,MAT00088,25,1085.93,27148.25,Delivered
POI00004022,PO0001965,MAT00097,26,628.23,16333.98,Delivered
POI00004023,PO0001966,MAT00162,9,2137.99,19241.91,Partially Delivered
POI00004024,PO0001966,MAT00157,20,42.51,850.2,Delivered
POI00004025,PO0001966,MAT00169,16,418.97,6703.52,Delivered
POI00004026,PO0001967,MAT00289,49,254.86,12488.14,Delivered
POI00004027,PO0001967,MAT00294,3,489.7,1469.1,Delivered
POI00004028,PO0001968,MAT00075,14,107.86,1510.04,Delivered
POI00004029,PO0001968,MAT00065,22,141.73,3118.06,Delivered
POI00004030,PO0001968,MAT00065,10,131.27,1312.7,Delivered
POI00004031,PO0001969,MAT00245,12,84.41,1012.92,Delivered
POI00004032,PO0001969,MAT00240,9,567.04,5103.36,Delivered
POI00004033,PO0001969,MAT00240,5,595.86,2979.3,Delivered
POI00004034,PO0001969,MAT00245,43,100.62,4326.66,Delivered
POI00004035,PO0001970,MAT00041,10,2395.54,23955.4,Delivered
POI00004036,PO0001971,MAT00077,40,461.74,18469.6,Delivered
POI00004037,PO0001971,MAT00082,11,169.09,1859.99,Delivered
POI00004038,PO0001972,MAT00032,174,80.49,14005.26,Delivered
POI00004039,PO0001972,MAT00045,7,239.85,1678.95,Delivered
POI00004040,PO0001973,MAT00217,98,140.75,13793.5,Delivered
POI00004041,PO0001974,MAT00118,31,636.16,19720.96,Delivered
POI00004042,PO0001974,MAT00109,58,438.29,25420.82,Delivered
POI00004043,PO0001974,MAT00103,10,84.25,842.5,Delivered
POI00004044,PO0001974,MAT00124,15,143.31,2149.65,Delivered
POI00004045,PO0001975,MAT00076,21,66.31,1392.51,Pending
POI00004046,PO0001975,MAT00092,14,642.95,9001.3,Partially Delivered
POI00004047,PO0001975,MAT00091,12,275.67,3308.04,Pending
POI00004048,PO0001976,MAT00226,19,55.36,1051.84,Delivered
POI00004049,PO0001976,MAT00233,26,248.64,6464.64,Delivered
POI00004050,PO0001976,MAT00045,14,253.19,3544.66,Delivered
POI00004051,PO0001977,MAT00247,5,681.42,3407.1,Delivered
POI00004052,PO0001977,MAT00039,2,184.56,369.12,Delivered
POI00004053,PO0001978,MAT00038,38,799.69,30388.22,Delivered
POI00004054,PO0001979,MAT00019,8,370.95,2967.6,Delivered
POI00004055,PO0001979,MAT00019,52,311.37,16191.24,Pending
POI00004056,PO0001979,MAT00002,26,103.38,2687.88,Delivered
POI00004057,PO0001980,MAT00286,11,822.51,9047.61,Delivered
POI00004058,PO0001980,MAT00287,116,390.81,45333.96,Delivered
POI00004059,PO0001980,MAT00292,6,119.25,715.5,Delivered
POI00004060,PO0001981,MAT00063,32,200.22,6407.04,Pending
POI00004061,PO0001982,MAT00069,23,267.39,6149.97,Delivered
POI00004062,PO0001982,MAT00062,41,80.12,3284.92,Delivered
POI00004063,PO0001983,MAT00039,56,165.25,9254.0,Delivered
POI00004064,PO0001984,MAT00006,5,358.45,1792.25,Delivered
POI00004065,PO0001984,MAT00008,86,96.61,8308.46,Delivered
POI00004066,PO0001984,MAT00003,8,1682.83,13462.64,Delivered
POI00004067,PO0001984,MAT00010,27,153.74,4150.98,Delivered
POI00004068,PO0001985,MAT00197,44,504.63,22203.72,Delivered
POI00004069,PO0001986,MAT00236,43,170.37,7325.91,Delivered
POI00004070,PO0001986,MAT00247,55,708.56,38970.8,Delivered
POI00004071,PO0001986,MAT00239,8,690.09,5520.72,Delivered
POI00004072,PO0001987,MAT00091,36,273.4,9842.4,Delivered
POI00004073,PO0001987,MAT00076,23,83.55,1921.65,Delivered
POI00004074,PO0001988,MAT00178,23,1235.44,28415.12,Delivered
POI00004075,PO0001988,MAT00182,1,59.11,59.11,Delivered
POI00004076,PO0001989,MAT00037,12,429.41,5152.92,Partially Delivered
POI00004077,PO0001989,MAT00031,12,158.7,1904.4,Pending
POI00004078,PO0001990,MAT00191,20,853.76,17075.2,Partially Delivered
POI00004079,PO0001990,MAT00191,9,790.72,7116.48,Cancelled
POI00004080,PO0001990,MAT00191,7,872.97,6110.79,Delivered
POI00004081,PO0001990,MAT00191,20,947.87,18957.4,Delivered
POI00004082,PO0001991,MAT00054,23,509.95,11728.85,Delivered
POI00004083,PO0001991,MAT00066,3,136.53,409.59,Partially Delivered
POI00004084,PO0001992,MAT00038,41,719.11,29483.51,Delivered
POI00004085,PO0001992,MAT00046,15,456.55,6848.25,Delivered
POI00004086,PO0001993,MAT00225,19,494.24,9390.56,Delivered
POI00004087,PO0001993,MAT00211,53,281.5,14919.5,Delivered
POI00004088,PO0001994,MAT00172,9,73.36,660.24,Cancelled
POI00004089,PO0001994,MAT00157,17,38.9,661.3,Pending
POI00004090,PO0001995,MAT00266,8,446.02,3568.16,Pending
POI00004091,PO0001995,MAT00003,68,1649.0,112132.0,Pending
POI00004092,PO0001996,MAT00031,48,166.7,8001.6,Pending
POI00004093,PO0001997,MAT00086,14,85.54,1197.56,Delivered
POI00004094,PO0001997,MAT00081,7,120.17,841.19,Delivered
POI00004095,PO0001998,MAT00158,40,1217.47,48698.8,Delivered
POI00004096,PO0001998,MAT00158,7,1412.76,9889.32,Delivered
POI00004097,PO0001998,MAT00158,14,1359.2,19028.8,Delivered
POI00004098,PO0001998,MAT00158,58,1375.25,79764.5,Delivered
POI00004099,PO0001999,MAT00089,29,477.75,13854.75,Delivered
POI00004100,PO0001999,MAT00089,6,553.31,3319.86,Delivered
POI00004101,PO0002000,MAT00013,76,106.33,8081.08,Delivered
POI00004102,PO0002001,MAT00274,21,330.21,6934.41,Delivered
POI00004103,PO0002001,MAT00256,5,155.87,779.35,Delivered
POI00004104,PO0002001,MAT00270,20,536.64,10732.8,Delivered
POI00004105,PO0002002,MAT00020,11,408.49,4493.39,Partially Delivered
POI00004106,PO0002002,MAT00024,8,130.35,1042.8,Pending
POI00004107,PO0002003,MAT00065,71,133.6,9485.6,Delivered
POI00004108,PO0002004,MAT00217,13,135.31,1759.03,Delivered
POI00004109,PO0002004,MAT00217,6,137.41,824.46,Delivered
POI00004110,PO0002004,MAT00217,47,137.61,6467.67,Delivered
POI00004111,PO0002005,MAT00102,257,280.58,72109.06,Delivered
POI00004112,PO0002005,MAT00121,6,1971.27,11827.62,Delivered
POI00004113,PO0002006,MAT00229,43,483.04,20770.72,Delivered
POI00004114,PO0002006,MAT00229,76,402.8,30612.8,Delivered
POI00004115,PO0002006,MAT00229,8,409.33,3274.64,Delivered
POI00004116,PO0002006,MAT00229,22,488.08,10737.76,Delivered
POI00004117,PO0002007,MAT00036,15,95.89,1438.35,Delivered
POI00004118,PO0002008,MAT00029,7,213.6,1495.2,Delivered
POI00004119,PO0002008,MAT00042,80,54.43,4354.4,Delivered
POI00004120,PO0002009,MAT00056,28,76.56,2143.68,Delivered
POI00004121,PO0002009,MAT00067,6,585.01,3510.06,Delivered
POI00004122,PO0002010,MAT00248,14,465.05,6510.7,Partially Delivered
POI00004123,PO0002010,MAT00092,23,694.04,15962.92,Delivered
POI00004124,PO0002011,MAT00061,32,284.26,9096.32,Pending
POI00004125,PO0002012,MAT00203,33,62.04,2047.32,Delivered
POI00004126,PO0002012,MAT00207,31,178.04,5519.24,Delivered
POI00004127,PO0002012,MAT00213,8,354.33,2834.64,Delivered
POI00004128,PO0002013,MAT00188,21,147.68,3101.28,Delivered
POI00004129,PO0002014,MAT00259,45,232.24,10450.8,Delivered
POI00004130,PO0002014,MAT00255,132,1204.59,159005.88,Delivered
POI00004131,PO0002014,MAT00259,80,223.41,17872.8,Delivered
POI00004132,PO0002014,MAT00255,6,1318.17,7909.02,Delivered
POI00004133,PO0002015,MAT00248,29,462.64,13416.56,Delivered
POI00004134,PO0002016,MAT00285,11,68.55,754.05,Pending
POI00004135,PO0002017,MAT00249,2,268.56,537.12,Pending
POI00004136,PO0002018,MAT00001,19,58.73,1115.87,Delivered
POI00004137,PO0002019,MAT00191,40,893.78,35751.2,Delivered
POI00004138,PO0002019,MAT00191,22,838.15,18439.3,Delivered
POI00004139,PO0002019,MAT00191,18,855.37,15396.66,Delivered
POI00004140,PO0002020,MAT00268,108,149.47,16142.76,Delivered
POI00004141,PO0002021,MAT00158,23,1338.82,30792.86,Partially Delivered
POI00004142,PO0002022,MAT00125,42,54.66,2295.72,Pending
POI00004143,PO0002023,MAT00178,29,1229.55,35656.95,Delivered
POI00004144,PO0002023,MAT00178,9,1058.65,9527.85,Delivered
POI00004145,PO0002023,MAT00182,11,60.19,662.09,Delivered
POI00004146,PO0002023,MAT00182,22,62.43,1373.46,Delivered
POI00004147,PO0002024,MAT00237,9,929.06,8361.54,Partially Delivered
POI00004148,PO0002024,MAT00231,35,398.56,13949.6,Delivered
POI00004149,PO0002025,MAT00103,14,80.89,1132.46,Delivered
POI00004150,PO0002025,MAT00232,10,64.02,640.2,Delivered
POI00004151,PO0002025,MAT00112,34,499.56,16985.04,Delivered
POI00004152,PO0002026,MAT00196,6,535.14,3210.84,Delivered
POI00004153,PO0002026,MAT00300,6,512.57,3075.42,Delivered
POI00004154,PO0002027,MAT00048,17,212.54,3613.18,Delivered
POI00004155,PO0002027,MAT00029,18,214.44,3859.92,Delivered
POI00004156,PO0002028,MAT00037,153,438.64,67111.92,Delivered
POI00004157,PO0002029,MAT00008,89,107.59,9575.51,Delivered
POI00004158,PO0002029,MAT00018,40,338.9,13556.0,Delivered
POI00004159,PO0002030,MAT00016,18,540.81,9734.58,Delivered
POI00004160,PO0002031,MAT00096,171,281.41,48121.11,Delivered
POI00004161,PO0002032,MAT00016,5,487.87,2439.35,Delivered
POI00004162,PO0002032,MAT00016,21,531.1,11153.1,Delivered
POI00004163,PO0002032,MAT00016,21,581.88,12219.48,Delivered
POI00004164,PO0002033,MAT00022,48,117.76,5652.48,Delivered
POI00004165,PO0002034,MAT00215,59,135.0,7965.0,Cancelled
POI00004166,PO0002035,MAT00188,5,150.66,753.3,Pending
POI00004167,PO0002035,MAT00194,118,928.17,109524.06,Cancelled
POI00004168,PO0002035,MAT00188,19,140.98,2678.62,Pending
POI00004169,PO0002035,MAT00188,16,157.4,2518.4,Delivered
POI00004170,PO0002036,MAT00040,6,219.64,1317.84,Delivered
POI00004171,PO0002036,MAT00049,4,82.47,329.88,Delivered
POI00004172,PO0002037,MAT00206,6,789.48,4736.88,Delivered
POI00004173,PO0002037,MAT00206,39,754.16,29412.24,Delivered
POI00004174,PO0002037,MAT00215,28,128.84,3607.52,Delivered
POI00004175,PO0002038,MAT00019,126,295.68,37255.68,Delivered
POI00004176,PO0002038,MAT00122,12,317.72,3812.64,Delivered
POI00004177,PO0002038,MAT00253,14,101.67,1423.38,Delivered
POI00004178,PO0002039,MAT00242,102,195.71,19962.42,Delivered
POI00004179,PO0002039,MAT00242,2,180.85,361.7,Pending
POI00004180,PO0002039,MAT00242,14,157.78,2208.92,Pending
POI00004181,PO0002040,MAT00067,6,561.84,3371.04,Delivered
POI00004182,PO0002040,MAT00056,28,79.78,2233.84,Delivered
POI00004183,PO0002041,MAT00096,173,290.27,50216.71,Delivered
POI00004184,PO0002042,MAT00267,34,765.09,26013.06,Delivered
POI00004185,PO0002042,MAT00266,26,433.58,11273.08,Delivered
POI00004186,PO0002043,MAT00012,41,382.16,15668.56,Delivered
POI00004187,PO0002044,MAT00169,3,381.83,1145.49,Delivered
POI00004188,PO0002044,MAT00172,5,87.22,436.1,Delivered
POI00004189,PO0002044,MAT00162,15,2545.51,38182.65,Delivered
POI00004190,PO0002045,MAT00032,36,80.13,2884.68,Delivered
POI00004191,PO0002046,MAT00034,17,71.06,1208.02,Delivered
POI00004192,PO0002046,MAT00040,20,204.5,4090.0,Delivered
POI00004193,PO0002047,MAT00201,11,146.35,1609.85,Delivered
POI00004194,PO0002047,MAT00029,40,196.91,7876.4,Delivered
POI00004195,PO0002047,MAT00059,2,87.03,174.06,Delivered
POI00004196,PO0002048,MAT00177,41,270.96,11109.36,Delivered
POI00004197,PO0002048,MAT00177,49,259.61,12720.89,Delivered
POI00004198,PO0002048,MAT00177,7,293.01,2051.07,Delivered
POI00004199,PO0002049,MAT00280,41,568.08,23291.28,Delivered
POI00004200,PO0002049,MAT00111,5,74.21,371.05,Pending
POI00004201,PO0002050,MAT00036,14,90.93,1273.02,Cancelled
POI00004202,PO0002051,MAT00024,2,124.24,248.48,Cancelled
POI00004203,PO0002051,MAT00020,19,422.74,8032.06,Partially Delivered
POI00004204,PO0002051,MAT00012,4,362.71,1450.84,Cancelled
POI00004205,PO0002052,MAT00242,16,162.55,2600.8,Delivered
POI00004206,PO0002052,MAT00242,101,167.03,16870.03,Delivered
POI00004207,PO0002052,MAT00235,39,308.28,12022.92,Delivered
POI00004208,PO0002053,MAT00192,11,188.74,2076.14,Pending
POI00004209,PO0002053,MAT00179,57,80.7,4599.9,Partially Delivered
POI00004210,PO0002053,MAT00185,22,199.26,4383.72,Pending
POI00004211,PO0002054,MAT00253,8,115.52,924.16,Delivered
POI00004212,PO0002054,MAT00265,3,816.7,2450.1,Delivered
POI00004213,PO0002054,MAT00261,11,2842.67,31269.37,Delivered
POI00004214,PO0002055,MAT00181,19,160.92,3057.48,Delivered
POI00004215,PO0002056,MAT00158,11,1277.03,14047.33,Delivered
POI00004216,PO0002056,MAT00158,177,1502.31,265908.87,Delivered
POI00004217,PO0002056,MAT00158,35,1481.51,51852.85,Delivered
POI00004218,PO0002057,MAT00251,6,150.7,904.2,Partially Delivered
POI00004219,PO0002058,MAT00281,115,66.12,7603.8,Pending
POI00004220,PO0002058,MAT00298,35,32.24,1128.4,Pending
POI00004221,PO0002058,MAT00285,65,72.74,4728.1,Cancelled
POI00004222,PO0002059,MAT00046,18,486.56,8758.08,Delivered
POI00004223,PO0002059,MAT00048,71,239.03,16971.13,Delivered
POI00004224,PO0002059,MAT00235,103,253.84,26145.52,Delivered
POI00004225,PO0002060,MAT00183,6,15.62,93.72,Delivered
POI00004226,PO0002060,MAT00199,27,496.89,13416.03,Delivered
POI00004227,PO0002061,MAT00285,30,74.6,2238.0,Pending
POI00004228,PO0002062,MAT00237,33,953.82,31476.06,Delivered
POI00004229,PO0002062,MAT00237,32,794.97,25439.04,Delivered
POI00004230,PO0002062,MAT00237,7,975.49,6828.43,Delivered
POI00004231,PO0002063,MAT00189,29,113.57,3293.53,Delivered
POI00004232,PO0002064,MAT00016,12,514.37,6172.44,Delivered
POI00004233,PO0002064,MAT00016,197,526.24,103669.28,Delivered
POI00004234,PO0002064,MAT00013,19,112.62,2139.78,Delivered
POI00004235,PO0002065,MAT00059,44,85.87,3778.28,Partially Delivered
POI00004236,PO0002065,MAT00059,20,84.69,1693.8,Partially Delivered
POI00004237,PO0002065,MAT00059,100,97.39,9739.0,Delivered
POI00004238,PO0002066,MAT00059,9,84.06,756.54,Delivered
POI00004239,PO0002066,MAT00167,5,145.75,728.75,Partially Delivered
POI00004240,PO0002067,MAT00252,10,814.16,8141.6,Delivered
POI00004241,PO0002067,MAT00275,4,294.83,1179.32,Delivered
POI00004242,PO0002068,MAT00200,8,73.86,590.88,Partially Delivered
POI00004243,PO0002069,MAT00079,39,620.0,24180.0,Delivered
POI00004244,PO0002070,MAT00110,64,521.6,33382.4,Pending
POI00004245,PO0002070,MAT00110,6,542.89,3257.34,Pending
POI00004246,PO0002070,MAT00113,57,1204.3,68645.1,Delivered
POI00004247,PO0002071,MAT00077,33,494.23,16309.59,Delivered
POI00004248,PO0002071,MAT00082,11,144.52,1589.72,Delivered
POI00004249,PO0002071,MAT00084,16,203.01,3248.16,Delivered
POI00004250,PO0002072,MAT00226,26,57.69,1499.94,Pending
POI00004251,PO0002073,MAT00188,72,133.96,9645.12,Delivered
POI00004252,PO0002074,MAT00114,24,215.62,5174.88,Delivered
POI00004253,PO0002075,MAT00137,7,248.08,1736.56,Delivered
POI00004254,PO0002075,MAT00130,14,91.38,1279.32,Delivered
POI00004255,PO0002075,MAT00146,22,243.03,5346.66,Pending
POI00004256,PO0002076,MAT00081,51,119.08,6073.08,Delivered
POI00004257,PO0002076,MAT00086,5,94.31,471.55,Delivered
POI00004258,PO0002076,MAT00087,6,337.72,2026.32,Delivered
POI00004259,PO0002077,MAT00186,39,248.61,9695.79,Delivered
POI00004260,PO0002077,MAT00186,5,289.47,1447.35,Delivered
POI00004261,PO0002077,MAT00186,16,236.94,3791.04,Delivered
POI00004262,PO0002077,MAT00186,18,237.65,4277.7,Delivered
POI00004263,PO0002078,MAT00088,44,1280.14,56326.16,Partially Delivered
POI00004264,PO0002078,MAT00097,5,698.47,3492.35,Delivered
POI00004265,PO0002079,MAT00182,12,58.03,696.36,Delivered
POI00004266,PO0002080,MAT00086,11,89.84,988.24,Delivered
POI00004267,PO0002080,MAT00087,25,364.89,9122.25,Delivered
POI00004268,PO0002081,MAT00290,34,1366.77,46470.18,Cancelled
POI00004269,PO0002081,MAT00296,139,86.92,12081.88,Cancelled
POI00004270,PO0002082,MAT00220,45,290.49,13072.05,Partially Delivered
POI00004271,PO0002083,MAT00114,11,252.15,2773.65,Delivered
POI00004272,PO0002083,MAT00122,9,320.17,2881.53,Delivered
POI00004273,PO0002083,MAT00120,37,83.06,3073.22,Delivered
POI00004274,PO0002084,MAT00224,4,1660.28,6641.12,Delivered
POI00004275,PO0002085,MAT00235,7,307.6,2153.2,Partially Delivered
POI00004276,PO0002085,MAT00242,38,175.79,6680.02,Delivered
POI00004277,PO0002086,MAT00240,50,599.35,29967.5,Delivered
POI00004278,PO0002086,MAT00245,13,89.41,1162.33,Delivered
POI00004279,PO0002087,MAT00135,16,60.72,971.52,Pending
POI00004280,PO0002088,MAT00044,52,462.9,24070.8,Delivered
POI00004281,PO0002089,MAT00002,22,99.42,2187.24,Delivered
POI00004282,PO0002089,MAT00002,37,117.54,4348.98,Delivered
POI00004283,PO0002089,MAT00019,6,337.1,2022.6,Delivered
POI00004284,PO0002090,MAT00240,11,604.09,6644.99,Delivered
POI00004285,PO0002090,MAT00245,13,85.69,1113.97,Delivered
POI00004286,PO0002091,MAT00262,19,635.77,12079.63,Pending
POI00004287,PO0002092,MAT00004,10,221.34,2213.4,Delivered
POI00004288,PO0002093,MAT00186,45,256.56,11545.2,Delivered
POI00004289,PO0002093,MAT00186,16,265.68,4250.88,Delivered
POI00004290,PO0002093,MAT00186,30,271.98,8159.4,Delivered
POI00004291,PO0002094,MAT00178,5,1169.79,5848.95,Delivered
POI00004292,PO0002094,MAT00182,27,59.78,1614.06,Partially Delivered
POI00004293,PO0002095,MAT00272,9,1127.62,10148.58,Delivered
POI00004294,PO0002096,MAT00210,4,375.92,1503.68,Delivered
POI00004295,PO0002096,MAT00210,46,387.6,17829.6,Partially Delivered
POI00004296,PO0002097,MAT00287,46,417.96,19226.16,Pending
POI00004297,PO0002098,MAT00031,10,178.63,1786.3,Cancelled
POI00004298,PO0002098,MAT00028,6,114.58,687.48,Pending
POI00004299,PO0002099,MAT00029,9,186.59,1679.31,Delivered
POI00004300,PO0002099,MAT00048,10,212.89,2128.9,Delivered
POI00004301,PO0002099,MAT00042,54,52.83,2852.82,Delivered
POI00004302,PO0002099,MAT00048,21,236.97,4976.37,Delivered
POI00004303,PO0002100,MAT00039,55,179.97,9898.35,Delivered
POI00004304,PO0002100,MAT00044,10,496.15,4961.5,Delivered
POI00004305,PO0002101,MAT00074,11,214.27,2356.97,Delivered
POI00004306,PO0002101,MAT00063,10,220.7,2207.0,Delivered
POI00004307,PO0002102,MAT00287,5,497.19,2485.95,Pending
POI00004308,PO0002103,MAT00020,38,406.07,15430.66,Delivered
POI00004309,PO0002103,MAT00012,14,399.34,5590.76,Delivered
POI00004310,PO0002104,MAT00029,12,207.87,2494.44,Delivered
POI00004311,PO0002104,MAT00029,32,219.84,7034.88,Delivered
POI00004312,PO0002104,MAT00029,9,220.65,1985.85,Delivered
POI00004313,PO0002104,MAT00029,45,190.69,8581.05,Delivered
POI00004314,PO0002105,MAT00246,55,320.82,17645.1,Pending
POI00004315,PO0002105,MAT00250,13,2931.98,38115.74,Partially Delivered
POI00004316,PO0002105,MAT00244,29,207.43,6015.47,Pending
POI00004317,PO0002105,MAT00249,126,270.47,34079.22,Delivered
POI00004318,PO0002106,MAT00081,3,104.55,313.65,Delivered
POI00004319,PO0002106,MAT00204,29,1321.53,38324.37,Delivered
POI00004320,PO0002106,MAT00269,8,327.52,2620.16,Delivered
POI00004321,PO0002107,MAT00122,9,337.96,3041.64,Delivered
POI00004322,PO0002107,MAT00279,10,372.27,3722.7,Delivered
POI00004323,PO0002108,MAT00097,9,584.1,5256.9,Delivered
POI00004324,PO0002109,MAT00209,60,289.0,17340.0,Delivered
POI00004325,PO0002110,MAT00093,16,654.38,10470.08,Delivered
POI00004326,PO0002111,MAT00232,9,68.95,620.55,Delivered
POI00004327,PO0002112,MAT00240,18,573.4,10321.2,Pending
POI00004328,PO0002112,MAT00240,3,549.73,1649.19,Delivered
POI00004329,PO0002112,MAT00240,8,658.92,5271.36,Cancelled
POI00004330,PO0002113,MAT00001,49,63.82,3127.18,Delivered
POI00004331,PO0002113,MAT00021,10,87.81,878.1,Delivered
POI00004332,PO0002113,MAT00021,22,83.3,1832.6,Delivered
POI00004333,PO0002113,MAT00001,31,64.73,2006.63,Delivered
POI00004334,PO0002114,MAT00058,7,64.15,449.05,Delivered
POI00004335,PO0002114,MAT00052,15,707.05,10605.75,Delivered
POI00004336,PO0002114,MAT00051,14,64.4,901.6,Delivered
POI00004337,PO0002115,MAT00217,28,137.02,3836.56,Partially Delivered
POI00004338,PO0002115,MAT00217,20,141.89,2837.8,Pending
POI00004339,PO0002115,MAT00217,12,145.07,1740.84,Pending
POI00004340,PO0002116,MAT00081,9,117.84,1060.56,Cancelled
POI00004341,PO0002116,MAT00087,2,363.49,726.98,Pending
POI00004342,PO0002117,MAT00187,36,303.89,10940.04,Partially Delivered
POI00004343,PO0002117,MAT00198,6,842.72,5056.32,Delivered
POI00004344,PO0002117,MAT00200,26,77.83,2023.58,Pending
POI00004345,PO0002118,MAT00110,97,556.32,53963.04,Pending
POI00004346,PO0002119,MAT00202,12,67.5,810.0,Delivered
POI00004347,PO0002119,MAT00211,42,332.18,13951.56,Delivered
POI00004348,PO0002119,MAT00214,4,675.24,2700.96,Delivered
POI00004349,PO0002120,MAT00043,12,259.99,3119.88,Delivered
POI00004350,PO0002121,MAT00298,22,28.93,636.46,Delivered
POI00004351,PO0002121,MAT00285,4,64.05,256.2,Delivered
POI00004352,PO0002121,MAT00281,29,62.83,1822.07,Delivered
POI00004353,PO0002122,MAT00245,27,88.64,2393.28,Pending
POI00004354,PO0002122,MAT00245,24,88.64,2127.36,Pending
POI00004355,PO0002122,MAT00240,4,546.42,2185.68,Cancelled
POI00004356,PO0002123,MAT00067,23,533.66,12274.18,Delivered
POI00004357,PO0002123,MAT00056,12,80.46,965.52,Delivered
POI00004358,PO0002124,MAT00210,3,371.56,1114.68,Delivered
POI00004359,PO0002124,MAT00210,9,315.43,2838.87,Delivered
POI00004360,PO0002124,MAT00210,7,349.32,2445.24,Delivered
POI00004361,PO0002125,MAT00175,25,1645.86,41146.5,Delivered
POI00004362,PO0002125,MAT00151,36,271.05,9757.8,Delivered
POI00004363,PO0002125,MAT00155,28,670.77,18781.56,Delivered
POI00004364,PO0002125,MAT00161,37,334.33,12370.21,Delivered
POI00004365,PO0002126,MAT00222,25,223.49,5587.25,Delivered
POI00004366,PO0002126,MAT00219,16,85.57,1369.12,Delivered
POI00004367,PO0002126,MAT00224,3,1558.74,4676.22,Delivered
POI00004368,PO0002127,MAT00029,34,180.93,6151.62,Delivered
POI00004369,PO0002127,MAT00042,67,44.89,3007.63,Delivered
POI00004370,PO0002128,MAT00205,28,153.16,4288.48,Pending
POI00004371,PO0002128,MAT00223,6,214.98,1289.88,Delivered
POI00004372,PO0002128,MAT00221,19,132.27,2513.13,Pending
POI00004373,PO0002129,MAT00237,31,889.99,27589.69,Delivered
POI00004374,PO0002129,MAT00231,11,412.36,4535.96,Delivered
POI00004375,PO0002130,MAT00197,10,561.11,5611.1,Pending
POI00004376,PO0002131,MAT00296,40,79.92,3196.8,Delivered
POI00004377,PO0002131,MAT00277,14,1232.45,17254.3,Delivered
POI00004378,PO0002132,MAT00089,89,441.81,39321.09,Delivered
POI00004379,PO0002133,MAT00188,18,150.24,2704.32,Delivered
POI00004380,PO0002133,MAT00194,3,903.65,2710.95,Delivered
POI00004381,PO0002134,MAT00029,3,197.83,593.49,Pending
POI00004382,PO0002134,MAT00048,23,200.2,4604.6,Pending
POI00004383,PO0002134,MAT00042,120,47.45,5694.0,Partially Delivered
POI00004384,PO0002135,MAT00023,46,635.18,29218.28,Pending
POI00004385,PO0002135,MAT00009,43,426.55,18341.65,Delivered
POI00004386,PO0002136,MAT00188,38,143.54,5454.52,Delivered
POI00004387,PO0002136,MAT00194,10,971.71,9717.1,Delivered
POI00004388,PO0002136,MAT00194,39,815.98,31823.22,Delivered
POI00004389,PO0002137,MAT00242,33,159.05,5248.65,Delivered
POI00004390,PO0002138,MAT00105,4,47.94,191.76,Delivered
POI00004391,PO0002138,MAT00120,32,95.07,3042.24,Delivered
POI00004392,PO0002138,MAT00122,50,287.38,14369.0,Delivered
POI00004393,PO0002139,MAT00004,18,220.18,3963.24,Delivered
POI00004394,PO0002139,MAT00004,25,210.47,5261.75,Delivered
POI00004395,PO0002140,MAT00258,167,106.67,17813.89,Pending
POI00004396,PO0002141,MAT00152,3,346.82,1040.46,Partially Delivered
POI00004397,PO0002141,MAT00092,19,627.85,11929.15,Pending
POI00004398,PO0002141,MAT00230,19,426.0,8094.0,Partially Delivered
POI00004399,PO0002142,MAT00210,11,353.22,3885.42,Delivered
POI00004400,PO0002143,MAT00187,188,273.64,51444.32,Delivered
POI00004401,PO0002143,MAT00195,11,149.52,1644.72,Delivered
POI00004402,PO0002143,MAT00198,42,860.93,36159.06,Delivered
POI00004403,PO0002144,MAT00122,90,314.25,28282.5,Delivered
POI00004404,PO0002144,MAT00120,13,86.24,1121.12,Delivered
POI00004405,PO0002145,MAT00220,10,318.31,3183.1,Delivered
POI00004406,PO0002145,MAT00209,13,292.74,3805.62,Delivered
POI00004407,PO0002145,MAT00220,3,300.09,900.27,Delivered
POI00004408,PO0002146,MAT00182,8,55.1,440.8,Delivered
POI00004409,PO0002147,MAT00216,17,130.25,2214.25,Pending
POI00004410,PO0002147,MAT00218,8,66.68,533.44,Pending
POI00004411,PO0002147,MAT00208,18,41.99,755.82,Delivered
POI00004412,PO0002148,MAT00001,5,54.39,271.95,Delivered
POI00004413,PO0002148,MAT00007,50,781.96,39098.0,Delivered
POI00004414,PO0002148,MAT00021,6,93.86,563.16,Delivered
POI00004415,PO0002148,MAT00021,19,97.31,1848.89,Delivered
POI00004416,PO0002149,MAT00096,41,290.58,11913.78,Delivered
POI00004417,PO0002149,MAT00098,14,447.92,6270.88,Delivered
POI00004418,PO0002149,MAT00233,3,261.58,784.74,Delivered
POI00004419,PO0002150,MAT00040,26,221.11,5748.86,Partially Delivered
POI00004420,PO0002150,MAT00036,15,97.08,1456.2,Delivered
POI00004421,PO0002150,MAT00049,22,77.21,1698.62,Delivered
POI00004422,PO0002150,MAT00034,88,81.2,7145.6,Pending
POI00004423,PO0002151,MAT00194,24,803.48,19283.52,Partially Delivered
POI00004424,PO0002151,MAT00188,195,154.32,30092.4,Pending
POI00004425,PO0002151,MAT00194,48,895.95,43005.6,Pending
POI00004426,PO0002152,MAT00143,21,53.17,1116.57,Delivered
POI00004427,PO0002152,MAT00051,30,71.39,2141.7,Delivered
POI00004428,PO0002152,MAT00008,14,105.76,1480.64,Delivered
POI00004429,PO0002152,MAT00253,3,108.26,324.78,Delivered
POI00004430,PO0002153,MAT00148,39,71.93,2805.27,Delivered
POI00004431,PO0002153,MAT00217,1,135.6,135.6,Delivered
POI00004432,PO0002153,MAT00292,27,116.01,3132.27,Delivered
POI00004433,PO0002154,MAT00231,9,350.99,3158.91,Delivered
POI00004434,PO0002154,MAT00237,27,918.26,24793.02,Delivered
POI00004435,PO0002154,MAT00231,11,373.16,4104.76,Delivered
POI00004436,PO0002155,MAT00040,21,198.73,4173.33,Delivered
POI00004437,PO0002156,MAT00118,414,725.31,300278.34,Delivered
POI00004438,PO0002156,MAT00035,25,817.98,20449.5,Delivered
POI00004439,PO0002157,MAT00172,15,79.04,1185.6,Delivered
POI00004440,PO0002157,MAT00267,27,796.36,21501.72,Delivered
POI00004441,PO0002158,MAT00186,33,240.5,7936.5,Delivered
POI00004442,PO0002159,MAT00172,10,74.39,743.9,Cancelled
POI00004443,PO0002159,MAT00169,23,374.87,8622.01,Pending
POI00004444,PO0002160,MAT00290,17,1670.26,28394.42,Delivered
POI00004445,PO0002160,MAT00295,21,105.63,2218.23,Delivered
POI00004446,PO0002161,MAT00230,83,403.17,33463.11,Delivered
POI00004447,PO0002161,MAT00229,42,489.87,20574.54,Delivered
POI00004448,PO0002161,MAT00229,30,405.15,12154.5,Delivered
POI00004449,PO0002161,MAT00229,38,446.28,16958.64,Delivered
POI00004450,PO0002162,MAT00269,9,299.31,2693.79,Delivered
POI00004451,PO0002162,MAT00257,76,504.02,38305.52,Delivered
POI00004452,PO0002162,MAT00266,18,466.12,8390.16,Delivered
POI00004453,PO0002163,MAT00233,82,218.16,17889.12,Delivered
POI00004454,PO0002163,MAT00243,5,1344.47,6722.35,Pending
POI00004455,PO0002163,MAT00247,36,658.15,23693.4,Delivered
POI00004456,PO0002163,MAT00228,14,68.79,963.06,Delivered
POI00004457,PO0002164,MAT00158,9,1499.52,13495.68,Delivered
POI00004458,PO0002164,MAT00158,71,1432.42,101701.82,Delivered
POI00004459,PO0002165,MAT00119,72,153.42,11046.24,Delivered
POI00004460,PO0002165,MAT00119,8,164.58,1316.64,Delivered
POI00004461,PO0002166,MAT00109,25,529.58,13239.5,Delivered
POI00004462,PO0002167,MAT00095,15,31.22,468.3,Pending
POI00004463,PO0002167,MAT00096,47,316.08,14855.76,Cancelled
POI00004464,PO0002167,MAT00095,22,30.53,671.66,Delivered
POI00004465,PO0002167,MAT00095,14,29.79,417.06,Pending
POI00004466,PO0002168,MAT00054,21,487.13,10229.73,Partially Delivered
POI00004467,PO0002168,MAT00175,14,1833.17,25664.38,Delivered
POI00004468,PO0002169,MAT00200,14,79.8,1117.2,Delivered
POI00004469,PO0002169,MAT00187,77,297.89,22937.53,Delivered
POI00004470,PO0002170,MAT00191,3,907.07,2721.21,Delivered
POI00004471,PO0002170,MAT00191,11,923.64,10160.04,Delivered
POI00004472,PO0002170,MAT00191,20,909.29,18185.8,Delivered
POI00004473,PO0002171,MAT00101,13,48.09,625.17,Pending
POI00004474,PO0002171,MAT00116,22,519.36,11425.92,Pending
POI00004475,PO0002172,MAT00063,26,233.52,6071.52,Delivered
POI00004476,PO0002172,MAT00072,5,586.25,2931.25,Delivered
POI00004477,PO0002172,MAT00068,7,158.68,1110.76,Delivered
POI00004478,PO0002173,MAT00182,9,55.81,502.29,Delivered
POI00004479,PO0002174,MAT00053,35,848.51,29697.85,Delivered
POI00004480,PO0002175,MAT00170,83,79.1,6565.3,Delivered
POI00004481,PO0002176,MAT00026,14,510.75,7150.5,Pending
POI00004482,PO0002176,MAT00035,17,691.77,11760.09,Pending
POI00004483,PO0002177,MAT00137,14,287.03,4018.42,Delivered
POI00004484,PO0002177,MAT00128,21,96.97,2036.37,Delivered
POI00004485,PO0002177,MAT00146,15,269.72,4045.8,Delivered
POI00004486,PO0002178,MAT00191,6,895.0,5370.0,Delivered
POI00004487,PO0002179,MAT00191,4,812.78,3251.12,Delivered
POI00004488,PO0002180,MAT00065,16,144.29,2308.64,Partially Delivered
POI00004489,PO0002181,MAT00131,41,226.15,9272.15,Delivered
POI00004490,PO0002181,MAT00134,3,65.13,195.39,Partially Delivered
POI00004491,PO0002182,MAT00207,17,192.57,3273.69,Delivered
POI00004492,PO0002182,MAT00204,12,1268.4,15220.8,Delivered
POI00004493,PO0002182,MAT00203,14,62.91,880.74,Delivered
POI00004494,PO0002183,MAT00109,21,456.91,9595.11,Delivered
POI00004495,PO0002184,MAT00210,18,357.92,6442.56,Delivered
POI00004496,PO0002184,MAT00210,70,384.18,26892.6,Delivered
POI00004497,PO0002184,MAT00210,86,343.05,29502.3,Delivered
POI00004498,PO0002185,MAT00219,65,99.99,6499.35,Pending
POI00004499,PO0002186,MAT00109,7,465.54,3258.78,Cancelled
POI00004500,PO0002187,MAT00158,68,1354.26,92089.68,Pending
POI00004501,PO0002188,MAT00257,47,457.37,21496.39,Delivered
POI00004502,PO0002188,MAT00271,6,175.56,1053.36,Delivered
POI00004503,PO0002189,MAT00240,4,601.06,2404.24,Delivered
POI00004504,PO0002189,MAT00245,91,95.69,8707.79,Delivered
POI00004505,PO0002190,MAT00209,10,318.0,3180.0,Delivered
POI00004506,PO0002191,MAT00300,34,470.85,16008.9,Delivered
POI00004507,PO0002191,MAT00282,11,242.14,2663.54,Delivered
POI00004508,PO0002191,MAT00277,13,1344.06,17472.78,Delivered
POI00004509,PO0002192,MAT00181,27,182.17,4918.59,Delivered
POI00004510,PO0002193,MAT00027,16,190.04,3040.64,Delivered
POI00004511,PO0002194,MAT00254,121,426.32,51584.72,Delivered
POI00004512,PO0002195,MAT00091,22,265.08,5831.76,Delivered
POI00004513,PO0002195,MAT00079,11,650.58,7156.38,Pending
POI00004514,PO0002196,MAT00273,11,498.05,5478.55,Delivered
POI00004515,PO0002197,MAT00206,6,830.04,4980.24,Delivered
POI00004516,PO0002198,MAT00189,12,113.62,1363.44,Pending
POI00004517,PO0002198,MAT00189,103,125.44,12920.32,Pending
POI00004518,PO0002199,MAT00007,6,700.72,4204.32,Delivered
POI00004519,PO0002199,MAT00001,13,54.58,709.54,Pending
POI00004520,PO0002199,MAT00021,19,87.46,1661.74,Partially Delivered
POI00004521,PO0002200,MAT00059,19,89.62,1702.78,Pending
POI00004522,PO0002200,MAT00059,10,104.24,1042.4,Pending
POI00004523,PO0002200,MAT00059,25,99.68,2492.0,Partially Delivered
POI00004524,PO0002201,MAT00170,11,73.08,803.88,Delivered
POI00004525,PO0002201,MAT00163,49,167.37,8201.13,Delivered
POI00004526,PO0002202,MAT00157,24,41.35,992.4,Delivered
POI00004527,PO0002202,MAT00052,10,638.22,6382.2,Delivered
POI00004528,PO0002203,MAT00272,28,1127.5,31570.0,Pending
POI00004529,PO0002204,MAT00199,7,475.21,3326.47,Delivered
POI00004530,PO0002204,MAT00183,4,16.27,65.08,Delivered
POI00004531,PO0002205,MAT00089,36,534.77,19251.72,Pending
POI00004532,PO0002205,MAT00089,5,509.61,2548.05,Partially Delivered
POI00004533,PO0002205,MAT00089,9,531.69,4785.21,Pending
POI00004534,PO0002205,MAT00089,77,497.96,38342.92,Delivered
POI00004535,PO0002206,MAT00255,26,1108.89,28831.14,Delivered
POI00004536,PO0002207,MAT00219,20,92.28,1845.6,Delivered
POI00004537,PO0002208,MAT00200,7,68.0,476.0,Cancelled
POI00004538,PO0002208,MAT00198,80,779.31,62344.8,Partially Delivered
POI00004539,PO0002208,MAT00195,38,163.01,6194.38,Pending
POI00004540,PO0002209,MAT00231,67,366.64,24564.88,Cancelled
POI00004541,PO0002209,MAT00237,9,973.23,8759.07,Pending
POI00004542,PO0002209,MAT00231,6,341.8,2050.8,Cancelled
POI00004543,PO0002209,MAT00237,4,946.18,3784.72,Pending
POI00004544,PO0002210,MAT00240,5,598.33,2991.65,Pending
POI00004545,PO0002211,MAT00178,20,1062.27,21245.4,Delivered
POI00004546,PO0002211,MAT00182,80,61.25,4900.0,Delivered
POI00004547,PO0002212,MAT00046,73,481.43,35144.39,Delivered
POI00004548,PO0002212,MAT00046,34,419.7,14269.8,Delivered
POI00004549,PO0002212,MAT00038,102,763.65,77892.3,Delivered
POI00004550,PO0002212,MAT00038,6,755.15,4530.9,Delivered
POI00004551,PO0002213,MAT00263,80,404.08,32326.4,Pending
POI00004552,PO0002213,MAT00274,3,299.69,899.07,Partially Delivered
POI00004553,PO0002213,MAT00270,15,556.32,8344.8,Partially Delivered
POI00004554,PO0002214,MAT00249,25,267.97,6699.25,Pending
POI00004555,PO0002215,MAT00210,62,385.29,23887.98,Delivered
POI00004556,PO0002216,MAT00283,30,54.02,1620.6,Cancelled
POI00004557,PO0002217,MAT00298,35,30.92,1082.2,Delivered
POI00004558,PO0002217,MAT00168,92,111.59,10266.28,Delivered
POI00004559,PO0002217,MAT00091,133,234.06,31129.98,Delivered
POI00004560,PO0002218,MAT00179,50,89.77,4488.5,Delivered
POI00004561,PO0002218,MAT00192,85,182.32,15497.2,Delivered
POI00004562,PO0002219,MAT00035,12,729.96,8759.52,Delivered
POI00004563,PO0002220,MAT00163,34,177.75,6043.5,Delivered
POI00004564,PO0002221,MAT00268,3,163.39,490.17,Delivered
POI00004565,PO0002222,MAT00255,5,1040.37,5201.85,Delivered
POI00004566,PO0002222,MAT00264,14,801.41,11219.74,Partially Delivered
POI00004567,PO0002222,MAT00259,65,225.56,14661.4,Delivered
POI00004568,PO0002223,MAT00189,19,133.06,2528.14,Delivered
POI00004569,PO0002223,MAT00189,8,111.18,889.44,Partially Delivered
POI00004570,PO0002224,MAT00128,42,85.05,3572.1,Partially Delivered
POI00004571,PO0002225,MAT00039,35,183.59,6425.65,Delivered
POI00004572,PO0002225,MAT00044,12,532.65,6391.8,Delivered
POI00004573,PO0002226,MAT00097,9,595.17,5356.53,Partially Delivered
POI00004574,PO0002227,MAT00036,39,91.69,3575.91,Delivered
POI00004575,PO0002227,MAT00295,7,92.74,649.18,Delivered
POI00004576,PO0002227,MAT00106,14,110.79,1551.06,Delivered
POI00004577,PO0002228,MAT00019,26,376.07,9777.82,Delivered
POI00004578,PO0002229,MAT00119,5,146.48,732.4,Delivered
POI00004579,PO0002229,MAT00119,4,143.23,572.92,Pending
POI00004580,PO0002230,MAT00179,78,89.31,6966.18,Delivered
POI00004581,PO0002231,MAT00186,8,264.83,2118.64,Delivered
POI00004582,PO0002232,MAT00058,33,53.6,1768.8,Delivered
POI00004583,PO0002232,MAT00020,15,418.3,6274.5,Delivered
POI00004584,PO0002233,MAT00289,427,245.48,104819.96,Delivered
POI00004585,PO0002234,MAT00180,9,279.33,2513.97,Pending
POI00004586,PO0002234,MAT00181,5,185.05,925.25,Delivered
POI00004587,PO0002235,MAT00241,98,157.88,15472.24,Delivered
POI00004588,PO0002235,MAT00226,54,48.02,2593.08,Delivered
POI00004589,PO0002235,MAT00238,9,174.78,1573.02,Delivered
POI00004590,PO0002236,MAT00003,16,1656.01,26496.16,Delivered
POI00004591,PO0002237,MAT00015,34,49.79,1692.86,Partially Delivered
POI00004592,PO0002238,MAT00273,8,474.24,3793.92,Delivered
POI00004593,PO0002239,MAT00220,1,328.14,328.14,Delivered
POI00004594,PO0002239,MAT00209,1,286.27,286.27,Delivered
POI00004595,PO0002240,MAT00018,67,317.16,21249.72,Delivered
POI00004596,PO0002241,MAT00180,42,248.64,10442.88,Pending
POI00004597,PO0002241,MAT00181,7,175.94,1231.58,Cancelled
POI00004598,PO0002241,MAT00181,39,181.73,7087.47,Delivered
POI00004599,PO0002242,MAT00229,64,472.83,30261.12,Delivered
POI00004600,PO0002242,MAT00229,19,476.51,9053.69,Pending
POI00004601,PO0002242,MAT00229,20,413.6,8272.0,Delivered
POI00004602,PO0002243,MAT00139,32,136.49,4367.68,Delivered
POI00004603,PO0002243,MAT00150,27,212.47,5736.69,Pending
POI00004604,PO0002243,MAT00148,52,75.04,3902.08,Cancelled
POI00004605,PO0002244,MAT00284,8,344.41,2755.28,Delivered
POI00004606,PO0002244,MAT00198,27,881.29,23794.83,Delivered
POI00004607,PO0002245,MAT00188,90,135.69,12212.1,Cancelled
POI00004608,PO0002245,MAT00188,39,137.61,5366.79,Pending
POI00004609,PO0002245,MAT00188,18,153.91,2770.38,Pending
POI00004610,PO0002246,MAT00298,29,32.3,936.7,Pending
POI00004611,PO0002247,MAT00102,32,285.77,9144.64,Delivered
POI00004612,PO0002247,MAT00112,28,499.09,13974.52,Delivered
POI00004613,PO0002248,MAT00129,19,125.1,2376.9,Pending
POI00004614,PO0002248,MAT00126,9,195.03,1755.27,Delivered
POI00004615,PO0002248,MAT00139,19,138.32,2628.08,Pending
POI00004616,PO0002249,MAT00052,10,623.41,6234.1,Pending
POI00004617,PO0002249,MAT00060,124,124.23,15404.52,Delivered
POI00004618,PO0002250,MAT00063,6,197.98,1187.88,Delivered
POI00004619,PO0002250,MAT00075,16,108.25,1732.0,Delivered
POI00004620,PO0002250,MAT00017,68,399.76,27183.68,Delivered
POI00004621,PO0002251,MAT00191,19,951.76,18083.44,Delivered
POI00004622,PO0002251,MAT00191,65,848.77,55170.05,Delivered
POI00004623,PO0002251,MAT00191,30,844.19,25325.7,Delivered
POI00004624,PO0002252,MAT00007,20,775.75,15515.0,Delivered
POI00004625,PO0002252,MAT00001,112,61.47,6884.64,Delivered
POI00004626,PO0002252,MAT00021,45,83.79,3770.55,Delivered
POI00004627,PO0002253,MAT00213,54,297.33,16055.82,Delivered
POI00004628,PO0002253,MAT00203,20,74.93,1498.6,Delivered
POI00004629,PO0002253,MAT00207,55,175.17,9634.35,Delivered
POI00004630,PO0002254,MAT00221,128,133.36,17070.08,Delivered
POI00004631,PO0002254,MAT00223,6,231.37,1388.22,Delivered
POI00004632,PO0002254,MAT00205,117,147.66,17276.22,Delivered
POI00004633,PO0002255,MAT00002,58,119.96,6957.68,Delivered
POI00004634,PO0002255,MAT00019,23,327.04,7521.92,Delivered
POI00004635,PO0002256,MAT00263,13,431.95,5615.35,Delivered
POI00004636,PO0002256,MAT00052,5,620.76,3103.8,Delivered
POI00004637,PO0002257,MAT00264,11,696.06,7656.66,Delivered
POI00004638,PO0002257,MAT00259,12,220.18,2642.16,Delivered
POI00004639,PO0002258,MAT00012,53,447.02,23692.06,Delivered
POI00004640,PO0002258,MAT00024,6,126.02,756.12,Cancelled
POI00004641,PO0002259,MAT00059,21,83.42,1751.82,Pending
POI00004642,PO0002259,MAT00059,85,103.01,8755.85,Partially Delivered
POI00004643,PO0002260,MAT00192,34,193.25,6570.5,Delivered
POI00004644,PO0002261,MAT00231,17,371.64,6317.88,Delivered
POI00004645,PO0002262,MAT00137,60,284.93,17095.8,Delivered
POI00004646,PO0002262,MAT00146,8,252.01,2016.08,Delivered
POI00004647,PO0002262,MAT00136,2,169.76,339.52,Delivered
POI00004648,PO0002263,MAT00141,14,52.6,736.4,Delivered
POI00004649,PO0002263,MAT00140,8,91.05,728.4,Delivered
POI00004650,PO0002264,MAT00065,6,140.58,843.48,Delivered
POI00004651,PO0002264,MAT00075,2,106.33,212.66,Delivered
POI00004652,PO0002265,MAT00196,19,520.67,9892.73,Pending
POI00004653,PO0002265,MAT00197,50,488.95,24447.5,Pending
POI00004654,PO0002265,MAT00176,69,156.4,10791.6,Pending
POI00004655,PO0002266,MAT00149,14,21.72,304.08,Pending
POI00004656,PO0002266,MAT00168,32,94.97,3039.04,Delivered
POI00004657,PO0002266,MAT00046,108,491.99,53134.92,Pending
POI00004658,PO0002266,MAT00135,17,60.22,1023.74,Pending
POI00004659,PO0002267,MAT00023,10,520.64,5206.4,Pending
POI00004660,PO0002268,MAT00170,19,76.51,1453.69,Delivered
POI00004661,PO0002268,MAT00166,70,151.65,10615.5,Delivered
POI00004662,PO0002268,MAT00171,14,460.48,6446.72,Delivered
POI00004663,PO0002268,MAT00163,57,163.0,9291.0,Delivered
POI00004664,PO0002269,MAT00231,36,417.73,15038.28,Delivered
POI00004665,PO0002270,MAT00220,9,311.32,2801.88,Delivered
POI00004666,PO0002271,MAT00221,26,127.52,3315.52,Pending
POI00004667,PO0002272,MAT00270,13,527.16,6853.08,Delivered
POI00004668,PO0002272,MAT00273,6,468.43,2810.58,Delivered
POI00004669,PO0002272,MAT00263,20,482.04,9640.8,Delivered
POI00004670,PO0002272,MAT00256,174,171.29,29804.46,Delivered
POI00004671,PO0002273,MAT00240,51,623.05,31775.55,Delivered
POI00004672,PO0002273,MAT00245,29,93.09,2699.61,Delivered
POI00004673,PO0002273,MAT00245,25,82.95,2073.75,Delivered
POI00004674,PO0002273,MAT00240,7,662.26,4635.82,Delivered
POI00004675,PO0002274,MAT00029,21,190.48,4000.08,Partially Delivered
POI00004676,PO0002274,MAT00042,50,47.85,2392.5,Pending
POI00004677,PO0002275,MAT00160,26,546.34,14204.84,Delivered
POI00004678,PO0002275,MAT00156,44,150.39,6617.16,Delivered
POI00004679,PO0002276,MAT00167,22,158.55,3488.1,Delivered
POI00004680,PO0002276,MAT00157,26,36.64,952.64,Delivered
POI00004681,PO0002276,MAT00169,10,407.93,4079.3,Delivered
POI00004682,PO0002277,MAT00085,25,596.78,14919.5,Delivered
POI00004683,PO0002278,MAT00045,6,259.62,1557.72,Cancelled
POI00004684,PO0002279,MAT00039,25,191.74,4793.5,Partially Delivered
POI00004685,PO0002279,MAT00044,14,515.74,7220.36,Pending
POI00004686,PO0002280,MAT00155,2,596.64,1193.28,Delivered
POI00004687,PO0002281,MAT00004,10,249.62,2496.2,Delivered
POI00004688,PO0002281,MAT00004,109,206.02,22456.18,Delivered
POI00004689,PO0002282,MAT00034,12,88.67,1064.04,Delivered
POI00004690,PO0002283,MAT00108,32,1564.89,50076.48,Delivered
POI00004691,PO0002283,MAT00029,13,198.94,2586.22,Delivered
POI00004692,PO0002284,MAT00157,29,35.03,1015.87,Delivered
POI00004693,PO0002284,MAT00152,24,355.73,8537.52,Delivered
POI00004694,PO0002285,MAT00164,63,101.98,6424.74,Delivered
POI00004695,PO0002285,MAT00173,22,256.49,5642.78,Delivered
POI00004696,PO0002285,MAT00159,6,614.0,3684.0,Delivered
POI00004697,PO0002286,MAT00215,103,141.61,14585.83,Delivered
POI00004698,PO0002286,MAT00206,53,845.55,44814.15,Delivered
POI00004699,PO0002286,MAT00206,64,714.94,45756.16,Delivered
POI00004700,PO0002287,MAT00026,23,552.1,12698.3,Delivered
POI00004701,PO0002287,MAT00027,16,201.76,3228.16,Delivered
POI00004702,PO0002288,MAT00291,18,267.56,4816.08,Pending
POI00004703,PO0002289,MAT00240,5,627.86,3139.3,Pending
POI00004704,PO0002289,MAT00240,11,607.35,6680.85,Partially Delivered
POI00004705,PO0002289,MAT00240,33,562.14,18550.62,Partially Delivered
POI00004706,PO0002290,MAT00069,1,227.22,227.22,Delivered
POI00004707,PO0002291,MAT00013,7,118.51,829.57,Delivered
POI00004708,PO0002291,MAT00013,10,120.46,1204.6,Delivered
POI00004709,PO0002291,MAT00016,13,604.9,7863.7,Delivered
POI00004710,PO0002291,MAT00013,35,125.07,4377.45,Delivered
POI00004711,PO0002292,MAT00206,29,718.17,20826.93,Pending
POI00004712,PO0002292,MAT00215,4,133.95,535.8,Delivered
POI00004713,PO0002293,MAT00282,18,243.06,4375.08,Delivered
POI00004714,PO0002293,MAT00157,100,42.98,4298.0,Delivered
POI00004715,PO0002293,MAT00117,25,150.32,3758.0,Delivered
POI00004716,PO0002293,MAT00188,13,159.86,2078.18,Delivered
POI00004717,PO0002294,MAT00211,73,287.83,21011.59,Delivered
POI00004718,PO0002294,MAT00214,30,682.69,20480.7,Delivered
POI00004719,PO0002295,MAT00298,45,29.22,1314.9,Delivered
POI00004720,PO0002295,MAT00285,100,77.09,7709.0,Delivered
POI00004721,PO0002296,MAT00186,37,255.91,9468.67,Delivered
POI00004722,PO0002297,MAT00077,8,461.42,3691.36,Pending
POI00004723,PO0002297,MAT00100,26,1011.62,26302.12,Partially Delivered
POI00004724,PO0002297,MAT00082,63,164.62,10371.06,Pending
POI00004725,PO0002298,MAT00252,84,767.45,64465.8,Pending
POI00004726,PO0002298,MAT00275,12,269.73,3236.76,Pending
POI00004727,PO0002299,MAT00050,5,132.67,663.35,Delivered
POI00004728,PO0002300,MAT00093,19,549.02,10431.38,Delivered
POI00004729,PO0002300,MAT00093,11,667.55,7343.05,Delivered
POI00004730,PO0002301,MAT00166,23,145.6,3348.8,Delivered
POI00004731,PO0002301,MAT00170,77,69.93,5384.61,Delivered
POI00004732,PO0002301,MAT00171,68,520.27,35378.36,Delivered
POI00004733,PO0002302,MAT00286,34,814.44,27690.96,Pending
POI00004734,PO0002303,MAT00013,10,112.59,1125.9,Partially Delivered
POI00004735,PO0002303,MAT00016,10,555.24,5552.4,Pending
POI00004736,PO0002303,MAT00016,11,546.45,6010.95,Delivered
POI00004737,PO0002304,MAT00099,3,805.55,2416.65,Delivered
POI00004738,PO0002304,MAT00085,32,629.95,20158.4,Delivered
POI00004739,PO0002304,MAT00078,34,95.46,3245.64,Delivered
POI00004740,PO0002305,MAT00193,11,80.16,881.76,Delivered
POI00004741,PO0002305,MAT00193,12,91.27,1095.24,Delivered
POI00004742,PO0002305,MAT00177,35,246.42,8624.7,Delivered
POI00004743,PO0002306,MAT00106,2,114.35,228.7,Delivered
POI00004744,PO0002306,MAT00107,13,736.5,9574.5,Delivered
POI00004745,PO0002306,MAT00102,42,293.82,12340.44,Delivered
POI00004746,PO0002307,MAT00240,28,644.38,18042.64,Delivered
POI00004747,PO0002307,MAT00245,6,86.65,519.9,Delivered
POI00004748,PO0002308,MAT00109,9,445.51,4009.59,Delivered
POI00004749,PO0002309,MAT00280,3,526.38,1579.14,Delivered
POI00004750,PO0002309,MAT00293,53,161.57,8563.21,Delivered
POI00004751,PO0002309,MAT00297,71,189.78,13474.38,Delivered
POI00004752,PO0002309,MAT00297,54,214.77,11597.58,Delivered
POI00004753,PO0002310,MAT00189,13,134.12,1743.56,Pending
POI00004754,PO0002310,MAT00189,10,129.89,1298.9,Partially Delivered
POI00004755,PO0002310,MAT00189,67,128.68,8621.56,Partially Delivered
POI00004756,PO0002311,MAT00229,9,438.08,3942.72,Delivered
POI00004757,PO0002312,MAT00175,53,1646.11,87243.83,Delivered
POI00004758,PO0002312,MAT00155,27,615.24,16611.48,Delivered
POI00004759,PO0002312,MAT00151,18,291.5,5247.0,Delivered
POI00004760,PO0002313,MAT00025,70,207.72,14540.4,Delivered
POI00004761,PO0002313,MAT00014,3,76.08,228.24,Delivered
POI00004762,PO0002313,MAT00015,102,45.8,4671.6,Delivered
POI00004763,PO0002313,MAT00022,13,115.28,1498.64,Delivered
POI00004764,PO0002314,MAT00275,26,267.35,6951.1,Delivered
POI00004765,PO0002314,MAT00275,7,317.74,2224.18,Delivered
POI00004766,PO0002314,MAT00252,24,913.2,21916.8,Delivered
POI00004767,PO0002315,MAT00231,16,397.46,6359.36,Delivered
POI00004768,PO0002315,MAT00231,75,397.8,29835.0,Delivered
POI00004769,PO0002315,MAT00231,2,365.22,730.44,Delivered
POI00004770,PO0002316,MAT00238,50,176.07,8803.5,Delivered
POI00004771,PO0002316,MAT00241,5,138.26,691.3,Delivered
POI00004772,PO0002316,MAT00226,62,48.8,3025.6,Delivered
POI00004773,PO0002317,MAT00026,8,548.42,4387.36,Delivered
POI00004774,PO0002317,MAT00035,3,812.76,2438.28,Delivered
POI00004775,PO0002318,MAT00185,21,177.56,3728.76,Delivered
POI00004776,PO0002318,MAT00179,34,100.97,3432.98,Delivered
POI00004777,PO0002318,MAT00179,15,101.89,1528.35,Delivered
POI00004778,PO0002318,MAT00185,15,205.63,3084.45,Delivered
POI00004779,PO0002319,MAT00042,13,48.89,635.57,Delivered
POI00004780,PO0002320,MAT00188,17,142.56,2423.52,Pending
POI00004781,PO0002320,MAT00194,31,955.82,29630.42,Delivered
POI00004782,PO0002321,MAT00178,49,1146.71,56188.79,Delivered
POI00004783,PO0002321,MAT00182,26,49.85,1296.1,Delivered
POI00004784,PO0002322,MAT00188,24,132.91,3189.84,Pending
POI00004785,PO0002322,MAT00194,15,984.79,14771.85,Delivered
POI00004786,PO0002323,MAT00119,17,144.4,2454.8,Delivered
POI00004787,PO0002323,MAT00119,11,156.72,1723.92,Pending
POI00004788,PO0002323,MAT00119,36,156.53,5635.08,Cancelled
POI00004789,PO0002323,MAT00119,32,133.87,4283.84,Partially Delivered
POI00004790,PO0002324,MAT00019,29,322.96,9365.84,Delivered
POI00004791,PO0002325,MAT00098,66,395.77,26120.82,Pending
POI00004792,PO0002326,MAT00120,5,91.02,455.1,Delivered
POI00004793,PO0002326,MAT00105,18,49.41,889.38,Delivered
POI00004794,PO0002327,MAT00234,11,248.79,2736.69,Delivered
POI00004795,PO0002327,MAT00248,12,464.28,5571.36,Delivered
POI00004796,PO0002328,MAT00253,15,105.48,1582.2,Delivered
POI00004797,PO0002329,MAT00123,6,487.59,2925.54,Delivered
POI00004798,PO0002329,MAT00120,29,92.35,2678.15,Delivered
POI00004799,PO0002330,MAT00071,3,179.61,538.83,Delivered
POI00004800,PO0002331,MAT00191,27,774.43,20909.61,Delivered
POI00004801,PO0002332,MAT00111,13,70.57,917.41,Delivered
POI00004802,PO0002332,MAT00111,3,76.53,229.59,Delivered
POI00004803,PO0002332,MAT00111,58,82.85,4805.3,Delivered
POI00004804,PO0002333,MAT00056,13,72.91,947.83,Pending
POI00004805,PO0002333,MAT00067,32,519.47,16623.04,Delivered
POI00004806,PO0002334,MAT00088,15,1153.76,17306.4,Delivered
POI00004807,PO0002334,MAT00097,26,641.2,16671.2,Delivered
POI00004808,PO0002335,MAT00248,17,518.85,8820.45,Delivered
POI00004809,PO0002335,MAT00234,35,236.33,8271.55,Delivered
POI00004810,PO0002336,MAT00103,2,95.24,190.48,Delivered
POI00004811,PO0002336,MAT00118,13,716.05,9308.65,Delivered
POI00004812,PO0002336,MAT00104,3,403.2,1209.6,Delivered
POI00004813,PO0002336,MAT00109,16,499.42,7990.72,Delivered
POI00004814,PO0002337,MAT00186,3,286.52,859.56,Pending
POI00004815,PO0002337,MAT00186,45,271.5,12217.5,Partially Delivered
POI00004816,PO0002337,MAT00186,15,250.64,3759.6,Delivered
POI00004817,PO0002338,MAT00043,11,260.14,2861.54,Delivered
POI00004818,PO0002338,MAT00043,25,243.91,6097.75,Delivered
POI00004819,PO0002339,MAT00111,13,83.62,1087.06,Partially Delivered
POI00004820,PO0002339,MAT00111,63,83.37,5252.31,Delivered
POI00004821,PO0002339,MAT00111,225,70.56,15876.0,Partially Delivered
POI00004822,PO0002340,MAT00113,19,1253.0,23807.0,Delivered
POI00004823,PO0002341,MAT00277,42,1227.41,51551.22,Delivered
POI00004824,PO0002341,MAT00300,22,465.97,10251.34,Delivered
POI00004825,PO0002341,MAT00282,6,234.2,1405.2,Delivered
POI00004826,PO0002341,MAT00296,9,72.75,654.75,Delivered
POI00004827,PO0002342,MAT00065,41,137.97,5656.77,Delivered
POI00004828,PO0002342,MAT00065,31,152.84,4738.04,Delivered
POI00004829,PO0002342,MAT00065,5,150.13,750.65,Delivered
POI00004830,PO0002342,MAT00065,10,139.76,1397.6,Delivered
POI00004831,PO0002343,MAT00296,23,81.89,1883.47,Delivered
POI00004832,PO0002344,MAT00036,18,104.62,1883.16,Pending
POI00004833,PO0002344,MAT00049,30,78.67,2360.1,Cancelled
POI00004834,PO0002344,MAT00047,8,135.13,1081.04,Cancelled
POI00004835,PO0002344,MAT00040,24,176.7,4240.8,Delivered
POI00004836,PO0002345,MAT00004,9,249.38,2244.42,Partially Delivered
POI00004837,PO0002345,MAT00156,10,176.79,1767.9,Partially Delivered
POI00004838,PO0002345,MAT00095,23,27.79,639.17,Delivered
POI00004839,PO0002345,MAT00216,5,128.97,644.85,Pending
POI00004840,PO0002346,MAT00188,7,141.67,991.69,Pending
POI00004841,PO0002346,MAT00194,17,935.17,15897.89,Delivered
POI00004842,PO0002347,MAT00117,10,145.14,1451.4,Pending
POI00004843,PO0002347,MAT00086,77,99.94,7695.38,Delivered
POI00004844,PO0002347,MAT00225,26,473.89,12321.14,Pending
POI00004845,PO0002348,MAT00140,32,85.26,2728.32,Pending
POI00004846,PO0002348,MAT00210,2,389.79,779.58,Delivered
POI00004847,PO0002349,MAT00275,21,260.34,5467.14,Delivered
POI00004848,PO0002350,MAT00006,54,337.67,18234.18,Delivered
POI00004849,PO0002350,MAT00018,43,335.67,14433.81,Delivered
POI00004850,PO0002350,MAT00008,23,107.9,2481.7,Delivered
POI00004851,PO0002351,MAT00051,29,76.61,2221.69,Delivered
POI00004852,PO0002351,MAT00060,5,122.67,613.35,Delivered
POI00004853,PO0002351,MAT00058,44,61.32,2698.08,Delivered
POI00004854,PO0002352,MAT00265,5,696.33,3481.65,Cancelled
POI00004855,PO0002352,MAT00261,112,2872.0,321664.0,Delivered
POI00004856,PO0002353,MAT00288,54,851.25,45967.5,Delivered
POI00004857,PO0002353,MAT00299,3,98.39,295.17,Delivered
POI00004858,PO0002353,MAT00284,14,320.27,4483.78,Delivered
POI00004859,PO0002354,MAT00175,7,1659.04,11613.28,Pending
POI00004860,PO0002355,MAT00084,10,184.96,1849.6,Delivered
POI00004861,PO0002355,MAT00077,24,448.97,10775.28,Delivered
POI00004862,PO0002356,MAT00082,3,151.08,453.24,Partially Delivered
POI00004863,PO0002356,MAT00084,10,196.68,1966.8,Partially Delivered
POI00004864,PO0002357,MAT00168,28,92.02,2576.56,Delivered
POI00004865,PO0002357,MAT00159,50,543.68,27184.0,Pending
POI00004866,PO0002357,MAT00164,19,116.02,2204.38,Pending
POI00004867,PO0002358,MAT00111,34,79.37,2698.58,Delivered
POI00004868,PO0002358,MAT00111,62,80.77,5007.74,Delivered
POI00004869,PO0002358,MAT00111,21,83.35,1750.35,Delivered
POI00004870,PO0002358,MAT00111,50,78.01,3900.5,Delivered
POI00004871,PO0002359,MAT00248,230,515.41,118544.3,Pending
POI00004872,PO0002359,MAT00234,19,271.48,5158.12,Pending
POI00004873,PO0002360,MAT00005,3,258.59,775.77,Delivered
POI00004874,PO0002361,MAT00075,33,105.52,3482.16,Delivered
POI00004875,PO0002361,MAT00063,34,220.43,7494.62,Delivered
POI00004876,PO0002361,MAT00007,25,869.88,21747.0,Delivered
POI00004877,PO0002362,MAT00059,14,93.18,1304.52,Delivered
POI00004878,PO0002362,MAT00059,23,85.74,1972.02,Delivered
POI00004879,PO0002363,MAT00019,10,353.96,3539.6,Delivered
POI00004880,PO0002363,MAT00002,13,114.89,1493.57,Delivered
POI00004881,PO0002363,MAT00002,45,100.62,4527.9,Delivered
POI00004882,PO0002363,MAT00002,1,99.48,99.48,Delivered
POI00004883,PO0002364,MAT00065,23,129.31,2974.13,Pending
POI00004884,PO0002365,MAT00051,18,75.76,1363.68,Partially Delivered
POI00004885,PO0002365,MAT00052,15,677.74,10166.1,Pending
POI00004886,PO0002366,MAT00292,24,116.83,2803.92,Delivered
POI00004887,PO0002366,MAT00295,208,102.02,21220.16,Delivered
POI00004888,PO0002366,MAT00287,35,392.87,13750.45,Delivered
POI00004889,PO0002366,MAT00278,37,1578.3,58397.1,Delivered
POI00004890,PO0002367,MAT00240,36,631.93,22749.48,Delivered
POI00004891,PO0002367,MAT00245,5,95.42,477.1,Delivered
POI00004892,PO0002368,MAT00071,5,185.23,926.15,Delivered
POI00004893,PO0002368,MAT00053,60,846.41,50784.6,Partially Delivered
POI00004894,PO0002369,MAT00235,9,302.24,2720.16,Delivered
POI00004895,PO0002369,MAT00242,156,186.68,29122.08,Delivered
POI00004896,PO0002369,MAT00242,100,193.81,19381.0,Delivered
POI00004897,PO0002370,MAT00188,6,152.89,917.34,Partially Delivered
POI00004898,PO0002370,MAT00188,74,147.87,10942.38,Pending
POI00004899,PO0002370,MAT00194,48,964.95,46317.6,Partially Delivered
POI00004900,PO0002371,MAT00182,10,49.43,494.3,Delivered
POI00004901,PO0002372,MAT00201,34,134.61,4576.74,Delivered
POI00004902,PO0002372,MAT00201,17,155.36,2641.12,Pending
POI00004903,PO0002373,MAT00043,26,246.27,6403.02,Delivered
POI00004904,PO0002374,MAT00181,51,173.05,8825.55,Delivered
POI00004905,PO0002374,MAT00180,15,281.39,4220.85,Delivered
POI00004906,PO0002375,MAT00217,31,120.81,3745.11,Delivered
POI00004907,PO0002375,MAT00217,7,142.03,994.21,Cancelled
POI00004908,PO0002376,MAT00201,12,145.46,1745.52,Delivered
POI00004909,PO0002377,MAT00160,1,515.99,515.99,Cancelled
POI00004910,PO0002378,MAT00171,21,510.1,10712.1,Delivered
POI00004911,PO0002378,MAT00087,17,379.79,6456.43,Delivered
POI00004912,PO0002378,MAT00065,41,151.22,6200.02,Delivered
POI00004913,PO0002379,MAT00132,14,111.79,1565.06,Delivered
POI00004914,PO0002380,MAT00177,57,240.1,13685.7,Delivered
POI00004915,PO0002381,MAT00288,26,1020.89,26543.14,Delivered
POI00004916,PO0002381,MAT00270,3,490.45,1471.35,Delivered
POI00004917,PO0002381,MAT00120,24,79.01,1896.24,Delivered
POI00004918,PO0002381,MAT00244,107,198.16,21203.12,Delivered
POI00004919,PO0002382,MAT00186,45,236.42,10638.9,Delivered
POI00004920,PO0002382,MAT00186,10,241.0,2410.0,Delivered
POI00004921,PO0002383,MAT00075,8,122.34,978.72,Delivered
POI00004922,PO0002383,MAT00065,13,125.59,1632.67,Delivered
POI00004923,PO0002384,MAT00165,21,452.65,9505.65,Delivered
POI00004924,PO0002385,MAT00067,106,595.88,63163.28,Delivered
POI00004925,PO0002385,MAT00056,69,72.92,5031.48,Cancelled
POI00004926,PO0002386,MAT00062,22,68.32,1503.04,Delivered
POI00004927,PO0002387,MAT00060,26,128.56,3342.56,Pending
POI00004928,PO0002388,MAT00217,62,149.8,9287.6,Pending
POI00004929,PO0002388,MAT00217,8,141.22,1129.76,Delivered
POI00004930,PO0002388,MAT00217,6,146.35,878.1,Pending
POI00004931,PO0002388,MAT00217,4,125.8,503.2,Delivered
POI00004932,PO0002389,MAT00275,17,259.32,4408.44,Delivered
POI00004933,PO0002390,MAT00082,45,133.96,6028.2,Delivered
POI00004934,PO0002390,MAT00077,4,445.84,1783.36,Delivered
POI00004935,PO0002391,MAT00100,34,1085.82,36917.88,Delivered
POI00004936,PO0002391,MAT00082,31,135.68,4206.08,Pending
POI00004937,PO0002391,MAT00084,13,195.83,2545.79,Delivered
POI00004938,PO0002392,MAT00093,28,607.02,16996.56,Delivered
POI00004939,PO0002393,MAT00189,32,125.47,4015.04,Partially Delivered
POI00004940,PO0002393,MAT00189,25,118.51,2962.75,Pending
POI00004941,PO0002394,MAT00248,179,477.61,85492.19,Delivered
POI00004942,PO0002395,MAT00016,18,483.14,8696.52,Delivered
POI00004943,PO0002395,MAT00016,3,506.14,1518.42,Delivered
POI00004944,PO0002395,MAT00016,24,611.9,14685.6,Delivered
POI00004945,PO0002395,MAT00013,20,110.25,2205.0,Delivered
POI00004946,PO0002396,MAT00252,19,846.05,16074.95,Delivered
POI00004947,PO0002396,MAT00275,10,315.54,3155.4,Delivered
POI00004948,PO0002397,MAT00007,5,708.45,3542.25,Delivered
POI00004949,PO0002397,MAT00021,8,104.41,835.28,Delivered
POI00004950,PO0002398,MAT00032,9,67.07,603.63,Delivered
POI00004951,PO0002398,MAT00050,15,138.3,2074.5,Delivered
POI00004952,PO0002399,MAT00221,8,151.21,1209.68,Delivered
POI00004953,PO0002400,MAT00082,14,160.91,2252.74,Delivered
POI00004954,PO0002400,MAT00077,46,439.42,20213.32,Delivered
POI00004955,PO0002401,MAT00132,4,111.45,445.8,Delivered
POI00004956,PO0002401,MAT00023,6,588.31,3529.86,Delivered
POI00004957,PO0002401,MAT00262,4,783.92,3135.68,Partially Delivered
POI00004958,PO0002402,MAT00073,18,506.33,9113.94,Partially Delivered
POI00004959,PO0002402,MAT00053,7,929.29,6505.03,Partially Delivered
POI00004960,PO0002402,MAT00071,10,224.85,2248.5,Cancelled
POI00004961,PO0002403,MAT00265,10,652.34,6523.4,Delivered
POI00004962,PO0002404,MAT00121,128,1735.86,222190.08,Pending
POI00004963,PO0002404,MAT00102,13,284.16,3694.08,Partially Delivered
POI00004964,PO0002405,MAT00114,46,239.94,11037.24,Pending
POI00004965,PO0002405,MAT00108,31,1600.91,49628.21,Delivered
POI00004966,PO0002405,MAT00105,15,59.75,896.25,Cancelled
POI00004967,PO0002406,MAT00287,15,429.56,6443.4,Delivered
POI00004968,PO0002406,MAT00295,5,90.38,451.9,Delivered
POI00004969,PO0002406,MAT00286,46,727.42,33461.32,Delivered
POI00004970,PO0002407,MAT00178,11,1287.32,14160.52,Delivered
POI00004971,PO0002408,MAT00188,2,131.91,263.82,Delivered
POI00004972,PO0002408,MAT00194,29,994.81,28849.49,Partially Delivered
POI00004973,PO0002408,MAT00194,15,1003.22,15048.3,Pending
POI00004974,PO0002408,MAT00188,24,158.2,3796.8,Pending
POI00004975,PO0002409,MAT00092,10,635.43,6354.3,Delivered
POI00004976,PO0002410,MAT00125,75,57.68,4326.0,Delivered
POI00004977,PO0002410,MAT00103,37,83.16,3076.92,Partially Delivered
POI00004978,PO0002410,MAT00109,126,527.94,66520.44,Cancelled
POI00004979,PO0002411,MAT00046,28,456.26,12775.28,Delivered
POI00004980,PO0002411,MAT00041,4,2242.09,8968.36,Delivered
POI00004981,PO0002412,MAT00234,35,284.29,9950.15,Delivered
POI00004982,PO0002413,MAT00252,91,812.86,73970.26,Delivered
POI00004983,PO0002414,MAT00218,55,58.04,3192.2,Cancelled
POI00004984,PO0002414,MAT00208,65,47.6,3094.0,Delivered
POI00004985,PO0002414,MAT00216,66,114.92,7584.72,Pending
POI00004986,PO0002415,MAT00119,1,134.02,134.02,Delivered
POI00004987,PO0002415,MAT00119,26,154.72,4022.72,Delivered
POI00004988,PO0002416,MAT00225,21,441.1,9263.1,Delivered
POI00004989,PO0002417,MAT00023,20,513.66,10273.2,Pending
POI00004990,PO0002417,MAT00023,11,610.36,6713.96,Delivered
POI00004991,PO0002417,MAT00023,38,631.14,23983.32,Delivered
POI00004992,PO0002417,MAT00005,12,255.43,3065.16,Delivered
POI00004993,PO0002418,MAT00029,66,193.95,12800.7,Delivered
POI00004994,PO0002419,MAT00187,8,299.57,2396.56,Delivered
POI00004995,PO0002419,MAT00198,25,802.65,20066.25,Delivered
POI00004996,PO0002420,MAT00210,21,392.02,8232.42,Delivered
POI00004997,PO0002420,MAT00210,62,352.93,21881.66,Delivered
POI00004998,PO0002420,MAT00210,23,347.02,7981.46,Delivered
POI00004999,PO0002421,MAT00024,10,131.33,1313.3,Delivered
POI00005000,PO0002422,MAT00005,7,253.23,1772.61,Delivered
POI00005001,PO0002422,MAT00083,34,62.03,2109.02,Delivered
POI00005002,PO0002422,MAT00157,193,38.32,7395.76,Delivered
POI00005003,PO0002422,MAT00209,24,302.15,7251.6,Delivered
POI00005004,PO0002423,MAT00247,8,723.01,5784.08,Delivered
POI00005005,PO0002423,MAT00233,12,238.53,2862.36,Delivered
POI00005006,PO0002424,MAT00041,119,2453.15,291924.85,Delivered
POI00005007,PO0002425,MAT00222,9,222.02,1998.18,Delivered
POI00005008,PO0002426,MAT00208,8,49.25,394.0,Pending
POI00005009,PO0002426,MAT00216,28,124.38,3482.64,Pending
POI00005010,PO0002426,MAT00212,4,50.52,202.08,Pending
POI00005011,PO0002427,MAT00277,33,1227.45,40505.85,Pending
POI00005012,PO0002428,MAT00113,14,1426.06,19964.84,Delivered
POI00005013,PO0002428,MAT00110,1,487.71,487.71,Delivered
POI00005014,PO0002428,MAT00110,21,545.58,11457.18,Delivered
POI00005015,PO0002429,MAT00160,39,495.5,19324.5,Delivered
POI00005016,PO0002430,MAT00128,30,90.49,2714.7,Delivered
POI00005017,PO0002430,MAT00141,6,41.95,251.7,Delivered
POI00005018,PO0002430,MAT00146,27,238.81,6447.87,Delivered
POI00005019,PO0002430,MAT00127,24,5707.8,136987.2,Delivered
POI00005020,PO0002431,MAT00208,36,49.89,1796.04,Delivered
POI00005021,PO0002431,MAT00216,125,124.64,15580.0,Delivered
POI00005022,PO0002432,MAT00297,33,211.42,6976.86,Delivered
POI00005023,PO0002432,MAT00280,18,570.11,10261.98,Delivered
POI00005024,PO0002432,MAT00293,1,163.16,163.16,Cancelled
POI00005025,PO0002433,MAT00118,5,621.49,3107.45,Delivered
POI00005026,PO0002433,MAT00017,12,462.87,5554.44,Delivered
POI00005027,PO0002434,MAT00245,26,95.09,2472.34,Partially Delivered
POI00005028,PO0002434,MAT00240,39,658.24,25671.36,Pending
POI00005029,PO0002435,MAT00277,15,1157.25,17358.75,Delivered
POI00005030,PO0002435,MAT00296,14,74.88,1048.32,Delivered
POI00005031,PO0002436,MAT00210,76,393.87,29934.12,Delivered
POI00005032,PO0002436,MAT00210,15,356.97,5354.55,Pending
POI00005033,PO0002437,MAT00059,68,90.25,6137.0,Delivered
POI00005034,PO0002437,MAT00059,3,99.6,298.8,Delivered
POI00005035,PO0002438,MAT00224,29,1626.23,47160.67,Cancelled
POI00005036,PO0002438,MAT00219,8,87.43,699.44,Partially Delivered
POI00005037,PO0002439,MAT00013,56,123.1,6893.6,Pending
POI00005038,PO0002439,MAT00016,19,567.86,10789.34,Cancelled
POI00005039,PO0002440,MAT00236,73,197.1,14388.3,Delivered
POI00005040,PO0002440,MAT00233,107,225.19,24095.33,Delivered
POI00005041,PO0002440,MAT00243,11,1230.6,13536.6,Delivered
POI00005042,PO0002441,MAT00151,28,299.27,8379.56,Pending
POI00005043,PO0002441,MAT00161,11,333.93,3673.23,Pending
POI00005044,PO0002442,MAT00230,48,389.67,18704.16,Delivered
POI00005045,PO0002442,MAT00229,82,477.75,39175.5,Delivered
POI00005046,PO0002442,MAT00230,10,402.39,4023.9,Delivered
POI00005047,PO0002442,MAT00229,23,461.1,10605.3,Delivered
POI00005048,PO0002443,MAT00205,11,150.62,1656.82,Cancelled
POI00005049,PO0002444,MAT00119,32,146.24,4679.68,Pending
POI00005050,PO0002444,MAT00119,49,162.52,7963.48,Delivered
POI00005051,PO0002445,MAT00169,71,383.0,27193.0,Delivered
POI00005052,PO0002445,MAT00172,6,84.2,505.2,Delivered
POI00005053,PO0002446,MAT00024,8,128.24,1025.92,Delivered
POI00005054,PO0002446,MAT00020,34,419.86,14275.24,Delivered
POI00005055,PO0002447,MAT00237,12,865.37,10384.44,Delivered
POI00005056,PO0002447,MAT00231,5,379.0,1895.0,Delivered
POI00005057,PO0002447,MAT00237,30,845.41,25362.3,Delivered
POI00005058,PO0002447,MAT00237,24,980.78,23538.72,Delivered
POI00005059,PO0002448,MAT00141,50,46.51,2325.5,Delivered
POI00005060,PO0002449,MAT00210,3,353.61,1060.83,Cancelled
POI00005061,PO0002449,MAT00210,16,381.53,6104.48,Delivered
POI00005062,PO0002450,MAT00289,14,255.62,3578.68,Delivered
POI00005063,PO0002450,MAT00284,35,319.63,11187.05,Delivered
POI00005064,PO0002451,MAT00170,15,76.56,1148.4,Delivered
POI00005065,PO0002451,MAT00171,14,512.57,7175.98,Delivered
POI00005066,PO0002451,MAT00166,15,146.09,2191.35,Delivered
POI00005067,PO0002452,MAT00100,10,917.28,9172.8,Pending
POI00005068,PO0002453,MAT00004,28,233.93,6550.04,Delivered
POI00005069,PO0002453,MAT00004,34,257.22,8745.48,Delivered
POI00005070,PO0002454,MAT00029,107,209.79,22447.53,Delivered
POI00005071,PO0002454,MAT00042,10,47.04,470.4,Delivered
POI00005072,PO0002455,MAT00272,13,1105.53,14371.89,Delivered
POI00005073,PO0002455,MAT00090,13,251.75,3272.75,Delivered
POI00005074,PO0002455,MAT00067,16,593.31,9492.96,Delivered
POI00005075,PO0002455,MAT00066,27,133.44,3602.88,Delivered
POI00005076,PO0002456,MAT00095,27,31.27,844.29,Delivered
POI00005077,PO0002457,MAT00010,53,132.41,7017.73,Delivered
POI00005078,PO0002457,MAT00008,11,99.35,1092.85,Delivered
POI00005079,PO0002457,MAT00018,38,340.88,12953.44,Delivered
POI00005080,PO0002458,MAT00123,43,433.52,18641.36,Pending
POI00005081,PO0002458,MAT00108,11,1490.05,16390.55,Partially Delivered
POI00005082,PO0002459,MAT00002,40,114.24,4569.6,Pending
POI00005083,PO0002459,MAT00019,13,353.21,4591.73,Pending
POI00005084,PO0002460,MAT00069,35,226.92,7942.2,Cancelled
POI00005085,PO0002460,MAT00055,17,9.59,163.03,Pending
POI00005086,PO0002461,MAT00185,9,188.55,1696.95,Delivered
POI00005087,PO0002462,MAT00059,8,85.96,687.68,Delivered
POI00005088,PO0002463,MAT00271,21,178.07,3739.47,Delivered
POI00005089,PO0002463,MAT00266,9,498.21,4483.89,Delivered
POI00005090,PO0002464,MAT00123,4,412.86,1651.44,Delivered
POI00005091,PO0002464,MAT00108,4,1402.5,5610.0,Delivered
POI00005092,PO0002464,MAT00105,35,54.05,1891.75,Delivered
POI00005093,PO0002465,MAT00273,25,514.09,12852.25,Cancelled
POI00005094,PO0002466,MAT00043,55,265.17,14584.35,Delivered
POI00005095,PO0002466,MAT00043,30,267.68,8030.4,Delivered
POI00005096,PO0002467,MAT00075,14,122.78,1718.92,Partially Delivered
POI00005097,PO0002468,MAT00003,104,1729.82,179901.28,Delivered
POI00005098,PO0002468,MAT00010,18,153.82,2768.76,Delivered
POI00005099,PO0002468,MAT00018,17,383.88,6525.96,Delivered
POI00005100,PO0002469,MAT00169,37,361.02,13357.74,Delivered
POI00005101,PO0002469,MAT00162,61,2238.67,136558.87,Delivered
POI00005102,PO0002470,MAT00224,14,1420.85,19891.9,Partially Delivered
POI00005103,PO0002471,MAT00177,72,264.72,19059.84,Delivered
POI00005104,PO0002471,MAT00029,10,189.78,1897.8,Delivered
POI00005105,PO0002471,MAT00052,22,688.26,15141.72,Delivered
POI00005106,PO0002472,MAT00268,11,186.76,2054.36,Delivered
POI00005107,PO0002472,MAT00260,7,281.66,1971.62,Delivered
POI00005108,PO0002472,MAT00254,39,437.83,17075.37,Delivered
POI00005109,PO0002472,MAT00251,16,149.24,2387.84,Delivered
POI00005110,PO0002473,MAT00199,9,477.82,4300.38,Delivered
POI00005111,PO0002474,MAT00225,6,488.02,2928.12,Pending
POI00005112,PO0002474,MAT00071,5,221.41,1107.05,Pending
POI00005113,PO0002474,MAT00146,23,285.81,6573.63,Delivered
POI00005114,PO0002474,MAT00055,9,9.61,86.49,Pending
POI00005115,PO0002475,MAT00282,7,202.3,1416.1,Delivered
POI00005116,PO0002475,MAT00283,44,54.82,2412.08,Delivered
POI00005117,PO0002476,MAT00215,28,142.33,3985.24,Delivered
POI00005118,PO0002476,MAT00206,10,840.3,8403.0,Delivered
POI00005119,PO0002477,MAT00221,2,157.64,315.28,Delivered
POI00005120,PO0002478,MAT00110,36,451.41,16250.76,Delivered
POI00005121,PO0002479,MAT00091,5,247.81,1239.05,Delivered
POI00005122,PO0002479,MAT00076,50,80.86,4043.0,Delivered
POI00005123,PO0002480,MAT00217,46,129.49,5956.54,Pending
POI00005124,PO0002480,MAT00217,20,124.8,2496.0,Delivered
POI00005125,PO0002480,MAT00217,16,130.82,2093.12,Delivered
POI00005126,PO0002480,MAT00217,19,125.83,2390.77,Cancelled
POI00005127,PO0002481,MAT00236,25,169.45,4236.25,Delivered
POI00005128,PO0002481,MAT00233,19,234.51,4455.69,Pending
POI00005129,PO0002482,MAT00203,8,69.95,559.6,Pending
POI00005130,PO0002483,MAT00061,12,302.66,3631.92,Delivered
POI00005131,PO0002484,MAT00023,21,637.28,13382.88,Delivered
POI00005132,PO0002484,MAT00009,22,428.85,9434.7,Delivered
POI00005133,PO0002485,MAT00093,112,651.47,72964.64,Delivered
POI00005134,PO0002486,MAT00065,17,135.19,2298.23,Partially Delivered
POI00005135,PO0002486,MAT00075,20,120.42,2408.4,Partially Delivered
POI00005136,PO0002487,MAT00024,4,123.85,495.4,Delivered
POI00005137,PO0002487,MAT00012,6,413.0,2478.0,Partially Delivered
POI00005138,PO0002487,MAT00020,8,359.4,2875.2,Delivered
POI00005139,PO0002488,MAT00201,11,166.73,1834.03,Delivered
POI00005140,PO0002489,MAT00285,9,76.3,686.7,Delivered
POI00005141,PO0002490,MAT00117,1,166.18,166.18,Delivered
POI00005142,PO0002491,MAT00256,9,154.01,1386.09,Delivered
POI00005143,PO0002492,MAT00229,28,432.04,12097.12,Pending
POI00005144,PO0002492,MAT00230,4,424.72,1698.88,Delivered
POI00005145,PO0002492,MAT00230,21,375.17,7878.57,Delivered
POI00005146,PO0002492,MAT00229,5,441.85,2209.25,Cancelled
POI00005147,PO0002493,MAT00270,46,552.12,25397.52,Delivered
POI00005148,PO0002493,MAT00273,6,430.69,2584.14,Delivered
POI00005149,PO0002494,MAT00254,5,528.46,2642.3,Delivered
POI00005150,PO0002494,MAT00103,10,79.05,790.5,Delivered
POI00005151,PO0002494,MAT00030,7,224.23,1569.61,Delivered
POI00005152,PO0002494,MAT00296,407,74.62,30370.34,Delivered
POI00005153,PO0002495,MAT00236,18,162.23,2920.14,Delivered
POI00005154,PO0002495,MAT00047,16,126.81,2028.96,Delivered
POI00005155,PO0002495,MAT00109,25,436.38,10909.5,Delivered
POI00005156,PO0002495,MAT00244,16,166.73,2667.68,Delivered
POI00005157,PO0002496,MAT00299,4,96.36,385.44,Delivered
POI00005158,PO0002496,MAT00092,6,690.4,4142.4,Delivered
POI00005159,PO0002496,MAT00141,8,43.73,349.84,Delivered
POI00005160,PO0002497,MAT00235,28,249.72,6992.16,Delivered
POI00005161,PO0002498,MAT00032,121,72.93,8824.53,Partially Delivered
POI00005162,PO0002499,MAT00283,11,56.98,626.78,Delivered
POI00005163,PO0002499,MAT00282,61,202.26,12337.86,Delivered
POI00005164,PO0002500,MAT00242,20,167.57,3351.4,Pending
POI00005165,PO0002500,MAT00235,22,265.39,5838.58,Partially Delivered
POI00005166,PO0002501,MAT00035,19,777.39,14770.41,Pending
POI00005167,PO0002501,MAT00027,17,214.21,3641.57,Pending
POI00005168,PO0002502,MAT00050,33,134.41,4435.53,Delivered
POI00005169,PO0002502,MAT00045,56,233.66,13084.96,Delivered
POI00005170,PO0002503,MAT00111,31,82.74,2564.94,Delivered
POI00005171,PO0002503,MAT00070,6,149.47,896.82,Delivered
POI00005172,PO0002503,MAT00252,71,855.56,60744.76,Delivered
POI00005173,PO0002503,MAT00029,119,179.94,21412.86,Delivered
POI00005174,PO0002504,MAT00220,134,281.38,37704.92,Delivered
POI00005175,PO0002504,MAT00209,22,296.76,6528.72,Delivered
POI00005176,PO0002505,MAT00038,3,863.59,2590.77,Partially Delivered
POI00005177,PO0002505,MAT00046,46,510.45,23480.7,Pending
POI00005178,PO0002505,MAT00038,223,771.76,172102.48,Pending
POI00005179,PO0002505,MAT00038,5,813.94,4069.7,Partially Delivered
POI00005180,PO0002506,MAT00191,120,928.04,111364.8,Cancelled
POI00005181,PO0002507,MAT00265,18,655.74,11803.32,Delivered
POI00005182,PO0002508,MAT00259,58,271.74,15760.92,Delivered
POI00005183,PO0002508,MAT00015,34,55.63,1891.42,Delivered
POI00005184,PO0002509,MAT00205,10,156.26,1562.6,Partially Delivered
POI00005185,PO0002510,MAT00238,19,151.54,2879.26,Partially Delivered
POI00005186,PO0002511,MAT00236,14,180.39,2525.46,Delivered
POI00005187,PO0002511,MAT00173,3,304.37,913.11,Delivered
POI00005188,PO0002511,MAT00131,2,255.99,511.98,Delivered
POI00005189,PO0002512,MAT00009,11,465.5,5120.5,Pending
POI00005190,PO0002512,MAT00023,2,535.52,1071.04,Pending
POI00005191,PO0002512,MAT00005,14,275.35,3854.9,Delivered
POI00005192,PO0002513,MAT00019,14,375.61,5258.54,Delivered
POI00005193,PO0002514,MAT00142,17,497.56,8458.52,Partially Delivered
POI00005194,PO0002514,MAT00133,28,80.7,2259.6,Delivered
POI00005195,PO0002515,MAT00189,9,117.85,1060.65,Partially Delivered
POI00005196,PO0002515,MAT00189,10,128.96,1289.6,Delivered
POI00005197,PO0002515,MAT00189,3,120.78,362.34,Delivered
POI00005198,PO0002515,MAT00189,38,116.09,4411.42,Partially Delivered
POI00005199,PO0002516,MAT00162,6,2436.68,14620.08,Cancelled
POI00005200,PO0002516,MAT00167,27,172.36,4653.72,Delivered
POI00005201,PO0002517,MAT00186,14,284.24,3979.36,Delivered
POI00005202,PO0002518,MAT00111,26,85.38,2219.88,Delivered
POI00005203,PO0002518,MAT00111,62,83.72,5190.64,Delivered
POI00005204,PO0002519,MAT00271,13,165.47,2151.11,Delivered
POI00005205,PO0002519,MAT00267,4,791.39,3165.56,Delivered
POI00005206,PO0002519,MAT00266,19,507.37,9640.03,Delivered
POI00005207,PO0002520,MAT00056,11,64.91,714.01,Cancelled
POI00005208,PO0002520,MAT00056,237,77.1,18272.7,Pending
POI00005209,PO0002520,MAT00067,4,563.3,2253.2,Delivered
POI00005210,PO0002521,MAT00155,59,621.14,36647.26,Partially Delivered
POI00005211,PO0002522,MAT00286,16,721.76,11548.16,Delivered
POI00005212,PO0002523,MAT00056,36,68.73,2474.28,Delivered
POI00005213,PO0002523,MAT00067,131,609.21,79806.51,Delivered
POI00005214,PO0002524,MAT00075,87,105.41,9170.67,Delivered
POI00005215,PO0002524,MAT00065,26,152.16,3956.16,Delivered
POI00005216,PO0002525,MAT00210,11,346.72,3813.92,Delivered
POI00005217,PO0002525,MAT00210,11,342.16,3763.76,Delivered
POI00005218,PO0002526,MAT00129,26,121.81,3167.06,Delivered
POI00005219,PO0002526,MAT00142,38,492.51,18715.38,Delivered
POI00005220,PO0002527,MAT00236,20,183.12,3662.4,Delivered
POI00005221,PO0002528,MAT00221,14,155.99,2183.86,Pending
POI00005222,PO0002528,MAT00205,59,145.42,8579.78,Delivered
POI00005223,PO0002528,MAT00223,70,263.97,18477.9,Cancelled
POI00005224,PO0002529,MAT00272,8,1216.64,9733.12,Cancelled
POI00005225,PO0002529,MAT00261,16,3485.08,55761.28,Delivered
POI00005226,PO0002529,MAT00258,39,101.49,3958.11,Pending
POI00005227,PO0002530,MAT00191,12,953.13,11437.56,Delivered
POI00005228,PO0002530,MAT00191,25,888.54,22213.5,Delivered
POI00005229,PO0002531,MAT00062,2,75.55,151.1,Delivered
POI00005230,PO0002531,MAT00064,10,143.97,1439.7,Partially Delivered
POI00005231,PO0002532,MAT00189,14,126.23,1767.22,Delivered
POI00005232,PO0002532,MAT00189,26,119.44,3105.44,Pending
POI00005233,PO0002533,MAT00152,14,352.88,4940.32,Pending
POI00005234,PO0002533,MAT00169,8,351.2,2809.6,Pending
POI00005235,PO0002533,MAT00167,5,162.65,813.25,Partially Delivered
POI00005236,PO0002534,MAT00226,23,56.49,1299.27,Pending
POI00005237,PO0002534,MAT00227,4,247.31,989.24,Delivered
POI00005238,PO0002535,MAT00193,18,89.98,1619.64,Delivered
POI00005239,PO0002535,MAT00209,14,330.67,4629.38,Delivered
POI00005240,PO0002535,MAT00130,27,89.05,2404.35,Delivered
POI00005241,PO0002535,MAT00060,2,152.19,304.38,Delivered
POI00005242,PO0002536,MAT00112,24,480.85,11540.4,Delivered
POI00005243,PO0002536,MAT00123,10,439.91,4399.1,Delivered
POI00005244,PO0002536,MAT00277,20,1175.86,23517.2,Delivered
POI00005245,PO0002537,MAT00170,38,68.26,2593.88,Delivered
POI00005246,PO0002538,MAT00177,5,293.66,1468.3,Cancelled
POI00005247,PO0002539,MAT00023,68,518.98,35290.64,Delivered
POI00005248,PO0002539,MAT00005,28,265.58,7436.24,Delivered
POI00005249,PO0002540,MAT00221,95,123.98,11778.1,Delivered
POI00005250,PO0002540,MAT00223,37,263.04,9732.48,Delivered
POI00005251,PO0002540,MAT00205,27,155.07,4186.89,Delivered
POI00005252,PO0002541,MAT00282,102,205.22,20932.44,Delivered
POI00005253,PO0002541,MAT00277,1,1345.56,1345.56,Delivered
POI00005254,PO0002542,MAT00119,29,145.84,4229.36,Delivered
POI00005255,PO0002542,MAT00119,14,130.4,1825.6,Delivered
POI00005256,PO0002542,MAT00119,84,154.49,12977.16,Delivered
POI00005257,PO0002542,MAT00119,276,156.21,43113.96,Delivered
POI00005258,PO0002543,MAT00091,58,262.79,15241.82,Delivered
POI00005259,PO0002544,MAT00056,5,80.53,402.65,Delivered
POI00005260,PO0002544,MAT00067,34,622.47,21163.98,Delivered
POI00005261,PO0002544,MAT00056,67,76.87,5150.29,Delivered
POI00005262,PO0002545,MAT00250,19,3219.76,61175.44,Delivered
POI00005263,PO0002545,MAT00249,22,301.34,6629.48,Pending
POI00005264,PO0002546,MAT00116,22,485.81,10687.82,Delivered
POI00005265,PO0002546,MAT00101,10,56.67,566.7,Pending
POI00005266,PO0002547,MAT00192,39,190.34,7423.26,Delivered
POI00005267,PO0002547,MAT00179,18,91.04,1638.72,Delivered
POI00005268,PO0002547,MAT00185,39,203.51,7936.89,Delivered
POI00005269,PO0002548,MAT00070,27,133.1,3593.7,Pending
POI00005270,PO0002548,MAT00071,44,204.39,8993.16,Pending
POI00005271,PO0002549,MAT00104,25,442.31,11057.75,Delivered
POI00005272,PO0002549,MAT00115,10,31.29,312.9,Delivered
POI00005273,PO0002550,MAT00179,17,95.58,1624.86,Delivered
POI00005274,PO0002551,MAT00025,3,243.65,730.95,Delivered
POI00005275,PO0002551,MAT00092,37,729.2,26980.4,Delivered
POI00005276,PO0002551,MAT00058,12,56.26,675.12,Delivered
POI00005277,PO0002552,MAT00075,10,101.43,1014.3,Pending
POI00005278,PO0002552,MAT00065,73,122.99,8978.27,Delivered
POI00005279,PO0002553,MAT00186,21,246.79,5182.59,Delivered
POI00005280,PO0002554,MAT00191,19,883.24,16781.56,Delivered
POI00005281,PO0002554,MAT00191,22,894.8,19685.6,Delivered
POI00005282,PO0002555,MAT00007,24,815.53,19572.72,Cancelled
POI00005283,PO0002556,MAT00222,25,206.23,5155.75,Partially Delivered
POI00005284,PO0002557,MAT00013,11,125.24,1377.64,Delivered
POI00005285,PO0002557,MAT00016,33,583.24,19246.92,Delivered
POI00005286,PO0002558,MAT00226,6,55.98,335.88,Delivered
POI00005287,PO0002559,MAT00085,13,636.99,8280.87,Delivered
POI00005288,PO0002560,MAT00227,40,259.48,10379.2,Delivered
POI00005289,PO0002560,MAT00232,15,72.48,1087.2,Delivered
POI00005290,PO0002561,MAT00237,64,918.32,58772.48,Cancelled
POI00005291,PO0002561,MAT00231,19,385.98,7333.62,Pending
POI00005292,PO0002562,MAT00036,13,93.91,1220.83,Delivered
POI00005293,PO0002563,MAT00198,28,854.99,23939.72,Delivered
POI00005294,PO0002564,MAT00089,6,518.43,3110.58,Pending
POI00005295,PO0002564,MAT00089,45,479.1,21559.5,Cancelled
POI00005296,PO0002564,MAT00089,22,551.91,12142.02,Delivered
POI00005297,PO0002565,MAT00271,12,202.43,2429.16,Delivered
POI00005298,PO0002565,MAT00269,40,292.02,11680.8,Delivered
POI00005299,PO0002565,MAT00267,10,755.76,7557.6,Pending
POI00005300,PO0002566,MAT00146,73,245.82,17944.86,Delivered
POI00005301,PO0002567,MAT00097,137,572.95,78494.15,Delivered
POI00005302,PO0002567,MAT00291,42,250.77,10532.34,Delivered
POI00005303,PO0002568,MAT00240,37,586.2,21689.4,Pending
POI00005304,PO0002569,MAT00048,115,215.51,24783.65,Partially Delivered
POI00005305,PO0002569,MAT00042,48,52.36,2513.28,Pending
POI00005306,PO0002570,MAT00135,40,67.63,2705.2,Delivered
POI00005307,PO0002571,MAT00053,68,921.4,62655.2,Delivered
POI00005308,PO0002572,MAT00134,27,65.44,1766.88,Partially Delivered
POI00005309,PO0002573,MAT00078,18,107.58,1936.44,Delivered
POI00005310,PO0002573,MAT00099,9,829.91,7469.19,Cancelled
POI00005311,PO0002573,MAT00085,43,589.53,25349.79,Delivered
POI00005312,PO0002574,MAT00248,13,532.2,6918.6,Delivered
POI00005313,PO0002574,MAT00234,11,238.41,2622.51,Delivered
POI00005314,PO0002575,MAT00001,16,65.06,1040.96,Delivered
POI00005315,PO0002575,MAT00007,113,824.27,93142.51,Delivered
POI00005316,PO0002576,MAT00254,103,529.76,54565.28,Delivered
POI00005317,PO0002577,MAT00101,10,47.12,471.2,Delivered
POI00005318,PO0002577,MAT00117,12,155.38,1864.56,Pending
POI00005319,PO0002578,MAT00270,39,472.65,18433.35,Cancelled
POI00005320,PO0002579,MAT00174,22,339.35,7465.7,Partially Delivered
POI00005321,PO0002579,MAT00160,9,501.17,4510.53,Partially Delivered
POI00005322,PO0002579,MAT00156,30,164.86,4945.8,Pending
POI00005323,PO0002579,MAT00153,6,154.82,928.92,Pending
POI00005324,PO0002580,MAT00033,46,106.7,4908.2,Delivered
POI00005325,PO0002580,MAT00037,23,391.51,9004.73,Delivered
POI00005326,PO0002581,MAT00093,25,669.19,16729.75,Partially Delivered
POI00005327,PO0002581,MAT00093,5,640.37,3201.85,Delivered
POI00005328,PO0002582,MAT00080,11,194.86,2143.46,Pending
POI00005329,PO0002582,MAT00083,27,60.51,1633.77,Delivered
POI00005330,PO0002583,MAT00067,25,586.42,14660.5,Delivered
POI00005331,PO0002583,MAT00056,32,73.07,2338.24,Partially Delivered
POI00005332,PO0002584,MAT00267,13,763.49,9925.37,Delivered
POI00005333,PO0002585,MAT00189,29,129.04,3742.16,Delivered
POI00005334,PO0002585,MAT00189,86,110.49,9502.14,Delivered
POI00005335,PO0002586,MAT00249,4,271.83,1087.32,Pending
POI00005336,PO0002586,MAT00244,19,174.62,3317.78,Cancelled
POI00005337,PO0002587,MAT00220,21,282.42,5930.82,Pending
POI00005338,PO0002587,MAT00209,66,285.04,18812.64,Delivered
POI00005339,PO0002588,MAT00044,9,522.7,4704.3,Delivered
POI00005340,PO0002588,MAT00039,15,194.17,2912.55,Delivered
POI00005341,PO0002589,MAT00178,35,1131.51,39602.85,Delivered
POI00005342,PO0002590,MAT00017,11,397.43,4371.73,Delivered
POI00005343,PO0002590,MAT00101,87,56.93,4952.91,Delivered
POI00005344,PO0002590,MAT00099,16,910.35,14565.6,Delivered
POI00005345,PO0002590,MAT00155,173,566.32,97973.36,Delivered
POI00005346,PO0002591,MAT00150,15,185.66,2784.9,Pending
POI00005347,PO0002591,MAT00148,26,80.1,2082.6,Pending
POI00005348,PO0002591,MAT00126,49,204.74,10032.26,Cancelled
POI00005349,PO0002592,MAT00033,31,98.82,3063.42,Delivered
POI00005350,PO0002593,MAT00095,5,30.31,151.55,Delivered
POI00005351,PO0002593,MAT00096,8,287.69,2301.52,Delivered
POI00005352,PO0002594,MAT00004,9,206.92,1862.28,Delivered
POI00005353,PO0002595,MAT00021,8,90.79,726.32,Pending
POI00005354,PO0002596,MAT00073,7,451.65,3161.55,Delivered
POI00005355,PO0002596,MAT00071,23,182.8,4204.4,Delivered
POI00005356,PO0002597,MAT00096,49,271.29,13293.21,Delivered
POI00005357,PO0002597,MAT00095,13,33.2,431.6,Delivered
POI00005358,PO0002597,MAT00096,2,305.72,611.44,Delivered
POI00005359,PO0002598,MAT00059,12,91.35,1096.2,Pending
POI00005360,PO0002598,MAT00059,7,83.09,581.63,Delivered
POI00005361,PO0002599,MAT00242,9,186.35,1677.15,Delivered
POI00005362,PO0002599,MAT00242,8,185.47,1483.76,Pending
POI00005363,PO0002599,MAT00235,62,267.15,16563.3,Delivered
POI00005364,PO0002599,MAT00235,38,246.07,9350.66,Pending
POI00005365,PO0002600,MAT00274,11,288.69,3175.59,Delivered
POI00005366,PO0002600,MAT00263,26,460.38,11969.88,Delivered
POI00005367,PO0002601,MAT00216,33,123.5,4075.5,Delivered
POI00005368,PO0002602,MAT00186,2,248.19,496.38,Pending
POI00005369,PO0002603,MAT00093,58,582.07,33760.06,Partially Delivered
POI00005370,PO0002603,MAT00093,93,535.22,49775.46,Partially Delivered
POI00005371,PO0002603,MAT00093,16,669.89,10718.24,Cancelled
POI00005372,PO0002604,MAT00257,2,444.93,889.86,Delivered
POI00005373,PO0002604,MAT00266,64,489.84,31349.76,Delivered
POI00005374,PO0002605,MAT00182,23,55.7,1281.1,Delivered
POI00005375,PO0002605,MAT00178,2,1017.55,2035.1,Delivered
POI00005376,PO0002605,MAT00182,28,60.97,1707.16,Delivered
POI00005377,PO0002606,MAT00252,7,742.84,5199.88,Delivered
POI00005378,PO0002606,MAT00275,12,254.42,3053.04,Delivered
POI00005379,PO0002607,MAT00068,8,126.78,1014.24,Delivered
POI00005380,PO0002608,MAT00286,44,797.71,35099.24,Delivered
POI00005381,PO0002608,MAT00290,7,1506.52,10545.64,Delivered
POI00005382,PO0002608,MAT00292,89,129.57,11531.73,Delivered
POI00005383,PO0002609,MAT00115,12,34.37,412.44,Pending
POI00005384,PO0002609,MAT00124,4,156.32,625.28,Pending
POI00005385,PO0002609,MAT00118,4,709.7,2838.8,Pending
POI00005386,PO0002609,MAT00109,21,510.88,10728.48,Pending
POI00005387,PO0002610,MAT00013,76,120.78,9179.28,Delivered
POI00005388,PO0002611,MAT00219,16,87.37,1397.92,Delivered
POI00005389,PO0002611,MAT00219,9,94.04,846.36,Delivered
POI00005390,PO0002611,MAT00219,4,97.06,388.24,Delivered
POI00005391,PO0002611,MAT00224,136,1356.77,184520.72,Delivered
POI00005392,PO0002612,MAT00216,68,119.65,8136.2,Delivered
POI00005393,PO0002613,MAT00088,46,1263.75,58132.5,Delivered
POI00005394,PO0002613,MAT00123,28,508.91,14249.48,Delivered
POI00005395,PO0002614,MAT00267,38,747.45,28403.1,Delivered
POI00005396,PO0002615,MAT00229,7,490.47,3433.29,Delivered
POI00005397,PO0002615,MAT00229,60,388.29,23297.4,Delivered
POI00005398,PO0002615,MAT00229,22,404.1,8890.2,Partially Delivered
POI00005399,PO0002616,MAT00206,81,681.03,55163.43,Delivered
POI00005400,PO0002617,MAT00242,24,186.81,4483.44,Delivered
POI00005401,PO0002617,MAT00235,25,308.33,7708.25,Partially Delivered
POI00005402,PO0002618,MAT00019,54,298.73,16131.42,Delivered
POI00005403,PO0002618,MAT00019,94,307.27,28883.38,Delivered
POI00005404,PO0002618,MAT00019,5,368.47,1842.35,Delivered
POI00005405,PO0002618,MAT00019,3,314.35,943.05,Delivered
POI00005406,PO0002619,MAT00043,18,293.16,5276.88,Delivered
POI00005407,PO0002619,MAT00043,10,280.94,2809.4,Delivered
POI00005408,PO0002620,MAT00184,8,499.58,3996.64,Delivered
POI00005409,PO0002620,MAT00183,24,16.7,400.8,Pending
POI00005410,PO0002620,MAT00199,27,419.85,11335.95,Delivered
POI00005411,PO0002621,MAT00201,18,157.48,2834.64,Cancelled
POI00005412,PO0002621,MAT00201,44,134.79,5930.76,Cancelled
POI00005413,PO0002622,MAT00155,36,582.94,20985.84,Delivered
POI00005414,PO0002623,MAT00210,164,385.18,63169.52,Pending
POI00005415,PO0002623,MAT00210,2,352.24,704.48,Pending
POI00005416,PO0002623,MAT00210,45,362.93,16331.85,Pending
POI00005417,PO0002624,MAT00208,18,48.05,864.9,Delivered
POI00005418,PO0002625,MAT00214,16,702.06,11232.96,Delivered
POI00005419,PO0002625,MAT00225,21,417.31,8763.51,Partially Delivered
POI00005420,PO0002625,MAT00202,17,56.81,965.77,Delivered
POI00005421,PO0002626,MAT00147,54,630.19,34030.26,Delivered
POI00005422,PO0002626,MAT00278,10,1680.53,16805.3,Pending
POI00005423,PO0002627,MAT00165,28,368.01,10304.28,Delivered
POI00005424,PO0002628,MAT00172,17,83.06,1412.02,Delivered
POI00005425,PO0002629,MAT00109,33,431.6,14242.8,Partially Delivered
POI00005426,PO0002629,MAT00125,20,60.49,1209.8,Delivered
POI00005427,PO0002630,MAT00225,19,513.83,9762.77,Delivered
POI00005428,PO0002630,MAT00211,56,321.37,17996.72,Delivered
POI00005429,PO0002630,MAT00202,68,60.83,4136.44,Delivered
POI00005430,PO0002631,MAT00038,19,817.94,15540.86,Delivered
POI00005431,PO0002632,MAT00045,37,235.59,8716.83,Delivered
POI00005432,PO0002632,MAT00050,11,129.61,1425.71,Delivered
POI00005433,PO0002633,MAT00089,9,476.66,4289.94,Delivered
POI00005434,PO0002633,MAT00089,33,557.18,18386.94,Delivered
POI00005435,PO0002634,MAT00143,9,52.77,474.93,Partially Delivered
POI00005436,PO0002634,MAT00225,13,442.03,5746.39,Delivered
POI00005437,PO0002634,MAT00105,12,48.01,576.12,Delivered
POI00005438,PO0002635,MAT00111,7,69.79,488.53,Pending
POI00005439,PO0002636,MAT00178,71,1030.02,73131.42,Delivered
POI00005440,PO0002636,MAT00182,13,56.49,734.37,Delivered
POI00005441,PO0002637,MAT00181,107,158.17,16924.19,Delivered
POI00005442,PO0002637,MAT00180,11,245.4,2699.4,Delivered
POI00005443,PO0002638,MAT00022,6,104.26,625.56,Delivered
POI00005444,PO0002638,MAT00080,34,162.59,5528.06,Delivered
POI00005445,PO0002638,MAT00039,23,190.43,4379.89,Delivered
POI00005446,PO0002639,MAT00073,77,480.05,36963.85,Cancelled
POI00005447,PO0002640,MAT00272,15,1122.72,16840.8,Delivered
POI00005448,PO0002640,MAT00139,36,140.32,5051.52,Delivered
POI00005449,PO0002641,MAT00027,7,208.36,1458.52,Delivered
POI00005450,PO0002642,MAT00090,423,281.07,118892.61,Delivered
POI00005451,PO0002642,MAT00080,50,185.7,9285.0,Delivered
POI00005452,PO0002643,MAT00220,80,326.5,26120.0,Delivered
POI00005453,PO0002643,MAT00209,65,286.03,18591.95,Delivered
POI00005454,PO0002643,MAT00220,50,331.12,16556.0,Delivered
POI00005455,PO0002644,MAT00180,13,288.02,3744.26,Delivered
POI00005456,PO0002644,MAT00181,26,161.17,4190.42,Delivered
POI00005457,PO0002645,MAT00158,89,1446.66,128752.74,Pending
POI00005458,PO0002646,MAT00056,45,77.76,3499.2,Partially Delivered
POI00005459,PO0002647,MAT00106,21,112.46,2361.66,Delivered
POI00005460,PO0002647,MAT00112,15,516.72,7750.8,Delivered
POI00005461,PO0002647,MAT00107,25,876.61,21915.25,Delivered
POI00005462,PO0002647,MAT00121,43,1950.58,83874.94,Delivered
POI00005463,PO0002648,MAT00194,90,807.54,72678.6,Partially Delivered
POI00005464,PO0002648,MAT00188,3,152.79,458.37,Delivered
POI00005465,PO0002648,MAT00194,9,946.87,8521.83,Pending
POI00005466,PO0002649,MAT00004,9,205.25,1847.25,Pending
POI00005467,PO0002649,MAT00004,27,253.71,6850.17,Delivered
POI00005468,PO0002650,MAT00067,16,521.55,8344.8,Pending
POI00005469,PO0002650,MAT00056,8,70.27,562.16,Partially Delivered
POI00005470,PO0002650,MAT00067,10,575.75,5757.5,Partially Delivered
POI00005471,PO0002651,MAT00072,20,501.84,10036.8,Delivered
POI00005472,PO0002652,MAT00217,9,147.63,1328.67,Delivered
POI00005473,PO0002653,MAT00094,44,116.54,5127.76,Delivered
POI00005474,PO0002653,MAT00090,8,274.66,2197.28,Delivered
POI00005475,PO0002653,MAT00080,6,160.07,960.42,Delivered
POI00005476,PO0002653,MAT00083,14,59.8,837.2,Delivered
POI00005477,PO0002654,MAT00262,7,744.87,5214.09,Pending
POI00005478,PO0002655,MAT00096,7,288.97,2022.79,Pending
POI00005479,PO0002655,MAT00096,15,295.87,4438.05,Pending
POI00005480,PO0002655,MAT00095,1,33.34,33.34,Delivered
POI00005481,PO0002655,MAT00096,34,319.76,10871.84,Partially Delivered
POI00005482,PO0002656,MAT00213,12,360.86,4330.32,Delivered
POI00005483,PO0002657,MAT00234,26,239.57,6228.82,Cancelled
POI00005484,PO0002658,MAT00180,43,248.06,10666.58,Delivered
POI00005485,PO0002658,MAT00181,9,199.82,1798.38,Delivered
POI00005486,PO0002659,MAT00192,64,169.18,10827.52,Pending
POI00005487,PO0002660,MAT00212,20,44.49,889.8,Delivered
POI00005488,PO0002660,MAT00218,7,59.73,418.11,Delivered
POI00005489,PO0002661,MAT00227,9,248.54,2236.86,Partially Delivered
POI00005490,PO0002662,MAT00153,21,162.6,3414.6,Delivered
POI00005491,PO0002662,MAT00143,26,44.19,1148.94,Delivered
POI00005492,PO0002662,MAT00092,9,580.09,5220.81,Delivered
POI00005493,PO0002663,MAT00207,34,159.01,5406.34,Delivered
POI00005494,PO0002663,MAT00203,61,66.54,4058.94,Partially Delivered
POI00005495,PO0002664,MAT00180,6,270.49,1622.94,Delivered
POI00005496,PO0002664,MAT00181,4,160.1,640.4,Delivered
POI00005497,PO0002665,MAT00185,93,211.05,19627.65,Delivered
POI00005498,PO0002665,MAT00179,47,90.02,4230.94,Delivered
POI00005499,PO0002666,MAT00201,66,166.66,10999.56,Pending
POI00005500,PO0002667,MAT00205,23,134.48,3093.04,Delivered
POI00005501,PO0002667,MAT00223,3,260.48,781.44,Delivered
POI00005502,PO0002668,MAT00269,3,278.15,834.45,Pending
POI00005503,PO0002668,MAT00267,21,927.4,19475.4,Pending
POI00005504,PO0002669,MAT00154,23,150.48,3461.04,Delivered
POI00005505,PO0002670,MAT00268,29,173.18,5022.22,Delivered
POI00005506,PO0002670,MAT00251,33,142.95,4717.35,Pending
POI00005507,PO0002671,MAT00232,13,72.92,947.96,Delivered
POI00005508,PO0002671,MAT00238,36,158.7,5713.2,Delivered
POI00005509,PO0002672,MAT00266,65,491.97,31978.05,Partially Delivered
POI00005510,PO0002672,MAT00257,30,441.29,13238.7,Delivered
POI00005511,PO0002672,MAT00267,21,831.06,17452.26,Delivered
POI00005512,PO0002673,MAT00285,134,66.12,8860.08,Delivered
POI00005513,PO0002673,MAT00025,14,253.54,3549.56,Delivered
POI00005514,PO0002674,MAT00083,20,52.04,1040.8,Partially Delivered
POI00005515,PO0002675,MAT00188,8,157.39,1259.12,Delivered
POI00005516,PO0002676,MAT00222,76,247.28,18793.28,Delivered
POI00005517,PO0002676,MAT00224,155,1565.43,242641.65,Delivered
POI00005518,PO0002677,MAT00089,3,463.72,1391.16,Partially Delivered
POI00005519,PO0002677,MAT00089,8,461.7,3693.6,Partially Delivered
POI00005520,PO0002678,MAT00245,16,88.08,1409.28,Delivered
POI00005521,PO0002679,MAT00210,20,355.98,7119.6,Delivered
POI00005522,PO0002680,MAT00142,14,457.66,6407.24,Pending
POI00005523,PO0002680,MAT00133,46,99.65,4583.9,Pending
POI00005524,PO0002680,MAT00126,11,174.2,1916.2,Partially Delivered
POI00005525,PO0002681,MAT00119,13,140.65,1828.45,Pending
POI00005526,PO0002682,MAT00199,38,418.59,15906.42,Pending
POI00005527,PO0002683,MAT00219,38,102.76,3904.88,Delivered
POI00005528,PO0002683,MAT00222,11,208.56,2294.16,Delivered
POI00005529,PO0002684,MAT00096,76,295.92,22489.92,Pending
POI00005530,PO0002685,MAT00253,7,112.3,786.1,Delivered
POI00005531,PO0002685,MAT00261,3,2995.25,8985.75,Delivered
POI00005532,PO0002685,MAT00272,17,1256.57,21361.69,Pending
POI00005533,PO0002686,MAT00283,120,61.2,7344.0,Delivered
POI00005534,PO0002686,MAT00043,37,291.69,10792.53,Delivered
POI00005535,PO0002687,MAT00102,23,290.02,6670.46,Delivered
POI00005536,PO0002687,MAT00255,28,1084.07,30353.96,Delivered
POI00005537,PO0002688,MAT00215,21,127.35,2674.35,Delivered
POI00005538,PO0002689,MAT00156,6,176.59,1059.54,Delivered
POI00005539,PO0002689,MAT00160,3,519.3,1557.9,Delivered
POI00005540,PO0002690,MAT00158,6,1486.99,8921.94,Pending
POI00005541,PO0002690,MAT00158,27,1236.94,33397.38,Delivered
POI00005542,PO0002690,MAT00158,20,1466.72,29334.4,Pending
POI00005543,PO0002691,MAT00073,2,537.4,1074.8,Pending
POI00005544,PO0002691,MAT00070,75,143.51,10763.25,Delivered
POI00005545,PO0002691,MAT00053,6,785.05,4710.3,Pending
POI00005546,PO0002691,MAT00071,19,191.13,3631.47,Partially Delivered
POI00005547,PO0002692,MAT00231,39,420.04,16381.56,Partially Delivered
POI00005548,PO0002692,MAT00237,178,774.82,137917.96,Delivered
POI00005549,PO0002693,MAT00295,16,91.54,1464.64,Delivered
POI00005550,PO0002694,MAT00292,131,132.23,17322.13,Partially Delivered
POI00005551,PO0002694,MAT00123,31,471.7,14622.7,Cancelled
POI00005552,PO0002695,MAT00070,55,148.15,8148.25,Delivered
POI00005553,PO0002696,MAT00231,40,388.06,15522.4,Pending
POI00005554,PO0002696,MAT00231,48,368.18,17672.64,Delivered
POI00005555,PO0002696,MAT00237,16,909.43,14550.88,Pending
POI00005556,PO0002696,MAT00231,46,343.29,15791.34,Pending
POI00005557,PO0002697,MAT00083,87,64.28,5592.36,Delivered
POI00005558,PO0002697,MAT00094,18,104.47,1880.46,Delivered
POI00005559,PO0002697,MAT00090,328,236.83,77680.24,Delivered
POI00005560,PO0002698,MAT00252,49,901.02,44149.98,Delivered
POI00005561,PO0002699,MAT00252,6,787.7,4726.2,Delivered
POI00005562,PO0002699,MAT00275,26,305.14,7933.64,Delivered
POI00005563,PO0002700,MAT00207,6,159.93,959.58,Delivered
POI00005564,PO0002700,MAT00204,37,1488.13,55060.81,Delivered
POI00005565,PO0002701,MAT00297,7,208.77,1461.39,Delivered
POI00005566,PO0002701,MAT00280,107,559.78,59896.46,Delivered
POI00005567,PO0002702,MAT00190,4,1016.86,4067.44,Delivered
POI00005568,PO0002703,MAT00281,7,66.78,467.46,Delivered
POI00005569,PO0002703,MAT00285,7,80.26,561.82,Delivered
POI00005570,PO0002704,MAT00082,24,149.89,3597.36,Delivered
POI00005571,PO0002705,MAT00267,12,873.76,10485.12,Delivered
POI00005572,PO0002706,MAT00054,7,549.05,3843.35,Pending
POI00005573,PO0002706,MAT00061,50,263.32,13166.0,Cancelled
POI00005574,PO0002707,MAT00285,31,68.05,2109.55,Delivered
POI00005575,PO0002707,MAT00298,3,31.04,93.12,Delivered
POI00005576,PO0002708,MAT00063,18,200.69,3612.42,Delivered
POI00005577,PO0002709,MAT00230,4,393.07,1572.28,Delivered
POI00005578,PO0002709,MAT00230,18,380.83,6854.94,Delivered
POI00005579,PO0002709,MAT00229,18,452.36,8142.48,Delivered
POI00005580,PO0002710,MAT00191,18,888.16,15986.88,Delivered
POI00005581,PO0002710,MAT00191,5,863.26,4316.3,Delivered
POI00005582,PO0002710,MAT00191,1,811.57,811.57,Delivered
POI00005583,PO0002711,MAT00219,10,107.84,1078.4,Delivered
POI00005584,PO0002712,MAT00090,2,271.84,543.68,Delivered
POI00005585,PO0002713,MAT00247,45,657.47,29586.15,Delivered
POI00005586,PO0002713,MAT00243,13,1179.98,15339.74,Delivered
POI00005587,PO0002714,MAT00172,32,91.16,2917.12,Pending
POI00005588,PO0002714,MAT00162,26,2577.52,67015.52,Pending
POI00005589,PO0002715,MAT00089,32,529.27,16936.64,Cancelled
POI00005590,PO0002715,MAT00089,17,442.53,7523.01,Partially Delivered
POI00005591,PO0002716,MAT00280,45,473.82,21321.9,Pending
POI00005592,PO0002716,MAT00293,15,173.71,2605.65,Partially Delivered
POI00005593,PO0002717,MAT00217,171,151.41,25891.11,Delivered
POI00005594,PO0002717,MAT00217,44,122.21,5377.24,Delivered
POI00005595,PO0002717,MAT00217,2,132.71,265.42,Delivered
POI00005596,PO0002717,MAT00217,4,133.03,532.12,Delivered
POI00005597,PO0002718,MAT00041,9,2412.2,21709.8,Delivered
POI00005598,PO0002719,MAT00003,16,1695.52,27128.32,Delivered
POI00005599,PO0002719,MAT00010,18,151.9,2734.2,Delivered
POI00005600,PO0002720,MAT00109,122,457.28,55788.16,Delivered
POI00005601,PO0002721,MAT00292,47,133.76,6286.72,Delivered
POI00005602,PO0002721,MAT00287,43,393.62,16925.66,Delivered
POI00005603,PO0002722,MAT00067,26,616.51,16029.26,Delivered
POI00005604,PO0002722,MAT00056,71,74.82,5312.22,Pending
POI00005605,PO0002722,MAT00056,11,73.46,808.06,Pending
POI00005606,PO0002722,MAT00056,5,69.45,347.25,Delivered
POI00005607,PO0002723,MAT00231,22,379.37,8346.14,Delivered
POI00005608,PO0002723,MAT00237,8,866.71,6933.68,Delivered
POI00005609,PO0002723,MAT00231,47,421.09,19791.23,Delivered
POI00005610,PO0002724,MAT00242,58,161.99,9395.42,Delivered
POI00005611,PO0002725,MAT00007,7,749.04,5243.28,Pending
POI00005612,PO0002726,MAT00229,7,467.91,3275.37,Delivered
POI00005613,PO0002726,MAT00230,20,398.03,7960.6,Delivered
POI00005614,PO0002727,MAT00189,4,125.53,502.12,Delivered
POI00005615,PO0002727,MAT00189,65,129.49,8416.85,Delivered
POI00005616,PO0002728,MAT00275,8,282.84,2262.72,Delivered
POI00005617,PO0002728,MAT00252,4,881.25,3525.0,Delivered
POI00005618,PO0002729,MAT00119,4,150.27,601.08,Delivered
POI00005619,PO0002730,MAT00174,31,305.12,9458.72,Delivered
POI00005620,PO0002731,MAT00218,73,69.85,5099.05,Delivered
POI00005621,PO0002732,MAT00283,77,49.27,3793.79,Pending
POI00005622,PO0002732,MAT00296,55,80.94,4451.7,Partially Delivered
POI00005623,PO0002732,MAT00282,27,220.37,5949.99,Delivered
POI00005624,PO0002733,MAT00013,14,115.32,1614.48,Delivered
POI00005625,PO0002733,MAT00016,16,531.79,8508.64,Delivered
POI00005626,PO0002734,MAT00034,68,79.8,5426.4,Delivered
POI00005627,PO0002734,MAT00049,17,74.7,1269.9,Delivered
POI00005628,PO0002735,MAT00158,26,1363.3,35445.8,Delivered
POI00005629,PO0002735,MAT00158,8,1371.78,10974.24,Delivered
POI00005630,PO0002735,MAT00158,12,1307.08,15684.96,Delivered
POI00005631,PO0002735,MAT00158,17,1368.18,23259.06,Delivered
POI00005632,PO0002736,MAT00004,46,229.69,10565.74,Pending
POI00005633,PO0002736,MAT00004,19,225.45,4283.55,Partially Delivered
POI00005634,PO0002736,MAT00004,32,238.13,7620.16,Partially Delivered
POI00005635,PO0002736,MAT00004,22,210.94,4640.68,Cancelled
POI00005636,PO0002737,MAT00027,15,169.34,2540.1,Delivered
POI00005637,PO0002737,MAT00026,133,603.31,80240.23,Delivered
POI00005638,PO0002737,MAT00035,100,771.21,77121.0,Delivered
POI00005639,PO0002738,MAT00043,44,243.71,10723.24,Delivered
POI00005640,PO0002738,MAT00099,16,776.41,12422.56,Delivered
POI00005641,PO0002739,MAT00188,25,150.41,3760.25,Cancelled
POI00005642,PO0002739,MAT00194,12,915.75,10989.0,Pending
POI00005643,PO0002739,MAT00194,4,874.73,3498.92,Delivered
POI00005644,PO0002739,MAT00188,27,157.73,4258.71,Partially Delivered
POI00005645,PO0002740,MAT00180,86,239.78,20621.08,Delivered
POI00005646,PO0002740,MAT00181,10,192.4,1924.0,Delivered
POI00005647,PO0002741,MAT00017,24,388.63,9327.12,Delivered
POI00005648,PO0002741,MAT00191,5,861.61,4308.05,Pending
POI00005649,PO0002741,MAT00099,34,795.78,27056.52,Delivered
POI00005650,PO0002741,MAT00072,17,548.96,9332.32,Delivered
POI00005651,PO0002742,MAT00079,27,671.26,18124.02,Delivered
POI00005652,PO0002742,MAT00076,8,73.0,584.0,Delivered
POI00005653,PO0002743,MAT00123,27,473.37,12780.99,Delivered
POI00005654,PO0002743,MAT00122,18,294.84,5307.12,Delivered
POI00005655,PO0002744,MAT00032,21,66.15,1389.15,Delivered
POI00005656,PO0002744,MAT00050,37,116.18,4298.66,Delivered
POI00005657,PO0002744,MAT00045,21,253.5,5323.5,Delivered
POI00005658,PO0002744,MAT00030,20,235.56,4711.2,Delivered
POI00005659,PO0002745,MAT00261,51,3026.11,154331.61,Partially Delivered
POI00005660,PO0002745,MAT00265,51,659.97,33658.47,Partially Delivered
POI00005661,PO0002746,MAT00237,26,921.91,23969.66,Partially Delivered
POI00005662,PO0002746,MAT00282,3,252.48,757.44,Pending
POI00005663,PO0002747,MAT00193,18,73.34,1320.12,Pending
POI00005664,PO0002747,MAT00177,5,275.79,1378.95,Pending
POI00005665,PO0002748,MAT00191,103,891.28,91801.84,Cancelled
POI00005666,PO0002749,MAT00043,26,259.67,6751.42,Delivered
POI00005667,PO0002750,MAT00293,28,159.05,4453.4,Delivered
POI00005668,PO0002750,MAT00280,6,540.91,3245.46,Delivered
POI00005669,PO0002750,MAT00297,4,217.77,871.08,Delivered
POI00005670,PO0002751,MAT00222,223,209.9,46807.7,Delivered
POI00005671,PO0002751,MAT00224,11,1675.77,18433.47,Pending
POI00005672,PO0002751,MAT00219,47,92.33,4339.51,Partially Delivered
POI00005673,PO0002752,MAT00004,9,236.94,2132.46,Delivered
POI00005674,PO0002752,MAT00004,10,234.85,2348.5,Delivered
POI00005675,PO0002752,MAT00004,106,232.67,24663.02,Delivered
POI00005676,PO0002752,MAT00004,10,253.7,2537.0,Delivered
POI00005677,PO0002753,MAT00068,4,155.48,621.92,Delivered
POI00005678,PO0002754,MAT00007,37,838.24,31014.88,Delivered
POI00005679,PO0002754,MAT00021,44,105.73,4652.12,Delivered
POI00005680,PO0002755,MAT00083,26,53.17,1382.42,Delivered
POI00005681,PO0002755,MAT00094,3,119.12,357.36,Delivered
POI00005682,PO0002756,MAT00211,28,306.96,8594.88,Delivered
POI00005683,PO0002756,MAT00225,21,509.3,10695.3,Delivered
POI00005684,PO0002756,MAT00214,16,759.48,12151.68,Delivered
POI00005685,PO0002757,MAT00294,9,594.01,5346.09,Delivered
POI00005686,PO0002757,MAT00289,16,236.74,3787.84,Delivered
POI00005687,PO0002758,MAT00279,9,426.92,3842.28,Delivered
POI00005688,PO0002758,MAT00186,110,254.76,28023.6,Delivered
POI00005689,PO0002758,MAT00050,80,142.54,11403.2,Delivered
POI00005690,PO0002759,MAT00222,20,235.68,4713.6,Delivered
POI00005691,PO0002760,MAT00089,26,512.88,13334.88,Delivered
POI00005692,PO0002760,MAT00089,18,468.56,8434.08,Delivered
POI00005693,PO0002760,MAT00089,95,451.91,42931.45,Delivered
POI00005694,PO0002761,MAT00158,5,1364.06,6820.3,Delivered
POI00005695,PO0002762,MAT00235,8,303.18,2425.44,Partially Delivered
POI00005696,PO0002762,MAT00242,26,163.16,4242.16,Delivered
POI00005697,PO0002763,MAT00098,3,372.57,1117.71,Partially Delivered
POI00005698,PO0002763,MAT00087,7,361.59,2531.13,Partially Delivered
POI00005699,PO0002763,MAT00086,79,96.53,7625.87,Delivered
POI00005700,PO0002764,MAT00239,24,685.52,16452.48,Delivered
POI00005701,PO0002765,MAT00211,35,316.94,11092.9,Delivered
POI00005702,PO0002765,MAT00214,5,684.46,3422.3,Delivered
POI00005703,PO0002765,MAT00202,19,56.47,1072.93,Delivered
POI00005704,PO0002765,MAT00225,77,493.23,37978.71,Delivered
POI00005705,PO0002766,MAT00215,5,121.43,607.15,Delivered
POI00005706,PO0002766,MAT00206,6,738.62,4431.72,Delivered
POI00005707,PO0002767,MAT00272,19,1083.74,20591.06,Delivered
POI00005708,PO0002768,MAT00131,38,233.48,8872.24,Delivered
POI00005709,PO0002769,MAT00258,19,126.34,2400.46,Pending
POI00005710,PO0002770,MAT00003,16,1525.57,24409.12,Delivered
POI00005711,PO0002770,MAT00010,96,148.96,14300.16,Delivered
POI00005712,PO0002771,MAT00231,22,404.37,8896.14,Cancelled
POI00005713,PO0002772,MAT00262,24,733.32,17599.68,Pending
POI00005714,PO0002772,MAT00262,29,674.42,19558.18,Delivered
POI00005715,PO0002772,MAT00262,124,754.25,93527.0,Delivered
POI00005716,PO0002773,MAT00284,15,286.55,4298.25,Pending
POI00005717,PO0002773,MAT00289,14,248.03,3472.42,Partially Delivered
POI00005718,PO0002774,MAT00288,11,935.36,10288.96,Pending
POI00005719,PO0002774,MAT00276,37,52.9,1957.3,Partially Delivered
POI00005720,PO0002774,MAT00299,6,83.38,500.28,Partially Delivered
POI00005721,PO0002775,MAT00152,20,339.49,6789.8,Pending
POI00005722,PO0002775,MAT00169,40,416.15,16646.0,Pending
POI00005723,PO0002776,MAT00217,16,120.57,1929.12,Delivered
POI00005724,PO0002776,MAT00217,33,122.44,4040.52,Delivered
POI00005725,PO0002776,MAT00217,24,151.04,3624.96,Delivered
POI00005726,PO0002777,MAT00082,4,134.79,539.16,Partially Delivered
POI00005727,PO0002778,MAT00248,9,499.81,4498.29,Delivered
POI00005728,PO0002778,MAT00248,8,532.38,4259.04,Delivered
POI00005729,PO0002778,MAT00248,4,543.01,2172.04,Delivered
POI00005730,PO0002778,MAT00248,3,499.38,1498.14,Delivered
POI00005731,PO0002779,MAT00119,13,153.45,1994.85,Delivered
POI00005732,PO0002780,MAT00283,80,52.8,4224.0,Delivered
POI00005733,PO0002780,MAT00277,15,1267.02,19005.3,Delivered
POI00005734,PO0002780,MAT00296,17,82.89,1409.13,Delivered
POI00005735,PO0002781,MAT00089,75,486.36,36477.0,Delivered
POI00005736,PO0002781,MAT00089,3,538.75,1616.25,Delivered
POI00005737,PO0002782,MAT00113,14,1429.97,20019.58,Delivered
POI00005738,PO0002783,MAT00035,83,785.65,65208.95,Pending
POI00005739,PO0002783,MAT00027,46,179.35,8250.1,Cancelled
POI00005740,PO0002784,MAT00056,9,69.31,623.79,Delivered
POI00005741,PO0002784,MAT00067,19,603.87,11473.53,Delivered
POI00005742,PO0002785,MAT00004,26,225.55,5864.3,Delivered
POI00005743,PO0002785,MAT00004,6,258.63,1551.78,Delivered
POI00005744,PO0002786,MAT00115,8,31.69,253.52,Delivered
POI00005745,PO0002786,MAT00138,4,221.12,884.48,Delivered
POI00005746,PO0002786,MAT00204,17,1375.09,23376.53,Delivered
POI00005747,PO0002787,MAT00136,23,158.68,3649.64,Delivered
POI00005748,PO0002787,MAT00130,4,84.62,338.48,Delivered
POI00005749,PO0002787,MAT00132,19,98.3,1867.7,Delivered
POI00005750,PO0002787,MAT00140,3,85.34,256.02,Delivered
POI00005751,PO0002788,MAT00104,99,412.44,40831.56,Delivered
POI00005752,PO0002789,MAT00102,17,252.17,4286.89,Delivered
POI00005753,PO0002789,MAT00121,7,1921.44,13450.08,Delivered
POI00005754,PO0002789,MAT00112,95,459.3,43633.5,Delivered
POI00005755,PO0002790,MAT00038,3,792.3,2376.9,Delivered
POI00005756,PO0002790,MAT00244,11,191.85,2110.35,Delivered
POI00005757,PO0002790,MAT00265,23,650.9,14970.7,Delivered
POI00005758,PO0002791,MAT00272,41,1212.29,49703.89,Delivered
POI00005759,PO0002791,MAT00080,65,180.95,11761.75,Delivered
POI00005760,PO0002791,MAT00266,70,526.83,36878.1,Delivered
POI00005761,PO0002792,MAT00262,12,728.71,8744.52,Pending
POI00005762,PO0002792,MAT00262,6,743.87,4463.22,Partially Delivered
POI00005763,PO0002793,MAT00015,17,52.21,887.57,Delivered
POI00005764,PO0002793,MAT00025,26,223.2,5803.2,Delivered
POI00005765,PO0002794,MAT00040,71,193.9,13766.9,Delivered
POI00005766,PO0002795,MAT00249,13,263.94,3431.22,Delivered
POI00005767,PO0002795,MAT00250,22,2907.43,63963.46,Delivered
POI00005768,PO0002796,MAT00089,30,525.02,15750.6,Delivered
POI00005769,PO0002797,MAT00061,42,276.14,11597.88,Delivered
POI00005770,PO0002798,MAT00074,8,214.7,1717.6,Delivered
POI00005771,PO0002798,MAT00063,16,195.94,3135.04,Delivered
POI00005772,PO0002799,MAT00158,242,1399.6,338703.2,Pending
POI00005773,PO0002799,MAT00158,11,1433.33,15766.63,Pending
POI00005774,PO0002799,MAT00158,26,1230.61,31995.86,Partially Delivered
POI00005775,PO0002800,MAT00147,17,762.73,12966.41,Delivered
POI00005776,PO0002800,MAT00134,56,55.4,3102.4,Delivered
POI00005777,PO0002801,MAT00245,1,100.14,100.14,Pending
POI00005778,PO0002802,MAT00043,14,297.13,4159.82,Delivered
POI00005779,PO0002803,MAT00027,26,194.48,5056.48,Delivered
POI00005780,PO0002803,MAT00035,50,695.82,34791.0,Delivered
POI00005781,PO0002804,MAT00077,10,431.04,4310.4,Delivered
POI00005782,PO0002804,MAT00082,5,144.24,721.2,Partially Delivered
POI00005783,PO0002804,MAT00100,3,1022.85,3068.55,Cancelled
POI00005784,PO0002805,MAT00186,64,255.63,16360.32,Delivered
POI00005785,PO0002806,MAT00065,4,141.55,566.2,Cancelled
POI00005786,PO0002806,MAT00075,22,116.83,2570.26,Cancelled
POI00005787,PO0002806,MAT00075,20,107.38,2147.6,Pending
POI00005788,PO0002807,MAT00163,18,171.06,3079.08,Pending
POI00005789,PO0002807,MAT00166,47,147.74,6943.78,Cancelled
POI00005790,PO0002807,MAT00170,16,78.05,1248.8,Delivered
POI00005791,PO0002808,MAT00262,171,672.65,115023.15,Pending
POI00005792,PO0002809,MAT00091,93,268.83,25001.19,Delivered
POI00005793,PO0002809,MAT00092,21,604.87,12702.27,Pending
POI00005794,PO0002809,MAT00076,2,83.05,166.1,Pending
POI00005795,PO0002810,MAT00115,53,30.71,1627.63,Delivered
POI00005796,PO0002810,MAT00103,7,84.37,590.59,Delivered
POI00005797,PO0002810,MAT00124,53,142.13,7532.89,Delivered
POI00005798,PO0002811,MAT00093,67,623.32,41762.44,Cancelled
POI00005799,PO0002811,MAT00093,34,662.0,22508.0,Partially Delivered
POI00005800,PO0002811,MAT00093,4,587.27,2349.08,Partially Delivered
POI00005801,PO0002812,MAT00101,2,49.59,99.18,Delivered
POI00005802,PO0002813,MAT00157,35,42.09,1473.15,Pending
POI00005803,PO0002813,MAT00167,112,170.03,19043.36,Pending
POI00005804,PO0002813,MAT00152,24,288.15,6915.6,Pending
POI00005805,PO0002813,MAT00172,4,75.99,303.96,Pending
POI00005806,PO0002814,MAT00192,5,171.39,856.95,Delivered
POI00005807,PO0002814,MAT00185,25,173.71,4342.75,Delivered
POI00005808,PO0002815,MAT00177,63,260.56,16415.28,Pending
POI00005809,PO0002816,MAT00174,43,314.08,13505.44,Pending
POI00005810,PO0002817,MAT00120,8,86.05,688.4,Delivered
POI00005811,PO0002817,MAT00123,112,418.16,46833.92,Delivered
POI00005812,PO0002818,MAT00110,10,548.65,5486.5,Pending
POI00005813,PO0002818,MAT00113,10,1394.61,13946.1,Partially Delivered
POI00005814,PO0002818,MAT00110,43,501.72,21573.96,Delivered
POI00005815,PO0002819,MAT00262,3,715.31,2145.93,Delivered
POI00005816,PO0002819,MAT00262,3,772.41,2317.23,Delivered
POI00005817,PO0002819,MAT00262,17,791.64,13457.88,Delivered
POI00005818,PO0002819,MAT00262,105,732.02,76862.1,Delivered
POI00005819,PO0002820,MAT00208,137,48.36,6625.32,Delivered
POI00005820,PO0002820,MAT00216,20,113.28,2265.6,Delivered
POI00005821,PO0002821,MAT00006,12,366.38,4396.56,Delivered
POI00005822,PO0002821,MAT00093,234,588.61,137734.74,Pending
POI00005823,PO0002822,MAT00016,7,597.02,4179.14,Pending
POI00005824,PO0002822,MAT00016,7,500.4,3502.8,Pending
POI00005825,PO0002822,MAT00013,17,102.68,1745.56,Delivered
POI00005826,PO0002823,MAT00008,3,91.8,275.4,Delivered
POI00005827,PO0002823,MAT00003,17,1584.88,26942.96,Delivered
POI00005828,PO0002823,MAT00018,15,370.73,5560.95,Delivered
POI00005829,PO0002823,MAT00006,10,359.81,3598.1,Delivered
POI00005830,PO0002824,MAT00259,22,263.98,5807.56,Partially Delivered
POI00005831,PO0002824,MAT00264,38,697.26,26495.88,Pending
POI00005832,PO0002824,MAT00255,102,1135.5,115821.0,Delivered
POI00005833,PO0002825,MAT00225,15,465.02,6975.3,Delivered
POI00005834,PO0002826,MAT00054,6,515.97,3095.82,Delivered
POI00005835,PO0002826,MAT00066,23,123.53,2841.19,Delivered
POI00005836,PO0002826,MAT00061,6,260.22,1561.32,Delivered
POI00005837,PO0002827,MAT00249,12,279.73,3356.76,Delivered
POI00005838,PO0002827,MAT00111,2,84.51,169.02,Delivered
POI00005839,PO0002827,MAT00001,34,63.65,2164.1,Delivered
POI00005840,PO0002828,MAT00096,1,286.52,286.52,Delivered
POI00005841,PO0002829,MAT00043,7,299.05,2093.35,Pending
POI00005842,PO0002829,MAT00043,17,290.36,4936.12,Partially Delivered
POI00005843,PO0002830,MAT00285,3,70.57,211.71,Delivered
POI00005844,PO0002830,MAT00281,42,74.16,3114.72,Delivered
POI00005845,PO0002831,MAT00244,21,199.56,4190.76,Delivered
POI00005846,PO0002831,MAT00250,454,2935.63,1332776.02,Delivered
POI00005847,PO0002832,MAT00174,7,328.49,2299.43,Delivered
POI00005848,PO0002833,MAT00005,18,295.84,5325.12,Delivered
POI00005849,PO0002834,MAT00020,13,383.87,4990.31,Delivered
POI00005850,PO0002834,MAT00012,15,408.97,6134.55,Delivered
POI00005851,PO0002835,MAT00178,45,1224.77,55114.65,Delivered
POI00005852,PO0002835,MAT00182,11,51.02,561.22,Delivered
POI00005853,PO0002836,MAT00217,38,125.98,4787.24,Partially Delivered
POI00005854,PO0002836,MAT00217,15,127.8,1917.0,Delivered
POI00005855,PO0002836,MAT00217,8,134.76,1078.08,Cancelled
POI00005856,PO0002837,MAT00040,23,210.49,4841.27,Delivered
POI00005857,PO0002838,MAT00286,101,761.77,76938.77,Cancelled
POI00005858,PO0002838,MAT00287,47,465.77,21891.19,Pending
POI00005859,PO0002838,MAT00295,102,99.99,10198.98,Partially Delivered
POI00005860,PO0002838,MAT00292,24,127.11,3050.64,Delivered
POI00005861,PO0002839,MAT00252,40,862.11,34484.4,Pending
POI00005862,PO0002840,MAT00289,5,246.82,1234.1,Delivered
POI00005863,PO0002841,MAT00074,106,223.77,23719.62,Partially Delivered
POI00005864,PO0002841,MAT00068,11,148.0,1628.0,Delivered
POI00005865,PO0002842,MAT00037,10,425.98,4259.8,Delivered
POI00005866,PO0002842,MAT00028,10,112.41,1124.1,Pending
POI00005867,PO0002843,MAT00178,15,1140.93,17113.95,Delivered
POI00005868,PO0002844,MAT00286,10,695.66,6956.6,Delivered
POI00005869,PO0002844,MAT00287,8,488.89,3911.12,Delivered
POI00005870,PO0002844,MAT00278,14,1540.3,21564.2,Delivered
POI00005871,PO0002844,MAT00295,10,92.81,928.1,Delivered
POI00005872,PO0002845,MAT00143,11,55.07,605.77,Delivered
POI00005873,PO0002846,MAT00240,55,545.84,30021.2,Partially Delivered
POI00005874,PO0002846,MAT00240,9,634.45,5710.05,Delivered
POI00005875,PO0002846,MAT00240,64,663.16,42442.24,Pending
POI00005876,PO0002846,MAT00245,31,85.22,2641.82,Delivered
POI00005877,PO0002847,MAT00091,9,255.06,2295.54,Delivered
POI00005878,PO0002847,MAT00092,25,670.01,16750.25,Delivered
POI00005879,PO0002847,MAT00079,14,615.43,8616.02,Delivered
POI00005880,PO0002848,MAT00158,26,1409.53,36647.78,Delivered
POI00005881,PO0002849,MAT00123,33,437.91,14451.03,Delivered
POI00005882,PO0002849,MAT00116,3,531.12,1593.36,Delivered
POI00005883,PO0002849,MAT00217,9,140.49,1264.41,Delivered
POI00005884,PO0002850,MAT00047,109,142.99,15585.91,Delivered
POI00005885,PO0002850,MAT00049,25,84.7,2117.5,Delivered
POI00005886,PO0002850,MAT00040,16,198.52,3176.32,Delivered
POI00005887,PO0002851,MAT00104,44,394.53,17359.32,Pending
POI00005888,PO0002852,MAT00039,24,199.32,4783.68,Cancelled
POI00005889,PO0002853,MAT00256,13,169.82,2207.66,Delivered
POI00005890,PO0002853,MAT00274,485,279.56,135586.6,Delivered
POI00005891,PO0002854,MAT00095,84,29.55,2482.2,Delivered
POI00005892,PO0002855,MAT00027,16,206.05,3296.8,Pending
POI00005893,PO0002856,MAT00080,35,181.04,6336.4,Delivered
POI00005894,PO0002856,MAT00090,25,245.03,6125.75,Delivered
POI00005895,PO0002857,MAT00093,6,573.75,3442.5,Delivered
POI00005896,PO0002857,MAT00093,14,568.18,7954.52,Delivered
POI00005897,PO0002857,MAT00093,99,528.39,52310.61,Delivered
POI00005898,PO0002858,MAT00217,33,134.83,4449.39,Delivered
POI00005899,PO0002858,MAT00217,19,146.29,2779.51,Delivered
POI00005900,PO0002858,MAT00217,20,145.78,2915.6,Delivered
POI00005901,PO0002859,MAT00095,21,27.04,567.84,Delivered
POI00005902,PO0002860,MAT00049,36,81.35,2928.6,Delivered
POI00005903,PO0002860,MAT00114,56,263.07,14731.92,Delivered
POI00005904,PO0002861,MAT00237,16,976.79,15628.64,Delivered
POI00005905,PO0002862,MAT00189,1,130.69,130.69,Pending
POI00005906,PO0002863,MAT00059,8,103.31,826.48,Delivered
POI00005907,PO0002864,MAT00283,35,55.24,1933.4,Delivered
POI00005908,PO0002864,MAT00300,86,433.24,37258.64,Delivered
POI00005909,PO0002865,MAT00265,46,706.22,32486.12,Delivered
POI00005910,PO0002866,MAT00211,12,272.14,3265.68,Delivered
POI00005911,PO0002866,MAT00214,3,774.84,2324.52,Delivered
POI00005912,PO0002866,MAT00225,8,434.07,3472.56,Delivered
POI00005913,PO0002866,MAT00202,55,67.58,3716.9,Delivered
POI00005914,PO0002867,MAT00074,31,240.64,7459.84,Delivered
POI00005915,PO0002867,MAT00073,12,521.68,6260.16,Delivered
POI00005916,PO0002867,MAT00216,17,111.04,1887.68,Delivered
POI00005917,PO0002868,MAT00089,29,522.42,15150.18,Pending
POI00005918,PO0002868,MAT00089,8,558.34,4466.72,Partially Delivered
POI00005919,PO0002869,MAT00078,14,93.67,1311.38,Delivered
POI00005920,PO0002870,MAT00246,34,335.4,11403.6,Delivered
POI00005921,PO0002870,MAT00250,138,3222.29,444676.02,Delivered
POI00005922,PO0002870,MAT00244,17,205.65,3496.05,Delivered
POI00005923,PO0002871,MAT00032,40,67.05,2682.0,Delivered
POI00005924,PO0002871,MAT00019,6,345.0,2070.0,Delivered
POI00005925,PO0002872,MAT00160,10,542.84,5428.4,Delivered
POI00005926,PO0002872,MAT00153,16,150.07,2401.12,Delivered
POI00005927,PO0002873,MAT00072,4,529.08,2116.32,Delivered
POI00005928,PO0002873,MAT00074,118,210.71,24863.78,Delivered
POI00005929,PO0002873,MAT00068,19,129.49,2460.31,Delivered
POI00005930,PO0002874,MAT00074,27,206.08,5564.16,Delivered
POI00005931,PO0002874,MAT00068,22,160.65,3534.3,Delivered
POI00005932,PO0002874,MAT00063,137,208.49,28563.13,Delivered
POI00005933,PO0002875,MAT00161,5,358.07,1790.35,Delivered
POI00005934,PO0002876,MAT00129,107,130.8,13995.6,Pending
POI00005935,PO0002876,MAT00194,30,851.03,25530.9,Pending
POI00005936,PO0002876,MAT00130,17,79.11,1344.87,Delivered
POI00005937,PO0002877,MAT00287,6,434.97,2609.82,Pending
POI00005938,PO0002877,MAT00295,12,87.48,1049.76,Delivered
POI00005939,PO0002878,MAT00295,16,103.23,1651.68,Delivered
POI00005940,PO0002878,MAT00287,11,410.52,4515.72,Delivered
POI00005941,PO0002879,MAT00012,20,379.13,7582.6,Delivered
POI00005942,PO0002879,MAT00024,11,113.09,1243.99,Delivered
POI00005943,PO0002880,MAT00073,17,468.38,7962.46,Delivered
POI00005944,PO0002880,MAT00070,55,128.03,7041.65,Delivered
POI00005945,PO0002880,MAT00053,25,889.2,22230.0,Pending
POI00005946,PO0002880,MAT00071,22,192.32,4231.04,Pending
POI00005947,PO0002881,MAT00191,10,769.47,7694.7,Delivered
POI00005948,PO0002881,MAT00191,17,919.79,15636.43,Delivered
POI00005949,PO0002882,MAT00100,112,1049.66,117561.92,Delivered
POI00005950,PO0002883,MAT00034,20,83.79,1675.8,Delivered
POI00005951,PO0002883,MAT00036,60,107.98,6478.8,Delivered
POI00005952,PO0002883,MAT00049,14,78.52,1099.28,Delivered
POI00005953,PO0002884,MAT00237,23,900.69,20715.87,Delivered
POI00005954,PO0002885,MAT00297,75,189.29,14196.75,Delivered
POI00005955,PO0002885,MAT00280,9,546.14,4915.26,Pending
POI00005956,PO0002886,MAT00237,9,817.85,7360.65,Delivered
POI00005957,PO0002886,MAT00231,10,355.25,3552.5,Delivered
POI00005958,PO0002887,MAT00010,20,159.23,3184.6,Partially Delivered
POI00005959,PO0002888,MAT00190,6,1180.87,7085.22,Delivered
POI00005960,PO0002888,MAT00197,91,460.29,41886.39,Delivered
POI00005961,PO0002888,MAT00176,23,167.24,3846.52,Delivered
POI00005962,PO0002889,MAT00007,84,770.44,64716.96,Delivered
POI00005963,PO0002889,MAT00021,17,92.73,1576.41,Delivered
POI00005964,PO0002890,MAT00002,9,105.41,948.69,Delivered
POI00005965,PO0002891,MAT00268,95,179.58,17060.1,Delivered
POI00005966,PO0002891,MAT00260,51,314.61,16045.11,Delivered
POI00005967,PO0002891,MAT00254,83,422.88,35099.04,Delivered
POI00005968,PO0002892,MAT00119,31,140.84,4366.04,Pending
POI00005969,PO0002893,MAT00257,113,485.92,54908.96,Delivered
POI00005970,PO0002893,MAT00269,49,274.13,13432.37,Delivered
POI00005971,PO0002894,MAT00041,14,2494.59,34924.26,Delivered
POI00005972,PO0002894,MAT00046,52,470.3,24455.6,Delivered
POI00005973,PO0002894,MAT00038,19,838.12,15924.28,Partially Delivered
POI00005974,PO0002895,MAT00009,17,442.23,7517.91,Delivered
POI00005975,PO0002896,MAT00248,12,511.88,6142.56,Pending
POI00005976,PO0002897,MAT00004,36,212.79,7660.44,Pending
POI00005977,PO0002898,MAT00210,47,311.85,14656.95,Delivered
POI00005978,PO0002898,MAT00210,43,392.96,16897.28,Delivered
POI00005979,PO0002898,MAT00210,16,364.98,5839.68,Delivered
POI00005980,PO0002899,MAT00092,110,605.56,66611.6,Delivered
POI00005981,PO0002899,MAT00091,37,254.8,9427.6,Delivered
POI00005982,PO0002900,MAT00076,7,81.4,569.8,Delivered
POI00005983,PO0002900,MAT00092,3,576.96,1730.88,Delivered
POI00005984,PO0002900,MAT00091,8,262.81,2102.48,Delivered
POI00005985,PO0002901,MAT00010,40,158.2,6328.0,Delivered
POI00005986,PO0002902,MAT00048,170,249.55,42423.5,Delivered
POI00005987,PO0002903,MAT00286,11,769.49,8464.39,Delivered
POI00005988,PO0002903,MAT00009,72,459.48,33082.56,Delivered
POI00005989,PO0002903,MAT00091,14,255.33,3574.62,Delivered
POI00005990,PO0002904,MAT00156,45,167.77,7549.65,Partially Delivered
POI00005991,PO0002905,MAT00096,15,280.64,4209.6,Delivered
POI00005992,PO0002906,MAT00236,200,174.02,34804.0,Delivered
POI00005993,PO0002907,MAT00019,42,316.74,13303.08,Delivered
POI00005994,PO0002907,MAT00002,23,104.29,2398.67,Delivered
POI00005995,PO0002907,MAT00002,37,105.02,3885.74,Delivered
POI00005996,PO0002908,MAT00021,8,95.83,766.64,Delivered
POI00005997,PO0002908,MAT00007,45,795.02,35775.9,Pending
POI00005998,PO0002909,MAT00197,4,480.89,1923.56,Cancelled
POI00005999,PO0002909,MAT00190,49,1153.15,56504.35,Cancelled
POI00006000,PO0002909,MAT00196,237,510.22,120922.14,Pending
POI00006001,PO0002910,MAT00111,48,68.14,3270.72,Delivered
POI00006002,PO0002910,MAT00111,21,68.83,1445.43,Delivered
POI00006003,PO0002910,MAT00111,95,78.6,7467.0,Delivered
POI00006004,PO0002911,MAT00096,9,315.82,2842.38,Delivered
POI00006005,PO0002911,MAT00095,20,32.6,652.0,Delivered
POI00006006,PO0002912,MAT00207,29,170.52,4945.08,Delivered
POI00006007,PO0002913,MAT00284,2,318.63,637.26,Delivered
POI00006008,PO0002914,MAT00174,13,351.79,4573.27,Pending
POI00006009,PO0002915,MAT00014,6,79.19,475.14,Pending
POI00006010,PO0002915,MAT00015,2,52.41,104.82,Cancelled
POI00006011,PO0002915,MAT00011,94,52.32,4918.08,Delivered
POI00006012,PO0002916,MAT00033,10,115.13,1151.3,Pending
POI00006013,PO0002916,MAT00028,8,114.51,916.08,Pending
POI00006014,PO0002917,MAT00004,13,231.83,3013.79,Delivered
POI00006015,PO0002917,MAT00004,6,216.25,1297.5,Pending
POI00006016,PO0002917,MAT00004,115,210.58,24216.7,Pending
POI00006017,PO0002918,MAT00189,45,130.71,5881.95,Delivered
POI00006018,PO0002919,MAT00299,5,102.82,514.1,Delivered
POI00006019,PO0002919,MAT00289,41,233.88,9589.08,Delivered
POI00006020,PO0002919,MAT00288,30,1058.42,31752.6,Delivered
POI00006021,PO0002920,MAT00051,38,64.93,2467.34,Delivered
POI00006022,PO0002920,MAT00058,111,59.69,6625.59,Delivered
POI00006023,PO0002920,MAT00060,78,149.05,11625.9,Delivered
POI00006024,PO0002921,MAT00093,9,631.27,5681.43,Delivered
POI00006025,PO0002921,MAT00093,50,631.75,31587.5,Delivered
POI00006026,PO0002922,MAT00193,108,85.77,9263.16,Delivered
POI00006027,PO0002922,MAT00177,165,272.73,45000.45,Delivered
POI00006028,PO0002923,MAT00099,13,774.7,10071.1,Delivered
POI00006029,PO0002923,MAT00078,9,101.39,912.51,Delivered
POI00006030,PO0002924,MAT00257,8,523.32,4186.56,Delivered
POI00006031,PO0002924,MAT00069,60,264.55,15873.0,Delivered
POI00006032,PO0002924,MAT00254,19,478.0,9082.0,Delivered
POI00006033,PO0002924,MAT00169,10,387.38,3873.8,Delivered
POI00006034,PO0002925,MAT00043,9,257.27,2315.43,Delivered
POI00006035,PO0002925,MAT00043,9,297.62,2678.58,Delivered
POI00006036,PO0002926,MAT00060,4,134.73,538.92,Delivered
POI00006037,PO0002926,MAT00058,7,66.02,462.14,Delivered
POI00006038,PO0002927,MAT00273,7,436.17,3053.19,Delivered
POI00006039,PO0002927,MAT00263,9,442.17,3979.53,Delivered
POI00006040,PO0002928,MAT00042,54,46.84,2529.36,Delivered
POI00006041,PO0002929,MAT00197,16,506.85,8109.6,Delivered
POI00006042,PO0002929,MAT00190,50,1045.46,52273.0,Delivered
POI00006043,PO0002929,MAT00176,38,146.36,5561.68,Delivered
POI00006044,PO0002930,MAT00044,55,482.45,26534.75,Delivered
POI00006045,PO0002931,MAT00283,24,50.38,1209.12,Delivered
POI00006046,PO0002931,MAT00296,2,84.34,168.68,Delivered
POI00006047,PO0002932,MAT00178,15,1191.22,17868.3,Delivered
POI00006048,PO0002932,MAT00182,34,55.04,1871.36,Delivered
POI00006049,PO0002933,MAT00203,25,77.81,1945.25,Delivered
POI00006050,PO0002933,MAT00213,9,297.0,2673.0,Delivered
POI00006051,PO0002934,MAT00175,40,1830.22,73208.8,Pending
POI00006052,PO0002934,MAT00161,25,341.31,8532.75,Pending
POI00006053,PO0002935,MAT00291,12,265.36,3184.32,Delivered
POI00006054,PO0002936,MAT00146,60,241.15,14469.0,Delivered
POI00006055,PO0002936,MAT00095,13,27.16,353.08,Delivered
POI00006056,PO0002937,MAT00016,19,490.66,9322.54,Pending
POI00006057,PO0002938,MAT00158,22,1439.7,31673.4,Partially Delivered
POI00006058,PO0002939,MAT00002,11,125.75,1383.25,Delivered
POI00006059,PO0002940,MAT00210,4,350.3,1401.2,Delivered
POI00006060,PO0002940,MAT00210,8,357.3,2858.4,Delivered
POI00006061,PO0002941,MAT00230,14,411.62,5762.68,Delivered
POI00006062,PO0002941,MAT00230,39,351.13,13694.07,Delivered
POI00006063,PO0002941,MAT00229,99,438.03,43364.97,Delivered
POI00006064,PO0002941,MAT00230,33,353.24,11656.92,Delivered
POI00006065,PO0002942,MAT00070,92,133.42,12274.64,Partially Delivered
POI00006066,PO0002943,MAT00254,60,491.95,29517.0,Partially Delivered
POI00006067,PO0002943,MAT00268,31,188.75,5851.25,Delivered
POI00006068,PO0002943,MAT00251,15,129.91,1948.65,Pending
POI00006069,PO0002944,MAT00200,59,68.91,4065.69,Pending
POI00006070,PO0002945,MAT00157,134,36.57,4900.38,Pending
POI00006071,PO0002945,MAT00162,71,2284.63,162208.73,Cancelled
POI00006072,PO0002946,MAT00229,19,469.58,8922.02,Partially Delivered
POI00006073,PO0002947,MAT00065,40,150.95,6038.0,Delivered
POI00006074,PO0002947,MAT00075,9,101.88,916.92,Partially Delivered
POI00006075,PO0002948,MAT00148,12,85.12,1021.44,Delivered
POI00006076,PO0002948,MAT00139,12,144.35,1732.2,Partially Delivered
POI00006077,PO0002948,MAT00143,110,44.11,4852.1,Delivered
POI00006078,PO0002948,MAT00142,6,415.93,2495.58,Partially Delivered
POI00006079,PO0002949,MAT00286,13,852.83,11086.79,Delivered
POI00006080,PO0002950,MAT00216,19,128.14,2434.66,Pending
POI00006081,PO0002950,MAT00208,345,43.39,14969.55,Pending
POI00006082,PO0002951,MAT00095,15,29.71,445.65,Delivered
POI00006083,PO0002952,MAT00194,5,827.28,4136.4,Delivered
POI00006084,PO0002952,MAT00188,88,132.27,11639.76,Delivered
POI00006085,PO0002953,MAT00020,20,393.57,7871.4,Delivered
POI00006086,PO0002954,MAT00186,7,236.53,1655.71,Delivered
POI00006087,PO0002954,MAT00186,8,273.25,2186.0,Delivered
POI00006088,PO0002955,MAT00201,3,142.58,427.74,Delivered
POI00006089,PO0002955,MAT00201,156,133.67,20852.52,Delivered
POI00006090,PO0002955,MAT00201,1,131.83,131.83,Delivered
POI00006091,PO0002956,MAT00089,6,543.73,3262.38,Delivered
POI00006092,PO0002956,MAT00089,5,458.36,2291.8,Delivered
POI00006093,PO0002956,MAT00089,10,539.22,5392.2,Delivered
POI00006094,PO0002957,MAT00265,37,736.44,27248.28,Delivered
POI00006095,PO0002957,MAT00253,72,104.21,7503.12,Delivered
POI00006096,PO0002958,MAT00216,13,106.72,1387.36,Delivered
POI00006097,PO0002959,MAT00259,111,230.2,25552.2,Partially Delivered
POI00006098,PO0002960,MAT00033,26,95.59,2485.34,Pending
POI00006099,PO0002960,MAT00267,57,889.41,50696.37,Cancelled
POI00006100,PO0002961,MAT00298,53,33.43,1771.79,Delivered
POI00006101,PO0002961,MAT00281,5,72.45,362.25,Delivered
POI00006102,PO0002961,MAT00298,16,33.16,530.56,Delivered
POI00006103,PO0002961,MAT00281,55,68.67,3776.85,Delivered
POI00006104,PO0002962,MAT00248,207,445.78,92276.46,Delivered
POI00006105,PO0002963,MAT00163,38,145.35,5523.3,Delivered
POI00006106,PO0002964,MAT00281,6,68.99,413.94,Delivered
POI00006107,PO0002964,MAT00285,6,73.14,438.84,Delivered
POI00006108,PO0002964,MAT00281,49,64.07,3139.43,Delivered
POI00006109,PO0002964,MAT00285,11,74.47,819.17,Delivered
POI00006110,PO0002965,MAT00019,25,299.17,7479.25,Delivered
POI00006111,PO0002966,MAT00237,16,887.28,14196.48,Pending
POI00006112,PO0002966,MAT00231,85,405.47,34464.95,Cancelled
POI00006113,PO0002967,MAT00170,7,66.71,466.97,Pending
POI00006114,PO0002968,MAT00210,16,316.59,5065.44,Delivered
POI00006115,PO0002968,MAT00210,34,367.82,12505.88,Delivered
POI00006116,PO0002968,MAT00210,9,389.69,3507.21,Delivered
POI00006117,PO0002968,MAT00210,3,382.72,1148.16,Delivered
POI00006118,PO0002969,MAT00128,10,91.72,917.2,Delivered
POI00006119,PO0002969,MAT00130,90,78.77,7089.3,Delivered
POI00006120,PO0002970,MAT00028,3,104.28,312.84,Delivered
POI00006121,PO0002971,MAT00117,7,144.66,1012.62,Delivered
POI00006122,PO0002971,MAT00116,31,541.33,16781.23,Delivered
POI00006123,PO0002971,MAT00101,4,51.23,204.92,Delivered
POI00006124,PO0002972,MAT00166,217,164.07,35603.19,Pending
POI00006125,PO0002972,MAT00163,77,175.84,13539.68,Delivered
POI00006126,PO0002973,MAT00075,7,121.05,847.35,Delivered
POI00006127,PO0002974,MAT00244,77,166.58,12826.66,Pending
POI00006128,PO0002975,MAT00178,21,1185.6,24897.6,Delivered
POI00006129,PO0002976,MAT00202,6,65.95,395.7,Delivered
POI00006130,PO0002976,MAT00225,40,507.74,20309.6,Delivered
POI00006131,PO0002977,MAT00003,73,1670.59,121953.07,Delivered
POI00006132,PO0002977,MAT00006,8,335.77,2686.16,Delivered
POI00006133,PO0002977,MAT00018,102,371.75,37918.5,Delivered
POI00006134,PO0002977,MAT00010,24,142.33,3415.92,Delivered
POI00006135,PO0002978,MAT00196,43,568.51,24445.93,Pending
POI00006136,PO0002978,MAT00190,14,1212.61,16976.54,Pending
POI00006137,PO0002978,MAT00176,153,137.82,21086.46,Delivered
POI00006138,PO0002979,MAT00194,5,989.84,4949.2,Delivered
POI00006139,PO0002980,MAT00004,3,253.88,761.64,Delivered
POI00006140,PO0002980,MAT00004,9,226.19,2035.71,Delivered
POI00006141,PO0002980,MAT00004,53,227.7,12068.1,Delivered
POI00006142,PO0002981,MAT00235,31,298.11,9241.41,Delivered
POI00006143,PO0002981,MAT00242,27,177.91,4803.57,Delivered
POI00006144,PO0002981,MAT00242,24,165.62,3974.88,Delivered
POI00006145,PO0002981,MAT00242,6,179.4,1076.4,Delivered
POI00006146,PO0002982,MAT00111,10,78.35,783.5,Delivered
POI00006147,PO0002983,MAT00039,6,180.21,1081.26,Delivered
POI00006148,PO0002984,MAT00287,12,415.36,4984.32,Delivered
POI00006149,PO0002985,MAT00162,3,2341.55,7024.65,Partially Delivered
POI00006150,PO0002985,MAT00152,181,326.47,59091.07,Pending
POI00006151,PO0002986,MAT00215,51,134.47,6857.97,Delivered
POI00006152,PO0002986,MAT00206,38,710.97,27016.86,Partially Delivered
POI00006153,PO0002987,MAT00219,36,91.29,3286.44,Delivered
POI00006154,PO0002987,MAT00224,40,1366.0,54640.0,Delivered
POI00006155,PO0002987,MAT00222,12,212.7,2552.4,Delivered
POI00006156,PO0002988,MAT00257,20,539.56,10791.2,Delivered
POI00006157,PO0002988,MAT00271,59,177.35,10463.65,Delivered
POI00006158,PO0002989,MAT00191,23,807.76,18578.48,Delivered
POI00006159,PO0002989,MAT00191,21,791.8,16627.8,Partially Delivered
POI00006160,PO0002989,MAT00191,41,807.39,33102.99,Partially Delivered
POI00006161,PO0002989,MAT00191,3,932.56,2797.68,Delivered
POI00006162,PO0002990,MAT00230,29,417.74,12114.46,Delivered
POI00006163,PO0002990,MAT00229,3,390.79,1172.37,Delivered
POI00006164,PO0002991,MAT00043,60,238.34,14300.4,Pending
POI00006165,PO0002992,MAT00075,17,110.24,1874.08,Delivered
POI00006166,PO0002992,MAT00065,148,132.74,19645.52,Delivered
POI00006167,PO0002992,MAT00065,86,155.21,13348.06,Delivered
POI00006168,PO0002993,MAT00230,28,361.96,10134.88,Delivered
POI00006169,PO0002993,MAT00229,8,404.79,3238.32,Delivered
POI00006170,PO0002994,MAT00181,22,195.45,4299.9,Partially Delivered
POI00006171,PO0002994,MAT00181,24,174.66,4191.84,Partially Delivered
POI00006172,PO0002994,MAT00181,6,177.52,1065.12,Delivered
POI00006173,PO0002995,MAT00300,61,473.48,28882.28,Cancelled
POI00006174,PO0002996,MAT00112,10,526.93,5269.3,Pending
POI00006175,PO0002996,MAT00121,38,1590.77,60449.26,Delivered
POI00006176,PO0002997,MAT00202,4,56.06,224.24,Delivered
POI00006177,PO0002998,MAT00181,16,180.97,2895.52,Delivered
POI00006178,PO0002998,MAT00180,14,246.93,3457.02,Delivered
POI00006179,PO0002999,MAT00120,8,99.28,794.24,Delivered
POI00006180,PO0002999,MAT00019,24,303.38,7281.12,Pending
POI00006181,PO0002999,MAT00281,15,77.95,1169.25,Partially Delivered
POI00006182,PO0002999,MAT00167,9,167.56,1508.04,Cancelled
POI00006183,PO0003000,MAT00079,18,626.02,11268.36,Cancelled
POI00006184,PO0003000,MAT00091,6,248.59,1491.54,Pending
POI00006185,PO0003000,MAT00092,3,625.44,1876.32,Pending
POI00006186,PO0003000,MAT00076,14,73.68,1031.52,Cancelled
POI00006187,PO0003001,MAT00102,105,281.61,29569.05,Pending
POI00006188,PO0003001,MAT00121,2,1757.23,3514.46,Pending
POI00006189,PO0003001,MAT00112,233,522.9,121835.7,Delivered
POI00006190,PO0003002,MAT00265,31,724.04,22445.24,Delivered
POI00006191,PO0003003,MAT00034,40,82.89,3315.6,Delivered
POI00006192,PO0003004,MAT00191,25,906.06,22651.5,Delivered
POI00006193,PO0003005,MAT00095,16,28.1,449.6,Delivered
POI00006194,PO0003005,MAT00096,6,303.26,1819.56,Delivered
POI00006195,PO0003006,MAT00088,67,1106.77,74153.59,Delivered
POI00006196,PO0003006,MAT00097,11,618.5,6803.5,Delivered
POI00006197,PO0003007,MAT00108,30,1354.5,40635.0,Pending
POI00006198,PO0003007,MAT00114,8,212.58,1700.64,Pending
POI00006199,PO0003008,MAT00043,32,289.64,9268.48,Delivered
POI00006200,PO0003008,MAT00043,9,257.28,2315.52,Delivered
POI00006201,PO0003008,MAT00043,47,255.2,11994.4,Delivered
POI00006202,PO0003008,MAT00043,27,254.82,6880.14,Delivered
POI00006203,PO0003009,MAT00096,40,278.35,11134.0,Delivered
POI00006204,PO0003010,MAT00145,1,226.0,226.0,Pending
POI00006205,PO0003010,MAT00137,9,247.16,2224.44,Pending
POI00006206,PO0003010,MAT00132,36,118.12,4252.32,Partially Delivered
POI00006207,PO0003011,MAT00076,2,70.82,141.64,Delivered
POI00006208,PO0003011,MAT00092,6,676.17,4057.02,Delivered
POI00006209,PO0003011,MAT00091,45,257.16,11572.2,Delivered
POI00006210,PO0003011,MAT00079,4,597.29,2389.16,Delivered
POI00006211,PO0003012,MAT00155,9,652.55,5872.95,Delivered
POI00006212,PO0003013,MAT00232,27,76.67,2070.09,Pending
POI00006213,PO0003013,MAT00227,31,216.58,6713.98,Partially Delivered
POI00006214,PO0003013,MAT00241,23,141.3,3249.9,Delivered
POI00006215,PO0003014,MAT00166,2,145.38,290.76,Pending
POI00006216,PO0003014,MAT00171,22,529.29,11644.38,Partially Delivered
POI00006217,PO0003014,MAT00170,6,72.0,432.0,Partially Delivered
POI00006218,PO0003015,MAT00234,51,238.93,12185.43,Delivered
POI00006219,PO0003015,MAT00234,118,275.98,32565.64,Delivered
POI00006220,PO0003015,MAT00248,57,549.31,31310.67,Delivered
POI00006221,PO0003015,MAT00234,5,266.0,1330.0,Delivered
POI00006222,PO0003016,MAT00163,5,166.09,830.45,Delivered
POI00006223,PO0003017,MAT00004,14,221.63,3102.82,Delivered
POI00006224,PO0003017,MAT00004,33,251.59,8302.47,Delivered
POI00006225,PO0003017,MAT00004,27,257.42,6950.34,Delivered
POI00006226,PO0003018,MAT00156,14,152.93,2141.02,Delivered
POI00006227,PO0003018,MAT00153,6,137.49,824.94,Pending
POI00006228,PO0003019,MAT00196,146,521.56,76147.76,Delivered
POI00006229,PO0003019,MAT00176,4,140.72,562.88,Pending
POI00006230,PO0003019,MAT00190,74,1194.39,88384.86,Pending
POI00006231,PO0003019,MAT00197,296,517.77,153259.92,Delivered
POI00006232,PO0003020,MAT00217,33,139.79,4613.07,Delivered
POI00006233,PO0003020,MAT00217,14,134.0,1876.0,Delivered
POI00006234,PO0003021,MAT00007,4,877.98,3511.92,Delivered
POI00006235,PO0003021,MAT00001,11,58.45,642.95,Delivered
POI00006236,PO0003022,MAT00242,38,154.42,5867.96,Delivered
POI00006237,PO0003023,MAT00082,78,162.86,12703.08,Delivered
POI00006238,PO0003024,MAT00196,33,507.97,16763.01,Delivered
POI00006239,PO0003024,MAT00190,39,1102.53,42998.67,Delivered
POI00006240,PO0003024,MAT00176,76,155.35,11806.6,Delivered
POI00006241,PO0003025,MAT00005,50,257.43,12871.5,Delivered
POI00006242,PO0003025,MAT00009,10,430.65,4306.5,Delivered
POI00006243,PO0003026,MAT00252,4,850.27,3401.08,Delivered
POI00006244,PO0003027,MAT00131,13,236.73,3077.49,Delivered
POI00006245,PO0003027,MAT00134,15,56.96,854.4,Delivered
POI00006246,PO0003028,MAT00256,41,179.36,7353.76,Delivered
POI00006247,PO0003028,MAT00263,9,437.84,3940.56,Delivered
POI00006248,PO0003028,MAT00270,10,515.28,5152.8,Delivered
POI00006249,PO0003028,MAT00273,13,448.7,5833.1,Delivered
POI00006250,PO0003029,MAT00086,41,85.05,3487.05,Delivered
POI00006251,PO0003030,MAT00264,20,670.26,13405.2,Delivered
POI00006252,PO0003031,MAT00252,16,796.27,12740.32,Delivered
POI00006253,PO0003032,MAT00088,7,1287.34,9011.38,Delivered
POI00006254,PO0003033,MAT00002,38,99.4,3777.2,Pending
POI00006255,PO0003033,MAT00019,18,330.1,5941.8,Pending
POI00006256,PO0003034,MAT00169,19,385.14,7317.66,Delivered
POI00006257,PO0003034,MAT00172,6,87.04,522.24,Partially Delivered
POI00006258,PO0003034,MAT00162,216,2135.37,461239.92,Partially Delivered
POI00006259,PO0003035,MAT00174,46,313.44,14418.24,Cancelled
POI00006260,PO0003035,MAT00153,15,142.1,2131.5,Delivered
POI00006261,PO0003035,MAT00160,39,571.6,22292.4,Pending
POI00006262,PO0003036,MAT00043,24,258.36,6200.64,Cancelled
POI00006263,PO0003036,MAT00043,85,294.72,25051.2,Pending
POI00006264,PO0003036,MAT00043,5,237.81,1189.05,Delivered
POI00006265,PO0003036,MAT00043,5,268.59,1342.95,Pending
POI00006266,PO0003037,MAT00117,6,143.36,860.16,Partially Delivered
POI00006267,PO0003037,MAT00101,7,54.38,380.66,Pending
POI00006268,PO0003037,MAT00116,2,547.38,1094.76,Pending
POI00006269,PO0003038,MAT00244,26,170.05,4421.3,Delivered
POI00006270,PO0003038,MAT00249,13,299.46,3892.98,Delivered
POI00006271,PO0003038,MAT00250,13,2971.85,38634.05,Delivered
POI00006272,PO0003038,MAT00246,11,332.02,3652.22,Delivered
POI00006273,PO0003039,MAT00105,14,55.69,779.66,Delivered
POI00006274,PO0003040,MAT00111,5,67.99,339.95,Delivered
POI00006275,PO0003040,MAT00111,61,69.61,4246.21,Delivered
POI00006276,PO0003041,MAT00059,5,84.99,424.95,Delivered
POI00006277,PO0003041,MAT00059,27,96.66,2609.82,Delivered
POI00006278,PO0003041,MAT00059,9,93.51,841.59,Delivered
POI00006279,PO0003041,MAT00059,27,93.75,2531.25,Delivered
POI00006280,PO0003042,MAT00181,23,187.51,4312.73,Delivered
POI00006281,PO0003042,MAT00180,9,263.73,2373.57,Delivered
POI00006282,PO0003043,MAT00242,93,163.92,15244.56,Delivered
POI00006283,PO0003044,MAT00084,27,205.0,5535.0,Delivered
POI00006284,PO0003045,MAT00300,16,478.94,7663.04,Partially Delivered
POI00006285,PO0003045,MAT00283,8,60.86,486.88,Pending
POI00006286,PO0003046,MAT00088,20,1283.49,25669.8,Delivered
POI00006287,PO0003047,MAT00111,47,70.62,3319.14,Delivered
POI00006288,PO0003047,MAT00111,14,80.17,1122.38,Delivered
POI00006289,PO0003047,MAT00111,7,75.3,527.1,Delivered
POI00006290,PO0003048,MAT00201,52,137.15,7131.8,Pending
POI00006291,PO0003048,MAT00201,19,166.29,3159.51,Pending
POI00006292,PO0003048,MAT00201,130,137.99,17938.7,Delivered
POI00006293,PO0003049,MAT00093,13,548.31,7128.03,Delivered
POI00006294,PO0003050,MAT00220,28,278.86,7808.08,Pending
POI00006295,PO0003050,MAT00209,14,265.15,3712.1,Cancelled
POI00006296,PO0003050,MAT00209,4,320.36,1281.44,Delivered
POI00006297,PO0003051,MAT00056,84,78.06,6557.04,Delivered
POI00006298,PO0003052,MAT00282,12,213.38,2560.56,Delivered
POI00006299,PO0003052,MAT00300,7,475.18,3326.26,Cancelled
POI00006300,PO0003053,MAT00188,9,145.04,1305.36,Pending
POI00006301,PO0003054,MAT00278,35,1686.87,59040.45,Delivered
POI00006302,PO0003055,MAT00044,14,452.42,6333.88,Delivered
POI00006303,PO0003056,MAT00292,72,144.75,10422.0,Delivered
POI00006304,PO0003056,MAT00287,29,486.31,14102.99,Delivered
POI00006305,PO0003056,MAT00278,40,1732.99,69319.6,Delivered
POI00006306,PO0003057,MAT00227,7,255.41,1787.87,Pending
POI00006307,PO0003057,MAT00241,36,137.98,4967.28,Delivered
POI00006308,PO0003058,MAT00124,32,139.07,4450.24,Delivered
POI00006309,PO0003058,MAT00115,27,28.0,756.0,Delivered
POI00006310,PO0003059,MAT00153,5,141.26,706.3,Delivered
POI00006311,PO0003059,MAT00160,14,601.56,8421.84,Delivered
POI00006312,PO0003060,MAT00260,39,315.24,12294.36,Partially Delivered
POI00006313,PO0003060,MAT00216,139,132.4,18403.6,Cancelled
POI00006314,PO0003060,MAT00013,97,127.96,12412.12,Pending
POI00006315,PO0003061,MAT00200,73,77.93,5688.89,Delivered
POI00006316,PO0003062,MAT00031,17,171.03,2907.51,Delivered
POI00006317,PO0003063,MAT00236,10,173.06,1730.6,Pending
POI00006318,PO0003063,MAT00228,21,73.93,1552.53,Delivered
POI00006319,PO0003064,MAT00012,9,435.22,3916.98,Delivered
POI00006320,PO0003064,MAT00020,5,448.88,2244.4,Delivered
POI00006321,PO0003065,MAT00183,2,16.77,33.54,Delivered
POI00006322,PO0003066,MAT00217,27,147.12,3972.24,Delivered
POI00006323,PO0003067,MAT00163,14,163.04,2282.56,Pending
POI00006324,PO0003067,MAT00166,41,150.76,6181.16,Delivered
POI00006325,PO0003068,MAT00030,3,208.77,626.31,Partially Delivered
POI00006326,PO0003068,MAT00050,11,146.13,1607.43,Pending
POI00006327,PO0003068,MAT00032,5,75.27,376.35,Partially Delivered
POI00006328,PO0003069,MAT00015,4,51.63,206.52,Delivered
POI00006329,PO0003069,MAT00011,44,48.18,2119.92,Delivered
POI00006330,PO0003070,MAT00206,15,687.2,10308.0,Delivered
POI00006331,PO0003071,MAT00065,42,134.11,5632.62,Delivered
POI00006332,PO0003071,MAT00075,239,112.79,26956.81,Delivered
POI00006333,PO0003071,MAT00075,48,119.9,5755.2,Delivered
POI00006334,PO0003072,MAT00201,55,156.12,8586.6,Pending
POI00006335,PO0003073,MAT00271,101,193.79,19572.79,Pending
POI00006336,PO0003073,MAT00266,226,537.74,121529.24,Pending
POI00006337,PO0003073,MAT00269,19,307.02,5833.38,Delivered
POI00006338,PO0003073,MAT00257,12,522.77,6273.24,Pending
POI00006339,PO0003074,MAT00178,62,1216.48,75421.76,Delivered
POI00006340,PO0003075,MAT00194,22,844.65,18582.3,Pending
POI00006341,PO0003075,MAT00188,37,144.33,5340.21,Delivered
POI00006342,PO0003075,MAT00188,74,153.12,11330.88,Partially Delivered
POI00006343,PO0003076,MAT00121,91,1722.67,156762.97,Delivered
POI00006344,PO0003077,MAT00141,31,48.17,1493.27,Cancelled
POI00006345,PO0003077,MAT00146,44,273.43,12030.92,Delivered
POI00006346,PO0003077,MAT00140,6,83.81,502.86,Pending
POI00006347,PO0003077,MAT00130,152,95.11,14456.72,Pending
POI00006348,PO0003078,MAT00043,8,290.93,2327.44,Delivered
POI00006349,PO0003078,MAT00043,13,256.05,3328.65,Delivered
POI00006350,PO0003079,MAT00284,9,292.28,2630.52,Delivered
POI00006351,PO0003079,MAT00279,15,432.82,6492.3,Delivered
POI00006352,PO0003079,MAT00276,1,53.52,53.52,Pending
POI00006353,PO0003080,MAT00043,16,297.8,4764.8,Delivered
POI00006354,PO0003080,MAT00043,5,280.41,1402.05,Delivered
POI00006355,PO0003080,MAT00043,12,273.41,3280.92,Delivered
POI00006356,PO0003081,MAT00154,7,148.19,1037.33,Delivered
POI00006357,PO0003081,MAT00168,15,98.12,1471.8,Delivered
POI00006358,PO0003081,MAT00159,7,615.5,4308.5,Delivered
POI00006359,PO0003082,MAT00294,4,598.28,2393.12,Delivered
POI00006360,PO0003083,MAT00107,9,869.05,7821.45,Delivered
POI00006361,PO0003083,MAT00112,10,529.94,5299.4,Delivered
POI00006362,PO0003084,MAT00073,23,534.8,12300.4,Delivered
POI00006363,PO0003085,MAT00027,194,171.03,33179.82,Delivered
POI00006364,PO0003085,MAT00026,20,518.89,10377.8,Delivered
POI00006365,PO0003086,MAT00210,205,386.27,79185.35,Delivered
POI00006366,PO0003087,MAT00042,101,50.24,5074.24,Delivered
POI00006367,PO0003087,MAT00029,30,211.1,6333.0,Partially Delivered
POI00006368,PO0003088,MAT00175,11,1470.59,16176.49,Delivered
POI00006369,PO0003088,MAT00151,55,271.68,14942.4,Delivered
POI00006370,PO0003088,MAT00155,12,598.98,7187.76,Delivered
POI00006371,PO0003088,MAT00161,59,332.85,19638.15,Delivered
POI00006372,PO0003089,MAT00252,30,865.75,25972.5,Pending
POI00006373,PO0003090,MAT00081,40,100.73,4029.2,Delivered
POI00006374,PO0003090,MAT00098,67,363.89,24380.63,Delivered
POI00006375,PO0003090,MAT00087,17,343.92,5846.64,Delivered
POI00006376,PO0003091,MAT00158,77,1256.74,96768.98,Delivered
POI00006377,PO0003092,MAT00240,144,585.73,84345.12,Delivered
POI00006378,PO0003092,MAT00245,4,88.12,352.48,Delivered
POI00006379,PO0003093,MAT00043,77,280.75,21617.75,Delivered
POI00006380,PO0003093,MAT00043,8,248.42,1987.36,Delivered
POI00006381,PO0003093,MAT00043,4,245.04,980.16,Delivered
POI00006382,PO0003094,MAT00247,14,603.53,8449.42,Delivered
POI00006383,PO0003094,MAT00236,9,162.98,1466.82,Delivered
POI00006384,PO0003095,MAT00235,9,263.32,2369.88,Pending
POI00006385,PO0003095,MAT00242,35,167.61,5866.35,Pending
POI00006386,PO0003096,MAT00225,43,459.15,19743.45,Pending
POI00006387,PO0003096,MAT00202,59,63.26,3732.34,Pending
POI00006388,PO0003096,MAT00214,10,692.88,6928.8,Cancelled
POI00006389,PO0003097,MAT00067,42,507.62,21320.04,Delivered
POI00006390,PO0003097,MAT00056,8,65.57,524.56,Pending
POI00006391,PO0003098,MAT00057,2,166.57,333.14,Delivered
POI00006392,PO0003099,MAT00216,32,108.03,3456.96,Cancelled
POI00006393,PO0003099,MAT00212,15,45.88,688.2,Partially Delivered
POI00006394,PO0003099,MAT00208,18,47.21,849.78,Delivered
POI00006395,PO0003100,MAT00274,13,314.81,4092.53,Delivered
POI00006396,PO0003101,MAT00265,19,642.79,12213.01,Cancelled
POI00006397,PO0003101,MAT00261,5,3220.95,16104.75,Pending
POI00006398,PO0003101,MAT00272,23,1181.21,27167.83,Pending
POI00006399,PO0003101,MAT00258,23,116.73,2684.79,Pending
POI00006400,PO0003102,MAT00298,44,33.69,1482.36,Partially Delivered
POI00006401,PO0003102,MAT00281,9,70.82,637.38,Cancelled
POI00006402,PO0003103,MAT00262,28,720.18,20165.04,Pending
POI00006403,PO0003103,MAT00262,93,687.16,63905.88,Partially Delivered
POI00006404,PO0003103,MAT00262,22,628.46,13826.12,Pending
POI00006405,PO0003104,MAT00188,16,144.49,2311.84,Delivered
POI00006406,PO0003104,MAT00194,29,954.62,27683.98,Delivered
POI00006407,PO0003105,MAT00059,4,91.52,366.08,Delivered
POI00006408,PO0003105,MAT00059,8,94.63,757.04,Delivered
POI00006409,PO0003105,MAT00059,26,86.84,2257.84,Delivered
POI00006410,PO0003106,MAT00258,33,103.66,3420.78,Delivered
POI00006411,PO0003106,MAT00284,113,298.29,33706.77,Delivered
POI00006412,PO0003107,MAT00191,385,904.46,348217.1,Pending
POI00006413,PO0003108,MAT00064,5,120.66,603.3,Partially Delivered
POI00006414,PO0003109,MAT00004,6,207.3,1243.8,Delivered
POI00006415,PO0003109,MAT00004,23,251.45,5783.35,Delivered
POI00006416,PO0003109,MAT00004,13,206.05,2678.65,Delivered
POI00006417,PO0003109,MAT00004,138,217.65,30035.7,Delivered
POI00006418,PO0003110,MAT00032,5,66.42,332.1,Pending
POI00006419,PO0003110,MAT00030,17,229.46,3900.82,Pending
POI00006420,PO0003110,MAT00045,5,244.12,1220.6,Partially Delivered
POI00006421,PO0003111,MAT00037,75,383.86,28789.5,Delivered
POI00006422,PO0003111,MAT00033,12,99.93,1199.16,Pending
POI00006423,PO0003112,MAT00046,16,472.54,7560.64,Partially Delivered
POI00006424,PO0003113,MAT00185,13,189.25,2460.25,Delivered
POI00006425,PO0003114,MAT00297,30,199.17,5975.1,Delivered
POI00006426,PO0003114,MAT00280,11,512.0,5632.0,Delivered
POI00006427,PO0003115,MAT00217,18,136.82,2462.76,Delivered
POI00006428,PO0003115,MAT00052,20,637.21,12744.2,Delivered
POI00006429,PO0003116,MAT00114,5,245.02,1225.1,Pending
POI00006430,PO0003116,MAT00108,13,1621.38,21077.94,Pending
POI00006431,PO0003116,MAT00120,15,97.04,1455.6,Delivered
POI00006432,PO0003117,MAT00050,8,118.75,950.0,Delivered
POI00006433,PO0003118,MAT00185,6,211.12,1266.72,Delivered
POI00006434,PO0003119,MAT00004,26,251.38,6535.88,Partially Delivered
POI00006435,PO0003119,MAT00004,12,237.73,2852.76,Delivered
POI00006436,PO0003119,MAT00004,67,215.33,14427.11,Pending
POI00006437,PO0003120,MAT00059,117,100.29,11733.93,Delivered
POI00006438,PO0003120,MAT00059,17,84.49,1436.33,Delivered
POI00006439,PO0003120,MAT00059,143,89.57,12808.51,Delivered
POI00006440,PO0003120,MAT00059,24,96.05,2305.2,Delivered
POI00006441,PO0003121,MAT00203,10,68.54,685.4,Delivered
POI00006442,PO0003122,MAT00177,30,271.66,8149.8,Delivered
POI00006443,PO0003122,MAT00193,7,88.65,620.55,Delivered
POI00006444,PO0003123,MAT00098,5,375.04,1875.2,Delivered
POI00006445,PO0003123,MAT00086,26,81.67,2123.42,Delivered
POI00006446,PO0003123,MAT00087,10,348.37,3483.7,Delivered
POI00006447,PO0003123,MAT00081,111,99.95,11094.45,Delivered
POI00006448,PO0003124,MAT00195,24,160.36,3848.64,Delivered
POI00006449,PO0003125,MAT00298,13,35.61,462.93,Delivered
POI00006450,PO0003125,MAT00266,8,514.6,4116.8,Delivered
POI00006451,PO0003125,MAT00258,20,112.47,2249.4,Delivered
POI00006452,PO0003125,MAT00283,33,49.14,1621.62,Delivered
POI00006453,PO0003126,MAT00206,5,722.6,3613.0,Delivered
POI00006454,PO0003127,MAT00275,10,286.37,2863.7,Delivered
POI00006455,PO0003127,MAT00252,179,803.7,143862.3,Delivered
POI00006456,PO0003128,MAT00230,43,443.7,19079.1,Delivered
POI00006457,PO0003129,MAT00096,50,317.29,15864.5,Cancelled
POI00006458,PO0003129,MAT00095,39,30.12,1174.68,Delivered
POI00006459,PO0003130,MAT00201,10,147.35,1473.5,Delivered
POI00006460,PO0003130,MAT00201,103,166.38,17137.14,Delivered
POI00006461,PO0003131,MAT00020,9,434.25,3908.25,Delivered
POI00006462,PO0003132,MAT00090,118,249.31,29418.58,Partially Delivered
POI00006463,PO0003132,MAT00094,91,122.03,11104.73,Partially Delivered
POI00006464,PO0003133,MAT00007,22,795.13,17492.86,Partially Delivered
POI00006465,PO0003134,MAT00101,9,49.01,441.09,Delivered
POI00006466,PO0003134,MAT00116,2,432.98,865.96,Delivered
POI00006467,PO0003135,MAT00226,36,49.02,1764.72,Delivered
POI00006468,PO0003135,MAT00232,63,69.28,4364.64,Delivered
POI00006469,PO0003135,MAT00238,141,155.32,21900.12,Delivered
POI00006470,PO0003136,MAT00171,10,433.1,4331.0,Delivered
POI00006471,PO0003137,MAT00037,15,442.07,6631.05,Delivered
POI00006472,PO0003137,MAT00033,15,93.18,1397.7,Delivered
POI00006473,PO0003138,MAT00002,91,125.45,11415.95,Delivered
POI00006474,PO0003139,MAT00226,10,51.69,516.9,Delivered
POI00006475,PO0003140,MAT00183,21,15.13,317.73,Delivered
POI00006476,PO0003141,MAT00274,3,279.83,839.49,Delivered
POI00006477,PO0003141,MAT00273,83,513.98,42660.34,Delivered
POI00006478,PO0003141,MAT00270,6,490.38,2942.28,Delivered
POI00006479,PO0003142,MAT00134,6,65.47,392.82,Delivered
POI00006480,PO0003143,MAT00178,43,1152.62,49562.66,Delivered
POI00006481,PO0003143,MAT00182,16,58.14,930.24,Delivered
POI00006482,PO0003144,MAT00064,41,138.02,5658.82,Delivered
POI00006483,PO0003145,MAT00022,5,100.3,501.5,Delivered
POI00006484,PO0003146,MAT00186,5,287.36,1436.8,Delivered
POI00006485,PO0003147,MAT00033,50,106.72,5336.0,Pending
POI00006486,PO0003148,MAT00139,21,152.07,3193.47,Partially Delivered
POI00006487,PO0003148,MAT00148,34,72.6,2468.4,Pending
POI00006488,PO0003149,MAT00164,13,109.44,1422.72,Partially Delivered
POI00006489,PO0003150,MAT00023,14,636.95,8917.3,Pending
POI00006490,PO0003151,MAT00283,42,54.93,2307.06,Delivered
POI00006491,PO0003152,MAT00021,34,85.82,2917.88,Partially Delivered
POI00006492,PO0003152,MAT00007,10,777.02,7770.2,Cancelled
POI00006493,PO0003152,MAT00001,17,62.55,1063.35,Pending
POI00006494,PO0003153,MAT00117,25,155.67,3891.75,Delivered
POI00006495,PO0003153,MAT00101,31,55.74,1727.94,Delivered
POI00006496,PO0003154,MAT00275,1,272.63,272.63,Delivered
POI00006497,PO0003155,MAT00004,1,207.17,207.17,Delivered
POI00006498,PO0003155,MAT00004,12,220.38,2644.56,Delivered
POI00006499,PO0003156,MAT00075,5,117.26,586.3,Partially Delivered
POI00006500,PO0003157,MAT00256,21,155.28,3260.88,Delivered
POI00006501,PO0003157,MAT00263,7,452.78,3169.46,Delivered
POI00006502,PO0003157,MAT00273,56,484.25,27118.0,Delivered
POI00006503,PO0003157,MAT00270,90,535.31,48177.9,Delivered
POI00006504,PO0003158,MAT00254,63,447.28,28178.64,Delivered
POI00006505,PO0003158,MAT00260,30,310.75,9322.5,Delivered
POI00006506,PO0003158,MAT00251,7,147.9,1035.3,Delivered
POI00006507,PO0003159,MAT00160,26,585.51,15223.26,Partially Delivered
POI00006508,PO0003159,MAT00156,15,181.77,2726.55,Pending
POI00006509,PO0003160,MAT00013,13,111.2,1445.6,Delivered
POI00006510,PO0003161,MAT00083,16,63.47,1015.52,Delivered
POI00006511,PO0003161,MAT00090,24,238.2,5716.8,Delivered
POI00006512,PO0003161,MAT00080,60,185.99,11159.4,Delivered
POI00006513,PO0003162,MAT00181,40,171.25,6850.0,Partially Delivered
POI00006514,PO0003162,MAT00181,38,178.81,6794.78,Delivered
POI00006515,PO0003162,MAT00181,44,191.06,8406.64,Pending
POI00006516,PO0003163,MAT00279,7,367.58,2573.06,Partially Delivered
POI00006517,PO0003164,MAT00236,118,162.04,19120.72,Partially Delivered
POI00006518,PO0003164,MAT00233,18,216.28,3893.04,Pending
POI00006519,PO0003164,MAT00228,4,69.82,279.28,Pending
POI00006520,PO0003165,MAT00088,13,1216.68,15816.84,Delivered
POI00006521,PO0003166,MAT00121,12,1571.65,18859.8,Delivered
POI00006522,PO0003166,MAT00102,32,284.33,9098.56,Delivered
POI00006523,PO0003167,MAT00298,16,30.93,494.88,Partially Delivered
POI00006524,PO0003168,MAT00043,36,299.53,10783.08,Delivered
POI00006525,PO0003168,MAT00043,16,283.64,4538.24,Delivered
POI00006526,PO0003169,MAT00223,6,262.83,1576.98,Partially Delivered
POI00006527,PO0003170,MAT00064,27,140.81,3801.87,Delivered
POI00006528,PO0003170,MAT00057,11,152.83,1681.13,Delivered
POI00006529,PO0003170,MAT00062,6,78.59,471.54,Partially Delivered
POI00006530,PO0003171,MAT00091,39,256.25,9993.75,Delivered
POI00006531,PO0003172,MAT00089,13,557.73,7250.49,Delivered
POI00006532,PO0003172,MAT00089,15,534.96,8024.4,Delivered
POI00006533,PO0003173,MAT00199,157,488.25,76655.25,Delivered
POI00006534,PO0003173,MAT00184,12,497.68,5972.16,Delivered
POI00006535,PO0003174,MAT00273,54,466.08,25168.32,Delivered
POI00006536,PO0003174,MAT00270,29,497.06,14414.74,Delivered
POI00006537,PO0003174,MAT00256,8,189.62,1516.96,Delivered
POI00006538,PO0003175,MAT00051,19,66.91,1271.29,Pending
POI00006539,PO0003175,MAT00052,28,670.62,18777.36,Partially Delivered
POI00006540,PO0003175,MAT00058,24,53.66,1287.84,Delivered
POI00006541,PO0003176,MAT00191,85,771.58,65584.3,Delivered
POI00006542,PO0003176,MAT00191,4,967.79,3871.16,Delivered
POI00006543,PO0003177,MAT00211,9,302.81,2725.29,Delivered
POI00006544,PO0003177,MAT00214,7,746.36,5224.52,Delivered
POI00006545,PO0003177,MAT00225,21,513.28,10778.88,Delivered
POI00006546,PO0003178,MAT00085,33,601.98,19865.34,Delivered
POI00006547,PO0003178,MAT00078,4,96.8,387.2,Delivered
POI00006548,PO0003179,MAT00044,32,546.94,17502.08,Partially Delivered
POI00006549,PO0003180,MAT00233,48,249.55,11978.4,Delivered
POI00006550,PO0003181,MAT00158,22,1264.81,27825.82,Delivered
POI00006551,PO0003181,MAT00158,37,1182.68,43759.16,Delivered
POI00006552,PO0003182,MAT00080,103,169.67,17476.01,Delivered
POI00006553,PO0003182,MAT00066,3,139.34,418.02,Delivered
POI00006554,PO0003182,MAT00072,9,503.29,4529.61,Delivered
POI00006555,PO0003183,MAT00100,6,869.93,5219.58,Delivered
POI00006556,PO0003183,MAT00077,20,428.47,8569.4,Delivered
POI00006557,PO0003183,MAT00082,5,158.59,792.95,Delivered
POI00006558,PO0003184,MAT00221,13,133.97,1741.61,Delivered
POI00006559,PO0003185,MAT00097,29,633.08,18359.32,Partially Delivered
POI00006560,PO0003185,MAT00097,1,594.32,594.32,Partially Delivered
POI00006561,PO0003185,MAT00097,20,709.59,14191.8,Delivered
POI00006562,PO0003186,MAT00021,20,88.58,1771.6,Partially Delivered
POI00006563,PO0003186,MAT00001,26,59.26,1540.76,Pending
POI00006564,PO0003186,MAT00021,4,88.97,355.88,Delivered
POI00006565,PO0003186,MAT00007,28,839.87,23516.36,Partially Delivered
POI00006566,PO0003187,MAT00119,51,165.08,8419.08,Delivered
POI00006567,PO0003188,MAT00223,127,264.44,33583.88,Pending
POI00006568,PO0003189,MAT00013,24,120.2,2884.8,Delivered
POI00006569,PO0003190,MAT00222,32,243.37,7787.84,Delivered
POI00006570,PO0003191,MAT00262,4,739.09,2956.36,Pending
POI00006571,PO0003191,MAT00262,14,754.12,10557.68,Pending
POI00006572,PO0003192,MAT00059,37,83.11,3075.07,Delivered
POI00006573,PO0003193,MAT00265,48,773.51,37128.48,Delivered
POI00006574,PO0003193,MAT00272,9,1087.64,9788.76,Delivered
POI00006575,PO0003193,MAT00258,26,99.56,2588.56,Delivered
POI00006576,PO0003194,MAT00060,16,147.3,2356.8,Cancelled
POI00006577,PO0003195,MAT00089,68,496.07,33732.76,Delivered
POI00006578,PO0003196,MAT00091,201,241.81,48603.81,Partially Delivered
POI00006579,PO0003196,MAT00079,75,649.09,48681.75,Pending
POI00006580,PO0003197,MAT00255,5,1321.0,6605.0,Delivered
POI00006581,PO0003197,MAT00259,17,221.01,3757.17,Delivered
POI00006582,PO0003197,MAT00264,11,678.86,7467.46,Delivered
POI00006583,PO0003198,MAT00140,6,97.28,583.68,Delivered
POI00006584,PO0003198,MAT00132,58,107.08,6210.64,Delivered
POI00006585,PO0003198,MAT00136,40,138.2,5528.0,Delivered
POI00006586,PO0003199,MAT00032,10,63.56,635.6,Partially Delivered
POI00006587,PO0003200,MAT00059,15,98.44,1476.6,Cancelled
POI00006588,PO0003200,MAT00059,25,101.04,2526.0,Pending
POI00006589,PO0003201,MAT00053,35,872.54,30538.9,Delivered
POI00006590,PO0003201,MAT00073,10,479.75,4797.5,Delivered
POI00006591,PO0003202,MAT00111,138,85.54,11804.52,Delivered
POI00006592,PO0003202,MAT00111,17,74.91,1273.47,Delivered
POI00006593,PO0003202,MAT00111,63,73.41,4624.83,Delivered
POI00006594,PO0003202,MAT00111,63,73.09,4604.67,Delivered
POI00006595,PO0003203,MAT00107,11,739.84,8138.24,Delivered
POI00006596,PO0003203,MAT00121,13,1783.59,23186.67,Pending
POI00006597,PO0003203,MAT00106,6,127.16,762.96,Delivered
POI00006598,PO0003204,MAT00084,22,196.29,4318.38,Pending
POI00006599,PO0003204,MAT00082,41,145.83,5979.03,Pending
POI00006600,PO0003204,MAT00077,34,475.82,16177.88,Pending
POI00006601,PO0003204,MAT00100,15,1085.73,16285.95,Pending
POI00006602,PO0003205,MAT00079,3,673.35,2020.05,Delivered
POI00006603,PO0003205,MAT00076,25,67.77,1694.25,Delivered
POI00006604,PO0003206,MAT00066,5,137.64,688.2,Delivered
POI00006605,PO0003206,MAT00061,2,279.46,558.92,Delivered
POI00006606,PO0003206,MAT00054,9,584.18,5257.62,Delivered
POI00006607,PO0003206,MAT00061,33,255.6,8434.8,Delivered
POI00006608,PO0003207,MAT00113,23,1227.82,28239.86,Delivered
POI00006609,PO0003207,MAT00113,22,1268.98,27917.56,Delivered
POI00006610,PO0003207,MAT00113,20,1370.55,27411.0,Delivered
POI00006611,PO0003208,MAT00081,1,97.74,97.74,Partially Delivered
POI00006612,PO0003209,MAT00013,17,108.36,1842.12,Delivered
POI00006613,PO0003210,MAT00091,10,252.79,2527.9,Delivered
POI00006614,PO0003211,MAT00055,5,9.52,47.6,Delivered
POI00006615,PO0003211,MAT00064,13,120.76,1569.88,Delivered
POI00006616,PO0003211,MAT00069,28,251.34,7037.52,Delivered
POI00006617,PO0003212,MAT00093,24,622.54,14940.96,Pending
POI00006618,PO0003212,MAT00093,181,545.61,98755.41,Pending
POI00006619,PO0003212,MAT00093,167,581.48,97107.16,Delivered
POI00006620,PO0003213,MAT00037,5,416.19,2080.95,Delivered
POI00006621,PO0003214,MAT00077,8,517.23,4137.84,Delivered
POI00006622,PO0003215,MAT00201,43,157.36,6766.48,Delivered
POI00006623,PO0003215,MAT00201,23,154.84,3561.32,Delivered
POI00006624,PO0003215,MAT00201,13,136.24,1771.12,Delivered
POI00006625,PO0003216,MAT00056,5,71.09,355.45,Delivered
POI00006626,PO0003217,MAT00023,31,525.09,16277.79,Delivered
POI00006627,PO0003217,MAT00005,13,297.45,3866.85,Partially Delivered
POI00006628,PO0003218,MAT00204,14,1496.95,20957.3,Delivered
POI00006629,PO0003219,MAT00081,101,119.21,12040.21,Pending
POI00006630,PO0003219,MAT00098,18,439.22,7905.96,Delivered
POI00006631,PO0003220,MAT00234,84,277.79,23334.36,Delivered
POI00006632,PO0003220,MAT00234,19,289.35,5497.65,Delivered
POI00006633,PO0003220,MAT00234,17,266.08,4523.36,Delivered
POI00006634,PO0003221,MAT00244,18,188.74,3397.32,Partially Delivered
POI00006635,PO0003222,MAT00193,9,86.69,780.21,Delivered
POI00006636,PO0003222,MAT00177,12,246.71,2960.52,Delivered
POI00006637,PO0003223,MAT00177,10,254.98,2549.8,Partially Delivered
POI00006638,PO0003223,MAT00193,8,90.71,725.68,Partially Delivered
POI00006639,PO0003224,MAT00255,30,1128.65,33859.5,Delivered
POI00006640,PO0003224,MAT00264,15,731.09,10966.35,Delivered
POI00006641,PO0003225,MAT00146,14,257.54,3605.56,Delivered
POI00006642,PO0003225,MAT00145,24,232.51,5580.24,Delivered
POI00006643,PO0003225,MAT00136,119,167.76,19963.44,Delivered
POI00006644,PO0003226,MAT00245,15,100.38,1505.7,Delivered
POI00006645,PO0003226,MAT00240,12,637.87,7654.44,Delivered
POI00006646,PO0003227,MAT00237,14,847.43,11864.02,Partially Delivered
POI00006647,PO0003227,MAT00237,7,778.78,5451.46,Delivered
POI00006648,PO0003227,MAT00237,26,880.59,22895.34,Delivered
POI00006649,PO0003228,MAT00221,3,145.89,437.67,Delivered
POI00006650,PO0003228,MAT00052,33,674.92,22272.36,Pending
POI00006651,PO0003228,MAT00040,27,186.52,5036.04,Pending
POI00006652,PO0003229,MAT00003,45,1688.92,76001.4,Delivered
POI00006653,PO0003230,MAT00184,73,543.92,39706.16,Cancelled
POI00006654,PO0003231,MAT00163,65,162.33,10551.45,Delivered
POI00006655,PO0003232,MAT00096,15,287.15,4307.25,Cancelled
POI00006656,PO0003233,MAT00297,68,178.85,12161.8,Delivered
POI00006657,PO0003233,MAT00280,31,506.81,15711.11,Delivered
POI00006658,PO0003234,MAT00095,4,32.18,128.72,Delivered
POI00006659,PO0003235,MAT00261,9,3371.87,30346.83,Delivered
POI00006660,PO0003235,MAT00265,4,699.69,2798.76,Delivered
POI00006661,PO0003236,MAT00054,51,609.28,31073.28,Pending
POI00006662,PO0003237,MAT00262,53,680.19,36050.07,Delivered
POI00006663,PO0003237,MAT00262,45,665.95,29967.75,Delivered
POI00006664,PO0003238,MAT00182,69,51.94,3583.86,Delivered
POI00006665,PO0003238,MAT00178,135,1037.0,139995.0,Pending
POI00006666,PO0003239,MAT00007,3,749.3,2247.9,Pending
POI00006667,PO0003239,MAT00021,4,96.98,387.92,Delivered
POI00006668,PO0003239,MAT00007,11,779.61,8575.71,Delivered
POI00006669,PO0003239,MAT00007,5,760.33,3801.65,Partially Delivered
POI00006670,PO0003240,MAT00188,155,139.83,21673.65,Delivered
POI00006671,PO0003240,MAT00188,57,160.63,9155.91,Delivered
POI00006672,PO0003240,MAT00188,10,128.37,1283.7,Delivered
POI00006673,PO0003241,MAT00111,4,84.65,338.6,Delivered
POI00006674,PO0003242,MAT00234,17,270.69,4601.73,Delivered
POI00006675,PO0003242,MAT00234,26,269.91,7017.66,Delivered
POI00006676,PO0003242,MAT00234,7,262.11,1834.77,Delivered
POI00006677,PO0003243,MAT00045,12,282.59,3391.08,Delivered
POI00006678,PO0003243,MAT00030,40,225.05,9002.0,Delivered
POI00006679,PO0003243,MAT00032,54,69.06,3729.24,Delivered
POI00006680,PO0003244,MAT00219,6,95.72,574.32,Delivered
POI00006681,PO0003244,MAT00224,16,1583.0,25328.0,Delivered
POI00006682,PO0003245,MAT00268,103,179.64,18502.92,Delivered
POI00006683,PO0003246,MAT00069,16,271.81,4348.96,Delivered
POI00006684,PO0003246,MAT00055,13,8.96,116.48,Pending
POI00006685,PO0003246,MAT00057,1,169.61,169.61,Partially Delivered
POI00006686,PO0003247,MAT00053,28,957.18,26801.04,Delivered
POI00006687,PO0003247,MAT00071,30,191.5,5745.0,Delivered
POI00006688,PO0003247,MAT00070,9,148.05,1332.45,Delivered
POI00006689,PO0003247,MAT00073,164,474.3,77785.2,Delivered
POI00006690,PO0003248,MAT00254,75,435.5,32662.5,Delivered
POI00006691,PO0003248,MAT00268,9,188.59,1697.31,Delivered
POI00006692,PO0003248,MAT00251,4,136.29,545.16,Delivered
POI00006693,PO0003249,MAT00087,11,344.63,3790.93,Delivered
POI00006694,PO0003250,MAT00047,48,117.31,5630.88,Delivered
POI00006695,PO0003250,MAT00034,19,82.74,1572.06,Delivered
POI00006696,PO0003251,MAT00195,40,136.25,5450.0,Delivered
POI00006697,PO0003251,MAT00187,23,280.63,6454.49,Delivered
POI00006698,PO0003252,MAT00121,12,1936.06,23232.72,Delivered
POI00006699,PO0003252,MAT00112,3,468.81,1406.43,Delivered
POI00006700,PO0003252,MAT00106,32,116.93,3741.76,Delivered
POI00006701,PO0003252,MAT00102,65,240.46,15629.9,Delivered
POI00006702,PO0003253,MAT00245,11,85.88,944.68,Delivered
POI00006703,PO0003253,MAT00240,25,585.48,14637.0,Delivered
POI00006704,PO0003253,MAT00240,12,632.42,7589.04,Delivered
POI00006705,PO0003254,MAT00067,43,595.13,25590.59,Delivered
POI00006706,PO0003254,MAT00056,5,70.34,351.7,Delivered
POI00006707,PO0003255,MAT00094,5,108.16,540.8,Delivered
POI00006708,PO0003255,MAT00083,6,65.16,390.96,Delivered
POI00006709,PO0003256,MAT00292,66,138.34,9130.44,Delivered
POI00006710,PO0003257,MAT00171,54,491.94,26564.76,Delivered
POI00006711,PO0003257,MAT00170,37,68.85,2547.45,Delivered
POI00006712,PO0003257,MAT00163,11,160.41,1764.51,Delivered
POI00006713,PO0003257,MAT00166,51,168.88,8612.88,Delivered
POI00006714,PO0003258,MAT00257,7,469.5,3286.5,Partially Delivered
POI00006715,PO0003258,MAT00267,275,926.16,254694.0,Cancelled
POI00006716,PO0003259,MAT00150,2,194.4,388.8,Delivered
POI00006717,PO0003259,MAT00126,5,190.97,954.85,Pending
POI00006718,PO0003260,MAT00093,55,564.53,31049.15,Cancelled
POI00006719,PO0003261,MAT00283,66,50.02,3301.32,Delivered
POI00006720,PO0003262,MAT00154,9,148.24,1334.16,Pending
POI00006721,PO0003263,MAT00237,63,789.78,49756.14,Cancelled
POI00006722,PO0003264,MAT00152,48,290.34,13936.32,Delivered
POI00006723,PO0003265,MAT00033,17,113.07,1922.19,Partially Delivered
POI00006724,PO0003265,MAT00028,5,101.49,507.45,Pending
POI00006725,PO0003265,MAT00031,41,149.41,6125.81,Pending
POI00006726,PO0003265,MAT00037,39,429.64,16755.96,Pending
POI00006727,PO0003266,MAT00039,6,194.08,1164.48,Pending
POI00006728,PO0003266,MAT00039,32,200.03,6400.96,Partially Delivered
POI00006729,PO0003266,MAT00039,9,173.47,1561.23,Pending
POI00006730,PO0003267,MAT00206,4,742.04,2968.16,Delivered
POI00006731,PO0003267,MAT00140,10,90.32,903.2,Delivered
POI00006732,PO0003267,MAT00199,15,428.4,6426.0,Delivered
POI00006733,PO0003267,MAT00128,3,107.37,322.11,Delivered
POI00006734,PO0003268,MAT00205,13,157.26,2044.38,Delivered
POI00006735,PO0003268,MAT00223,28,231.86,6492.08,Delivered
POI00006736,PO0003269,MAT00009,25,501.39,12534.75,Delivered
POI00006737,PO0003269,MAT00023,3,514.79,1544.37,Delivered
POI00006738,PO0003269,MAT00005,19,281.38,5346.22,Delivered
POI00006739,PO0003270,MAT00217,7,119.86,839.02,Delivered
POI00006740,PO0003270,MAT00217,8,138.64,1109.12,Partially Delivered
POI00006741,PO0003270,MAT00217,16,142.65,2282.4,Pending
POI00006742,PO0003270,MAT00217,8,150.87,1206.96,Pending
POI00006743,PO0003271,MAT00262,1,702.59,702.59,Delivered
POI00006744,PO0003271,MAT00262,5,703.78,3518.9,Delivered
POI00006745,PO0003272,MAT00001,28,65.23,1826.44,Delivered
POI00006746,PO0003272,MAT00147,10,695.13,6951.3,Delivered
POI00006747,PO0003273,MAT00060,54,153.68,8298.72,Delivered
POI00006748,PO0003273,MAT00052,19,721.92,13716.48,Delivered
POI00006749,PO0003273,MAT00058,44,63.95,2813.8,Delivered
POI00006750,PO0003274,MAT00269,3,325.48,976.44,Delivered
POI00006751,PO0003274,MAT00257,5,503.5,2517.5,Pending
POI00006752,PO0003274,MAT00266,51,442.11,22547.61,Cancelled
POI00006753,PO0003275,MAT00252,101,834.51,84285.51,Pending
POI00006754,PO0003275,MAT00229,453,449.49,203618.97,Delivered
POI00006755,PO0003276,MAT00232,30,64.89,1946.7,Delivered
POI00006756,PO0003276,MAT00226,24,55.03,1320.72,Delivered
POI00006757,PO0003277,MAT00251,36,144.09,5187.24,Pending
POI00006758,PO0003277,MAT00254,32,504.66,16149.12,Delivered
POI00006759,PO0003278,MAT00151,41,243.33,9976.53,Pending
POI00006760,PO0003278,MAT00155,42,584.66,24555.72,Delivered
POI00006761,PO0003278,MAT00161,23,309.73,7123.79,Cancelled
POI00006762,PO0003279,MAT00183,11,18.49,203.39,Pending
POI00006763,PO0003279,MAT00184,31,518.31,16067.61,Cancelled
POI00006764,PO0003280,MAT00196,7,543.05,3801.35,Delivered
POI00006765,PO0003280,MAT00176,27,134.99,3644.73,Delivered
POI00006766,PO0003280,MAT00190,9,1064.35,9579.15,Delivered
POI00006767,PO0003280,MAT00197,17,454.41,7724.97,Delivered
POI00006768,PO0003281,MAT00086,14,85.07,1190.98,Pending
POI00006769,PO0003282,MAT00053,22,903.93,19886.46,Delivered
POI00006770,PO0003283,MAT00147,6,743.7,4462.2,Pending
POI00006771,PO0003283,MAT00138,77,242.17,18647.09,Delivered
POI00006772,PO0003284,MAT00237,75,943.87,70790.25,Delivered
POI00006773,PO0003284,MAT00231,7,344.33,2410.31,Delivered
POI00006774,PO0003285,MAT00063,159,236.35,37579.65,Delivered
POI00006775,PO0003285,MAT00074,20,211.96,4239.2,Delivered
POI00006776,PO0003285,MAT00068,21,156.08,3277.68,Delivered
POI00006777,PO0003285,MAT00072,26,532.83,13853.58,Delivered
POI00006778,PO0003286,MAT00249,61,316.7,19318.7,Delivered
POI00006779,PO0003286,MAT00272,4,1206.5,4826.0,Delivered
POI00006780,PO0003286,MAT00148,113,72.39,8180.07,Delivered
POI00006781,PO0003286,MAT00151,4,288.78,1155.12,Delivered
POI00006782,PO0003287,MAT00096,21,281.88,5919.48,Pending
POI00006783,PO0003287,MAT00095,4,29.95,119.8,Delivered
POI00006784,PO0003288,MAT00210,35,345.6,12096.0,Delivered
POI00006785,PO0003288,MAT00210,23,343.54,7901.42,Delivered
POI00006786,PO0003288,MAT00210,15,349.36,5240.4,Delivered
POI00006787,PO0003289,MAT00245,6,85.7,514.2,Pending
POI00006788,PO0003290,MAT00264,1,689.48,689.48,Delivered
POI00006789,PO0003290,MAT00259,13,224.27,2915.51,Delivered
POI00006790,PO0003290,MAT00259,108,259.39,28014.12,Delivered
POI00006791,PO0003290,MAT00259,33,221.24,7300.92,Delivered
POI00006792,PO0003291,MAT00244,15,188.38,2825.7,Delivered
POI00006793,PO0003291,MAT00249,77,284.51,21907.27,Delivered
POI00006794,PO0003292,MAT00092,24,671.01,16104.24,Partially Delivered
POI00006795,PO0003293,MAT00111,42,71.5,3003.0,Delivered
POI00006796,PO0003293,MAT00111,23,68.69,1579.87,Delivered
POI00006797,PO0003294,MAT00087,33,387.91,12801.03,Delivered
POI00006798,PO0003295,MAT00027,30,195.7,5871.0,Pending
POI00006799,PO0003296,MAT00057,63,159.37,10040.31,Delivered
POI00006800,PO0003297,MAT00077,10,480.51,4805.1,Delivered
POI00006801,PO0003297,MAT00100,19,952.05,18088.95,Delivered
POI00006802,PO0003298,MAT00236,24,184.92,4438.08,Delivered
POI00006803,PO0003298,MAT00228,8,68.13,545.04,Pending
POI00006804,PO0003298,MAT00243,49,1191.95,58405.55,Pending
POI00006805,PO0003299,MAT00231,7,385.9,2701.3,Delivered
POI00006806,PO0003299,MAT00237,5,892.86,4464.3,Delivered
POI00006807,PO0003300,MAT00248,31,550.66,17070.46,Delivered
POI00006808,PO0003301,MAT00201,7,139.42,975.94,Delivered
POI00006809,PO0003302,MAT00251,87,133.06,11576.22,Delivered
POI00006810,PO0003302,MAT00254,18,524.31,9437.58,Delivered
POI00006811,PO0003302,MAT00268,27,163.62,4417.74,Delivered
POI00006812,PO0003302,MAT00260,14,298.18,4174.52,Delivered
POI00006813,PO0003303,MAT00047,7,126.42,884.94,Delivered
POI00006814,PO0003304,MAT00189,28,132.31,3704.68,Pending
POI00006815,PO0003305,MAT00179,27,99.06,2674.62,Cancelled
POI00006816,PO0003305,MAT00192,51,158.01,8058.51,Partially Delivered
POI00006817,PO0003305,MAT00185,17,171.66,2918.22,Pending
POI00006818,PO0003306,MAT00002,54,124.82,6740.28,Cancelled
POI00006819,PO0003306,MAT00002,11,109.51,1204.61,Pending
POI00006820,PO0003306,MAT00019,143,352.69,50434.67,Delivered
POI00006821,PO0003306,MAT00019,37,358.51,13264.87,Partially Delivered
POI00006822,PO0003307,MAT00183,14,15.85,221.9,Delivered
POI00006823,PO0003308,MAT00229,9,426.78,3841.02,Pending
POI00006824,PO0003309,MAT00182,8,56.72,453.76,Delivered
POI00006825,PO0003309,MAT00178,44,1094.99,48179.56,Delivered
POI00006826,PO0003310,MAT00235,103,309.16,31843.48,Pending
POI00006827,PO0003310,MAT00242,22,195.24,4295.28,Partially Delivered
POI00006828,PO0003311,MAT00053,125,875.8,109475.0,Delivered
POI00006829,PO0003312,MAT00097,34,706.39,24017.26,Cancelled
POI00006830,PO0003313,MAT00276,38,55.85,2122.3,Delivered
POI00006831,PO0003313,MAT00284,11,337.89,3716.79,Delivered
POI00006832,PO0003314,MAT00188,20,137.99,2759.8,Partially Delivered
POI00006833,PO0003314,MAT00194,9,968.15,8713.35,Pending
POI00006834,PO0003315,MAT00181,13,185.2,2407.6,Delivered
POI00006835,PO0003315,MAT00180,50,271.22,13561.0,Delivered
POI00006836,PO0003315,MAT00181,23,199.72,4593.56,Delivered
POI00006837,PO0003315,MAT00181,120,200.24,24028.8,Delivered
POI00006838,PO0003316,MAT00101,5,47.42,237.1,Delivered
POI00006839,PO0003317,MAT00216,38,112.54,4276.52,Pending
POI00006840,PO0003317,MAT00212,34,40.68,1383.12,Cancelled
POI00006841,PO0003318,MAT00062,36,73.85,2658.6,Pending
POI00006842,PO0003318,MAT00057,126,166.25,20947.5,Pending
POI00006843,PO0003319,MAT00092,19,644.07,12237.33,Delivered
POI00006844,PO0003320,MAT00155,34,630.02,21420.68,Delivered
POI00006845,PO0003321,MAT00067,16,558.81,8940.96,Delivered
POI00006846,PO0003321,MAT00056,57,72.87,4153.59,Delivered
POI00006847,PO0003322,MAT00080,10,197.37,1973.7,Delivered
POI00006848,PO0003322,MAT00182,32,61.47,1967.04,Delivered
POI00006849,PO0003323,MAT00203,17,71.13,1209.21,Delivered
POI00006850,PO0003323,MAT00204,9,1409.23,12683.07,Delivered
POI00006851,PO0003323,MAT00213,8,318.46,2547.68,Delivered
POI00006852,PO0003324,MAT00095,26,27.97,727.22,Delivered
POI00006853,PO0003324,MAT00115,20,30.67,613.4,Delivered
POI00006854,PO0003325,MAT00027,39,206.08,8037.12,Delivered
POI00006855,PO0003325,MAT00026,3,538.28,1614.84,Partially Delivered
POI00006856,PO0003326,MAT00022,3,115.27,345.81,Delivered
POI00006857,PO0003327,MAT00247,11,615.68,6772.48,Delivered
POI00006858,PO0003327,MAT00240,29,593.92,17223.68,Delivered
POI00006859,PO0003327,MAT00068,45,134.13,6035.85,Delivered
POI00006860,PO0003328,MAT00267,22,928.59,20428.98,Delivered
POI00006861,PO0003328,MAT00269,62,333.97,20706.14,Delivered
POI00006862,PO0003329,MAT00123,14,417.8,5849.2,Delivered
POI00006863,PO0003329,MAT00122,3,334.08,1002.24,Delivered
POI00006864,PO0003329,MAT00120,13,91.44,1188.72,Pending
POI00006865,PO0003329,MAT00114,40,258.2,10328.0,Delivered
POI00006866,PO0003330,MAT00119,8,138.44,1107.52,Delivered
POI00006867,PO0003330,MAT00119,21,142.22,2986.62,Delivered
POI00006868,PO0003331,MAT00127,42,5062.86,212640.12,Delivered
POI00006869,PO0003332,MAT00163,5,154.37,771.85,Pending
POI00006870,PO0003332,MAT00170,8,74.3,594.4,Pending
POI00006871,PO0003333,MAT00111,6,73.73,442.38,Delivered
POI00006872,PO0003333,MAT00111,72,75.27,5419.44,Delivered
POI00006873,PO0003334,MAT00201,7,151.55,1060.85,Pending
POI00006874,PO0003335,MAT00119,33,134.46,4437.18,Pending
POI00006875,PO0003335,MAT00119,17,151.39,2573.63,Pending
POI00006876,PO0003336,MAT00042,17,53.45,908.65,Delivered
POI00006877,PO0003337,MAT00246,2,281.65,563.3,Delivered
POI00006878,PO0003338,MAT00088,22,1184.6,26061.2,Delivered
POI00006879,PO0003338,MAT00088,3,1104.74,3314.22,Delivered
POI00006880,PO0003338,MAT00088,59,1043.32,61555.88,Delivered
POI00006881,PO0003339,MAT00176,29,166.89,4839.81,Delivered
POI00006882,PO0003339,MAT00011,6,50.85,305.1,Delivered
POI00006883,PO0003339,MAT00069,4,243.34,973.36,Delivered
POI00006884,PO0003340,MAT00287,71,397.37,28213.27,Delivered
POI00006885,PO0003340,MAT00286,19,785.92,14932.48,Delivered
POI00006886,PO0003340,MAT00290,15,1496.7,22450.5,Delivered
POI00006887,PO0003340,MAT00278,16,1568.7,25099.2,Partially Delivered
POI00006888,PO0003341,MAT00094,21,98.26,2063.46,Delivered
POI00006889,PO0003341,MAT00090,4,233.83,935.32,Delivered
POI00006890,PO0003342,MAT00186,34,280.93,9551.62,Delivered
POI00006891,PO0003342,MAT00186,19,251.78,4783.82,Delivered
POI00006892,PO0003342,MAT00186,77,263.89,20319.53,Delivered
POI00006893,PO0003343,MAT00224,42,1467.41,61631.22,Delivered
POI00006894,PO0003343,MAT00224,7,1616.62,11316.34,Delivered
POI00006895,PO0003343,MAT00219,12,103.39,1240.68,Delivered
POI00006896,PO0003343,MAT00224,24,1421.24,34109.76,Delivered
POI00006897,PO0003344,MAT00037,14,401.99,5627.86,Delivered
POI00006898,PO0003344,MAT00028,56,117.05,6554.8,Delivered
POI00006899,PO0003344,MAT00031,33,167.9,5540.7,Delivered
POI00006900,PO0003345,MAT00224,7,1400.31,9802.17,Delivered
POI00006901,PO0003346,MAT00111,14,71.69,1003.66,Pending
POI00006902,PO0003346,MAT00111,3,68.64,205.92,Cancelled
POI00006903,PO0003346,MAT00111,16,72.46,1159.36,Delivered
POI00006904,PO0003346,MAT00111,3,71.46,214.38,Cancelled
POI00006905,PO0003347,MAT00174,31,286.38,8877.78,Delivered
POI00006906,PO0003348,MAT00297,40,220.46,8818.4,Delivered
POI00006907,PO0003348,MAT00280,15,525.58,7883.7,Delivered
POI00006908,PO0003348,MAT00293,5,149.37,746.85,Delivered
POI00006909,PO0003348,MAT00280,10,517.84,5178.4,Delivered
POI00006910,PO0003349,MAT00178,30,1192.04,35761.2,Pending
POI00006911,PO0003349,MAT00182,16,60.11,961.76,Pending
POI00006912,PO0003350,MAT00002,29,104.42,3028.18,Pending
POI00006913,PO0003351,MAT00182,59,49.08,2895.72,Delivered
POI00006914,PO0003351,MAT00178,17,1117.8,19002.6,Delivered
POI00006915,PO0003352,MAT00245,26,81.62,2122.12,Delivered
POI00006916,PO0003353,MAT00109,45,528.11,23764.95,Delivered
POI00006917,PO0003354,MAT00230,117,374.37,43801.29,Delivered
POI00006918,PO0003354,MAT00230,60,408.07,24484.2,Delivered
POI00006919,PO0003354,MAT00230,9,376.81,3391.29,Delivered
POI00006920,PO0003355,MAT00084,25,202.82,5070.5,Delivered
POI00006921,PO0003355,MAT00082,18,150.53,2709.54,Delivered
POI00006922,PO0003355,MAT00100,25,1062.28,26557.0,Delivered
POI00006923,PO0003356,MAT00140,10,94.26,942.6,Delivered
POI00006924,PO0003356,MAT00204,30,1416.27,42488.1,Delivered
POI00006925,PO0003357,MAT00059,16,98.9,1582.4,Delivered
POI00006926,PO0003357,MAT00059,8,98.89,791.12,Delivered
POI00006927,PO0003358,MAT00173,23,308.78,7101.94,Delivered
POI00006928,PO0003358,MAT00159,47,542.29,25487.63,Delivered
POI00006929,PO0003358,MAT00168,12,103.01,1236.12,Delivered
POI00006930,PO0003358,MAT00154,46,146.31,6730.26,Delivered
POI00006931,PO0003359,MAT00217,17,150.87,2564.79,Delivered
POI00006932,PO0003359,MAT00217,49,147.83,7243.67,Partially Delivered
POI00006933,PO0003360,MAT00253,35,108.61,3801.35,Cancelled
POI00006934,PO0003360,MAT00261,31,3488.32,108137.92,Cancelled
POI00006935,PO0003360,MAT00258,30,109.4,3282.0,Partially Delivered
POI00006936,PO0003360,MAT00272,2,1111.48,2222.96,Pending
POI00006937,PO0003361,MAT00189,6,115.09,690.54,Delivered
POI00006938,PO0003361,MAT00189,16,130.26,2084.16,Delivered
POI00006939,PO0003362,MAT00239,6,732.85,4397.1,Delivered
POI00006940,PO0003363,MAT00185,38,181.02,6878.76,Pending
POI00006941,PO0003363,MAT00179,26,98.86,2570.36,Delivered
POI00006942,PO0003364,MAT00019,41,325.12,13329.92,Partially Delivered
POI00006943,PO0003365,MAT00050,70,145.01,10150.7,Delivered
POI00006944,PO0003365,MAT00032,13,78.08,1015.04,Delivered
POI00006945,PO0003366,MAT00150,21,189.45,3978.45,Partially Delivered
POI00006946,PO0003366,MAT00129,7,114.32,800.24,Pending
POI00006947,PO0003367,MAT00145,7,246.87,1728.09,Delivered
POI00006948,PO0003368,MAT00175,3,1754.1,5262.3,Delivered
POI00006949,PO0003368,MAT00161,3,362.73,1088.19,Delivered
POI00006950,PO0003369,MAT00191,41,871.32,35724.12,Pending
POI00006951,PO0003369,MAT00191,14,905.47,12676.58,Pending
POI00006952,PO0003369,MAT00191,5,950.72,4753.6,Delivered
POI00006953,PO0003370,MAT00093,7,598.36,4188.52,Delivered
POI00006954,PO0003371,MAT00237,10,834.87,8348.7,Delivered
POI00006955,PO0003371,MAT00231,26,395.21,10275.46,Delivered
POI00006956,PO0003372,MAT00283,26,50.7,1318.2,Delivered
POI00006957,PO0003372,MAT00296,13,77.47,1007.11,Delivered
POI00006958,PO0003373,MAT00286,4,784.71,3138.84,Pending
POI00006959,PO0003374,MAT00240,3,634.81,1904.43,Delivered
POI00006960,PO0003374,MAT00240,7,552.61,3868.27,Delivered
POI00006961,PO0003374,MAT00240,20,546.66,10933.2,Delivered
POI00006962,PO0003375,MAT00098,16,411.35,6581.6,Delivered
POI00006963,PO0003375,MAT00087,12,375.83,4509.96,Delivered
POI00006964,PO0003375,MAT00081,13,120.12,1561.56,Delivered
POI00006965,PO0003376,MAT00054,14,533.87,7474.18,Partially Delivered
POI00006966,PO0003376,MAT00061,21,298.72,6273.12,Partially Delivered
POI00006967,PO0003377,MAT00173,2,278.82,557.64,Delivered
POI00006968,PO0003377,MAT00065,6,145.92,875.52,Pending
POI00006969,PO0003377,MAT00296,51,83.2,4243.2,Partially Delivered
POI00006970,PO0003378,MAT00111,39,71.15,2774.85,Delivered
POI00006971,PO0003378,MAT00111,83,84.7,7030.1,Delivered
POI00006972,PO0003379,MAT00119,69,144.26,9953.94,Delivered
POI00006973,PO0003380,MAT00262,11,690.5,7595.5,Delivered
POI00006974,PO0003380,MAT00262,71,657.72,46698.12,Delivered
POI00006975,PO0003380,MAT00262,20,686.62,13732.4,Pending
POI00006976,PO0003381,MAT00238,39,168.76,6581.64,Delivered
POI00006977,PO0003382,MAT00177,79,247.15,19524.85,Delivered
POI00006978,PO0003383,MAT00300,22,424.46,9338.12,Delivered
POI00006979,PO0003383,MAT00277,39,1269.57,49513.23,Delivered
POI00006980,PO0003384,MAT00195,48,140.23,6731.04,Delivered
POI00006981,PO0003384,MAT00062,57,80.09,4565.13,Delivered
POI00006982,PO0003385,MAT00084,6,200.98,1205.88,Delivered
POI00006983,PO0003385,MAT00206,6,825.33,4951.98,Delivered
POI00006984,PO0003386,MAT00019,7,312.36,2186.52,Pending
POI00006985,PO0003386,MAT00002,12,112.09,1345.08,Cancelled
POI00006986,PO0003387,MAT00253,10,106.91,1069.1,Delivered
POI00006987,PO0003388,MAT00241,8,141.65,1133.2,Delivered
POI00006988,PO0003389,MAT00192,4,172.52,690.08,Pending
POI00006989,PO0003390,MAT00248,2,480.77,961.54,Delivered
POI00006990,PO0003390,MAT00234,34,279.45,9501.3,Delivered
POI00006991,PO0003391,MAT00248,23,433.9,9979.7,Delivered
POI00006992,PO0003391,MAT00234,246,233.29,57389.34,Delivered
POI00006993,PO0003392,MAT00087,19,337.24,6407.56,Delivered
POI00006994,PO0003392,MAT00086,6,84.29,505.74,Delivered
POI00006995,PO0003392,MAT00081,14,114.48,1602.72,Delivered
POI00006996,PO0003393,MAT00181,18,178.5,3213.0,Pending
POI00006997,PO0003393,MAT00180,67,287.34,19251.78,Pending
POI00006998,PO0003394,MAT00180,21,298.04,6258.84,Delivered
POI00006999,PO0003395,MAT00018,15,343.03,5145.45,Pending
POI00007000,PO0003395,MAT00008,6,97.22,583.32,Delivered
POI00007001,PO0003396,MAT00136,14,151.08,2115.12,Delivered
POI00007002,PO0003396,MAT00270,9,481.04,4329.36,Pending
POI00007003,PO0003396,MAT00070,6,125.98,755.88,Pending
POI00007004,PO0003397,MAT00111,123,77.97,9590.31,Delivered
POI00007005,PO0003397,MAT00111,57,71.24,4060.68,Cancelled
POI00007006,PO0003398,MAT00211,22,331.49,7292.78,Pending
POI00007007,PO0003398,MAT00214,16,743.6,11897.6,Pending
POI00007008,PO0003398,MAT00225,8,425.76,3406.08,Pending
POI00007009,PO0003398,MAT00202,128,59.18,7575.04,Delivered
POI00007010,PO0003399,MAT00051,4,68.01,272.04,Pending
POI00007011,PO0003400,MAT00248,11,507.16,5578.76,Delivered
POI00007012,PO0003400,MAT00234,13,258.29,3357.77,Delivered
POI00007013,PO0003401,MAT00004,48,235.46,11302.08,Pending
POI00007014,PO0003402,MAT00117,30,166.85,5005.5,Cancelled
POI00007015,PO0003402,MAT00101,45,48.22,2169.9,Partially Delivered
POI00007016,PO0003402,MAT00116,18,492.84,8871.12,Partially Delivered
POI00007017,PO0003403,MAT00237,3,831.2,2493.6,Pending
POI00007018,PO0003404,MAT00187,11,274.76,3022.36,Delivered
POI00007019,PO0003404,MAT00229,2,410.96,821.92,Delivered
POI00007020,PO0003405,MAT00113,3,1301.32,3903.96,Delivered
POI00007021,PO0003406,MAT00258,25,115.18,2879.5,Delivered
POI00007022,PO0003406,MAT00265,6,708.85,4253.1,Delivered
POI00007023,PO0003406,MAT00253,8,122.15,977.2,Delivered
POI00007024,PO0003407,MAT00134,17,59.11,1004.87,Pending
POI00007025,PO0003408,MAT00110,8,476.11,3808.88,Delivered
POI00007026,PO0003409,MAT00232,28,70.74,1980.72,Delivered
POI00007027,PO0003409,MAT00241,27,162.07,4375.89,Delivered
POI00007028,PO0003409,MAT00238,10,157.69,1576.9,Delivered
POI00007029,PO0003410,MAT00202,40,55.18,2207.2,Delivered
POI00007030,PO0003410,MAT00225,3,421.01,1263.03,Delivered
POI00007031,PO0003410,MAT00214,8,660.9,5287.2,Cancelled
POI00007032,PO0003411,MAT00210,11,354.05,3894.55,Delivered
POI00007033,PO0003412,MAT00031,36,148.73,5354.28,Delivered
POI00007034,PO0003413,MAT00072,22,506.42,11141.24,Delivered
POI00007035,PO0003414,MAT00044,26,512.97,13337.22,Delivered
POI00007036,PO0003414,MAT00039,51,204.31,10419.81,Pending
POI00007037,PO0003415,MAT00244,14,190.18,2662.52,Delivered
POI00007038,PO0003415,MAT00246,11,323.38,3557.18,Delivered
POI00007039,PO0003415,MAT00250,60,2697.28,161836.8,Pending
POI00007040,PO0003416,MAT00265,7,791.12,5537.84,Delivered
POI00007041,PO0003416,MAT00253,29,103.62,3004.98,Delivered
POI00007042,PO0003416,MAT00272,8,1085.47,8683.76,Delivered
POI00007043,PO0003417,MAT00093,23,600.99,13822.77,Partially Delivered
POI00007044,PO0003417,MAT00093,5,654.07,3270.35,Partially Delivered
POI00007045,PO0003418,MAT00066,8,121.6,972.8,Delivered
POI00007046,PO0003418,MAT00061,11,276.65,3043.15,Delivered
POI00007047,PO0003418,MAT00066,4,136.71,546.84,Delivered
POI00007048,PO0003418,MAT00054,2,593.03,1186.06,Delivered
POI00007049,PO0003419,MAT00188,11,129.77,1427.47,Delivered
POI00007050,PO0003420,MAT00062,64,65.35,4182.4,Delivered
POI00007051,PO0003420,MAT00057,29,159.24,4617.96,Delivered
POI00007052,PO0003420,MAT00069,49,216.77,10621.73,Delivered
POI00007053,PO0003420,MAT00055,73,10.1,737.3,Delivered
POI00007054,PO0003421,MAT00043,22,246.2,5416.4,Delivered
POI00007055,PO0003421,MAT00043,15,274.51,4117.65,Delivered
POI00007056,PO0003422,MAT00046,4,478.4,1913.6,Cancelled
POI00007057,PO0003422,MAT00038,27,831.06,22438.62,Partially Delivered
POI00007058,PO0003423,MAT00043,9,298.27,2684.43,Pending
POI00007059,PO0003423,MAT00043,14,281.67,3943.38,Delivered
POI00007060,PO0003424,MAT00186,20,290.46,5809.2,Delivered
POI00007061,PO0003425,MAT00245,29,92.54,2683.66,Delivered
POI00007062,PO0003426,MAT00021,32,103.16,3301.12,Delivered
POI00007063,PO0003427,MAT00002,34,107.74,3663.16,Pending
POI00007064,PO0003427,MAT00019,16,344.12,5505.92,Delivered
POI00007065,PO0003428,MAT00053,22,809.72,17813.84,Delivered
POI00007066,PO0003428,MAT00071,17,223.3,3796.1,Delivered
POI00007067,PO0003429,MAT00023,40,575.41,23016.4,Pending
POI00007068,PO0003429,MAT00005,21,256.29,5382.09,Delivered
POI00007069,PO0003429,MAT00009,13,396.19,5150.47,Pending
POI00007070,PO0003430,MAT00059,30,101.32,3039.6,Pending
POI00007071,PO0003431,MAT00141,64,42.75,2736.0,Delivered
POI00007072,PO0003431,MAT00145,40,252.51,10100.4,Delivered
POI00007073,PO0003431,MAT00146,19,251.8,4784.2,Delivered
POI00007074,PO0003432,MAT00255,56,1162.21,65083.76,Delivered
POI00007075,PO0003432,MAT00259,64,225.91,14458.24,Delivered
POI00007076,PO0003432,MAT00264,6,763.63,4581.78,Delivered
POI00007077,PO0003433,MAT00201,34,136.24,4632.16,Delivered
POI00007078,PO0003433,MAT00201,21,151.24,3176.04,Delivered
POI00007079,PO0003434,MAT00205,13,137.5,1787.5,Delivered
POI00007080,PO0003434,MAT00263,6,465.93,2795.58,Delivered
POI00007081,PO0003435,MAT00103,3,81.56,244.68,Pending
POI00007082,PO0003435,MAT00125,10,61.1,611.0,Pending
POI00007083,PO0003436,MAT00280,54,448.77,24233.58,Delivered
POI00007084,PO0003437,MAT00193,20,80.19,1603.8,Delivered
POI00007085,PO0003438,MAT00289,9,204.69,1842.21,Partially Delivered
POI00007086,PO0003438,MAT00294,18,527.36,9492.48,Delivered
POI00007087,PO0003438,MAT00284,48,357.55,17162.4,Pending
POI00007088,PO0003439,MAT00119,15,162.31,2434.65,Pending
POI00007089,PO0003440,MAT00084,18,225.32,4055.76,Delivered
POI00007090,PO0003440,MAT00082,67,135.5,9078.5,Delivered
POI00007091,PO0003440,MAT00077,1,482.5,482.5,Partially Delivered
POI00007092,PO0003441,MAT00045,1,290.05,290.05,Cancelled
POI00007093,PO0003441,MAT00050,21,128.8,2704.8,Cancelled
POI00007094,PO0003442,MAT00082,102,152.53,15558.06,Delivered
POI00007095,PO0003442,MAT00100,50,1080.77,54038.5,Delivered
POI00007096,PO0003442,MAT00084,125,205.5,25687.5,Delivered
POI00007097,PO0003443,MAT00065,7,154.96,1084.72,Delivered
POI00007098,PO0003443,MAT00075,30,104.17,3125.1,Delivered
POI00007099,PO0003444,MAT00132,46,110.57,5086.22,Pending
POI00007100,PO0003444,MAT00145,20,230.74,4614.8,Delivered
POI00007101,PO0003444,MAT00137,53,252.15,13363.95,Partially Delivered
POI00007102,PO0003445,MAT00194,30,913.23,27396.9,Pending
POI00007103,PO0003446,MAT00088,42,1073.82,45100.44,Delivered
POI00007104,PO0003446,MAT00097,17,666.86,11336.62,Delivered
POI00007105,PO0003447,MAT00291,5,274.29,1371.45,Delivered
POI00007106,PO0003447,MAT00289,20,232.85,4657.0,Delivered
POI00007107,PO0003448,MAT00113,106,1378.47,146117.82,Pending
POI00007108,PO0003449,MAT00206,39,739.98,28859.22,Delivered
POI00007109,PO0003450,MAT00262,16,690.2,11043.2,Pending
POI00007110,PO0003451,MAT00082,10,142.24,1422.4,Delivered
POI00007111,PO0003451,MAT00144,8,104.88,839.04,Delivered
POI00007112,PO0003451,MAT00046,9,454.73,4092.57,Pending
POI00007113,PO0003452,MAT00046,74,521.62,38599.88,Pending
POI00007114,PO0003452,MAT00208,38,46.72,1775.36,Cancelled
POI00007115,PO0003453,MAT00054,57,548.84,31283.88,Delivered
POI00007116,PO0003453,MAT00061,74,307.83,22779.42,Pending
POI00007117,PO0003454,MAT00181,6,182.84,1097.04,Delivered
POI00007118,PO0003454,MAT00180,56,264.93,14836.08,Delivered
POI00007119,PO0003455,MAT00283,9,59.02,531.18,Delivered
POI00007120,PO0003455,MAT00128,82,98.59,8084.38,Delivered
POI00007121,PO0003455,MAT00286,42,846.48,35552.16,Delivered
POI00007122,PO0003456,MAT00064,8,139.77,1118.16,Delivered
POI00007123,PO0003457,MAT00282,47,231.45,10878.15,Delivered
POI00007124,PO0003457,MAT00277,4,1139.72,4558.88,Delivered
POI00007125,PO0003457,MAT00300,107,488.61,52281.27,Delivered
POI00007126,PO0003457,MAT00283,21,58.02,1218.42,Delivered
POI00007127,PO0003458,MAT00145,55,257.01,14135.55,Delivered
POI00007128,PO0003458,MAT00140,19,89.32,1697.08,Delivered
POI00007129,PO0003459,MAT00281,187,75.75,14165.25,Delivered
POI00007130,PO0003460,MAT00065,17,152.76,2596.92,Delivered
POI00007131,PO0003460,MAT00075,46,123.43,5677.78,Delivered
POI00007132,PO0003461,MAT00131,23,237.29,5457.67,Delivered
POI00007133,PO0003462,MAT00294,14,539.98,7559.72,Delivered
POI00007134,PO0003462,MAT00228,42,64.94,2727.48,Delivered
POI00007135,PO0003463,MAT00117,14,152.42,2133.88,Delivered
POI00007136,PO0003463,MAT00101,4,49.27,197.08,Delivered
POI00007137,PO0003463,MAT00116,9,516.0,4644.0,Delivered
POI00007138,PO0003464,MAT00209,57,274.6,15652.2,Partially Delivered
POI00007139,PO0003464,MAT00220,19,337.72,6416.68,Delivered
POI00007140,PO0003465,MAT00280,8,545.52,4364.16,Delivered
POI00007141,PO0003465,MAT00297,36,190.61,6861.96,Delivered
POI00007142,PO0003466,MAT00063,7,223.63,1565.41,Delivered
POI00007143,PO0003466,MAT00072,14,565.54,7917.56,Delivered
POI00007144,PO0003466,MAT00068,16,156.56,2504.96,Delivered
POI00007145,PO0003467,MAT00153,5,163.46,817.3,Pending
POI00007146,PO0003468,MAT00088,5,1048.0,5240.0,Delivered
POI00007147,PO0003469,MAT00291,23,314.56,7234.88,Delivered
POI00007148,PO0003469,MAT00299,8,97.33,778.64,Delivered
POI00007149,PO0003470,MAT00161,14,335.91,4702.74,Delivered
POI00007150,PO0003471,MAT00201,54,163.35,8820.9,Delivered
POI00007151,PO0003472,MAT00097,101,667.42,67409.42,Delivered
POI00007152,PO0003472,MAT00088,4,1202.92,4811.68,Delivered
POI00007153,PO0003473,MAT00263,22,434.3,9554.6,Delivered
POI00007154,PO0003473,MAT00270,12,498.07,5976.84,Pending
POI00007155,PO0003473,MAT00273,213,415.84,88573.92,Cancelled
POI00007156,PO0003474,MAT00178,9,1104.01,9936.09,Delivered
POI00007157,PO0003475,MAT00064,106,136.16,14432.96,Delivered
POI00007158,PO0003475,MAT00069,9,226.14,2035.26,Delivered
POI00007159,PO0003475,MAT00055,19,9.55,181.45,Delivered
POI00007160,PO0003476,MAT00223,34,269.4,9159.6,Delivered
POI00007161,PO0003476,MAT00223,44,231.66,10193.04,Delivered
POI00007162,PO0003476,MAT00223,29,218.03,6322.87,Delivered
POI00007163,PO0003476,MAT00205,33,161.42,5326.86,Delivered
POI00007164,PO0003477,MAT00182,5,60.86,304.3,Cancelled
POI00007165,PO0003478,MAT00089,6,558.91,3353.46,Delivered
POI00007166,PO0003479,MAT00004,2,254.73,509.46,Pending
POI00007167,PO0003479,MAT00004,18,204.64,3683.52,Delivered
POI00007168,PO0003479,MAT00004,52,214.07,11131.64,Cancelled
POI00007169,PO0003480,MAT00253,17,111.97,1903.49,Cancelled
POI00007170,PO0003481,MAT00258,35,111.48,3901.8,Delivered
POI00007171,PO0003481,MAT00272,41,1240.32,50853.12,Delivered
POI00007172,PO0003481,MAT00265,3,799.43,2398.29,Delivered
POI00007173,PO0003482,MAT00297,26,192.17,4996.42,Pending
POI00007174,PO0003482,MAT00293,6,161.59,969.54,Cancelled
POI00007175,PO0003482,MAT00297,37,177.07,6551.59,Pending
POI00007176,PO0003482,MAT00297,46,184.21,8473.66,Pending
POI00007177,PO0003483,MAT00089,14,538.92,7544.88,Delivered
POI00007178,PO0003483,MAT00089,33,531.3,17532.9,Delivered
POI00007179,PO0003484,MAT00140,6,93.22,559.32,Delivered
POI00007180,PO0003485,MAT00170,6,72.81,436.86,Delivered
POI00007181,PO0003486,MAT00274,7,316.98,2218.86,Pending
POI00007182,PO0003487,MAT00217,14,144.59,2024.26,Delivered
POI00007183,PO0003487,MAT00217,17,146.6,2492.2,Partially Delivered
POI00007184,PO0003488,MAT00098,40,415.43,16617.2,Delivered
POI00007185,PO0003488,MAT00106,15,121.67,1825.05,Partially Delivered
POI00007186,PO0003489,MAT00031,63,142.74,8992.62,Delivered
POI00007187,PO0003490,MAT00192,18,189.8,3416.4,Delivered
POI00007188,PO0003490,MAT00185,1,170.99,170.99,Delivered
POI00007189,PO0003490,MAT00179,32,86.71,2774.72,Delivered
POI00007190,PO0003491,MAT00134,14,65.92,922.88,Partially Delivered
POI00007191,PO0003491,MAT00204,83,1287.35,106850.05,Pending
POI00007192,PO0003491,MAT00211,8,328.2,2625.6,Delivered
POI00007193,PO0003491,MAT00194,26,945.14,24573.64,Partially Delivered
POI00007194,PO0003492,MAT00145,6,245.22,1471.32,Cancelled
POI00007195,PO0003492,MAT00136,50,143.78,7189.0,Cancelled
POI00007196,PO0003492,MAT00141,25,46.36,1159.0,Pending
POI00007197,PO0003492,MAT00140,55,93.72,5154.6,Partially Delivered
POI00007198,PO0003493,MAT00050,19,126.53,2404.07,Delivered
POI00007199,PO0003494,MAT00063,25,228.15,5703.75,Delivered
POI00007200,PO0003494,MAT00271,11,198.37,2182.07,Delivered
POI00007201,PO0003495,MAT00040,17,204.91,3483.47,Delivered
POI00007202,PO0003495,MAT00047,24,128.06,3073.44,Delivered
POI00007203,PO0003495,MAT00034,16,89.24,1427.84,Delivered
POI00007204,PO0003496,MAT00007,15,760.6,11409.0,Delivered
POI00007205,PO0003496,MAT00001,12,57.51,690.12,Delivered
POI00007206,PO0003496,MAT00021,12,106.16,1273.92,Delivered
POI00007207,PO0003496,MAT00007,133,812.85,108109.05,Delivered
POI00007208,PO0003497,MAT00164,46,108.51,4991.46,Partially Delivered
POI00007209,PO0003497,MAT00154,23,144.93,3333.39,Cancelled
POI00007210,PO0003498,MAT00006,65,311.72,20261.8,Delivered
POI00007211,PO0003498,MAT00008,3,99.92,299.76,Partially Delivered
POI00007212,PO0003498,MAT00018,5,346.8,1734.0,Partially Delivered
POI00007213,PO0003499,MAT00023,4,522.39,2089.56,Delivered
POI00007214,PO0003500,MAT00094,23,105.49,2426.27,Delivered
POI00007215,PO0003500,MAT00083,21,52.94,1111.74,Delivered
POI00007216,PO0003500,MAT00090,34,247.79,8424.86,Delivered
POI00007217,PO0003501,MAT00251,13,134.94,1754.22,Delivered
POI00007218,PO0003501,MAT00110,12,557.61,6691.32,Delivered
POI00007219,PO0003502,MAT00182,9,50.63,455.67,Delivered
POI00007220,PO0003503,MAT00201,51,157.77,8046.27,Delivered
POI00007221,PO0003504,MAT00279,38,385.95,14666.1,Partially Delivered
POI00007222,PO0003504,MAT00114,10,230.3,2303.0,Pending
POI00007223,PO0003505,MAT00274,5,323.46,1617.3,Delivered
POI00007224,PO0003505,MAT00256,17,177.14,3011.38,Delivered
POI00007225,PO0003506,MAT00032,34,70.04,2381.36,Delivered
POI00007226,PO0003506,MAT00030,40,231.04,9241.6,Pending
POI00007227,PO0003507,MAT00237,22,963.02,21186.44,Delivered
POI00007228,PO0003507,MAT00231,9,338.45,3046.05,Delivered
POI00007229,PO0003508,MAT00182,2,51.97,103.94,Delivered
POI00007230,PO0003508,MAT00156,26,149.1,3876.6,Delivered
POI00007231,PO0003508,MAT00052,20,735.15,14703.0,Pending
POI00007232,PO0003509,MAT00189,25,110.62,2765.5,Delivered
POI00007233,PO0003510,MAT00145,41,247.34,10140.94,Pending
POI00007234,PO0003510,MAT00128,11,101.01,1111.11,Pending
POI00007235,PO0003510,MAT00146,76,232.32,17656.32,Pending
POI00007236,PO0003511,MAT00003,5,1580.44,7902.2,Delivered
POI00007237,PO0003512,MAT00203,36,66.98,2411.28,Delivered
POI00007238,PO0003512,MAT00204,47,1469.62,69072.14,Delivered
POI00007239,PO0003513,MAT00006,21,306.57,6437.97,Delivered
POI00007240,PO0003513,MAT00008,24,89.31,2143.44,Delivered
POI00007241,PO0003514,MAT00116,7,546.24,3823.68,Delivered
POI00007242,PO0003514,MAT00117,16,138.23,2211.68,Delivered
POI00007243,PO0003515,MAT00043,7,298.74,2091.18,Delivered
POI00007244,PO0003515,MAT00004,15,218.64,3279.6,Delivered
POI00007245,PO0003515,MAT00050,17,125.65,2136.05,Partially Delivered
POI00007246,PO0003516,MAT00110,103,525.15,54090.45,Delivered
POI00007247,PO0003517,MAT00088,3,1052.53,3157.59,Delivered
POI00007248,PO0003518,MAT00111,11,68.45,752.95,Cancelled
POI00007249,PO0003518,MAT00111,5,71.21,356.05,Delivered
POI00007250,PO0003518,MAT00111,4,72.4,289.6,Partially Delivered
POI00007251,PO0003518,MAT00111,7,74.91,524.37,Pending
POI00007252,PO0003519,MAT00023,3,630.66,1891.98,Delivered
POI00007253,PO0003519,MAT00005,6,256.22,1537.32,Delivered
POI00007254,PO0003519,MAT00009,12,429.72,5156.64,Delivered
POI00007255,PO0003520,MAT00198,14,863.75,12092.5,Delivered
POI00007256,PO0003520,MAT00195,42,138.69,5824.98,Partially Delivered
POI00007257,PO0003521,MAT00289,6,214.6,1287.6,Cancelled
POI00007258,PO0003521,MAT00189,15,108.97,1634.55,Pending
POI00007259,PO0003521,MAT00131,10,237.54,2375.4,Pending
POI00007260,PO0003522,MAT00210,12,366.23,4394.76,Delivered
POI00007261,PO0003522,MAT00210,25,327.11,8177.75,Delivered
POI00007262,PO0003522,MAT00210,22,326.02,7172.44,Delivered
POI00007263,PO0003522,MAT00210,7,327.83,2294.81,Delivered
POI00007264,PO0003523,MAT00013,6,116.34,698.04,Delivered
POI00007265,PO0003523,MAT00013,16,119.73,1915.68,Delivered
POI00007266,PO0003523,MAT00013,2,125.5,251.0,Delivered
POI00007267,PO0003524,MAT00240,68,586.84,39905.12,Pending
POI00007268,PO0003524,MAT00245,18,84.02,1512.36,Pending
POI00007269,PO0003525,MAT00118,17,651.63,11077.71,Delivered
POI00007270,PO0003525,MAT00104,21,404.2,8488.2,Delivered
POI00007271,PO0003526,MAT00197,17,490.02,8330.34,Delivered
POI00007272,PO0003527,MAT00034,10,80.81,808.1,Delivered
POI00007273,PO0003527,MAT00040,32,210.26,6728.32,Delivered
POI00007274,PO0003527,MAT00036,25,99.68,2492.0,Delivered
POI00007275,PO0003528,MAT00209,20,267.62,5352.4,Pending
POI00007276,PO0003528,MAT00220,4,315.0,1260.0,Pending
POI00007277,PO0003529,MAT00089,28,509.47,14265.16,Pending
POI00007278,PO0003529,MAT00089,9,531.54,4783.86,Cancelled
POI00007279,PO0003530,MAT00187,6,279.27,1675.62,Delivered
POI00007280,PO0003530,MAT00195,133,153.12,20364.96,Delivered
POI00007281,PO0003531,MAT00055,132,9.24,1219.68,Partially Delivered
POI00007282,PO0003532,MAT00193,23,79.32,1824.36,Partially Delivered
POI00007283,PO0003533,MAT00201,59,158.63,9359.17,Delivered
POI00007284,PO0003534,MAT00018,31,338.96,10507.76,Delivered
POI00007285,PO0003534,MAT00008,13,105.01,1365.13,Delivered
POI00007286,PO0003535,MAT00204,24,1335.45,32050.8,Delivered
POI00007287,PO0003535,MAT00058,10,57.46,574.6,Delivered
POI00007288,PO0003536,MAT00158,183,1265.98,231674.34,Pending
POI00007289,PO0003537,MAT00068,14,148.95,2085.3,Pending
POI00007290,PO0003537,MAT00072,7,510.13,3570.91,Delivered
POI00007291,PO0003538,MAT00227,50,235.98,11799.0,Delivered
POI00007292,PO0003538,MAT00241,9,138.41,1245.69,Delivered
POI00007293,PO0003539,MAT00247,19,744.42,14143.98,Delivered
POI00007294,PO0003540,MAT00071,2,183.51,367.02,Delivered
POI00007295,PO0003541,MAT00130,19,84.53,1606.07,Pending
POI00007296,PO0003541,MAT00145,240,222.3,53352.0,Partially Delivered
POI00007297,PO0003541,MAT00136,9,165.27,1487.43,Pending
POI00007298,PO0003542,MAT00111,31,77.18,2392.58,Delivered
POI00007299,PO0003543,MAT00269,96,316.63,30396.48,Delivered
POI00007300,PO0003543,MAT00266,50,531.15,26557.5,Delivered
POI00007301,PO0003543,MAT00257,12,465.9,5590.8,Delivered
POI00007302,PO0003544,MAT00032,22,70.31,1546.82,Cancelled
POI00007303,PO0003545,MAT00112,18,512.75,9229.5,Delivered
POI00007304,PO0003545,MAT00075,14,114.5,1603.0,Delivered
POI00007305,PO0003545,MAT00114,29,217.26,6300.54,Delivered
POI00007306,PO0003545,MAT00286,10,745.18,7451.8,Delivered
POI00007307,PO0003546,MAT00201,109,132.45,14437.05,Delivered
POI00007308,PO0003546,MAT00201,5,141.16,705.8,Delivered
POI00007309,PO0003546,MAT00201,13,131.47,1709.11,Delivered
POI00007310,PO0003547,MAT00193,15,84.6,1269.0,Pending
POI00007311,PO0003547,MAT00177,15,235.53,3532.95,Partially Delivered
POI00007312,PO0003548,MAT00013,94,115.63,10869.22,Delivered
POI00007313,PO0003548,MAT00016,64,557.56,35683.84,Delivered
POI00007314,PO0003548,MAT00016,7,489.87,3429.09,Delivered
POI00007315,PO0003549,MAT00235,11,259.63,2855.93,Delivered
POI00007316,PO0003550,MAT00019,20,355.59,7111.8,Delivered
POI00007317,PO0003550,MAT00002,63,114.65,7222.95,Delivered
POI00007318,PO0003551,MAT00044,3,450.52,1351.56,Delivered
POI00007319,PO0003552,MAT00004,8,217.33,1738.64,Delivered
POI00007320,PO0003552,MAT00004,33,213.94,7060.02,Delivered
POI00007321,PO0003553,MAT00021,8,90.9,727.2,Delivered
POI00007322,PO0003553,MAT00001,34,65.67,2232.78,Delivered
POI00007323,PO0003554,MAT00206,80,665.27,53221.6,Delivered
POI00007324,PO0003554,MAT00215,118,143.92,16982.56,Delivered
POI00007325,PO0003554,MAT00206,55,742.1,40815.5,Delivered
POI00007326,PO0003555,MAT00086,56,89.5,5012.0,Pending
POI00007327,PO0003555,MAT00098,7,459.72,3218.04,Cancelled
POI00007328,PO0003556,MAT00238,31,171.81,5326.11,Delivered
POI00007329,PO0003556,MAT00036,26,90.7,2358.2,Delivered
POI00007330,PO0003556,MAT00149,34,19.36,658.24,Delivered
POI00007331,PO0003557,MAT00156,36,183.6,6609.6,Delivered
POI00007332,PO0003558,MAT00195,155,147.32,22834.6,Pending
POI00007333,PO0003559,MAT00175,27,1594.66,43055.82,Delivered
POI00007334,PO0003559,MAT00297,2,201.13,402.26,Delivered
POI00007335,PO0003559,MAT00180,44,297.08,13071.52,Delivered
POI00007336,PO0003559,MAT00155,5,602.45,3012.25,Delivered
POI00007337,PO0003560,MAT00247,84,692.27,58150.68,Cancelled
POI00007338,PO0003560,MAT00239,22,759.25,16703.5,Delivered
POI00007339,PO0003561,MAT00209,11,317.45,3491.95,Delivered
POI00007340,PO0003561,MAT00220,64,284.03,18177.92,Partially Delivered
POI00007341,PO0003562,MAT00090,41,272.09,11155.69,Delivered
POI00007342,PO0003562,MAT00184,10,459.5,4595.0,Delivered
POI00007343,PO0003562,MAT00072,70,558.97,39127.9,Delivered
POI00007344,PO0003563,MAT00162,24,2684.52,64428.48,Delivered
POI00007345,PO0003563,MAT00172,38,87.03,3307.14,Delivered
POI00007346,PO0003563,MAT00169,13,413.1,5370.3,Delivered
POI00007347,PO0003564,MAT00224,41,1717.47,70416.27,Delivered
POI00007348,PO0003564,MAT00222,486,210.24,102176.64,Pending
POI00007349,PO0003565,MAT00121,7,1678.59,11750.13,Pending
POI00007350,PO0003565,MAT00107,27,803.25,21687.75,Delivered
POI00007351,PO0003565,MAT00102,5,280.51,1402.55,Delivered
POI00007352,PO0003565,MAT00112,22,557.49,12264.78,Pending
POI00007353,PO0003566,MAT00130,16,87.0,1392.0,Delivered
POI00007354,PO0003566,MAT00140,27,97.14,2622.78,Delivered
POI00007355,PO0003567,MAT00065,15,136.62,2049.3,Cancelled
POI00007356,PO0003567,MAT00075,7,107.8,754.6,Pending
POI00007357,PO0003567,MAT00075,31,113.21,3509.51,Pending
POI00007358,PO0003567,MAT00065,287,140.43,40303.41,Pending
POI00007359,PO0003568,MAT00269,42,327.42,13751.64,Delivered
POI00007360,PO0003568,MAT00267,11,938.91,10328.01,Partially Delivered
POI00007361,PO0003568,MAT00271,40,183.28,7331.2,Delivered
POI00007362,PO0003568,MAT00257,94,471.47,44318.18,Pending
POI00007363,PO0003569,MAT00106,4,126.46,505.84,Delivered
POI00007364,PO0003570,MAT00075,131,121.91,15970.21,Delivered
POI00007365,PO0003570,MAT00065,11,126.59,1392.49,Delivered
POI00007366,PO0003570,MAT00075,35,103.7,3629.5,Delivered
POI00007367,PO0003571,MAT00076,13,74.16,964.08,Delivered
POI00007368,PO0003572,MAT00062,37,78.4,2900.8,Partially Delivered
POI00007369,PO0003572,MAT00069,59,272.11,16054.49,Delivered
POI00007370,PO0003573,MAT00227,25,227.4,5685.0,Partially Delivered
POI00007371,PO0003573,MAT00238,11,174.27,1916.97,Delivered
POI00007372,PO0003574,MAT00215,3,130.28,390.84,Pending
POI00007373,PO0003574,MAT00215,17,138.38,2352.46,Partially Delivered
POI00007374,PO0003574,MAT00206,60,804.19,48251.4,Pending
POI00007375,PO0003575,MAT00001,47,64.76,3043.72,Delivered
POI00007376,PO0003575,MAT00007,21,789.45,16578.45,Delivered
POI00007377,PO0003575,MAT00021,21,94.5,1984.5,Delivered
POI00007378,PO0003576,MAT00192,5,176.26,881.3,Delivered
POI00007379,PO0003576,MAT00179,14,101.12,1415.68,Delivered
POI00007380,PO0003576,MAT00185,19,170.89,3246.91,Delivered
POI00007381,PO0003577,MAT00186,30,243.45,7303.5,Cancelled
POI00007382,PO0003577,MAT00186,28,251.46,7040.88,Delivered
POI00007383,PO0003578,MAT00026,14,510.84,7151.76,Delivered
POI00007384,PO0003579,MAT00089,63,560.38,35303.94,Partially Delivered
POI00007385,PO0003579,MAT00089,51,511.76,26099.76,Partially Delivered
POI00007386,PO0003579,MAT00089,17,554.56,9427.52,Delivered
POI00007387,PO0003579,MAT00089,79,473.88,37436.52,Partially Delivered
POI00007388,PO0003580,MAT00238,53,151.4,8024.2,Delivered
POI00007389,PO0003580,MAT00232,8,72.75,582.0,Delivered
POI00007390,PO0003581,MAT00102,53,283.87,15045.11,Delivered
POI00007391,PO0003581,MAT00106,14,131.81,1845.34,Delivered
POI00007392,PO0003581,MAT00112,47,519.99,24439.53,Delivered
POI00007393,PO0003581,MAT00121,6,2004.15,12024.9,Delivered
POI00007394,PO0003582,MAT00186,104,247.97,25788.88,Pending
POI00007395,PO0003583,MAT00039,41,188.97,7747.77,Delivered
POI00007396,PO0003583,MAT00044,64,483.37,30935.68,Delivered
POI00007397,PO0003583,MAT00044,53,444.0,23532.0,Partially Delivered
POI00007398,PO0003584,MAT00023,23,545.98,12557.54,Delivered
POI00007399,PO0003584,MAT00005,23,251.61,5787.03,Delivered
POI00007400,PO0003585,MAT00185,7,175.23,1226.61,Delivered
POI00007401,PO0003585,MAT00179,67,80.76,5410.92,Delivered
POI00007402,PO0003585,MAT00192,16,193.01,3088.16,Delivered
POI00007403,PO0003586,MAT00186,11,235.07,2585.77,Delivered
POI00007404,PO0003587,MAT00035,28,668.47,18717.16,Delivered
POI00007405,PO0003587,MAT00027,6,212.32,1273.92,Delivered
POI00007406,PO0003588,MAT00093,9,651.98,5867.82,Delivered
POI00007407,PO0003588,MAT00093,15,663.78,9956.7,Pending
POI00007408,PO0003588,MAT00093,11,576.97,6346.67,Delivered
POI00007409,PO0003588,MAT00093,3,659.37,1978.11,Delivered
POI00007410,PO0003589,MAT00280,99,472.76,46803.24,Delivered
POI00007411,PO0003589,MAT00297,64,181.71,11629.44,Delivered
POI00007412,PO0003590,MAT00283,13,58.41,759.33,Pending
POI00007413,PO0003590,MAT00296,22,81.94,1802.68,Partially Delivered
POI00007414,PO0003591,MAT00250,24,3205.3,76927.2,Delivered
POI00007415,PO0003592,MAT00095,8,31.2,249.6,Delivered
POI00007416,PO0003592,MAT00096,4,290.62,1162.48,Delivered
POI00007417,PO0003593,MAT00227,19,206.7,3927.3,Delivered
POI00007418,PO0003593,MAT00226,7,47.1,329.7,Partially Delivered
POI00007419,PO0003593,MAT00241,23,144.53,3324.19,Pending
POI00007420,PO0003594,MAT00139,29,132.55,3843.95,Delivered
POI00007421,PO0003594,MAT00148,6,85.41,512.46,Delivered
POI00007422,PO0003595,MAT00078,12,109.29,1311.48,Pending
POI00007423,PO0003595,MAT00085,7,523.57,3664.99,Partially Delivered
POI00007424,PO0003596,MAT00046,16,521.91,8350.56,Delivered
POI00007425,PO0003596,MAT00041,28,2845.79,79682.12,Delivered
POI00007426,PO0003597,MAT00146,6,260.49,1562.94,Partially Delivered
POI00007427,PO0003598,MAT00290,22,1532.72,33719.84,Pending
POI00007428,PO0003598,MAT00295,18,87.38,1572.84,Pending
POI00007429,PO0003599,MAT00201,11,131.76,1449.36,Delivered
POI00007430,PO0003600,MAT00273,83,435.54,36149.82,Delivered
POI00007431,PO0003601,MAT00231,64,352.11,22535.04,Partially Delivered
POI00007432,PO0003601,MAT00237,6,775.15,4650.9,Partially Delivered
POI00007433,PO0003601,MAT00237,4,892.1,3568.4,Pending
POI00007434,PO0003602,MAT00075,41,109.71,4498.11,Partially Delivered
POI00007435,PO0003602,MAT00065,5,141.63,708.15,Delivered
POI00007436,PO0003603,MAT00168,17,92.17,1566.89,Delivered
POI00007437,PO0003603,MAT00272,14,1069.3,14970.2,Delivered
POI00007438,PO0003604,MAT00274,1,275.32,275.32,Delivered
POI00007439,PO0003605,MAT00259,37,270.8,10019.6,Partially Delivered
POI00007440,PO0003605,MAT00264,34,766.42,26058.28,Pending
POI00007441,PO0003606,MAT00217,119,137.9,16410.1,Delivered
POI00007442,PO0003607,MAT00262,11,677.31,7450.41,Delivered
POI00007443,PO0003607,MAT00262,57,790.97,45085.29,Pending
POI00007444,PO0003607,MAT00262,109,785.49,85618.41,Pending
POI00007445,PO0003607,MAT00262,67,661.91,44347.97,Pending
POI00007446,PO0003608,MAT00023,4,586.27,2345.08,Delivered
POI00007447,PO0003608,MAT00009,35,398.02,13930.7,Delivered
POI00007448,PO0003609,MAT00098,11,425.53,4680.83,Pending
POI00007449,PO0003610,MAT00189,61,129.44,7895.84,Delivered
POI00007450,PO0003610,MAT00189,12,123.58,1482.96,Delivered
POI00007451,PO0003610,MAT00189,97,126.63,12283.11,Delivered
POI00007452,PO0003611,MAT00047,23,121.28,2789.44,Delivered
POI00007453,PO0003611,MAT00034,15,80.41,1206.15,Delivered
POI00007454,PO0003611,MAT00040,170,211.02,35873.4,Delivered
POI00007455,PO0003611,MAT00036,20,102.73,2054.6,Delivered
POI00007456,PO0003612,MAT00233,16,245.58,3929.28,Delivered
POI00007457,PO0003613,MAT00111,9,68.38,615.42,Delivered
POI00007458,PO0003613,MAT00111,5,77.72,388.6,Delivered
POI00007459,PO0003614,MAT00186,56,248.78,13931.68,Partially Delivered
POI00007460,PO0003614,MAT00186,11,256.69,2823.59,Partially Delivered
POI00007461,PO0003615,MAT00026,35,623.28,21814.8,Pending
POI00007462,PO0003615,MAT00035,144,787.78,113440.32,Pending
POI00007463,PO0003615,MAT00026,5,556.48,2782.4,Delivered
POI00007464,PO0003615,MAT00035,18,814.96,14669.28,Pending
POI00007465,PO0003616,MAT00263,125,430.36,53795.0,Delivered
POI00007466,PO0003616,MAT00270,5,535.36,2676.8,Pending
POI00007467,PO0003616,MAT00273,12,466.73,5600.76,Cancelled
POI00007468,PO0003617,MAT00097,18,628.0,11304.0,Delivered
POI00007469,PO0003618,MAT00059,78,94.98,7408.44,Partially Delivered
POI00007470,PO0003619,MAT00236,7,169.87,1189.09,Delivered
POI00007471,PO0003619,MAT00247,10,637.13,6371.3,Delivered
POI00007472,PO0003620,MAT00217,27,145.84,3937.68,Delivered
POI00007473,PO0003620,MAT00292,12,134.56,1614.72,Delivered
POI00007474,PO0003620,MAT00009,80,457.64,36611.2,Delivered
POI00007475,PO0003620,MAT00139,101,132.31,13363.31,Delivered
POI00007476,PO0003621,MAT00194,1,804.37,804.37,Partially Delivered
POI00007477,PO0003621,MAT00188,28,138.49,3877.72,Pending
POI00007478,PO0003621,MAT00194,18,937.86,16881.48,Pending
POI00007479,PO0003622,MAT00065,52,155.49,8085.48,Pending
POI00007480,PO0003622,MAT00075,5,105.99,529.95,Cancelled
POI00007481,PO0003622,MAT00075,93,120.98,11251.14,Delivered
POI00007482,PO0003623,MAT00053,4,926.62,3706.48,Delivered
POI00007483,PO0003624,MAT00226,15,47.66,714.9,Delivered
POI00007484,PO0003625,MAT00113,3,1130.7,3392.1,Pending
POI00007485,PO0003625,MAT00110,179,507.98,90928.42,Pending
POI00007486,PO0003626,MAT00176,18,168.03,3024.54,Delivered
POI00007487,PO0003627,MAT00252,85,842.3,71595.5,Delivered
POI00007488,PO0003628,MAT00203,10,69.3,693.0,Pending
POI00007489,PO0003629,MAT00056,4,74.48,297.92,Delivered
POI00007490,PO0003629,MAT00067,54,630.66,34055.64,Delivered
POI00007491,PO0003630,MAT00075,77,105.39,8115.03,Partially Delivered
POI00007492,PO0003631,MAT00100,5,1044.48,5222.4,Delivered
POI00007493,PO0003631,MAT00082,2,150.96,301.92,Delivered
POI00007494,PO0003631,MAT00084,5,190.0,950.0,Delivered
POI00007495,PO0003631,MAT00077,13,464.98,6044.74,Delivered
POI00007496,PO0003632,MAT00108,11,1587.33,17460.63,Delivered
POI00007497,PO0003633,MAT00214,15,673.65,10104.75,Delivered
POI00007498,PO0003634,MAT00234,37,265.22,9813.14,Partially Delivered
POI00007499,PO0003634,MAT00248,21,538.03,11298.63,Partially Delivered
POI00007500,PO0003634,MAT00234,12,261.69,3140.28,Cancelled
POI00007501,PO0003635,MAT00111,35,78.01,2730.35,Delivered
POI00007502,PO0003635,MAT00111,24,78.85,1892.4,Delivered
POI00007503,PO0003636,MAT00019,80,360.18,28814.4,Pending
POI00007504,PO0003636,MAT00002,22,111.1,2444.2,Cancelled
POI00007505,PO0003637,MAT00191,15,952.53,14287.95,Pending
POI00007506,PO0003637,MAT00191,74,866.72,64137.28,Partially Delivered
POI00007507,PO0003638,MAT00044,53,470.56,24939.68,Delivered
POI00007508,PO0003638,MAT00044,13,483.72,6288.36,Delivered
POI00007509,PO0003638,MAT00039,6,178.85,1073.1,Delivered
POI00007510,PO0003639,MAT00019,191,317.43,60629.13,Partially Delivered
POI00007511,PO0003639,MAT00002,10,112.09,1120.9,Pending
POI00007512,PO0003640,MAT00221,19,129.02,2451.38,Delivered
POI00007513,PO0003641,MAT00089,6,560.37,3362.22,Delivered
POI00007514,PO0003641,MAT00089,2,560.24,1120.48,Delivered
POI00007515,PO0003641,MAT00089,103,473.96,48817.88,Delivered
POI00007516,PO0003642,MAT00106,9,106.86,961.74,Delivered
POI00007517,PO0003642,MAT00121,18,1851.13,33320.34,Delivered
POI00007518,PO0003642,MAT00107,15,821.94,12329.1,Delivered
POI00007519,PO0003642,MAT00102,27,286.67,7740.09,Delivered
POI00007520,PO0003643,MAT00200,7,74.32,520.24,Partially Delivered
POI00007521,PO0003643,MAT00071,1,180.84,180.84,Pending
POI00007522,PO0003643,MAT00281,31,65.39,2027.09,Partially Delivered
POI00007523,PO0003644,MAT00092,18,620.09,11161.62,Pending
POI00007524,PO0003645,MAT00223,8,230.34,1842.72,Pending
POI00007525,PO0003645,MAT00221,48,139.57,6699.36,Cancelled
POI00007526,PO0003646,MAT00089,36,446.54,16075.44,Delivered
POI00007527,PO0003647,MAT00026,14,573.54,8029.56,Delivered
POI00007528,PO0003648,MAT00159,20,535.66,10713.2,Delivered
POI00007529,PO0003648,MAT00168,151,103.36,15607.36,Delivered
POI00007530,PO0003648,MAT00154,43,169.19,7275.17,Delivered
POI00007531,PO0003649,MAT00236,71,173.91,12347.61,Delivered
POI00007532,PO0003650,MAT00151,42,304.55,12791.1,Partially Delivered
POI00007533,PO0003650,MAT00175,7,1718.27,12027.89,Pending
POI00007534,PO0003650,MAT00161,39,356.02,13884.78,Pending
POI00007535,PO0003650,MAT00155,10,638.28,6382.8,Partially Delivered
POI00007536,PO0003651,MAT00175,18,1729.6,31132.8,Delivered
POI00007537,PO0003652,MAT00162,33,2532.63,83576.79,Delivered
POI00007538,PO0003652,MAT00167,45,172.99,7784.55,Delivered
POI00007539,PO0003653,MAT00113,14,1231.45,17240.3,Delivered
POI00007540,PO0003654,MAT00296,19,74.89,1422.91,Delivered
POI00007541,PO0003654,MAT00283,24,60.82,1459.68,Delivered
POI00007542,PO0003654,MAT00282,121,220.42,26670.82,Delivered
POI00007543,PO0003655,MAT00146,12,250.95,3011.4,Pending
POI00007544,PO0003655,MAT00132,2,95.68,191.36,Partially Delivered
POI00007545,PO0003656,MAT00113,8,1380.22,11041.76,Delivered
POI00007546,PO0003656,MAT00110,132,456.36,60239.52,Delivered
POI00007547,PO0003656,MAT00113,6,1370.01,8220.06,Delivered
POI00007548,PO0003657,MAT00047,33,136.35,4499.55,Delivered
POI00007549,PO0003657,MAT00040,5,182.22,911.1,Delivered
POI00007550,PO0003658,MAT00071,26,211.61,5501.86,Delivered
POI00007551,PO0003658,MAT00070,2,135.69,271.38,Pending
POI00007552,PO0003659,MAT00220,20,315.39,6307.8,Delivered
POI00007553,PO0003659,MAT00220,12,286.9,3442.8,Delivered
POI00007554,PO0003659,MAT00220,7,311.9,2183.3,Delivered
POI00007555,PO0003659,MAT00220,78,336.53,26249.34,Delivered
POI00007556,PO0003660,MAT00093,9,585.25,5267.25,Delivered
POI00007557,PO0003660,MAT00093,16,627.28,10036.48,Delivered
POI00007558,PO0003660,MAT00093,13,527.13,6852.69,Delivered
POI00007559,PO0003660,MAT00093,79,636.88,50313.52,Delivered
POI00007560,PO0003661,MAT00254,16,519.26,8308.16,Delivered
POI00007561,PO0003662,MAT00193,106,80.01,8481.06,Partially Delivered
POI00007562,PO0003662,MAT00177,5,290.31,1451.55,Partially Delivered
POI00007563,PO0003663,MAT00033,33,94.03,3102.99,Delivered
POI00007564,PO0003663,MAT00028,7,100.38,702.66,Delivered
POI00007565,PO0003664,MAT00169,4,352.2,1408.8,Pending
POI00007566,PO0003664,MAT00157,25,35.56,889.0,Pending
POI00007567,PO0003664,MAT00172,21,86.03,1806.63,Pending
POI00007568,PO0003665,MAT00183,15,17.25,258.75,Partially Delivered
POI00007569,PO0003666,MAT00251,30,145.05,4351.5,Pending
POI00007570,PO0003667,MAT00044,69,486.77,33587.13,Delivered
POI00007571,PO0003667,MAT00044,35,539.25,18873.75,Delivered
POI00007572,PO0003667,MAT00039,50,193.64,9682.0,Delivered
POI00007573,PO0003668,MAT00026,50,612.53,30626.5,Delivered
POI00007574,PO0003668,MAT00035,9,789.08,7101.72,Delivered
POI00007575,PO0003668,MAT00027,22,187.4,4122.8,Delivered
POI00007576,PO0003669,MAT00086,24,82.31,1975.44,Delivered
POI00007577,PO0003670,MAT00175,111,1600.13,177614.43,Delivered
POI00007578,PO0003671,MAT00158,7,1422.76,9959.32,Delivered
POI00007579,PO0003672,MAT00013,34,118.87,4041.58,Delivered
POI00007580,PO0003672,MAT00013,11,109.79,1207.69,Delivered
POI00007581,PO0003672,MAT00016,21,518.81,10895.01,Delivered
POI00007582,PO0003672,MAT00016,11,505.69,5562.59,Delivered
POI00007583,PO0003673,MAT00119,5,155.25,776.25,Delivered
POI00007584,PO0003674,MAT00173,98,295.35,28944.3,Delivered
POI00007585,PO0003674,MAT00182,26,51.99,1351.74,Delivered
POI00007586,PO0003674,MAT00295,351,87.31,30645.81,Delivered
POI00007587,PO0003674,MAT00098,12,432.62,5191.44,Delivered
POI00007588,PO0003675,MAT00228,21,58.98,1238.58,Delivered
POI00007589,PO0003676,MAT00218,94,60.65,5701.1,Delivered
POI00007590,PO0003676,MAT00216,63,115.73,7290.99,Cancelled
POI00007591,PO0003676,MAT00212,52,44.49,2313.48,Delivered
POI00007592,PO0003677,MAT00220,10,310.82,3108.2,Delivered
POI00007593,PO0003677,MAT00238,4,171.12,684.48,Delivered
POI00007594,PO0003678,MAT00188,4,145.37,581.48,Delivered
POI00007595,PO0003678,MAT00194,6,994.49,5966.94,Partially Delivered
POI00007596,PO0003679,MAT00035,3,754.11,2262.33,Delivered
POI00007597,PO0003679,MAT00027,20,169.88,3397.6,Delivered
POI00007598,PO0003680,MAT00250,4,2666.11,10664.44,Delivered
POI00007599,PO0003681,MAT00240,61,658.81,40187.41,Delivered
POI00007600,PO0003682,MAT00105,12,58.02,696.24,Delivered
POI00007601,PO0003682,MAT00124,30,150.16,4504.8,Delivered
POI00007602,PO0003683,MAT00218,14,65.65,919.1,Delivered
POI00007603,PO0003684,MAT00047,22,124.61,2741.42,Delivered
POI00007604,PO0003684,MAT00040,35,213.01,7455.35,Delivered
POI00007605,PO0003685,MAT00015,47,53.48,2513.56,Pending
POI00007606,PO0003686,MAT00262,26,708.02,18408.52,Delivered
POI00007607,PO0003686,MAT00262,4,739.05,2956.2,Delivered
POI00007608,PO0003687,MAT00048,8,197.66,1581.28,Delivered
POI00007609,PO0003687,MAT00029,26,199.57,5188.82,Delivered
POI00007610,PO0003687,MAT00042,20,54.28,1085.6,Delivered
POI00007611,PO0003688,MAT00268,48,156.05,7490.4,Pending
POI00007612,PO0003688,MAT00251,18,133.74,2407.32,Pending
POI00007613,PO0003689,MAT00190,7,1232.76,8629.32,Cancelled
POI00007614,PO0003690,MAT00155,20,622.21,12444.2,Pending
POI00007615,PO0003690,MAT00161,20,329.27,6585.4,Pending
POI00007616,PO0003691,MAT00093,32,640.12,20483.84,Pending
POI00007617,PO0003691,MAT00093,21,537.6,11289.6,Partially Delivered
POI00007618,PO0003691,MAT00093,7,660.42,4622.94,Pending
POI00007619,PO0003691,MAT00093,20,546.88,10937.6,Pending
POI00007620,PO0003692,MAT00195,8,134.87,1078.96,Delivered
POI00007621,PO0003692,MAT00200,13,65.81,855.53,Delivered
POI00007622,PO0003693,MAT00121,38,2000.7,76026.6,Delivered
POI00007623,PO0003693,MAT00107,24,750.6,18014.4,Delivered
POI00007624,PO0003694,MAT00129,6,114.37,686.22,Pending
POI00007625,PO0003695,MAT00177,125,264.24,33030.0,Delivered
POI00007626,PO0003695,MAT00193,20,76.41,1528.2,Delivered
POI00007627,PO0003696,MAT00190,2,1184.06,2368.12,Partially Delivered
POI00007628,PO0003697,MAT00252,30,861.1,25833.0,Delivered
POI00007629,PO0003698,MAT00253,35,113.88,3985.8,Delivered
POI00007630,PO0003698,MAT00214,24,775.43,18610.32,Partially Delivered
POI00007631,PO0003699,MAT00009,10,410.48,4104.8,Pending
POI00007632,PO0003700,MAT00080,24,186.23,4469.52,Pending
POI00007633,PO0003700,MAT00090,6,245.76,1474.56,Pending
POI00007634,PO0003701,MAT00117,34,139.66,4748.44,Delivered
POI00007635,PO0003701,MAT00116,43,497.28,21383.04,Delivered
POI00007636,PO0003702,MAT00282,44,218.69,9622.36,Delivered
POI00007637,PO0003702,MAT00296,7,72.94,510.58,Delivered
POI00007638,PO0003702,MAT00277,8,1341.86,10734.88,Delivered
POI00007639,PO0003703,MAT00042,11,44.21,486.31,Pending
POI00007640,PO0003703,MAT00029,106,204.5,21677.0,Pending
POI00007641,PO0003703,MAT00048,33,247.85,8179.05,Cancelled
POI00007642,PO0003704,MAT00101,64,53.64,3432.96,Delivered
POI00007643,PO0003704,MAT00116,20,523.71,10474.2,Delivered
POI00007644,PO0003704,MAT00117,52,142.92,7431.84,Delivered
POI00007645,PO0003705,MAT00158,9,1215.52,10939.68,Cancelled
POI00007646,PO0003705,MAT00158,4,1291.66,5166.64,Delivered
POI00007647,PO0003705,MAT00158,15,1411.84,21177.6,Pending
POI00007648,PO0003706,MAT00155,35,572.43,20035.05,Delivered
POI00007649,PO0003706,MAT00175,29,1773.51,51431.79,Delivered
POI00007650,PO0003706,MAT00151,11,284.23,3126.53,Delivered
POI00007651,PO0003707,MAT00101,30,56.98,1709.4,Delivered
POI00007652,PO0003707,MAT00116,5,510.02,2550.1,Delivered
POI00007653,PO0003708,MAT00226,45,57.97,2608.65,Pending
POI00007654,PO0003708,MAT00238,46,166.35,7652.1,Pending
POI00007655,PO0003708,MAT00241,17,138.47,2353.99,Pending
POI00007656,PO0003709,MAT00028,6,110.51,663.06,Delivered
POI00007657,PO0003709,MAT00033,23,96.0,2208.0,Delivered
POI00007658,PO0003709,MAT00031,84,159.25,13377.0,Delivered
POI00007659,PO0003710,MAT00044,14,554.45,7762.3,Delivered
POI00007660,PO0003710,MAT00044,41,449.76,18440.16,Delivered
POI00007661,PO0003710,MAT00044,70,551.29,38590.3,Delivered
POI00007662,PO0003711,MAT00158,38,1466.1,55711.8,Delivered
POI00007663,PO0003712,MAT00201,4,139.89,559.56,Delivered
POI00007664,PO0003712,MAT00201,30,139.48,4184.4,Delivered
POI00007665,PO0003713,MAT00083,12,63.83,765.96,Delivered
POI00007666,PO0003714,MAT00019,9,349.92,3149.28,Pending
POI00007667,PO0003715,MAT00171,18,467.71,8418.78,Delivered
POI00007668,PO0003715,MAT00170,10,74.66,746.6,Delivered
POI00007669,PO0003715,MAT00163,11,170.95,1880.45,Delivered
POI00007670,PO0003716,MAT00220,21,280.84,5897.64,Pending
POI00007671,PO0003717,MAT00017,55,449.77,24737.35,Cancelled
POI00007672,PO0003718,MAT00019,3,319.04,957.12,Delivered
POI00007673,PO0003718,MAT00002,9,116.64,1049.76,Partially Delivered
POI00007674,PO0003718,MAT00019,16,331.43,5302.88,Partially Delivered
POI00007675,PO0003718,MAT00002,10,101.29,1012.9,Pending
POI00007676,PO0003719,MAT00032,11,76.37,840.07,Partially Delivered
POI00007677,PO0003719,MAT00025,29,217.19,6298.51,Delivered
POI00007678,PO0003720,MAT00058,27,55.41,1496.07,Delivered
POI00007679,PO0003721,MAT00042,17,50.74,862.58,Pending
POI00007680,PO0003722,MAT00009,9,482.03,4338.27,Delivered
POI00007681,PO0003722,MAT00009,40,461.74,18469.6,Delivered
POI00007682,PO0003722,MAT00023,19,577.49,10972.31,Delivered
POI00007683,PO0003722,MAT00023,20,505.45,10109.0,Delivered
POI00007684,PO0003723,MAT00155,5,562.75,2813.75,Delivered
POI00007685,PO0003723,MAT00161,31,393.61,12201.91,Delivered
POI00007686,PO0003723,MAT00175,9,1539.54,13855.86,Delivered
POI00007687,PO0003724,MAT00298,16,29.17,466.72,Partially Delivered
POI00007688,PO0003724,MAT00285,155,76.34,11832.7,Delivered
POI00007689,PO0003725,MAT00128,9,88.19,793.71,Pending
POI00007690,PO0003725,MAT00140,70,104.4,7308.0,Partially Delivered
POI00007691,PO0003726,MAT00260,20,315.43,6308.6,Delivered
POI00007692,PO0003727,MAT00237,1,973.32,973.32,Pending
POI00007693,PO0003727,MAT00237,4,773.09,3092.36,Cancelled
POI00007694,PO0003727,MAT00237,10,813.03,8130.3,Delivered
POI00007695,PO0003728,MAT00004,70,234.95,16446.5,Pending
POI00007696,PO0003728,MAT00004,21,251.4,5279.4,Pending
POI00007697,PO0003729,MAT00052,33,640.1,21123.3,Delivered
POI00007698,PO0003729,MAT00058,37,62.92,2328.04,Delivered
POI00007699,PO0003730,MAT00065,10,140.57,1405.7,Delivered
POI00007700,PO0003730,MAT00075,15,116.73,1750.95,Pending
POI00007701,PO0003731,MAT00160,17,591.58,10056.86,Delivered
POI00007702,PO0003731,MAT00156,62,177.11,10980.82,Delivered
POI00007703,PO0003732,MAT00262,5,652.13,3260.65,Delivered
POI00007704,PO0003732,MAT00262,16,781.21,12499.36,Delivered
POI00007705,PO0003733,MAT00071,16,182.37,2917.92,Delivered
POI00007706,PO0003733,MAT00081,23,115.14,2648.22,Delivered
POI00007707,PO0003734,MAT00201,13,154.59,2009.67,Delivered
POI00007708,PO0003734,MAT00201,9,163.84,1474.56,Delivered
POI00007709,PO0003735,MAT00079,60,615.2,36912.0,Delivered
POI00007710,PO0003735,MAT00076,3,76.26,228.78,Delivered
POI00007711,PO0003736,MAT00012,23,356.2,8192.6,Delivered
POI00007712,PO0003736,MAT00020,20,387.19,7743.8,Pending
POI00007713,PO0003737,MAT00275,7,270.37,1892.59,Pending
POI00007714,PO0003737,MAT00252,12,757.31,9087.72,Pending
POI00007715,PO0003738,MAT00200,49,70.2,3439.8,Partially Delivered
POI00007716,PO0003738,MAT00198,12,848.29,10179.48,Partially Delivered
POI00007717,PO0003739,MAT00247,181,742.89,134463.09,Delivered
POI00007718,PO0003739,MAT00243,30,1098.31,32949.3,Delivered
POI00007719,PO0003739,MAT00236,11,194.41,2138.51,Delivered
POI00007720,PO0003740,MAT00215,18,138.73,2497.14,Pending
POI00007721,PO0003740,MAT00206,33,698.06,23035.98,Pending
POI00007722,PO0003741,MAT00009,6,457.74,2746.44,Partially Delivered
POI00007723,PO0003741,MAT00023,23,521.24,11988.52,Partially Delivered
POI00007724,PO0003741,MAT00009,59,477.12,28150.08,Pending
POI00007725,PO0003741,MAT00009,23,472.42,10865.66,Delivered
POI00007726,PO0003742,MAT00060,12,125.35,1504.2,Delivered
POI00007727,PO0003743,MAT00159,69,577.61,39855.09,Delivered
POI00007728,PO0003743,MAT00164,2,109.0,218.0,Delivered
POI00007729,PO0003743,MAT00173,26,278.5,7241.0,Delivered
POI00007730,PO0003744,MAT00088,12,1131.51,13578.12,Pending
POI00007731,PO0003745,MAT00095,31,28.89,895.59,Delivered
POI00007732,PO0003745,MAT00096,26,294.75,7663.5,Delivered
POI00007733,PO0003746,MAT00001,32,58.51,1872.32,Delivered
POI00007734,PO0003747,MAT00193,55,77.43,4258.65,Delivered
POI00007735,PO0003748,MAT00097,26,605.25,15736.5,Delivered
POI00007736,PO0003748,MAT00097,8,713.59,5708.72,Delivered
POI00007737,PO0003748,MAT00097,15,584.37,8765.55,Delivered
POI00007738,PO0003748,MAT00088,7,1284.09,8988.63,Delivered
POI00007739,PO0003749,MAT00174,14,300.35,4204.9,Delivered
POI00007740,PO0003749,MAT00160,12,549.42,6593.04,Delivered
POI00007741,PO0003749,MAT00153,19,138.34,2628.46,Delivered
POI00007742,PO0003749,MAT00156,136,154.38,20995.68,Delivered
POI00007743,PO0003750,MAT00007,7,828.14,5796.98,Pending
POI00007744,PO0003750,MAT00021,4,88.61,354.44,Delivered
POI00007745,PO0003751,MAT00237,8,927.78,7422.24,Delivered
POI00007746,PO0003752,MAT00024,56,116.03,6497.68,Delivered
POI00007747,PO0003752,MAT00020,53,375.03,19876.59,Delivered
POI00007748,PO0003752,MAT00012,25,373.36,9334.0,Delivered
POI00007749,PO0003753,MAT00037,7,458.79,3211.53,Delivered
POI00007750,PO0003753,MAT00028,13,101.59,1320.67,Delivered
POI00007751,PO0003754,MAT00013,130,104.11,13534.3,Delivered
POI00007752,PO0003755,MAT00207,12,188.23,2258.76,Partially Delivered
POI00007753,PO0003755,MAT00023,10,565.0,5650.0,Cancelled
POI00007754,PO0003756,MAT00260,9,325.23,2927.07,Delivered
POI00007755,PO0003756,MAT00251,12,129.76,1557.12,Delivered
POI00007756,PO0003756,MAT00268,17,154.27,2622.59,Delivered
POI00007757,PO0003756,MAT00254,21,482.05,10123.05,Delivered
POI00007758,PO0003757,MAT00204,20,1279.08,25581.6,Delivered
POI00007759,PO0003758,MAT00182,18,50.06,901.08,Pending
POI00007760,PO0003758,MAT00262,17,665.07,11306.19,Pending
POI00007761,PO0003758,MAT00146,13,288.07,3744.91,Pending
POI00007762,PO0003758,MAT00191,23,934.89,21502.47,Delivered
POI00007763,PO0003759,MAT00183,43,15.43,663.49,Partially Delivered
POI00007764,PO0003760,MAT00001,1,55.82,55.82,Delivered
POI00007765,PO0003760,MAT00189,11,120.86,1329.46,Delivered
POI00007766,PO0003760,MAT00094,11,110.57,1216.27,Delivered
POI00007767,PO0003761,MAT00237,33,954.36,31493.88,Delivered
POI00007768,PO0003762,MAT00267,48,924.94,44397.12,Delivered
POI00007769,PO0003763,MAT00060,27,125.24,3381.48,Delivered
POI00007770,PO0003764,MAT00230,33,401.7,13256.1,Delivered
POI00007771,PO0003764,MAT00229,23,451.03,10373.69,Delivered
POI00007772,PO0003765,MAT00001,47,59.69,2805.43,Delivered
POI00007773,PO0003765,MAT00007,12,703.5,8442.0,Pending
POI00007774,PO0003765,MAT00021,33,101.46,3348.18,Pending
POI00007775,PO0003766,MAT00218,59,71.61,4224.99,Pending
POI00007776,PO0003766,MAT00216,47,108.97,5121.59,Pending
POI00007777,PO0003766,MAT00212,7,51.23,358.61,Pending
POI00007778,PO0003767,MAT00013,19,124.07,2357.33,Pending
POI00007779,PO0003767,MAT00013,9,114.65,1031.85,Partially Delivered
POI00007780,PO0003767,MAT00016,9,494.76,4452.84,Pending
POI00007781,PO0003768,MAT00047,5,131.21,656.05,Delivered
POI00007782,PO0003769,MAT00245,10,92.06,920.6,Cancelled
POI00007783,PO0003769,MAT00240,40,680.76,27230.4,Partially Delivered
POI00007784,PO0003769,MAT00240,35,596.77,20886.95,Partially Delivered
POI00007785,PO0003770,MAT00178,13,1281.17,16655.21,Delivered
POI00007786,PO0003771,MAT00117,15,147.23,2208.45,Delivered
POI00007787,PO0003771,MAT00101,48,49.7,2385.6,Delivered
POI00007788,PO0003772,MAT00096,62,266.51,16523.62,Pending
POI00007789,PO0003772,MAT00095,13,28.54,371.02,Delivered
POI00007790,PO0003773,MAT00086,2,102.3,204.6,Delivered
POI00007791,PO0003774,MAT00213,31,314.35,9744.85,Pending
POI00007792,PO0003774,MAT00203,8,73.69,589.52,Delivered
POI00007793,PO0003774,MAT00204,8,1420.04,11360.32,Pending
POI00007794,PO0003774,MAT00207,46,191.28,8798.88,Partially Delivered
POI00007795,PO0003775,MAT00131,21,267.94,5626.74,Cancelled
POI00007796,PO0003776,MAT00221,6,154.87,929.22,Delivered
POI00007797,PO0003776,MAT00223,48,270.21,12970.08,Delivered
POI00007798,PO0003777,MAT00227,31,254.83,7899.73,Delivered
POI00007799,PO0003778,MAT00162,97,2671.59,259144.23,Delivered
POI00007800,PO0003778,MAT00116,19,492.31,9353.89,Delivered
POI00007801,PO0003779,MAT00051,50,78.0,3900.0,Delivered
POI00007802,PO0003779,MAT00203,37,61.64,2280.68,Delivered
POI00007803,PO0003779,MAT00107,44,907.17,39915.48,Delivered
POI00007804,PO0003780,MAT00037,30,467.13,14013.9,Delivered
POI00007805,PO0003780,MAT00031,23,163.23,3754.29,Delivered
POI00007806,PO0003781,MAT00004,44,251.89,11083.16,Delivered
POI00007807,PO0003781,MAT00004,2,215.36,430.72,Delivered
POI00007808,PO0003782,MAT00114,8,228.31,1826.48,Delivered
POI00007809,PO0003783,MAT00046,33,513.42,16942.86,Delivered
POI00007810,PO0003784,MAT00156,26,158.15,4111.9,Delivered
POI00007811,PO0003784,MAT00153,1,167.01,167.01,Delivered
POI00007812,PO0003785,MAT00032,38,66.88,2541.44,Partially Delivered
POI00007813,PO0003785,MAT00050,40,132.78,5311.2,Pending
POI00007814,PO0003785,MAT00030,29,252.73,7329.17,Partially Delivered
POI00007815,PO0003785,MAT00045,7,262.0,1834.0,Delivered
POI00007816,PO0003786,MAT00025,51,239.55,12217.05,Delivered
POI00007817,PO0003786,MAT00022,21,108.28,2273.88,Pending
POI00007818,PO0003787,MAT00234,35,275.8,9653.0,Delivered
POI00007819,PO0003787,MAT00234,15,266.27,3994.05,Delivered
POI00007820,PO0003787,MAT00248,10,511.62,5116.2,Delivered
POI00007821,PO0003787,MAT00248,4,447.21,1788.84,Delivered
POI00007822,PO0003788,MAT00115,53,35.54,1883.62,Pending
POI00007823,PO0003788,MAT00125,16,57.84,925.44,Pending
POI00007824,PO0003789,MAT00217,37,124.06,4590.22,Delivered
POI00007825,PO0003789,MAT00217,98,124.18,12169.64,Cancelled
POI00007826,PO0003790,MAT00186,15,289.01,4335.15,Delivered
POI00007827,PO0003791,MAT00111,7,70.71,494.97,Delivered
POI00007828,PO0003791,MAT00111,25,68.05,1701.25,Delivered
POI00007829,PO0003792,MAT00061,21,272.29,5718.09,Pending
POI00007830,PO0003792,MAT00054,23,532.64,12250.72,Partially Delivered
POI00007831,PO0003792,MAT00066,8,114.24,913.92,Delivered
POI00007832,PO0003793,MAT00116,84,489.25,41097.0,Delivered
POI00007833,PO0003794,MAT00023,11,527.91,5807.01,Delivered
POI00007834,PO0003794,MAT00009,10,462.24,4622.4,Delivered
POI00007835,PO0003795,MAT00043,1,261.81,261.81,Delivered
POI00007836,PO0003795,MAT00043,70,280.72,19650.4,Delivered
POI00007837,PO0003795,MAT00043,9,248.41,2235.69,Delivered
POI00007838,PO0003795,MAT00043,44,278.49,12253.56,Delivered
POI00007839,PO0003796,MAT00063,13,201.06,2613.78,Delivered
POI00007840,PO0003797,MAT00253,78,115.98,9046.44,Pending
POI00007841,PO0003798,MAT00144,4,111.49,445.96,Delivered
POI00007842,PO0003799,MAT00082,28,148.65,4162.2,Delivered
POI00007843,PO0003799,MAT00033,43,101.57,4367.51,Delivered
POI00007844,PO0003799,MAT00261,35,3318.68,116153.8,Delivered
POI00007845,PO0003800,MAT00065,50,153.85,7692.5,Cancelled
POI00007846,PO0003800,MAT00075,37,120.34,4452.58,Pending
POI00007847,PO0003801,MAT00043,9,271.25,2441.25,Delivered
POI00007848,PO0003801,MAT00043,31,263.47,8167.57,Delivered
POI00007849,PO0003801,MAT00043,14,295.96,4143.44,Delivered
POI00007850,PO0003802,MAT00186,39,233.73,9115.47,Delivered
POI00007851,PO0003802,MAT00186,85,242.89,20645.65,Delivered
POI00007852,PO0003803,MAT00186,14,251.21,3516.94,Delivered
POI00007853,PO0003803,MAT00186,55,284.88,15668.4,Delivered
POI00007854,PO0003804,MAT00060,20,149.43,2988.6,Delivered
POI00007855,PO0003804,MAT00058,82,65.56,5375.92,Cancelled
POI00007856,PO0003804,MAT00052,22,691.1,15204.2,Partially Delivered
POI00007857,PO0003804,MAT00051,4,63.92,255.68,Pending
POI00007858,PO0003805,MAT00035,8,830.35,6642.8,Delivered
POI00007859,PO0003805,MAT00027,44,194.04,8537.76,Delivered
POI00007860,PO0003806,MAT00116,6,519.82,3118.92,Pending
POI00007861,PO0003806,MAT00101,22,49.08,1079.76,Cancelled
POI00007862,PO0003806,MAT00101,15,55.22,828.3,Pending
POI00007863,PO0003806,MAT00117,24,138.3,3319.2,Pending
POI00007864,PO0003807,MAT00224,15,1638.07,24571.05,Delivered
POI00007865,PO0003807,MAT00222,45,221.03,9946.35,Delivered
POI00007866,PO0003807,MAT00219,25,93.37,2334.25,Delivered
POI00007867,PO0003808,MAT00246,6,305.97,1835.82,Delivered
POI00007868,PO0003808,MAT00249,71,328.19,23301.49,Delivered
POI00007869,PO0003808,MAT00250,10,3166.38,31663.8,Delivered
POI00007870,PO0003808,MAT00244,21,211.0,4431.0,Delivered
POI00007871,PO0003809,MAT00110,12,508.11,6097.32,Delivered
POI00007872,PO0003809,MAT00113,21,1433.6,30105.6,Pending
POI00007873,PO0003809,MAT00110,40,449.74,17989.6,Delivered
POI00007874,PO0003810,MAT00203,15,64.09,961.35,Delivered
POI00007875,PO0003810,MAT00213,5,333.3,1666.5,Delivered
POI00007876,PO0003810,MAT00204,23,1314.33,30229.59,Delivered
POI00007877,PO0003811,MAT00013,5,101.45,507.25,Delivered
POI00007878,PO0003812,MAT00171,242,486.2,117660.4,Pending
POI00007879,PO0003812,MAT00163,21,150.66,3163.86,Pending
POI00007880,PO0003813,MAT00096,16,307.91,4926.56,Delivered
POI00007881,PO0003813,MAT00095,17,30.62,520.54,Delivered
POI00007882,PO0003814,MAT00089,21,509.95,10708.95,Delivered
POI00007883,PO0003814,MAT00089,23,530.83,12209.09,Delivered
POI00007884,PO0003815,MAT00199,6,468.11,2808.66,Delivered
POI00007885,PO0003815,MAT00183,28,15.8,442.4,Pending
POI00007886,PO0003815,MAT00184,60,531.34,31880.4,Pending
POI00007887,PO0003816,MAT00082,46,155.57,7156.22,Delivered
POI00007888,PO0003817,MAT00019,62,329.75,20444.5,Pending
POI00007889,PO0003817,MAT00002,60,115.04,6902.4,Pending
POI00007890,PO0003818,MAT00189,21,136.13,2858.73,Delivered
POI00007891,PO0003818,MAT00189,5,120.56,602.8,Delivered
POI00007892,PO0003818,MAT00189,17,135.98,2311.66,Delivered
POI00007893,PO0003819,MAT00185,6,194.43,1166.58,Delivered
POI00007894,PO0003819,MAT00192,4,157.57,630.28,Delivered
POI00007895,PO0003820,MAT00219,153,104.81,16035.93,Delivered
POI00007896,PO0003821,MAT00089,8,536.01,4288.08,Cancelled
POI00007897,PO0003822,MAT00220,8,312.21,2497.68,Delivered
POI00007898,PO0003822,MAT00209,26,274.66,7141.16,Delivered
POI00007899,PO0003822,MAT00220,49,282.92,13863.08,Delivered
POI00007900,PO0003823,MAT00198,1,824.95,824.95,Delivered
POI00007901,PO0003823,MAT00200,7,65.87,461.09,Delivered
POI00007902,PO0003823,MAT00195,71,146.41,10395.11,Delivered
POI00007903,PO0003823,MAT00187,12,336.75,4041.0,Delivered
POI00007904,PO0003824,MAT00002,160,100.48,16076.8,Pending
POI00007905,PO0003825,MAT00083,46,55.14,2536.44,Delivered
POI00007906,PO0003825,MAT00094,43,104.84,4508.12,Delivered
POI00007907,PO0003825,MAT00080,12,196.68,2360.16,Cancelled
POI00007908,PO0003825,MAT00090,92,272.29,25050.68,Cancelled
POI00007909,PO0003826,MAT00034,4,87.14,348.56,Pending
POI00007910,PO0003826,MAT00126,14,219.08,3067.12,Cancelled
POI00007911,PO0003827,MAT00015,42,48.69,2044.98,Partially Delivered
POI00007912,PO0003828,MAT00076,13,67.68,879.84,Delivered
POI00007913,PO0003828,MAT00079,36,639.56,23024.16,Delivered
POI00007914,PO0003828,MAT00092,22,660.53,14531.66,Delivered
POI00007915,PO0003829,MAT00087,47,311.16,14624.52,Partially Delivered
POI00007916,PO0003829,MAT00098,3,420.59,1261.77,Pending
POI00007917,PO0003829,MAT00086,17,96.23,1635.91,Delivered
POI00007918,PO0003829,MAT00081,7,98.53,689.71,Partially Delivered
POI00007919,PO0003830,MAT00011,26,56.5,1469.0,Delivered
POI00007920,PO0003830,MAT00015,13,50.26,653.38,Delivered
POI00007921,PO0003830,MAT00022,26,116.34,3024.84,Delivered
POI00007922,PO0003831,MAT00058,82,59.05,4842.1,Delivered
POI00007923,PO0003831,MAT00060,85,126.37,10741.45,Delivered
POI00007924,PO0003831,MAT00051,46,62.84,2890.64,Delivered
POI00007925,PO0003832,MAT00117,7,149.27,1044.89,Pending
POI00007926,PO0003833,MAT00225,1,426.21,426.21,Delivered
POI00007927,PO0003834,MAT00225,32,522.09,16706.88,Delivered
POI00007928,PO0003834,MAT00211,32,273.7,8758.4,Delivered
POI00007929,PO0003834,MAT00214,61,770.78,47017.58,Delivered
POI00007930,PO0003834,MAT00202,16,64.52,1032.32,Delivered
POI00007931,PO0003835,MAT00129,97,130.11,12620.67,Pending
POI00007932,PO0003835,MAT00133,23,95.12,2187.76,Delivered
POI00007933,PO0003836,MAT00159,13,594.01,7722.13,Delivered
POI00007934,PO0003837,MAT00115,18,33.2,597.6,Pending
POI00007935,PO0003838,MAT00019,50,359.56,17978.0,Delivered
POI00007936,PO0003838,MAT00002,18,108.1,1945.8,Delivered
POI00007937,PO0003839,MAT00080,77,166.51,12821.27,Delivered
POI00007938,PO0003839,MAT00083,67,53.67,3595.89,Delivered
POI00007939,PO0003840,MAT00067,4,576.06,2304.24,Delivered
POI00007940,PO0003840,MAT00056,25,63.95,1598.75,Delivered
POI00007941,PO0003840,MAT00067,9,598.28,5384.52,Delivered
POI00007942,PO0003841,MAT00093,19,545.94,10372.86,Delivered
POI00007943,PO0003842,MAT00058,6,65.15,390.9,Pending
POI00007944,PO0003843,MAT00081,7,98.25,687.75,Pending
POI00007945,PO0003843,MAT00098,8,424.28,3394.24,Pending
POI00007946,PO0003843,MAT00086,19,97.16,1846.04,Delivered
POI00007947,PO0003843,MAT00087,7,349.42,2445.94,Delivered
POI00007948,PO0003844,MAT00141,28,42.66,1194.48,Delivered
POI00007949,PO0003845,MAT00139,37,153.54,5680.98,Delivered
POI00007950,PO0003845,MAT00148,5,71.97,359.85,Delivered
POI00007951,PO0003845,MAT00143,12,52.12,625.44,Delivered
POI00007952,PO0003846,MAT00099,15,798.34,11975.1,Delivered
POI00007953,PO0003846,MAT00099,10,900.76,9007.6,Pending
POI00007954,PO0003846,MAT00085,136,544.15,74004.4,Pending
POI00007955,PO0003846,MAT00078,42,89.85,3773.7,Delivered
POI00007956,PO0003847,MAT00249,43,287.35,12356.05,Delivered
POI00007957,PO0003847,MAT00246,18,336.05,6048.9,Delivered
POI00007958,PO0003847,MAT00250,18,3125.8,56264.4,Delivered
POI00007959,PO0003848,MAT00211,13,295.46,3840.98,Delivered
POI00007960,PO0003848,MAT00225,103,453.31,46690.93,Delivered
POI00007961,PO0003849,MAT00093,7,555.76,3890.32,Delivered
POI00007962,PO0003849,MAT00093,24,575.48,13811.52,Delivered
POI00007963,PO0003850,MAT00137,79,270.53,21371.87,Cancelled
POI00007964,PO0003850,MAT00141,122,44.85,5471.7,Pending
POI00007965,PO0003850,MAT00130,2,88.89,177.78,Partially Delivered
POI00007966,PO0003850,MAT00146,35,263.26,9214.1,Delivered
POI00007967,PO0003851,MAT00239,12,692.78,8313.36,Delivered
POI00007968,PO0003852,MAT00210,29,352.0,10208.0,Delivered
POI00007969,PO0003853,MAT00265,41,758.16,31084.56,Delivered
POI00007970,PO0003853,MAT00253,63,114.12,7189.56,Delivered
POI00007971,PO0003854,MAT00113,11,1160.18,12761.98,Delivered
POI00007972,PO0003855,MAT00083,4,64.44,257.76,Pending
POI00007973,PO0003855,MAT00042,33,53.56,1767.48,Delivered
POI00007974,PO0003856,MAT00179,16,100.47,1607.52,Delivered
POI00007975,PO0003856,MAT00179,19,93.15,1769.85,Delivered
POI00007976,PO0003856,MAT00192,4,167.67,670.68,Delivered
POI00007977,PO0003856,MAT00185,12,211.72,2540.64,Delivered
POI00007978,PO0003857,MAT00168,37,103.93,3845.41,Delivered
POI00007979,PO0003857,MAT00154,52,148.54,7724.08,Delivered
POI00007980,PO0003858,MAT00052,14,677.76,9488.64,Delivered
POI00007981,PO0003859,MAT00182,5,52.67,263.35,Delivered
POI00007982,PO0003859,MAT00044,7,534.49,3741.43,Delivered
POI00007983,PO0003859,MAT00043,60,273.66,16419.6,Delivered
POI00007984,PO0003859,MAT00241,12,142.49,1709.88,Delivered
POI00007985,PO0003860,MAT00121,51,1758.4,89678.4,Cancelled
POI00007986,PO0003860,MAT00102,42,236.51,9933.42,Delivered
POI00007987,PO0003861,MAT00111,14,77.14,1079.96,Delivered
POI00007988,PO0003861,MAT00111,9,79.85,718.65,Delivered
POI00007989,PO0003861,MAT00111,182,70.99,12920.18,Delivered
POI00007990,PO0003862,MAT00191,42,947.93,39813.06,Delivered
POI00007991,PO0003862,MAT00191,12,873.55,10482.6,Delivered
POI00007992,PO0003863,MAT00089,4,528.02,2112.08,Delivered
POI00007993,PO0003864,MAT00044,7,437.36,3061.52,Delivered
POI00007994,PO0003864,MAT00039,8,200.06,1600.48,Delivered
POI00007995,PO0003865,MAT00214,4,677.32,2709.28,Delivered
POI00007996,PO0003865,MAT00211,22,316.12,6954.64,Delivered
POI00007997,PO0003866,MAT00074,9,236.93,2132.37,Delivered
POI00007998,PO0003866,MAT00072,19,559.42,10628.98,Cancelled
POI00007999,PO0003867,MAT00053,13,918.24,11937.12,Delivered
POI00008000,PO0003867,MAT00073,36,441.15,15881.4,Delivered
POI00008001,PO0003867,MAT00070,22,154.91,3408.02,Delivered
POI00008002,PO0003868,MAT00098,7,382.58,2678.06,Delivered
POI00008003,PO0003869,MAT00039,26,172.05,4473.3,Partially Delivered
POI00008004,PO0003869,MAT00044,20,524.5,10490.0,Pending
POI00008005,PO0003869,MAT00044,48,515.63,24750.24,Cancelled
POI00008006,PO0003870,MAT00280,22,504.06,11089.32,Delivered
POI00008007,PO0003871,MAT00196,25,458.44,11461.0,Delivered
POI00008008,PO0003871,MAT00197,10,448.68,4486.8,Delivered
POI00008009,PO0003872,MAT00156,6,166.27,997.62,Delivered
POI00008010,PO0003872,MAT00244,13,186.23,2420.99,Delivered
POI00008011,PO0003873,MAT00158,8,1472.19,11777.52,Delivered
POI00008012,PO0003873,MAT00158,20,1297.76,25955.2,Delivered
POI00008013,PO0003873,MAT00158,91,1341.79,122102.89,Delivered
POI00008014,PO0003874,MAT00250,25,3188.6,79715.0,Delivered
POI00008015,PO0003874,MAT00249,62,312.76,19391.12,Delivered
POI00008016,PO0003875,MAT00163,2,166.02,332.04,Delivered
POI00008017,PO0003875,MAT00171,23,509.85,11726.55,Delivered
POI00008018,PO0003875,MAT00170,8,68.6,548.8,Delivered
POI00008019,PO0003875,MAT00166,95,158.09,15018.55,Delivered
POI00008020,PO0003876,MAT00014,5,79.69,398.45,Partially Delivered
POI00008021,PO0003877,MAT00073,6,551.41,3308.46,Delivered
POI00008022,PO0003878,MAT00211,51,292.34,14909.34,Delivered
POI00008023,PO0003878,MAT00214,47,719.94,33837.18,Delivered
POI00008024,PO0003878,MAT00202,3,57.77,173.31,Delivered
POI00008025,PO0003878,MAT00225,55,488.46,26865.3,Delivered
POI00008026,PO0003879,MAT00249,21,279.8,5875.8,Cancelled
POI00008027,PO0003879,MAT00246,16,295.72,4731.52,Delivered
POI00008028,PO0003879,MAT00244,24,169.81,4075.44,Cancelled
POI00008029,PO0003880,MAT00216,69,123.52,8522.88,Delivered
POI00008030,PO0003880,MAT00208,34,40.07,1362.38,Delivered
POI00008031,PO0003880,MAT00212,9,48.42,435.78,Delivered
POI00008032,PO0003880,MAT00218,26,71.05,1847.3,Delivered
POI00008033,PO0003881,MAT00289,27,242.18,6538.86,Delivered
POI00008034,PO0003881,MAT00294,14,575.73,8060.22,Delivered
POI00008035,PO0003881,MAT00288,42,1026.3,43104.6,Delivered
POI00008036,PO0003881,MAT00276,21,53.36,1120.56,Delivered
POI00008037,PO0003882,MAT00123,51,415.76,21203.76,Delivered
POI00008038,PO0003882,MAT00105,24,56.2,1348.8,Delivered
POI00008039,PO0003883,MAT00295,7,85.76,600.32,Delivered
POI00008040,PO0003883,MAT00211,57,342.14,19501.98,Delivered
POI00008041,PO0003884,MAT00162,4,2421.01,9684.04,Delivered
POI00008042,PO0003884,MAT00157,85,39.61,3366.85,Partially Delivered
POI00008043,PO0003884,MAT00167,16,165.01,2640.16,Delivered
POI00008044,PO0003884,MAT00169,81,406.85,32954.85,Delivered
POI00008045,PO0003885,MAT00236,57,197.72,11270.04,Cancelled
POI00008046,PO0003886,MAT00030,7,217.12,1519.84,Partially Delivered
POI00008047,PO0003886,MAT00032,25,77.77,1944.25,Pending
POI00008048,PO0003887,MAT00061,9,255.42,2298.78,Delivered
POI00008049,PO0003888,MAT00250,12,2782.7,33392.4,Delivered
POI00008050,PO0003888,MAT00244,98,203.94,19986.12,Pending
POI00008051,PO0003888,MAT00246,26,289.25,7520.5,Cancelled
POI00008052,PO0003889,MAT00139,33,131.28,4332.24,Delivered
POI00008053,PO0003889,MAT00244,168,205.73,34562.64,Delivered
POI00008054,PO0003890,MAT00260,16,325.13,5202.08,Delivered
POI00008055,PO0003890,MAT00251,16,133.54,2136.64,Delivered
POI00008056,PO0003891,MAT00014,17,68.48,1164.16,Pending
POI00008057,PO0003892,MAT00002,10,103.12,1031.2,Pending
POI00008058,PO0003892,MAT00019,18,296.56,5338.08,Delivered
POI00008059,PO0003892,MAT00019,25,320.17,8004.25,Pending
POI00008060,PO0003892,MAT00019,4,341.36,1365.44,Pending
POI00008061,PO0003893,MAT00191,16,885.67,14170.72,Delivered
POI00008062,PO0003894,MAT00223,9,243.1,2187.9,Delivered
POI00008063,PO0003894,MAT00205,20,150.87,3017.4,Delivered
POI00008064,PO0003895,MAT00199,2,497.93,995.86,Delivered
POI00008065,PO0003895,MAT00184,3,508.03,1524.09,Delivered
POI00008066,PO0003896,MAT00256,14,150.99,2113.86,Pending
POI00008067,PO0003896,MAT00270,58,543.79,31539.82,Pending
POI00008068,PO0003897,MAT00013,31,110.08,3412.48,Delivered
POI00008069,PO0003898,MAT00027,14,213.42,2987.88,Delivered
POI00008070,PO0003898,MAT00035,16,757.07,12113.12,Delivered
POI00008071,PO0003899,MAT00069,35,227.04,7946.4,Pending
POI00008072,PO0003899,MAT00057,1,157.48,157.48,Delivered
POI00008073,PO0003899,MAT00064,3,122.39,367.17,Pending
POI00008074,PO0003899,MAT00062,24,76.21,1829.04,Delivered
POI00008075,PO0003900,MAT00043,14,259.8,3637.2,Delivered
POI00008076,PO0003901,MAT00221,45,144.42,6498.9,Delivered
POI00008077,PO0003901,MAT00223,21,226.57,4757.97,Partially Delivered
POI00008078,PO0003901,MAT00205,6,152.83,916.98,Partially Delivered
POI00008079,PO0003902,MAT00192,76,188.68,14339.68,Delivered
POI00008080,PO0003903,MAT00153,4,142.84,571.36,Pending
POI00008081,PO0003903,MAT00092,23,576.63,13262.49,Partially Delivered
POI00008082,PO0003904,MAT00132,10,114.28,1142.8,Delivered
POI00008083,PO0003904,MAT00128,20,89.14,1782.8,Delivered
POI00008084,PO0003904,MAT00140,23,98.71,2270.33,Delivered
POI00008085,PO0003904,MAT00145,11,245.92,2705.12,Delivered
POI00008086,PO0003905,MAT00259,60,252.06,15123.6,Partially Delivered
POI00008087,PO0003905,MAT00255,41,1048.67,42995.47,Pending
POI00008088,PO0003905,MAT00255,6,1322.19,7933.14,Pending
POI00008089,PO0003905,MAT00255,21,1148.35,24115.35,Delivered
POI00008090,PO0003906,MAT00064,12,121.63,1459.56,Delivered
POI00008091,PO0003906,MAT00057,46,169.57,7800.22,Delivered
POI00008092,PO0003906,MAT00055,4,9.66,38.64,Delivered
POI00008093,PO0003907,MAT00293,29,161.83,4693.07,Delivered
POI00008094,PO0003907,MAT00280,18,570.69,10272.42,Delivered
POI00008095,PO0003907,MAT00297,10,194.58,1945.8,Delivered
POI00008096,PO0003908,MAT00158,24,1291.01,30984.24,Delivered
POI00008097,PO0003908,MAT00158,9,1341.09,12069.81,Delivered
POI00008098,PO0003909,MAT00215,83,129.44,10743.52,Delivered
POI00008099,PO0003909,MAT00206,26,721.88,18768.88,Delivered
POI00008100,PO0003910,MAT00117,14,139.27,1949.78,Delivered
POI00008101,PO0003911,MAT00295,50,103.68,5184.0,Partially Delivered
POI00008102,PO0003911,MAT00287,33,476.5,15724.5,Delivered
POI00008103,PO0003912,MAT00068,24,133.3,3199.2,Delivered
POI00008104,PO0003912,MAT00106,34,124.81,4243.54,Delivered
POI00008105,PO0003913,MAT00234,45,259.34,11670.3,Cancelled
POI00008106,PO0003913,MAT00248,47,539.33,25348.51,Partially Delivered
POI00008107,PO0003913,MAT00248,17,551.39,9373.63,Partially Delivered
POI00008108,PO0003914,MAT00010,42,146.04,6133.68,Cancelled
POI00008109,PO0003914,MAT00008,4,97.63,390.52,Pending
POI00008110,PO0003915,MAT00250,33,2947.8,97277.4,Delivered
POI00008111,PO0003915,MAT00098,12,440.74,5288.88,Delivered
POI00008112,PO0003916,MAT00248,9,529.52,4765.68,Pending
POI00008113,PO0003916,MAT00248,7,438.54,3069.78,Cancelled
POI00008114,PO0003916,MAT00248,8,446.12,3568.96,Pending
POI00008115,PO0003916,MAT00248,69,455.67,31441.23,Delivered
POI00008116,PO0003917,MAT00110,1,450.26,450.26,Delivered
POI00008117,PO0003918,MAT00079,110,739.29,81321.9,Delivered
POI00008118,PO0003919,MAT00042,7,49.47,346.29,Pending
POI00008119,PO0003919,MAT00048,4,230.34,921.36,Pending
POI00008120,PO0003920,MAT00007,27,853.9,23055.3,Delivered
POI00008121,PO0003921,MAT00270,66,476.3,31435.8,Pending
POI00008122,PO0003921,MAT00263,14,499.76,6996.64,Delivered
POI00008123,PO0003922,MAT00004,16,206.64,3306.24,Partially Delivered
POI00008124,PO0003922,MAT00004,12,209.41,2512.92,Cancelled
POI00008125,PO0003923,MAT00018,25,331.4,8285.0,Delivered
POI00008126,PO0003923,MAT00008,19,101.73,1932.87,Delivered
POI00008127,PO0003924,MAT00275,18,286.73,5161.14,Delivered
POI00008128,PO0003924,MAT00252,2,748.1,1496.2,Delivered
POI00008129,PO0003925,MAT00206,10,718.36,7183.6,Delivered
POI00008130,PO0003925,MAT00215,35,122.63,4292.05,Delivered
POI00008131,PO0003926,MAT00247,22,727.41,16003.02,Delivered
POI00008132,PO0003927,MAT00186,31,288.69,8949.39,Delivered
POI00008133,PO0003927,MAT00186,21,297.36,6244.56,Delivered
POI00008134,PO0003928,MAT00247,23,609.14,14010.22,Cancelled
POI00008135,PO0003928,MAT00243,8,1224.41,9795.28,Pending
POI00008136,PO0003928,MAT00236,63,192.79,12145.77,Cancelled
POI00008137,PO0003929,MAT00213,5,313.61,1568.05,Delivered
POI00008138,PO0003929,MAT00204,5,1307.77,6538.85,Delivered
POI00008139,PO0003930,MAT00258,41,111.7,4579.7,Delivered
POI00008140,PO0003930,MAT00253,3,108.33,324.99,Delivered
POI00008141,PO0003931,MAT00144,15,91.45,1371.75,Delivered
POI00008142,PO0003932,MAT00014,9,68.75,618.75,Pending
POI00008143,PO0003932,MAT00022,201,109.48,22005.48,Delivered
POI00008144,PO0003932,MAT00017,9,397.12,3574.08,Partially Delivered
POI00008145,PO0003933,MAT00187,47,330.17,15517.99,Delivered
POI00008146,PO0003934,MAT00286,40,750.74,30029.6,Delivered
POI00008147,PO0003934,MAT00095,6,27.12,162.72,Delivered
POI00008148,PO0003935,MAT00103,66,86.23,5691.18,Delivered
POI00008149,PO0003935,MAT00125,27,58.3,1574.1,Delivered
POI00008150,PO0003936,MAT00057,7,176.52,1235.64,Delivered
POI00008151,PO0003937,MAT00183,18,15.98,287.64,Delivered
POI00008152,PO0003937,MAT00199,21,441.69,9275.49,Delivered
POI00008153,PO0003938,MAT00235,56,276.82,15501.92,Delivered
POI00008154,PO0003938,MAT00242,6,186.1,1116.6,Delivered
POI00008155,PO0003938,MAT00235,16,285.11,4561.76,Delivered
POI00008156,PO0003939,MAT00152,18,325.65,5861.7,Delivered
POI00008157,PO0003939,MAT00157,18,36.58,658.44,Delivered
POI00008158,PO0003940,MAT00075,39,108.03,4213.17,Delivered
POI00008159,PO0003940,MAT00065,10,144.67,1446.7,Delivered
POI00008160,PO0003940,MAT00065,2,142.05,284.1,Delivered
POI00008161,PO0003940,MAT00065,9,149.42,1344.78,Delivered
POI00008162,PO0003941,MAT00263,15,460.92,6913.8,Delivered
POI00008163,PO0003941,MAT00194,35,875.7,30649.5,Delivered
POI00008164,PO0003942,MAT00150,9,215.41,1938.69,Cancelled
POI00008165,PO0003942,MAT00133,37,90.1,3333.7,Pending
POI00008166,PO0003943,MAT00230,18,405.5,7299.0,Delivered
POI00008167,PO0003943,MAT00229,18,462.34,8322.12,Delivered
POI00008168,PO0003944,MAT00102,130,242.31,31500.3,Partially Delivered
POI00008169,PO0003945,MAT00113,14,1389.09,19447.26,Delivered
POI00008170,PO0003945,MAT00113,27,1228.46,33168.42,Pending
POI00008171,PO0003945,MAT00110,123,514.16,63241.68,Partially Delivered
POI00008172,PO0003945,MAT00110,17,509.15,8655.55,Partially Delivered
POI00008173,PO0003946,MAT00282,11,229.29,2522.19,Delivered
POI00008174,PO0003947,MAT00178,62,1227.73,76119.26,Pending
POI00008175,PO0003947,MAT00182,56,49.37,2764.72,Partially Delivered
POI00008176,PO0003947,MAT00182,63,49.92,3144.96,Pending
POI00008177,PO0003947,MAT00182,6,62.35,374.1,Partially Delivered
POI00008178,PO0003948,MAT00140,4,100.68,402.72,Delivered
POI00008179,PO0003948,MAT00121,27,1628.15,43960.05,Delivered
POI00008180,PO0003948,MAT00216,23,123.14,2832.22,Delivered
POI00008181,PO0003949,MAT00239,52,658.25,34229.0,Delivered
POI00008182,PO0003949,MAT00233,30,248.54,7456.2,Delivered
POI00008183,PO0003950,MAT00242,11,169.19,1861.09,Delivered
POI00008184,PO0003951,MAT00188,14,146.09,2045.26,Cancelled
POI00008185,PO0003951,MAT00194,13,873.23,11351.99,Delivered
POI00008186,PO0003952,MAT00298,8,34.84,278.72,Delivered
POI00008187,PO0003952,MAT00285,26,75.44,1961.44,Delivered
POI00008188,PO0003952,MAT00281,56,75.8,4244.8,Cancelled
POI00008189,PO0003953,MAT00166,35,148.5,5197.5,Delivered
POI00008190,PO0003953,MAT00163,32,141.43,4525.76,Delivered
POI00008191,PO0003954,MAT00079,9,678.82,6109.38,Pending
POI00008192,PO0003954,MAT00092,73,722.0,52706.0,Partially Delivered
POI00008193,PO0003955,MAT00287,16,442.69,7083.04,Delivered
POI00008194,PO0003955,MAT00290,12,1567.7,18812.4,Delivered
POI00008195,PO0003956,MAT00252,16,741.24,11859.84,Pending
POI00008196,PO0003956,MAT00275,4,257.74,1030.96,Delivered
POI00008197,PO0003957,MAT00111,32,81.43,2605.76,Delivered
POI00008198,PO0003957,MAT00111,14,75.65,1059.1,Delivered
POI00008199,PO0003957,MAT00111,8,71.49,571.92,Delivered
POI00008200,PO0003957,MAT00111,36,78.86,2838.96,Delivered
POI00008201,PO0003958,MAT00158,6,1340.05,8040.3,Delivered
POI00008202,PO0003958,MAT00158,31,1239.67,38429.77,Partially Delivered
POI00008203,PO0003959,MAT00237,19,855.88,16261.72,Delivered
POI00008204,PO0003960,MAT00238,37,149.45,5529.65,Delivered
POI00008205,PO0003961,MAT00065,65,155.96,10137.4,Cancelled
POI00008206,PO0003961,MAT00065,82,140.68,11535.76,Delivered
POI00008207,PO0003961,MAT00075,9,123.94,1115.46,Partially Delivered
POI00008208,PO0003962,MAT00153,6,153.33,919.98,Delivered
POI00008209,PO0003963,MAT00054,22,558.03,12276.66,Pending
POI00008210,PO0003964,MAT00020,22,371.74,8178.28,Delivered
POI00008211,PO0003964,MAT00012,7,378.95,2652.65,Delivered
POI00008212,PO0003965,MAT00111,11,76.94,846.34,Delivered
POI00008213,PO0003965,MAT00111,28,79.44,2224.32,Delivered
POI00008214,PO0003965,MAT00111,50,77.96,3898.0,Cancelled
POI00008215,PO0003966,MAT00174,11,292.7,3219.7,Pending
POI00008216,PO0003967,MAT00276,21,53.12,1115.52,Cancelled
POI00008217,PO0003967,MAT00289,24,230.49,5531.76,Partially Delivered
POI00008218,PO0003967,MAT00284,20,336.83,6736.6,Partially Delivered
POI00008219,PO0003967,MAT00279,4,410.21,1640.84,Delivered
POI00008220,PO0003968,MAT00005,2,237.72,475.44,Delivered
POI00008221,PO0003968,MAT00009,140,421.84,59057.6,Delivered
POI00008222,PO0003968,MAT00023,66,562.4,37118.4,Delivered
POI00008223,PO0003969,MAT00242,56,179.82,10069.92,Delivered
POI00008224,PO0003969,MAT00242,22,190.25,4185.5,Delivered
POI00008225,PO0003969,MAT00242,40,190.73,7629.2,Delivered
POI00008226,PO0003970,MAT00237,7,945.37,6617.59,Pending
POI00008227,PO0003970,MAT00237,6,882.32,5293.92,Delivered
POI00008228,PO0003970,MAT00237,27,775.18,20929.86,Delivered
POI00008229,PO0003970,MAT00231,3,384.29,1152.87,Partially Delivered
POI00008230,PO0003971,MAT00194,15,862.92,12943.8,Delivered
POI00008231,PO0003972,MAT00198,7,822.36,5756.52,Delivered
POI00008232,PO0003972,MAT00195,13,141.88,1844.44,Delivered
POI00008233,PO0003973,MAT00183,2,15.44,30.88,Partially Delivered
POI00008234,PO0003974,MAT00106,14,113.13,1583.82,Delivered
POI00008235,PO0003974,MAT00112,29,544.07,15778.03,Delivered
POI00008236,PO0003974,MAT00121,15,1938.41,29076.15,Delivered
POI00008237,PO0003974,MAT00102,6,272.93,1637.58,Delivered
POI00008238,PO0003975,MAT00288,46,910.14,41866.44,Cancelled
POI00008239,PO0003975,MAT00279,5,399.68,1998.4,Pending
POI00008240,PO0003976,MAT00277,35,1317.19,46101.65,Pending
POI00008241,PO0003977,MAT00273,19,513.82,9762.58,Pending
POI00008242,PO0003977,MAT00274,46,291.94,13429.24,Pending
POI00008243,PO0003977,MAT00256,41,155.14,6360.74,Partially Delivered
POI00008244,PO0003978,MAT00258,8,118.08,944.64,Delivered
POI00008245,PO0003979,MAT00283,93,50.56,4702.08,Delivered
POI00008246,PO0003979,MAT00073,12,494.54,5934.48,Delivered
POI00008247,PO0003979,MAT00163,9,167.3,1505.7,Delivered
POI00008248,PO0003980,MAT00181,20,191.5,3830.0,Delivered
POI00008249,PO0003980,MAT00180,2,298.74,597.48,Pending
POI00008250,PO0003981,MAT00155,10,548.21,5482.1,Delivered
POI00008251,PO0003981,MAT00151,89,257.63,22929.07,Delivered
POI00008252,PO0003981,MAT00175,32,1679.45,53742.4,Delivered
POI00008253,PO0003982,MAT00209,32,276.98,8863.36,Delivered
POI00008254,PO0003983,MAT00158,14,1180.19,16522.66,Delivered
POI00008255,PO0003984,MAT00197,11,493.22,5425.42,Delivered
POI00008256,PO0003984,MAT00196,12,487.52,5850.24,Delivered
POI00008257,PO0003985,MAT00211,169,285.33,48220.77,Delivered
POI00008258,PO0003985,MAT00225,26,528.28,13735.28,Delivered
POI00008259,PO0003986,MAT00253,71,115.3,8186.3,Delivered
POI00008260,PO0003987,MAT00235,69,247.4,17070.6,Delivered
POI00008261,PO0003988,MAT00191,37,893.3,33052.1,Pending
POI00008262,PO0003989,MAT00066,3,115.87,347.61,Cancelled
POI00008263,PO0003989,MAT00054,19,513.18,9750.42,Cancelled
POI00008264,PO0003989,MAT00061,11,266.89,2935.79,Delivered
POI00008265,PO0003990,MAT00024,96,118.86,11410.56,Delivered
POI00008266,PO0003991,MAT00245,19,98.99,1880.81,Delivered
POI00008267,PO0003992,MAT00043,2,290.36,580.72,Delivered
POI00008268,PO0003993,MAT00093,47,605.76,28470.72,Delivered
POI00008269,PO0003993,MAT00093,14,654.37,9161.18,Delivered
POI00008270,PO0003993,MAT00093,4,591.23,2364.92,Delivered
POI00008271,PO0003994,MAT00231,14,408.43,5718.02,Delivered
POI00008272,PO0003994,MAT00237,47,845.61,39743.67,Delivered
POI00008273,PO0003995,MAT00283,25,61.0,1525.0,Pending
POI00008274,PO0003996,MAT00222,2,220.57,441.14,Delivered
POI00008275,PO0003997,MAT00089,56,512.27,28687.12,Delivered
POI00008276,PO0003997,MAT00089,9,453.71,4083.39,Delivered
POI00008277,PO0003998,MAT00020,64,396.93,25403.52,Pending
POI00008278,PO0003999,MAT00036,37,95.68,3540.16,Pending
POI00008279,PO0004000,MAT00111,18,70.26,1264.68,Delivered
POI00008280,PO0004000,MAT00111,13,67.66,879.58,Delivered
POI00008281,PO0004001,MAT00262,18,754.08,13573.44,Delivered
POI00008282,PO0004001,MAT00262,9,776.19,6985.71,Delivered
POI00008283,PO0004001,MAT00262,9,751.22,6760.98,Delivered
POI00008284,PO0004001,MAT00262,30,655.4,19662.0,Delivered
POI00008285,PO0004002,MAT00055,32,8.71,278.72,Delivered
POI00008286,PO0004003,MAT00180,173,285.96,49471.08,Delivered
POI00008287,PO0004003,MAT00181,15,175.21,2628.15,Delivered
POI00008288,PO0004003,MAT00181,46,184.79,8500.34,Delivered
POI00008289,PO0004004,MAT00150,14,200.36,2805.04,Delivered
POI00008290,PO0004004,MAT00142,20,455.95,9119.0,Delivered
POI00008291,PO0004004,MAT00148,12,88.84,1066.08,Delivered
POI00008292,PO0004005,MAT00006,21,313.59,6585.39,Delivered
POI00008293,PO0004005,MAT00008,75,102.04,7653.0,Delivered
POI00008294,PO0004005,MAT00010,6,147.75,886.5,Delivered
POI00008295,PO0004005,MAT00003,46,1626.92,74838.32,Delivered
POI00008296,PO0004006,MAT00054,88,481.94,42410.72,Delivered
POI00008297,PO0004007,MAT00194,10,997.68,9976.8,Pending
POI00008298,PO0004007,MAT00188,8,135.84,1086.72,Cancelled
POI00008299,PO0004008,MAT00095,36,32.85,1182.6,Delivered
POI00008300,PO0004008,MAT00096,28,301.6,8444.8,Delivered
POI00008301,PO0004009,MAT00080,11,200.2,2202.2,Delivered
POI00008302,PO0004010,MAT00022,51,105.45,5377.95,Delivered
POI00008303,PO0004011,MAT00244,18,184.4,3319.2,Delivered
POI00008304,PO0004011,MAT00246,16,350.46,5607.36,Delivered
POI00008305,PO0004011,MAT00249,42,314.82,13222.44,Delivered
POI00008306,PO0004012,MAT00029,97,201.39,19534.83,Delivered
POI00008307,PO0004013,MAT00168,12,98.9,1186.8,Pending
POI00008308,PO0004014,MAT00152,17,293.08,4982.36,Pending
POI00008309,PO0004014,MAT00167,5,147.96,739.8,Pending
POI00008310,PO0004015,MAT00035,15,741.31,11119.65,Partially Delivered
POI00008311,PO0004015,MAT00026,5,524.68,2623.4,Partially Delivered
POI00008312,PO0004015,MAT00027,24,190.43,4570.32,Pending
POI00008313,PO0004016,MAT00215,2,118.59,237.18,Delivered
POI00008314,PO0004017,MAT00234,20,273.41,5468.2,Delivered
POI00008315,PO0004018,MAT00111,39,74.4,2901.6,Delivered
POI00008316,PO0004018,MAT00111,6,83.12,498.72,Delivered
POI00008317,PO0004018,MAT00111,28,70.57,1975.96,Delivered
POI00008318,PO0004019,MAT00076,7,71.78,502.46,Delivered
POI00008319,PO0004019,MAT00092,7,662.35,4636.45,Delivered
POI00008320,PO0004019,MAT00091,13,282.03,3666.39,Delivered
POI00008321,PO0004020,MAT00211,40,336.4,13456.0,Delivered
POI00008322,PO0004020,MAT00225,7,445.01,3115.07,Delivered
POI00008323,PO0004020,MAT00214,61,755.86,46107.46,Delivered
POI00008324,PO0004021,MAT00261,27,3367.33,90917.91,Partially Delivered
POI00008325,PO0004022,MAT00038,19,722.62,13729.78,Delivered
POI00008326,PO0004023,MAT00276,31,52.78,1636.18,Delivered
POI00008327,PO0004023,MAT00299,3,88.39,265.17,Delivered
POI00008328,PO0004024,MAT00036,10,90.16,901.6,Pending
POI00008329,PO0004024,MAT00040,73,218.06,15918.38,Delivered
POI00008330,PO0004025,MAT00161,67,390.29,26149.43,Cancelled
POI00008331,PO0004025,MAT00175,18,1517.07,27307.26,Pending
POI00008332,PO0004026,MAT00210,21,366.68,7700.28,Delivered
POI00008333,PO0004026,MAT00210,1,366.86,366.86,Delivered
POI00008334,PO0004026,MAT00210,3,364.06,1092.18,Delivered
POI00008335,PO0004026,MAT00210,15,340.21,5103.15,Delivered
POI00008336,PO0004027,MAT00273,4,433.11,1732.44,Delivered
POI00008337,PO0004028,MAT00065,6,149.62,897.72,Delivered
POI00008338,PO0004029,MAT00298,31,32.11,995.41,Delivered
POI00008339,PO0004029,MAT00202,24,57.27,1374.48,Delivered
POI00008340,PO0004029,MAT00230,36,374.5,13482.0,Delivered
POI00008341,PO0004029,MAT00287,25,389.65,9741.25,Delivered
POI00008342,PO0004030,MAT00081,5,118.36,591.8,Delivered
POI00008343,PO0004030,MAT00086,7,100.61,704.27,Delivered
POI00008344,PO0004031,MAT00120,45,84.31,3793.95,Delivered
POI00008345,PO0004031,MAT00114,23,225.03,5175.69,Delivered
POI00008346,PO0004032,MAT00247,86,741.4,63760.4,Delivered
POI00008347,PO0004032,MAT00239,77,639.15,49214.55,Pending
POI00008348,PO0004033,MAT00194,12,938.93,11267.16,Pending
POI00008349,PO0004033,MAT00136,62,161.5,10013.0,Delivered
POI00008350,PO0004034,MAT00189,6,123.69,742.14,Delivered
POI00008351,PO0004034,MAT00189,26,108.07,2809.82,Delivered
POI00008352,PO0004034,MAT00189,40,115.5,4620.0,Delivered
POI00008353,PO0004035,MAT00077,14,518.93,7265.02,Delivered
POI00008354,PO0004035,MAT00082,15,137.66,2064.9,Cancelled
POI00008355,PO0004036,MAT00113,13,1196.17,15550.21,Delivered
POI00008356,PO0004036,MAT00110,130,461.57,60004.1,Pending
POI00008357,PO0004037,MAT00219,19,102.16,1941.04,Cancelled
POI00008358,PO0004037,MAT00222,4,237.99,951.96,Pending
POI00008359,PO0004037,MAT00224,5,1434.22,7171.1,Delivered
POI00008360,PO0004038,MAT00098,1,378.45,378.45,Delivered
POI00008361,PO0004038,MAT00081,111,100.31,11134.41,Delivered
POI00008362,PO0004039,MAT00206,142,803.7,114125.4,Delivered
POI00008363,PO0004039,MAT00215,4,145.78,583.12,Delivered
POI00008364,PO0004040,MAT00079,11,665.27,7317.97,Delivered
POI00008365,PO0004041,MAT00173,11,246.52,2711.72,Delivered
POI00008366,PO0004041,MAT00168,4,88.64,354.56,Delivered
POI00008367,PO0004041,MAT00154,7,167.34,1171.38,Delivered
POI00008368,PO0004042,MAT00110,12,454.86,5458.32,Delivered
POI00008369,PO0004042,MAT00113,45,1158.46,52130.7,Delivered
POI00008370,PO0004042,MAT00113,27,1338.21,36131.67,Delivered
POI00008371,PO0004042,MAT00113,11,1321.45,14535.95,Delivered
POI00008372,PO0004043,MAT00059,7,98.91,692.37,Delivered
POI00008373,PO0004043,MAT00059,61,99.52,6070.72,Delivered
POI00008374,PO0004043,MAT00059,20,94.83,1896.6,Delivered
POI00008375,PO0004043,MAT00059,4,86.7,346.8,Delivered
POI00008376,PO0004044,MAT00034,3,76.7,230.1,Pending
POI00008377,PO0004044,MAT00040,72,209.0,15048.0,Partially Delivered
POI00008378,PO0004044,MAT00036,16,107.25,1716.0,Delivered
POI00008379,PO0004045,MAT00255,245,1140.7,279471.5,Delivered
POI00008380,PO0004045,MAT00264,5,742.7,3713.5,Delivered
POI00008381,PO0004046,MAT00210,26,362.14,9415.64,Delivered
POI00008382,PO0004047,MAT00048,21,249.54,5240.34,Delivered
POI00008383,PO0004048,MAT00021,42,100.61,4225.62,Delivered
POI00008384,PO0004048,MAT00001,80,54.16,4332.8,Delivered
POI00008385,PO0004049,MAT00252,18,742.01,13356.18,Delivered
POI00008386,PO0004050,MAT00242,14,168.96,2365.44,Pending
POI00008387,PO0004050,MAT00235,32,290.14,9284.48,Pending
POI00008388,PO0004051,MAT00191,55,852.83,46905.65,Pending
POI00008389,PO0004052,MAT00235,4,288.57,1154.28,Delivered
POI00008390,PO0004053,MAT00183,5,15.03,75.15,Delivered
POI00008391,PO0004053,MAT00199,99,402.74,39871.26,Delivered
POI00008392,PO0004053,MAT00184,26,488.04,12689.04,Delivered
POI00008393,PO0004054,MAT00200,7,74.31,520.17,Delivered
POI00008394,PO0004054,MAT00195,4,164.78,659.12,Delivered
POI00008395,PO0004055,MAT00249,24,272.93,6550.32,Delivered
POI00008396,PO0004055,MAT00250,36,2769.42,99699.12,Delivered
POI00008397,PO0004056,MAT00047,4,134.08,536.32,Cancelled
POI00008398,PO0004056,MAT00034,7,79.85,558.95,Pending
POI00008399,PO0004056,MAT00049,1,75.69,75.69,Delivered
POI00008400,PO0004056,MAT00036,71,103.92,7378.32,Partially Delivered
POI00008401,PO0004057,MAT00067,3,594.86,1784.58,Partially Delivered
POI00008402,PO0004057,MAT00067,19,553.01,10507.19,Partially Delivered
POI00008403,PO0004057,MAT00056,13,74.54,969.02,Pending
POI00008404,PO0004057,MAT00056,25,68.28,1707.0,Delivered
POI00008405,PO0004058,MAT00288,14,1033.57,14469.98,Delivered
POI00008406,PO0004059,MAT00166,13,150.28,1953.64,Delivered
POI00008407,PO0004059,MAT00170,37,71.48,2644.76,Partially Delivered
POI00008408,PO0004059,MAT00171,53,425.49,22550.97,Delivered
POI00008409,PO0004060,MAT00152,25,293.51,7337.75,Delivered
POI00008410,PO0004060,MAT00157,1,39.85,39.85,Delivered
POI00008411,PO0004060,MAT00167,8,150.27,1202.16,Delivered
POI00008412,PO0004061,MAT00189,7,112.44,787.08,Pending
POI00008413,PO0004062,MAT00178,4,1090.57,4362.28,Pending
POI00008414,PO0004062,MAT00178,9,1186.08,10674.72,Cancelled
POI00008415,PO0004062,MAT00178,13,1205.86,15676.18,Pending
POI00008416,PO0004063,MAT00065,24,147.47,3539.28,Delivered
POI00008417,PO0004064,MAT00111,7,81.26,568.82,Pending
POI00008418,PO0004064,MAT00111,17,82.34,1399.78,Pending
POI00008419,PO0004065,MAT00110,186,541.94,100800.84,Delivered
POI00008420,PO0004065,MAT00110,20,491.75,9835.0,Delivered
POI00008421,PO0004065,MAT00110,15,553.68,8305.2,Delivered
POI00008422,PO0004066,MAT00110,11,522.59,5748.49,Delivered
POI00008423,PO0004067,MAT00089,14,542.68,7597.52,Delivered
POI00008424,PO0004067,MAT00089,65,539.39,35060.35,Delivered
POI00008425,PO0004068,MAT00186,15,240.72,3610.8,Delivered
POI00008426,PO0004068,MAT00186,2,291.43,582.86,Delivered
POI00008427,PO0004068,MAT00186,10,262.73,2627.3,Delivered
POI00008428,PO0004069,MAT00084,6,186.6,1119.6,Delivered
POI00008429,PO0004069,MAT00077,14,472.66,6617.24,Delivered
POI00008430,PO0004069,MAT00100,53,1021.11,54118.83,Delivered
POI00008431,PO0004070,MAT00058,57,64.29,3664.53,Delivered
POI00008432,PO0004070,MAT00052,45,685.1,30829.5,Cancelled
POI00008433,PO0004070,MAT00060,32,125.4,4012.8,Pending
POI00008434,PO0004070,MAT00051,1,66.39,66.39,Delivered
POI00008435,PO0004071,MAT00299,4,99.99,399.96,Delivered
POI00008436,PO0004071,MAT00284,55,344.11,18926.05,Delivered
POI00008437,PO0004072,MAT00252,18,766.47,13796.46,Delivered
POI00008438,PO0004072,MAT00275,65,295.47,19205.55,Delivered
POI00008439,PO0004073,MAT00235,4,268.1,1072.4,Delivered
POI00008440,PO0004073,MAT00235,16,265.04,4240.64,Delivered
POI00008441,PO0004073,MAT00242,37,178.29,6596.73,Delivered
POI00008442,PO0004073,MAT00235,10,303.78,3037.8,Delivered
POI00008443,PO0004074,MAT00013,6,125.84,755.04,Delivered
POI00008444,PO0004075,MAT00277,10,1139.46,11394.6,Delivered
POI00008445,PO0004076,MAT00220,46,273.63,12586.98,Pending
POI00008446,PO0004076,MAT00209,69,294.34,20309.46,Partially Delivered
POI00008447,PO0004077,MAT00256,17,172.79,2937.43,Delivered
POI00008448,PO0004077,MAT00273,70,435.75,30502.5,Delivered
POI00008449,PO0004078,MAT00016,27,587.65,15866.55,Delivered
POI00008450,PO0004079,MAT00119,14,154.47,2162.58,Pending
POI00008451,PO0004080,MAT00137,51,290.53,14817.03,Delivered
POI00008452,PO0004080,MAT00241,81,146.36,11855.16,Pending
POI00008453,PO0004081,MAT00065,59,142.82,8426.38,Partially Delivered
POI00008454,PO0004082,MAT00270,33,468.82,15471.06,Delivered
POI00008455,PO0004083,MAT00136,14,152.48,2134.72,Cancelled
POI00008456,PO0004083,MAT00145,12,215.46,2585.52,Delivered
POI00008457,PO0004083,MAT00141,11,52.52,577.72,Pending
POI00008458,PO0004084,MAT00063,42,193.2,8114.4,Pending
POI00008459,PO0004085,MAT00155,26,596.29,15503.54,Partially Delivered
POI00008460,PO0004085,MAT00175,26,1583.4,41168.4,Pending
POI00008461,PO0004085,MAT00151,12,282.51,3390.12,Delivered
POI00008462,PO0004086,MAT00219,33,87.52,2888.16,Partially Delivered
POI00008463,PO0004087,MAT00240,10,630.38,6303.8,Delivered
POI00008464,PO0004087,MAT00245,19,85.12,1617.28,Delivered
POI00008465,PO0004087,MAT00245,42,93.39,3922.38,Delivered
POI00008466,PO0004087,MAT00245,31,96.06,2977.86,Delivered
POI00008467,PO0004088,MAT00008,16,97.36,1557.76,Cancelled
POI00008468,PO0004089,MAT00242,28,185.69,5199.32,Delivered
POI00008469,PO0004090,MAT00040,44,197.3,8681.2,Delivered
POI00008470,PO0004090,MAT00034,31,82.76,2565.56,Delivered
POI00008471,PO0004090,MAT00049,20,69.72,1394.4,Delivered
POI00008472,PO0004091,MAT00251,33,134.01,4422.33,Delivered
POI00008473,PO0004091,MAT00254,27,484.48,13080.96,Cancelled
POI00008474,PO0004092,MAT00280,16,448.68,7178.88,Delivered
POI00008475,PO0004092,MAT00297,48,185.96,8926.08,Delivered
POI00008476,PO0004093,MAT00269,115,330.39,37994.85,Delivered
POI00008477,PO0004093,MAT00192,4,161.36,645.44,Delivered
POI00008478,PO0004094,MAT00168,11,97.87,1076.57,Delivered
POI00008479,PO0004095,MAT00029,18,213.84,3849.12,Delivered
POI00008480,PO0004095,MAT00042,15,45.55,683.25,Delivered
POI00008481,PO0004095,MAT00048,36,206.4,7430.4,Delivered
POI00008482,PO0004096,MAT00249,17,310.85,5284.45,Delivered
POI00008483,PO0004096,MAT00246,6,285.27,1711.62,Delivered
POI00008484,PO0004096,MAT00250,2,3269.93,6539.86,Delivered
POI00008485,PO0004096,MAT00244,9,189.35,1704.15,Delivered
POI00008486,PO0004097,MAT00246,10,340.37,3403.7,Delivered
POI00008487,PO0004098,MAT00189,33,137.24,4528.92,Delivered
POI00008488,PO0004099,MAT00055,25,8.71,217.75,Delivered
POI00008489,PO0004099,MAT00069,77,244.7,18841.9,Delivered
POI00008490,PO0004099,MAT00062,39,77.75,3032.25,Delivered
POI00008491,PO0004099,MAT00064,18,119.31,2147.58,Delivered
POI00008492,PO0004100,MAT00269,29,323.84,9391.36,Delivered
POI00008493,PO0004100,MAT00271,2,178.28,356.56,Delivered
POI00008494,PO0004100,MAT00266,157,427.7,67148.9,Delivered
POI00008495,PO0004101,MAT00046,7,504.12,3528.84,Delivered
POI00008496,PO0004101,MAT00038,31,728.61,22586.91,Delivered
POI00008497,PO0004101,MAT00041,17,2317.56,39398.52,Delivered
POI00008498,PO0004102,MAT00010,14,145.76,2040.64,Delivered
POI00008499,PO0004103,MAT00028,7,109.77,768.39,Pending
POI00008500,PO0004104,MAT00240,30,676.6,20298.0,Pending
POI00008501,PO0004104,MAT00245,34,82.67,2810.78,Pending
POI00008502,PO0004105,MAT00220,31,301.22,9337.82,Delivered
POI00008503,PO0004105,MAT00209,4,315.81,1263.24,Delivered
POI00008504,PO0004106,MAT00100,38,1081.01,41078.38,Delivered
POI00008505,PO0004106,MAT00084,7,222.63,1558.41,Delivered
POI00008506,PO0004107,MAT00182,62,56.13,3480.06,Pending
POI00008507,PO0004107,MAT00178,46,1232.45,56692.7,Pending
POI00008508,PO0004107,MAT00182,32,50.78,1624.96,Pending
POI00008509,PO0004107,MAT00178,137,1288.68,176549.16,Delivered
POI00008510,PO0004108,MAT00164,41,111.23,4560.43,Delivered
POI00008511,PO0004108,MAT00159,31,554.14,17178.34,Delivered
POI00008512,PO0004109,MAT00250,10,2641.37,26413.7,Delivered
POI00008513,PO0004110,MAT00113,75,1380.87,103565.25,Delivered
POI00008514,PO0004111,MAT00047,25,115.48,2887.0,Delivered
POI00008515,PO0004112,MAT00119,15,137.51,2062.65,Pending
POI00008516,PO0004112,MAT00119,19,164.15,3118.85,Delivered
POI00008517,PO0004112,MAT00119,22,154.05,3389.1,Delivered
POI00008518,PO0004112,MAT00119,15,134.73,2020.95,Delivered
POI00008519,PO0004113,MAT00031,26,141.42,3676.92,Partially Delivered
POI00008520,PO0004113,MAT00037,13,435.62,5663.06,Pending
POI00008521,PO0004114,MAT00076,1,70.16,70.16,Pending
POI00008522,PO0004115,MAT00107,15,757.88,11368.2,Delivered
POI00008523,PO0004115,MAT00112,2,560.69,1121.38,Delivered
POI00008524,PO0004116,MAT00205,11,130.56,1436.16,Delivered
POI00008525,PO0004117,MAT00266,15,535.1,8026.5,Partially Delivered
POI00008526,PO0004117,MAT00267,12,877.47,10529.64,Pending
POI00008527,PO0004117,MAT00257,10,533.3,5333.0,Delivered
POI00008528,PO0004118,MAT00085,26,643.44,16729.44,Delivered
POI00008529,PO0004118,MAT00078,63,103.38,6512.94,Delivered
POI00008530,PO0004118,MAT00099,21,816.24,17141.04,Delivered
POI00008531,PO0004119,MAT00156,20,181.22,3624.4,Delivered
POI00008532,PO0004120,MAT00007,17,861.58,14646.86,Delivered
POI00008533,PO0004120,MAT00021,15,102.04,1530.6,Delivered
POI00008534,PO0004121,MAT00289,17,234.22,3981.74,Pending
POI00008535,PO0004121,MAT00284,1,342.37,342.37,Pending
POI00008536,PO0004122,MAT00187,65,321.75,20913.75,Delivered
POI00008537,PO0004122,MAT00200,9,73.34,660.06,Delivered
POI00008538,PO0004123,MAT00066,41,127.67,5234.47,Partially Delivered
POI00008539,PO0004124,MAT00221,45,150.67,6780.15,Delivered
POI00008540,PO0004124,MAT00205,48,155.32,7455.36,Delivered
POI00008541,PO0004125,MAT00224,51,1638.13,83544.63,Delivered
POI00008542,PO0004126,MAT00235,41,296.39,12151.99,Delivered
POI00008543,PO0004127,MAT00170,21,75.84,1592.64,Pending
POI00008544,PO0004127,MAT00171,11,516.46,5681.06,Delivered
POI00008545,PO0004127,MAT00163,59,175.18,10335.62,Partially Delivered
POI00008546,PO0004128,MAT00111,24,82.17,1972.08,Delivered
POI00008547,PO0004129,MAT00109,11,532.66,5859.26,Delivered
POI00008548,PO0004130,MAT00027,68,191.22,13002.96,Pending
POI00008549,PO0004130,MAT00026,14,539.22,7549.08,Pending
POI00008550,PO0004130,MAT00026,5,602.2,3011.0,Pending
POI00008551,PO0004130,MAT00035,84,691.21,58061.64,Partially Delivered
POI00008552,PO0004131,MAT00098,37,362.33,13406.21,Delivered
POI00008553,PO0004132,MAT00059,98,91.42,8959.16,Delivered
POI00008554,PO0004133,MAT00232,10,66.31,663.1,Delivered
POI00008555,PO0004134,MAT00252,6,908.19,5449.14,Delivered
POI00008556,PO0004135,MAT00229,4,412.2,1648.8,Delivered
POI00008557,PO0004136,MAT00267,17,737.11,12530.87,Delivered
POI00008558,PO0004136,MAT00266,30,526.96,15808.8,Delivered
POI00008559,PO0004137,MAT00217,75,126.54,9490.5,Delivered
POI00008560,PO0004137,MAT00217,16,146.36,2341.76,Delivered
POI00008561,PO0004137,MAT00217,41,142.62,5847.42,Delivered
POI00008562,PO0004137,MAT00217,17,145.9,2480.3,Delivered
POI00008563,PO0004138,MAT00113,27,1412.89,38148.03,Delivered
POI00008564,PO0004139,MAT00113,10,1126.85,11268.5,Pending
POI00008565,PO0004140,MAT00043,3,282.12,846.36,Delivered
POI00008566,PO0004140,MAT00043,26,287.72,7480.72,Delivered
POI00008567,PO0004141,MAT00296,42,78.59,3300.78,Delivered
POI00008568,PO0004141,MAT00300,14,514.28,7199.92,Delivered
POI00008569,PO0004142,MAT00257,31,461.83,14316.73,Delivered
POI00008570,PO0004143,MAT00240,29,589.92,17107.68,Delivered
POI00008571,PO0004144,MAT00158,10,1234.37,12343.7,Delivered
POI00008572,PO0004144,MAT00158,54,1393.62,75255.48,Delivered
POI00008573,PO0004144,MAT00158,19,1307.48,24842.12,Delivered
POI00008574,PO0004144,MAT00158,7,1445.01,10115.07,Delivered
POI00008575,PO0004145,MAT00079,15,689.09,10336.35,Delivered
POI00008576,PO0004146,MAT00041,50,2654.22,132711.0,Delivered
POI00008577,PO0004146,MAT00046,21,497.26,10442.46,Delivered
POI00008578,PO0004146,MAT00046,11,420.88,4629.68,Delivered
POI00008579,PO0004146,MAT00038,84,873.76,73395.84,Delivered
POI00008580,PO0004147,MAT00192,26,178.51,4641.26,Delivered
POI00008581,PO0004147,MAT00179,35,101.41,3549.35,Delivered
POI00008582,PO0004147,MAT00185,40,202.26,8090.4,Delivered
POI00008583,PO0004148,MAT00074,63,200.08,12605.04,Delivered
POI00008584,PO0004148,MAT00063,6,197.21,1183.26,Delivered
POI00008585,PO0004149,MAT00234,128,251.43,32183.04,Cancelled
POI00008586,PO0004149,MAT00248,5,474.41,2372.05,Cancelled
POI00008587,PO0004149,MAT00248,43,458.23,19703.89,Pending
POI00008588,PO0004150,MAT00264,21,744.95,15643.95,Delivered
POI00008589,PO0004150,MAT00259,15,236.03,3540.45,Delivered
POI00008590,PO0004151,MAT00272,42,1131.56,47525.52,Delivered
POI00008591,PO0004151,MAT00265,51,775.41,39545.91,Delivered
POI00008592,PO0004152,MAT00112,25,468.44,11711.0,Partially Delivered
POI00008593,PO0004152,MAT00107,91,799.74,72776.34,Cancelled
POI00008594,PO0004153,MAT00255,31,1214.64,37653.84,Delivered
POI00008595,PO0004153,MAT00264,27,789.61,21319.47,Pending
POI00008596,PO0004154,MAT00111,27,81.35,2196.45,Delivered
POI00008597,PO0004154,MAT00111,32,68.26,2184.32,Delivered
POI00008598,PO0004154,MAT00111,153,79.87,12220.11,Delivered
POI00008599,PO0004154,MAT00111,40,67.78,2711.2,Delivered
POI00008600,PO0004155,MAT00048,15,232.7,3490.5,Pending
POI00008601,PO0004156,MAT00060,33,138.38,4566.54,Delivered
POI00008602,PO0004156,MAT00052,59,739.59,43635.81,Delivered
POI00008603,PO0004156,MAT00051,18,67.39,1213.02,Delivered
POI00008604,PO0004157,MAT00037,37,458.24,16954.88,Delivered
POI00008605,PO0004157,MAT00028,32,95.87,3067.84,Delivered
POI00008606,PO0004158,MAT00254,20,496.04,9920.8,Cancelled
POI00008607,PO0004158,MAT00251,10,127.09,1270.9,Delivered
POI00008608,PO0004159,MAT00095,3,32.51,97.53,Delivered
POI00008609,PO0004159,MAT00096,10,322.67,3226.7,Delivered
POI00008610,PO0004160,MAT00181,15,167.06,2505.9,Delivered
POI00008611,PO0004161,MAT00077,29,484.29,14044.41,Delivered
POI00008612,PO0004162,MAT00057,42,175.06,7352.52,Delivered
POI00008613,PO0004163,MAT00294,36,481.69,17340.84,Delivered
POI00008614,PO0004163,MAT00286,2,774.61,1549.22,Delivered
POI00008615,PO0004164,MAT00262,8,721.86,5774.88,Delivered
POI00008616,PO0004164,MAT00262,2,631.77,1263.54,Delivered
POI00008617,PO0004164,MAT00262,52,663.39,34496.28,Delivered
POI00008618,PO0004164,MAT00262,56,721.47,40402.32,Delivered
POI00008619,PO0004165,MAT00082,15,156.78,2351.7,Delivered
POI00008620,PO0004165,MAT00035,7,666.86,4668.02,Delivered
POI00008621,PO0004166,MAT00215,107,135.16,14462.12,Delivered
POI00008622,PO0004167,MAT00163,28,155.31,4348.68,Delivered
POI00008623,PO0004167,MAT00171,49,468.23,22943.27,Delivered
POI00008624,PO0004167,MAT00166,16,158.1,2529.6,Delivered
POI00008625,PO0004168,MAT00058,41,56.86,2331.26,Delivered
POI00008626,PO0004169,MAT00020,10,394.6,3946.0,Delivered
POI00008627,PO0004169,MAT00024,13,106.46,1383.98,Delivered
POI00008628,PO0004170,MAT00039,18,168.62,3035.16,Partially Delivered
POI00008629,PO0004170,MAT00264,32,748.82,23962.24,Delivered
POI00008630,PO0004170,MAT00218,25,62.29,1557.25,Delivered
POI00008631,PO0004170,MAT00201,29,134.51,3900.79,Delivered
POI00008632,PO0004171,MAT00169,5,346.54,1732.7,Partially Delivered
POI00008633,PO0004172,MAT00240,14,644.76,9026.64,Delivered
POI00008634,PO0004173,MAT00222,7,221.84,1552.88,Pending
POI00008635,PO0004173,MAT00219,1,100.05,100.05,Pending
POI00008636,PO0004173,MAT00224,54,1387.93,74948.22,Delivered
POI00008637,PO0004174,MAT00287,5,454.64,2273.2,Delivered
POI00008638,PO0004174,MAT00286,10,838.57,8385.7,Partially Delivered
POI00008639,PO0004175,MAT00178,50,1231.71,61585.5,Delivered
POI00008640,PO0004175,MAT00182,34,62.18,2114.12,Partially Delivered
POI00008641,PO0004176,MAT00048,14,230.48,3226.72,Delivered
POI00008642,PO0004176,MAT00029,7,186.26,1303.82,Delivered
POI00008643,PO0004176,MAT00042,25,45.74,1143.5,Delivered
POI00008644,PO0004177,MAT00231,5,415.72,2078.6,Delivered
POI00008645,PO0004178,MAT00282,9,213.41,1920.69,Delivered
POI00008646,PO0004178,MAT00289,130,227.95,29633.5,Delivered
POI00008647,PO0004178,MAT00027,24,196.98,4727.52,Delivered
POI00008648,PO0004178,MAT00041,4,2680.05,10720.2,Delivered
POI00008649,PO0004179,MAT00242,23,172.74,3973.02,Delivered
POI00008650,PO0004179,MAT00235,17,282.54,4803.18,Delivered
POI00008651,PO0004180,MAT00181,11,197.9,2176.9,Delivered
POI00008652,PO0004181,MAT00012,8,381.39,3051.12,Delivered
POI00008653,PO0004182,MAT00089,47,511.87,24057.89,Delivered
POI00008654,PO0004183,MAT00259,75,248.42,18631.5,Pending
POI00008655,PO0004183,MAT00255,8,1083.7,8669.6,Delivered
POI00008656,PO0004184,MAT00097,18,591.12,10640.16,Delivered
POI00008657,PO0004185,MAT00178,17,1105.34,18790.78,Pending
POI00008658,PO0004185,MAT00182,9,50.19,451.71,Pending
POI00008659,PO0004186,MAT00123,29,493.13,14300.77,Delivered
POI00008660,PO0004186,MAT00120,34,90.86,3089.24,Delivered
POI00008661,PO0004186,MAT00114,46,216.37,9953.02,Delivered
POI00008662,PO0004187,MAT00251,6,147.75,886.5,Delivered
POI00008663,PO0004187,MAT00260,8,349.14,2793.12,Delivered
POI00008664,PO0004188,MAT00266,42,421.83,17716.86,Delivered
POI00008665,PO0004188,MAT00268,43,189.22,8136.46,Pending
POI00008666,PO0004188,MAT00024,41,108.64,4454.24,Pending
POI00008667,PO0004188,MAT00141,12,50.55,606.6,Pending
POI00008668,PO0004189,MAT00048,42,233.97,9826.74,Delivered
POI00008669,PO0004189,MAT00042,59,48.25,2846.75,Cancelled
POI00008670,PO0004190,MAT00122,3,287.58,862.74,Partially Delivered
POI00008671,PO0004190,MAT00039,39,190.42,7426.38,Delivered
POI00008672,PO0004191,MAT00095,5,28.51,142.55,Partially Delivered
POI00008673,PO0004191,MAT00096,38,307.9,11700.2,Pending
POI00008674,PO0004192,MAT00072,73,622.75,45460.75,Delivered
POI00008675,PO0004192,MAT00196,81,469.83,38056.23,Delivered
POI00008676,PO0004193,MAT00178,5,1204.74,6023.7,Partially Delivered
POI00008677,PO0004193,MAT00178,6,1064.23,6385.38,Delivered
POI00008678,PO0004193,MAT00178,105,1150.27,120778.35,Pending
POI00008679,PO0004194,MAT00295,12,102.76,1233.12,Delivered
POI00008680,PO0004194,MAT00083,24,65.49,1571.76,Cancelled
POI00008681,PO0004194,MAT00076,2,73.81,147.62,Partially Delivered
POI00008682,PO0004194,MAT00195,27,142.73,3853.71,Delivered
POI00008683,PO0004195,MAT00001,12,64.83,777.96,Delivered
POI00008684,PO0004195,MAT00140,114,99.28,11317.92,Partially Delivered
POI00008685,PO0004196,MAT00291,55,259.62,14279.1,Delivered
POI00008686,PO0004197,MAT00191,16,779.42,12470.72,Delivered
POI00008687,PO0004198,MAT00057,26,141.9,3689.4,Delivered
POI00008688,PO0004198,MAT00069,6,224.04,1344.24,Delivered
POI00008689,PO0004199,MAT00207,8,184.09,1472.72,Delivered
POI00008690,PO0004199,MAT00204,11,1460.54,16065.94,Delivered
POI00008691,PO0004199,MAT00213,34,352.45,11983.3,Delivered
POI00008692,PO0004200,MAT00259,63,258.9,16310.7,Delivered
POI00008693,PO0004201,MAT00295,14,86.19,1206.66,Delivered
POI00008694,PO0004201,MAT00240,18,683.75,12307.5,Delivered
POI00008695,PO0004202,MAT00129,217,123.18,26730.06,Delivered
POI00008696,PO0004203,MAT00089,27,471.31,12725.37,Pending
POI00008697,PO0004203,MAT00089,8,485.66,3885.28,Delivered
POI00008698,PO0004204,MAT00262,4,737.89,2951.56,Delivered
POI00008699,PO0004205,MAT00089,110,552.5,60775.0,Pending
POI00008700,PO0004205,MAT00089,20,444.62,8892.4,Cancelled
POI00008701,PO0004206,MAT00086,11,90.81,998.91,Delivered
POI00008702,PO0004206,MAT00098,5,361.86,1809.3,Delivered
POI00008703,PO0004206,MAT00087,20,380.36,7607.2,Delivered
POI00008704,PO0004207,MAT00255,45,1307.44,58834.8,Delivered
POI00008705,PO0004207,MAT00264,87,756.87,65847.69,Cancelled
POI00008706,PO0004208,MAT00089,21,456.0,9576.0,Delivered
POI00008707,PO0004208,MAT00089,92,524.12,48219.04,Delivered
POI00008708,PO0004209,MAT00132,32,104.9,3356.8,Delivered
POI00008709,PO0004210,MAT00044,11,530.28,5833.08,Pending
POI00008710,PO0004210,MAT00188,20,137.38,2747.6,Pending
POI00008711,PO0004211,MAT00042,11,54.39,598.29,Delivered
POI00008712,PO0004212,MAT00195,64,139.12,8903.68,Delivered
POI00008713,PO0004213,MAT00239,31,686.31,21275.61,Delivered
POI00008714,PO0004214,MAT00012,62,433.09,26851.58,Delivered
POI00008715,PO0004214,MAT00024,6,126.73,760.38,Delivered
POI00008716,PO0004215,MAT00063,48,206.41,9907.68,Delivered
POI00008717,PO0004216,MAT00087,32,328.71,10518.72,Delivered
POI00008718,PO0004216,MAT00081,40,112.98,4519.2,Delivered
POI00008719,PO0004216,MAT00086,12,85.47,1025.64,Delivered
POI00008720,PO0004216,MAT00098,102,392.1,39994.2,Delivered
POI00008721,PO0004217,MAT00043,34,259.78,8832.52,Delivered
POI00008722,PO0004218,MAT00183,46,18.57,854.22,Partially Delivered
POI00008723,PO0004218,MAT00194,12,792.0,9504.0,Delivered
POI00008724,PO0004218,MAT00005,10,247.6,2476.0,Partially Delivered
POI00008725,PO0004219,MAT00110,13,489.53,6363.89,Delivered
POI00008726,PO0004219,MAT00113,50,1432.25,71612.5,Delivered
POI00008727,PO0004220,MAT00218,5,67.28,336.4,Pending
POI00008728,PO0004221,MAT00078,86,101.22,8704.92,Pending
POI00008729,PO0004221,MAT00099,17,729.87,12407.79,Partially Delivered
POI00008730,PO0004221,MAT00085,31,637.47,19761.57,Pending
POI00008731,PO0004222,MAT00226,61,49.49,3018.89,Delivered
POI00008732,PO0004223,MAT00019,27,315.29,8512.83,Delivered
POI00008733,PO0004223,MAT00002,10,123.08,1230.8,Delivered
POI00008734,PO0004223,MAT00019,33,336.18,11093.94,Delivered
POI00008735,PO0004224,MAT00186,5,267.27,1336.35,Partially Delivered
POI00008736,PO0004224,MAT00186,33,288.92,9534.36,Pending
POI00008737,PO0004224,MAT00186,20,294.04,5880.8,Delivered
POI00008738,PO0004225,MAT00096,13,261.48,3399.24,Delivered
POI00008739,PO0004225,MAT00095,26,26.73,694.98,Delivered
POI00008740,PO0004226,MAT00117,6,152.28,913.68,Delivered
POI00008741,PO0004227,MAT00144,39,92.66,3613.74,Delivered
POI00008742,PO0004227,MAT00147,45,752.54,33864.3,Delivered
POI00008743,PO0004227,MAT00134,4,67.32,269.28,Delivered
POI00008744,PO0004228,MAT00178,25,1277.28,31932.0,Delivered
POI00008745,PO0004228,MAT00182,7,57.48,402.36,Pending
POI00008746,PO0004228,MAT00178,4,1021.87,4087.48,Pending
POI00008747,PO0004228,MAT00178,39,1033.92,40322.88,Cancelled
POI00008748,PO0004229,MAT00177,15,239.29,3589.35,Delivered
POI00008749,PO0004229,MAT00177,13,258.45,3359.85,Delivered
POI00008750,PO0004229,MAT00193,15,92.53,1387.95,Pending
POI00008751,PO0004229,MAT00193,8,73.85,590.8,Pending
POI00008752,PO0004230,MAT00088,21,1269.78,26665.38,Partially Delivered
POI00008753,PO0004231,MAT00194,67,881.96,59091.32,Pending
POI00008754,PO0004231,MAT00194,46,911.93,41948.78,Delivered
POI00008755,PO0004231,MAT00188,111,131.24,14567.64,Pending
POI00008756,PO0004232,MAT00125,7,53.52,374.64,Delivered
POI00008757,PO0004232,MAT00013,73,103.94,7587.62,Partially Delivered
POI00008758,PO0004232,MAT00284,35,290.71,10174.85,Pending
POI00008759,PO0004232,MAT00272,10,1163.15,11631.5,Partially Delivered
POI00008760,PO0004233,MAT00144,26,106.59,2771.34,Delivered
POI00008761,PO0004233,MAT00131,12,240.8,2889.6,Delivered
POI00008762,PO0004234,MAT00157,46,35.52,1633.92,Delivered
POI00008763,PO0004235,MAT00210,35,330.33,11561.55,Delivered
POI00008764,PO0004236,MAT00297,25,202.82,5070.5,Delivered
POI00008765,PO0004237,MAT00139,73,156.52,11425.96,Delivered
POI00008766,PO0004238,MAT00183,13,16.75,217.75,Pending
POI00008767,PO0004238,MAT00184,87,542.37,47186.19,Delivered
POI00008768,PO0004238,MAT00199,51,430.26,21943.26,Pending
POI00008769,PO0004239,MAT00255,2,1260.71,2521.42,Pending
POI00008770,PO0004240,MAT00061,41,306.89,12582.49,Delivered
POI00008771,PO0004241,MAT00092,39,623.9,24332.1,Delivered
POI00008772,PO0004241,MAT00076,16,71.25,1140.0,Delivered
POI00008773,PO0004241,MAT00079,42,678.69,28504.98,Delivered
POI00008774,PO0004241,MAT00091,123,278.93,34308.39,Delivered
POI00008775,PO0004242,MAT00096,31,324.9,10071.9,Delivered
POI00008776,PO0004242,MAT00095,22,29.15,641.3,Delivered
POI00008777,PO0004242,MAT00095,19,26.95,512.05,Delivered
POI00008778,PO0004243,MAT00151,12,252.7,3032.4,Delivered
POI00008779,PO0004243,MAT00155,40,644.11,25764.4,Pending
POI00008780,PO0004243,MAT00161,225,387.68,87228.0,Pending
POI00008781,PO0004243,MAT00175,45,1790.93,80591.85,Delivered
POI00008782,PO0004244,MAT00122,9,277.22,2494.98,Delivered
POI00008783,PO0004244,MAT00108,68,1602.09,108942.12,Delivered
POI00008784,PO0004244,MAT00114,100,228.13,22813.0,Delivered
POI00008785,PO0004245,MAT00224,2,1437.52,2875.04,Delivered
POI00008786,PO0004246,MAT00262,3,654.73,1964.19,Delivered
POI00008787,PO0004246,MAT00262,36,690.67,24864.12,Delivered
POI00008788,PO0004247,MAT00004,59,255.23,15058.57,Partially Delivered
POI00008789,PO0004247,MAT00004,13,220.79,2870.27,Cancelled
POI00008790,PO0004248,MAT00277,77,1327.64,102228.28,Delivered
POI00008791,PO0004248,MAT00106,55,116.97,6433.35,Delivered
POI00008792,PO0004249,MAT00075,4,98.73,394.92,Delivered
POI00008793,PO0004250,MAT00033,15,104.44,1566.6,Pending
POI00008794,PO0004250,MAT00031,9,167.3,1505.7,Partially Delivered
POI00008795,PO0004251,MAT00089,17,527.06,8960.02,Delivered
POI00008796,PO0004252,MAT00044,16,516.98,8271.68,Delivered
POI00008797,PO0004253,MAT00123,23,424.99,9774.77,Partially Delivered
POI00008798,PO0004253,MAT00108,4,1326.45,5305.8,Delivered
POI00008799,PO0004253,MAT00120,7,85.79,600.53,Cancelled
POI00008800,PO0004254,MAT00044,11,511.8,5629.8,Partially Delivered
POI00008801,PO0004254,MAT00236,14,191.08,2675.12,Delivered
POI00008802,PO0004255,MAT00243,4,1324.41,5297.64,Delivered
POI00008803,PO0004256,MAT00079,15,682.29,10234.35,Delivered
POI00008804,PO0004257,MAT00040,15,196.78,2951.7,Pending
POI00008805,PO0004258,MAT00010,10,133.48,1334.8,Delivered
POI00008806,PO0004258,MAT00008,22,110.22,2424.84,Delivered
POI00008807,PO0004259,MAT00252,109,816.45,88993.05,Pending
POI00008808,PO0004259,MAT00252,69,753.29,51977.01,Delivered
POI00008809,PO0004259,MAT00252,13,766.64,9966.32,Pending
POI00008810,PO0004260,MAT00042,48,44.29,2125.92,Pending
POI00008811,PO0004260,MAT00048,19,197.92,3760.48,Delivered
POI00008812,PO0004261,MAT00046,12,421.59,5059.08,Delivered
POI00008813,PO0004262,MAT00073,8,520.3,4162.4,Delivered
POI00008814,PO0004262,MAT00053,21,806.61,16938.81,Delivered
POI00008815,PO0004263,MAT00104,296,444.13,131462.48,Delivered
POI00008816,PO0004263,MAT00118,12,654.01,7848.12,Delivered
POI00008817,PO0004264,MAT00089,2,533.1,1066.2,Pending
POI00008818,PO0004264,MAT00089,22,524.22,11532.84,Pending
POI00008819,PO0004264,MAT00089,22,458.89,10095.58,Delivered
POI00008820,PO0004265,MAT00190,37,1216.41,45007.17,Partially Delivered
POI00008821,PO0004265,MAT00235,44,304.07,13379.08,Pending
POI00008822,PO0004266,MAT00236,15,194.88,2923.2,Delivered
POI00008823,PO0004267,MAT00024,10,127.43,1274.3,Delivered
POI00008824,PO0004267,MAT00012,91,428.17,38963.47,Delivered
POI00008825,PO0004268,MAT00078,12,106.6,1279.2,Delivered
POI00008826,PO0004268,MAT00085,138,534.98,73827.24,Delivered
POI00008827,PO0004269,MAT00290,1,1475.8,1475.8,Delivered
POI00008828,PO0004269,MAT00278,14,1465.51,20517.14,Delivered
POI00008829,PO0004270,MAT00155,4,538.46,2153.84,Delivered
POI00008830,PO0004271,MAT00210,6,353.41,2120.46,Delivered
POI00008831,PO0004271,MAT00210,7,349.92,2449.44,Delivered
POI00008832,PO0004272,MAT00171,78,472.31,36840.18,Partially Delivered
POI00008833,PO0004272,MAT00170,24,69.02,1656.48,Partially Delivered
POI00008834,PO0004272,MAT00166,14,166.93,2337.02,Pending
POI00008835,PO0004272,MAT00163,243,155.95,37895.85,Pending
POI00008836,PO0004273,MAT00044,36,505.82,18209.52,Delivered
POI00008837,PO0004273,MAT00039,41,190.27,7801.07,Delivered
POI00008838,PO0004273,MAT00039,3,165.15,495.45,Delivered
POI00008839,PO0004273,MAT00044,8,466.29,3730.32,Delivered
POI00008840,PO0004274,MAT00004,6,251.86,1511.16,Partially Delivered
POI00008841,PO0004274,MAT00004,15,253.56,3803.4,Partially Delivered
POI00008842,PO0004275,MAT00209,108,264.17,28530.36,Delivered
POI00008843,PO0004275,MAT00220,6,303.68,1822.08,Delivered
POI00008844,PO0004275,MAT00220,2,282.77,565.54,Delivered
POI00008845,PO0004275,MAT00220,18,272.09,4897.62,Delivered
POI00008846,PO0004276,MAT00167,19,176.53,3354.07,Delivered
POI00008847,PO0004276,MAT00162,12,2611.08,31332.96,Delivered
POI00008848,PO0004277,MAT00241,109,139.38,15192.42,Delivered
POI00008849,PO0004277,MAT00226,27,53.17,1435.59,Delivered
POI00008850,PO0004277,MAT00227,47,246.63,11591.61,Delivered
POI00008851,PO0004278,MAT00182,11,54.86,603.46,Delivered
POI00008852,PO0004278,MAT00182,6,50.8,304.8,Delivered
POI00008853,PO0004278,MAT00178,6,1240.58,7443.48,Delivered
POI00008854,PO0004279,MAT00072,48,551.11,26453.28,Pending
POI00008855,PO0004279,MAT00074,36,215.46,7756.56,Pending
POI00008856,PO0004279,MAT00063,40,240.49,9619.6,Partially Delivered
POI00008857,PO0004280,MAT00248,18,542.05,9756.9,Delivered
POI00008858,PO0004281,MAT00211,32,282.34,9034.88,Delivered
POI00008859,PO0004282,MAT00137,8,244.03,1952.24,Delivered
POI00008860,PO0004282,MAT00130,12,84.36,1012.32,Delivered
POI00008861,PO0004283,MAT00113,7,1308.83,9161.81,Delivered
POI00008862,PO0004284,MAT00180,29,248.91,7218.39,Pending
POI00008863,PO0004285,MAT00077,19,517.81,9838.39,Delivered
POI00008864,PO0004285,MAT00100,6,1014.29,6085.74,Pending
POI00008865,PO0004285,MAT00082,5,165.01,825.05,Delivered
POI00008866,PO0004286,MAT00234,31,277.99,8617.69,Delivered
POI00008867,PO0004286,MAT00248,7,551.3,3859.1,Delivered
POI00008868,PO0004287,MAT00076,10,69.48,694.8,Delivered
POI00008869,PO0004287,MAT00079,25,701.95,17548.75,Delivered
POI00008870,PO0004287,MAT00091,5,281.63,1408.15,Delivered
POI00008871,PO0004288,MAT00191,119,809.38,96316.22,Delivered
POI00008872,PO0004288,MAT00191,57,887.03,50560.71,Delivered
POI00008873,PO0004289,MAT00199,15,406.92,6103.8,Delivered
POI00008874,PO0004289,MAT00184,13,537.59,6988.67,Delivered
POI00008875,PO0004290,MAT00061,26,255.66,6647.16,Delivered
POI00008876,PO0004290,MAT00054,19,601.33,11425.27,Delivered
POI00008877,PO0004291,MAT00274,4,303.65,1214.6,Delivered
POI00008878,PO0004292,MAT00283,6,58.78,352.68,Pending
POI00008879,PO0004293,MAT00180,39,273.04,10648.56,Pending
POI00008880,PO0004294,MAT00051,4,69.07,276.28,Delivered
POI00008881,PO0004294,MAT00058,89,55.66,4953.74,Delivered
POI00008882,PO0004294,MAT00052,12,631.52,7578.24,Delivered
POI00008883,PO0004295,MAT00031,46,168.59,7755.14,Delivered
POI00008884,PO0004296,MAT00199,19,503.38,9564.22,Delivered
POI00008885,PO0004297,MAT00019,14,303.75,4252.5,Delivered
POI00008886,PO0004297,MAT00019,500,362.29,181145.0,Delivered
POI00008887,PO0004297,MAT00019,3,341.85,1025.55,Delivered
POI00008888,PO0004298,MAT00021,19,85.67,1627.73,Delivered
POI00008889,PO0004298,MAT00001,7,60.97,426.79,Delivered
POI00008890,PO0004298,MAT00007,51,730.02,37231.02,Delivered
POI00008891,PO0004299,MAT00100,16,969.38,15510.08,Delivered
POI00008892,PO0004300,MAT00107,11,768.26,8450.86,Delivered
POI00008893,PO0004300,MAT00102,3,283.04,849.12,Delivered
POI00008894,PO0004301,MAT00254,30,501.52,15045.6,Pending
POI00008895,PO0004302,MAT00189,11,118.66,1305.26,Cancelled
POI00008896,PO0004302,MAT00189,25,108.2,2705.0,Pending
POI00008897,PO0004302,MAT00189,12,109.32,1311.84,Delivered
POI00008898,PO0004303,MAT00272,41,1175.42,48192.22,Delivered
POI00008899,PO0004303,MAT00089,55,559.36,30764.8,Delivered
POI00008900,PO0004303,MAT00046,43,521.22,22412.46,Delivered
POI00008901,PO0004303,MAT00179,18,85.72,1542.96,Delivered
POI00008902,PO0004304,MAT00018,11,394.61,4340.71,Pending
POI00008903,PO0004304,MAT00003,26,1660.96,43184.96,Pending
POI00008904,PO0004304,MAT00010,107,134.79,14422.53,Pending
POI00008905,PO0004305,MAT00210,7,321.62,2251.34,Delivered
POI00008906,PO0004306,MAT00257,10,506.91,5069.1,Pending
POI00008907,PO0004307,MAT00110,8,496.0,3968.0,Pending
POI00008908,PO0004307,MAT00113,15,1126.19,16892.85,Pending
POI00008909,PO0004307,MAT00110,6,472.51,2835.06,Cancelled
POI00008910,PO0004307,MAT00110,10,503.94,5039.4,Delivered
POI00008911,PO0004308,MAT00247,20,728.65,14573.0,Cancelled
POI00008912,PO0004308,MAT00228,60,65.58,3934.8,Partially Delivered
POI00008913,PO0004309,MAT00203,6,72.07,432.42,Delivered
POI00008914,PO0004310,MAT00219,65,107.41,6981.65,Delivered
POI00008915,PO0004310,MAT00222,30,214.48,6434.4,Delivered
POI00008916,PO0004310,MAT00224,80,1574.37,125949.6,Delivered
POI00008917,PO0004311,MAT00266,8,468.0,3744.0,Delivered
POI00008918,PO0004311,MAT00267,14,742.21,10390.94,Delivered
POI00008919,PO0004312,MAT00134,36,69.91,2516.76,Delivered
POI00008920,PO0004312,MAT00138,124,235.21,29166.04,Delivered
POI00008921,PO0004313,MAT00150,7,208.96,1462.72,Delivered
POI00008922,PO0004313,MAT00216,207,135.14,27973.98,Delivered
POI00008923,PO0004314,MAT00291,8,304.85,2438.8,Delivered
POI00008924,PO0004314,MAT00276,15,58.52,877.8,Delivered
POI00008925,PO0004314,MAT00299,4,83.85,335.4,Partially Delivered
POI00008926,PO0004315,MAT00035,28,777.04,21757.12,Delivered
POI00008927,PO0004316,MAT00230,16,438.15,7010.4,Delivered
POI00008928,PO0004317,MAT00191,27,902.76,24374.52,Delivered
POI00008929,PO0004317,MAT00191,33,838.55,27672.15,Cancelled
POI00008930,PO0004317,MAT00191,31,938.06,29079.86,Delivered
POI00008931,PO0004318,MAT00112,13,487.08,6332.04,Delivered
POI00008932,PO0004319,MAT00151,14,247.0,3458.0,Delivered
POI00008933,PO0004319,MAT00155,3,641.99,1925.97,Delivered
POI00008934,PO0004319,MAT00175,18,1630.63,29351.34,Delivered
POI00008935,PO0004320,MAT00113,3,1328.72,3986.16,Delivered
POI00008936,PO0004321,MAT00236,6,203.38,1220.28,Delivered
POI00008937,PO0004321,MAT00128,11,97.39,1071.29,Delivered
POI00008938,PO0004322,MAT00186,15,268.02,4020.3,Cancelled
POI00008939,PO0004323,MAT00111,15,82.49,1237.35,Delivered
POI00008940,PO0004323,MAT00111,40,70.77,2830.8,Delivered
POI00008941,PO0004324,MAT00054,15,524.89,7873.35,Delivered
POI00008942,PO0004324,MAT00061,41,297.03,12178.23,Delivered
POI00008943,PO0004324,MAT00066,24,134.18,3220.32,Delivered
POI00008944,PO0004324,MAT00061,8,306.9,2455.2,Delivered
POI00008945,PO0004325,MAT00096,30,296.86,8905.8,Delivered
POI00008946,PO0004325,MAT00095,15,26.46,396.9,Delivered
POI00008947,PO0004326,MAT00281,14,66.68,933.52,Delivered
POI00008948,PO0004326,MAT00285,20,64.51,1290.2,Cancelled
POI00008949,PO0004326,MAT00285,34,70.14,2384.76,Delivered
POI00008950,PO0004326,MAT00281,60,77.2,4632.0,Pending
POI00008951,PO0004327,MAT00220,18,291.09,5239.62,Delivered
POI00008952,PO0004327,MAT00220,99,287.42,28454.58,Delivered
POI00008953,PO0004327,MAT00209,108,333.53,36021.24,Delivered
POI00008954,PO0004328,MAT00094,2,108.44,216.88,Cancelled
POI00008955,PO0004329,MAT00229,26,412.64,10728.64,Pending
POI00008956,PO0004329,MAT00230,39,432.62,16872.18,Pending
POI00008957,PO0004330,MAT00111,2,73.83,147.66,Cancelled
POI00008958,PO0004331,MAT00242,29,195.59,5672.11,Partially Delivered
POI00008959,PO0004332,MAT00251,18,140.45,2528.1,Delivered
POI00008960,PO0004333,MAT00169,56,418.96,23461.76,Delivered
POI00008961,PO0004334,MAT00093,11,566.21,6228.31,Delivered
POI00008962,PO0004334,MAT00093,2,531.15,1062.3,Delivered
POI00008963,PO0004335,MAT00113,25,1367.46,34186.5,Delivered
POI00008964,PO0004335,MAT00113,1,1323.69,1323.69,Delivered
POI00008965,PO0004335,MAT00110,32,556.82,17818.24,Delivered
POI00008966,PO0004336,MAT00240,84,632.32,53114.88,Pending
POI00008967,PO0004336,MAT00031,16,156.53,2504.48,Delivered
POI00008968,PO0004336,MAT00057,6,171.89,1031.34,Pending
POI00008969,PO0004337,MAT00158,4,1236.88,4947.52,Partially Delivered
POI00008970,PO0004337,MAT00158,29,1205.67,34964.43,Partially Delivered
POI00008971,PO0004337,MAT00158,20,1228.58,24571.6,Partially Delivered
POI00008972,PO0004337,MAT00158,59,1395.77,82350.43,Pending
POI00008973,PO0004338,MAT00019,7,303.56,2124.92,Delivered
POI00008974,PO0004339,MAT00150,81,196.88,15947.28,Partially Delivered
POI00008975,PO0004339,MAT00129,160,129.15,20664.0,Cancelled
POI00008976,PO0004339,MAT00139,6,148.86,893.16,Delivered
POI00008977,PO0004340,MAT00110,12,491.65,5899.8,Delivered
POI00008978,PO0004341,MAT00099,3,734.29,2202.87,Delivered
POI00008979,PO0004341,MAT00078,4,96.17,384.68,Delivered
POI00008980,PO0004342,MAT00005,5,257.16,1285.8,Cancelled
POI00008981,PO0004343,MAT00044,52,504.01,26208.52,Partially Delivered
POI00008982,PO0004343,MAT00044,37,549.54,20332.98,Pending
POI00008983,PO0004343,MAT00044,15,505.58,7583.7,Pending
POI00008984,PO0004344,MAT00261,19,2819.09,53562.71,Delivered
POI00008985,PO0004344,MAT00253,19,105.59,2006.21,Delivered
POI00008986,PO0004345,MAT00054,12,530.5,6366.0,Delivered
POI00008987,PO0004345,MAT00061,25,279.82,6995.5,Delivered
POI00008988,PO0004346,MAT00068,57,160.4,9142.8,Delivered
POI00008989,PO0004346,MAT00072,17,506.77,8615.09,Pending
POI00008990,PO0004346,MAT00063,19,203.0,3857.0,Delivered
POI00008991,PO0004346,MAT00074,42,235.54,9892.68,Partially Delivered
POI00008992,PO0004347,MAT00046,28,524.02,14672.56,Delivered
POI00008993,PO0004347,MAT00041,44,2689.35,118331.4,Delivered
POI00008994,PO0004347,MAT00038,61,761.82,46471.02,Delivered
POI00008995,PO0004348,MAT00201,15,165.17,2477.55,Delivered
POI00008996,PO0004348,MAT00201,315,158.52,49933.8,Delivered
POI00008997,PO0004348,MAT00201,5,137.27,686.35,Delivered
POI00008998,PO0004349,MAT00156,10,153.8,1538.0,Delivered
POI00008999,PO0004349,MAT00160,17,536.49,9120.33,Delivered
POI00009000,PO0004350,MAT00151,46,293.78,13513.88,Delivered
POI00009001,PO0004350,MAT00175,6,1584.99,9509.94,Delivered
POI00009002,PO0004350,MAT00161,25,363.71,9092.75,Delivered
POI00009003,PO0004350,MAT00155,6,661.49,3968.94,Delivered
POI00009004,PO0004351,MAT00035,104,681.31,70856.24,Delivered
POI00009005,PO0004351,MAT00027,71,208.54,14806.34,Delivered
POI00009006,PO0004352,MAT00218,33,63.84,2106.72,Delivered
POI00009007,PO0004353,MAT00179,4,96.26,385.04,Delivered
POI00009008,PO0004354,MAT00012,80,361.97,28957.6,Delivered
POI00009009,PO0004354,MAT00020,4,420.52,1682.08,Delivered
POI00009010,PO0004354,MAT00024,76,109.44,8317.44,Delivered
POI00009011,PO0004355,MAT00201,33,163.47,5394.51,Delivered
POI00009012,PO0004355,MAT00201,19,159.66,3033.54,Delivered
POI00009013,PO0004355,MAT00201,19,159.11,3023.09,Delivered
POI00009014,PO0004355,MAT00201,8,131.41,1051.28,Delivered
POI00009015,PO0004356,MAT00205,94,152.86,14368.84,Delivered
POI00009016,PO0004356,MAT00223,16,224.44,3591.04,Delivered
POI00009017,PO0004357,MAT00285,29,65.74,1906.46,Pending
POI00009018,PO0004357,MAT00298,10,32.51,325.1,Pending
POI00009019,PO0004358,MAT00269,82,266.82,21879.24,Delivered
POI00009020,PO0004359,MAT00234,86,244.67,21041.62,Cancelled
POI00009021,PO0004359,MAT00079,13,648.62,8432.06,Delivered
POI00009022,PO0004360,MAT00284,12,348.71,4184.52,Delivered
POI00009023,PO0004361,MAT00137,13,279.15,3628.95,Delivered
POI00009024,PO0004361,MAT00145,8,241.07,1928.56,Delivered
POI00009025,PO0004362,MAT00221,5,147.04,735.2,Delivered
POI00009026,PO0004362,MAT00205,5,143.87,719.35,Delivered
POI00009027,PO0004363,MAT00095,14,29.46,412.44,Delivered
POI00009028,PO0004364,MAT00251,22,130.06,2861.32,Partially Delivered
POI00009029,PO0004365,MAT00065,5,130.46,652.3,Delivered
POI00009030,PO0004365,MAT00065,87,133.68,11630.16,Delivered
POI00009031,PO0004365,MAT00075,117,118.71,13889.07,Delivered
POI00009032,PO0004365,MAT00075,42,112.12,4709.04,Delivered
POI00009033,PO0004366,MAT00138,12,245.74,2948.88,Partially Delivered
POI00009034,PO0004366,MAT00144,16,90.89,1454.24,Partially Delivered
POI00009035,PO0004367,MAT00152,14,324.73,4546.22,Partially Delivered
POI00009036,PO0004367,MAT00167,16,167.77,2684.32,Cancelled
POI00009037,PO0004368,MAT00245,46,84.17,3871.82,Delivered
POI00009038,PO0004368,MAT00281,3,68.91,206.73,Delivered
POI00009039,PO0004368,MAT00075,13,123.86,1610.18,Delivered
POI00009040,PO0004369,MAT00016,11,595.05,6545.55,Delivered
POI00009041,PO0004370,MAT00107,31,756.59,23454.29,Delivered
POI00009042,PO0004370,MAT00112,23,567.03,13041.69,Partially Delivered
POI00009043,PO0004371,MAT00174,2,298.31,596.62,Delivered
POI00009044,PO0004372,MAT00295,13,91.09,1184.17,Delivered
POI00009045,PO0004373,MAT00202,11,61.36,674.96,Partially Delivered
POI00009046,PO0004373,MAT00214,17,707.79,12032.43,Cancelled
POI00009047,PO0004373,MAT00211,158,317.23,50122.34,Delivered
POI00009048,PO0004374,MAT00032,18,73.47,1322.46,Delivered
POI00009049,PO0004375,MAT00185,11,212.95,2342.45,Delivered
POI00009050,PO0004376,MAT00100,24,864.32,20743.68,Delivered
POI00009051,PO0004376,MAT00084,26,197.29,5129.54,Delivered
POI00009052,PO0004377,MAT00246,20,343.07,6861.4,Delivered
POI00009053,PO0004378,MAT00022,133,109.58,14574.14,Pending
POI00009054,PO0004378,MAT00025,8,253.78,2030.24,Partially Delivered
POI00009055,PO0004378,MAT00017,1,432.87,432.87,Pending
POI00009056,PO0004379,MAT00256,4,182.68,730.72,Delivered
POI00009057,PO0004379,MAT00263,6,418.33,2509.98,Delivered
POI00009058,PO0004380,MAT00277,43,1195.62,51411.66,Delivered
POI00009059,PO0004381,MAT00161,8,335.99,2687.92,Cancelled
POI00009060,PO0004381,MAT00155,22,618.23,13601.06,Cancelled
POI00009061,PO0004382,MAT00100,11,1037.3,11410.3,Delivered
POI00009062,PO0004383,MAT00221,3,154.96,464.88,Cancelled
POI00009063,PO0004383,MAT00205,28,137.03,3836.84,Pending
POI00009064,PO0004384,MAT00297,31,189.96,5888.76,Delivered
POI00009065,PO0004385,MAT00247,7,710.03,4970.21,Delivered
POI00009066,PO0004386,MAT00135,29,54.71,1586.59,Cancelled
POI00009067,PO0004387,MAT00219,14,100.33,1404.62,Delivered
POI00009068,PO0004388,MAT00167,39,174.39,6801.21,Delivered
POI00009069,PO0004388,MAT00172,15,81.75,1226.25,Delivered
POI00009070,PO0004388,MAT00157,34,39.99,1359.66,Pending
POI00009071,PO0004389,MAT00247,13,731.18,9505.34,Delivered
POI00009072,PO0004389,MAT00228,22,64.48,1418.56,Delivered
POI00009073,PO0004390,MAT00254,16,492.41,7878.56,Pending
POI00009074,PO0004390,MAT00251,22,149.4,3286.8,Pending
POI00009075,PO0004390,MAT00268,100,174.45,17445.0,Cancelled
POI00009076,PO0004390,MAT00260,7,332.57,2327.99,Delivered
POI00009077,PO0004391,MAT00262,79,691.46,54625.34,Pending
POI00009078,PO0004391,MAT00177,17,254.46,4325.82,Pending
POI00009079,PO0004391,MAT00091,3,254.5,763.5,Partially Delivered
POI00009080,PO0004391,MAT00277,28,1263.15,35368.2,Delivered
POI00009081,PO0004392,MAT00189,5,137.37,686.85,Delivered
POI00009082,PO0004393,MAT00158,43,1356.52,58330.36,Delivered
POI00009083,PO0004393,MAT00158,6,1248.04,7488.24,Delivered
POI00009084,PO0004393,MAT00158,21,1329.88,27927.48,Delivered
POI00009085,PO0004393,MAT00158,11,1422.48,15647.28,Delivered
POI00009086,PO0004394,MAT00200,17,65.85,1119.45,Delivered
POI00009087,PO0004394,MAT00159,13,608.5,7910.5,Delivered
POI00009088,PO0004395,MAT00013,14,111.34,1558.76,Delivered
POI00009089,PO0004395,MAT00013,5,113.95,569.75,Delivered
POI00009090,PO0004395,MAT00016,35,602.72,21095.2,Delivered
POI00009091,PO0004396,MAT00111,146,71.54,10444.84,Delivered
POI00009092,PO0004396,MAT00111,144,74.8,10771.2,Delivered
POI00009093,PO0004397,MAT00198,10,776.62,7766.2,Delivered
POI00009094,PO0004398,MAT00095,16,28.15,450.4,Delivered
POI00009095,PO0004398,MAT00096,3,295.85,887.55,Delivered
POI00009096,PO0004398,MAT00095,230,28.42,6536.6,Delivered
POI00009097,PO0004398,MAT00095,2,28.39,56.78,Delivered
POI00009098,PO0004399,MAT00248,149,507.57,75627.93,Delivered
POI00009099,PO0004400,MAT00252,40,914.88,36595.2,Delivered
POI00009100,PO0004400,MAT00275,23,302.31,6953.13,Delivered
POI00009101,PO0004400,MAT00275,2,317.31,634.62,Delivered
POI00009102,PO0004401,MAT00004,2,233.72,467.44,Delivered
POI00009103,PO0004402,MAT00217,16,147.15,2354.4,Cancelled
POI00009104,PO0004402,MAT00217,29,120.65,3498.85,Cancelled
POI00009105,PO0004403,MAT00290,12,1526.77,18321.24,Delivered
POI00009106,PO0004403,MAT00278,17,1600.28,27204.76,Delivered
POI00009107,PO0004403,MAT00292,8,122.47,979.76,Delivered
POI00009108,PO0004404,MAT00096,148,321.58,47593.84,Delivered
POI00009109,PO0004404,MAT00095,32,32.4,1036.8,Delivered
POI00009110,PO0004404,MAT00095,14,29.51,413.14,Delivered
POI00009111,PO0004405,MAT00285,53,79.03,4188.59,Delivered
POI00009112,PO0004405,MAT00008,17,99.12,1685.04,Delivered
POI00009113,PO0004405,MAT00009,72,484.18,34860.96,Delivered
POI00009114,PO0004406,MAT00041,61,2304.97,140603.17,Delivered
POI00009115,PO0004407,MAT00061,6,297.22,1783.32,Delivered
POI00009116,PO0004408,MAT00084,15,224.71,3370.65,Delivered
POI00009117,PO0004409,MAT00017,8,444.39,3555.12,Partially Delivered
POI00009118,PO0004410,MAT00240,46,576.83,26534.18,Delivered
POI00009119,PO0004410,MAT00245,69,80.98,5587.62,Delivered
POI00009120,PO0004411,MAT00093,49,657.67,32225.83,Delivered
POI00009121,PO0004412,MAT00081,33,106.69,3520.77,Delivered
POI00009122,PO0004413,MAT00071,4,197.16,788.64,Delivered
POI00009123,PO0004413,MAT00161,39,335.77,13095.03,Cancelled
POI00009124,PO0004413,MAT00054,30,541.04,16231.2,Cancelled
POI00009125,PO0004413,MAT00220,4,278.95,1115.8,Partially Delivered
POI00009126,PO0004414,MAT00082,30,157.75,4732.5,Delivered
POI00009127,PO0004415,MAT00036,19,107.93,2050.67,Pending
POI00009128,PO0004415,MAT00047,11,129.03,1419.33,Pending
POI00009129,PO0004415,MAT00049,40,75.8,3032.0,Delivered
POI00009130,PO0004416,MAT00046,13,510.84,6640.92,Delivered
POI00009131,PO0004416,MAT00041,42,2821.42,118499.64,Pending
POI00009132,PO0004416,MAT00038,5,806.51,4032.55,Pending
POI00009133,PO0004417,MAT00258,18,116.51,2097.18,Delivered
POI00009134,PO0004417,MAT00265,25,720.08,18002.0,Delivered
POI00009135,PO0004418,MAT00246,11,324.46,3569.06,Delivered
POI00009136,PO0004418,MAT00249,11,263.32,2896.52,Delivered
POI00009137,PO0004418,MAT00244,8,169.49,1355.92,Delivered
POI00009138,PO0004419,MAT00257,63,526.83,33190.29,Pending
POI00009139,PO0004419,MAT00269,82,333.02,27307.64,Delivered
POI00009140,PO0004419,MAT00271,3,186.52,559.56,Pending
POI00009141,PO0004419,MAT00266,94,450.91,42385.54,Cancelled
POI00009142,PO0004420,MAT00069,10,218.07,2180.7,Delivered
POI00009143,PO0004420,MAT00057,10,161.35,1613.5,Delivered
POI00009144,PO0004421,MAT00075,30,108.25,3247.5,Delivered
POI00009145,PO0004421,MAT00065,68,152.12,10344.16,Delivered
POI00009146,PO0004421,MAT00075,21,105.35,2212.35,Pending
POI00009147,PO0004422,MAT00071,11,221.64,2438.04,Delivered
POI00009148,PO0004422,MAT00070,66,147.31,9722.46,Delivered
POI00009149,PO0004423,MAT00269,34,317.15,10783.1,Delivered
POI00009150,PO0004423,MAT00257,28,482.4,13507.2,Delivered
POI00009151,PO0004423,MAT00266,37,475.71,17601.27,Delivered
POI00009152,PO0004424,MAT00270,32,478.11,15299.52,Delivered
POI00009153,PO0004424,MAT00263,33,501.18,16538.94,Delivered
POI00009154,PO0004425,MAT00184,3,541.31,1623.93,Pending
POI00009155,PO0004425,MAT00199,31,494.18,15319.58,Delivered
POI00009156,PO0004425,MAT00183,6,15.5,93.0,Pending
POI00009157,PO0004426,MAT00288,29,1037.41,30084.89,Delivered
POI00009158,PO0004427,MAT00270,13,510.72,6639.36,Delivered
POI00009159,PO0004427,MAT00263,7,496.01,3472.07,Delivered
POI00009160,PO0004428,MAT00191,90,807.33,72659.7,Cancelled
POI00009161,PO0004429,MAT00300,9,468.95,4220.55,Partially Delivered
POI00009162,PO0004430,MAT00068,38,144.41,5487.58,Delivered
POI00009163,PO0004430,MAT00072,13,501.98,6525.74,Pending
POI00009164,PO0004431,MAT00191,18,774.2,13935.6,Pending
POI00009165,PO0004431,MAT00191,8,909.59,7276.72,Partially Delivered
POI00009166,PO0004432,MAT00134,42,67.41,2831.22,Delivered
POI00009167,PO0004432,MAT00147,33,684.8,22598.4,Delivered
POI00009168,PO0004433,MAT00049,29,66.32,1923.28,Delivered
POI00009169,PO0004433,MAT00036,13,92.23,1198.99,Delivered
POI00009170,PO0004434,MAT00194,92,847.05,77928.6,Delivered
POI00009171,PO0004435,MAT00043,160,279.07,44651.2,Delivered
POI00009172,PO0004435,MAT00043,49,295.4,14474.6,Delivered
POI00009173,PO0004436,MAT00262,17,668.44,11363.48,Pending
POI00009174,PO0004437,MAT00158,31,1283.41,39785.71,Delivered
POI00009175,PO0004438,MAT00252,5,856.24,4281.2,Delivered
POI00009176,PO0004438,MAT00275,22,267.18,5877.96,Delivered
POI00009177,PO0004438,MAT00275,17,260.45,4427.65,Delivered
POI00009178,PO0004438,MAT00252,6,756.6,4539.6,Delivered
POI00009179,PO0004439,MAT00060,9,142.16,1279.44,Delivered
POI00009180,PO0004439,MAT00052,29,649.59,18838.11,Delivered
POI00009181,PO0004440,MAT00049,4,81.22,324.88,Delivered
POI00009182,PO0004440,MAT00034,27,87.83,2371.41,Delivered
POI00009183,PO0004441,MAT00022,193,114.7,22137.1,Delivered
POI00009184,PO0004441,MAT00025,21,227.51,4777.71,Delivered
POI00009185,PO0004441,MAT00015,2,44.21,88.42,Delivered
POI00009186,PO0004441,MAT00017,140,469.68,65755.2,Delivered
POI00009187,PO0004442,MAT00177,20,266.17,5323.4,Delivered
POI00009188,PO0004442,MAT00193,51,89.64,4571.64,Delivered
POI00009189,PO0004443,MAT00199,8,413.55,3308.4,Delivered
POI00009190,PO0004444,MAT00259,27,252.11,6806.97,Delivered
POI00009191,PO0004445,MAT00116,45,545.5,24547.5,Delivered
POI00009192,PO0004445,MAT00117,12,137.92,1655.04,Delivered
POI00009193,PO0004445,MAT00101,19,49.05,931.95,Delivered
POI00009194,PO0004446,MAT00093,4,615.41,2461.64,Delivered
POI00009195,PO0004446,MAT00093,29,609.57,17677.53,Delivered
POI00009196,PO0004446,MAT00093,22,599.94,13198.68,Pending
POI00009197,PO0004447,MAT00252,19,773.47,14695.93,Delivered
POI00009198,PO0004447,MAT00275,19,302.11,5740.09,Pending
POI00009199,PO0004447,MAT00252,104,828.92,86207.68,Delivered
POI00009200,PO0004448,MAT00162,1,2559.32,2559.32,Delivered
POI00009201,PO0004449,MAT00026,15,590.37,8855.55,Delivered
POI00009202,PO0004450,MAT00183,6,18.3,109.8,Delivered
POI00009203,PO0004450,MAT00184,18,506.2,9111.6,Pending
POI00009204,PO0004450,MAT00199,24,452.61,10862.64,Pending
POI00009205,PO0004451,MAT00088,10,1050.99,10509.9,Delivered
POI00009206,PO0004451,MAT00088,81,1294.46,104851.26,Delivered
POI00009207,PO0004451,MAT00097,104,723.96,75291.84,Delivered
POI00009208,PO0004451,MAT00097,5,719.79,3598.95,Delivered
POI00009209,PO0004452,MAT00096,2,318.01,636.02,Delivered
POI00009210,PO0004452,MAT00095,4,27.6,110.4,Delivered
POI00009211,PO0004453,MAT00210,179,391.25,70033.75,Delivered
POI00009212,PO0004453,MAT00210,32,354.45,11342.4,Delivered
POI00009213,PO0004454,MAT00246,42,347.6,14599.2,Delivered
POI00009214,PO0004455,MAT00202,8,67.84,542.72,Delivered
POI00009215,PO0004455,MAT00230,11,407.67,4484.37,Pending
POI00009216,PO0004455,MAT00231,5,364.26,1821.3,Pending
POI00009217,PO0004456,MAT00280,5,501.77,2508.85,Delivered
POI00009218,PO0004457,MAT00256,41,177.21,7265.61,Delivered
POI00009219,PO0004458,MAT00007,9,830.94,7478.46,Delivered
POI00009220,PO0004458,MAT00021,4,97.38,389.52,Delivered
POI00009221,PO0004459,MAT00038,3,695.15,2085.45,Delivered
POI00009222,PO0004459,MAT00285,13,77.69,1009.97,Delivered
POI00009223,PO0004460,MAT00032,69,77.59,5353.71,Delivered
POI00009224,PO0004460,MAT00079,49,669.14,32787.86,Delivered
POI00009225,PO0004460,MAT00081,27,101.68,2745.36,Delivered
POI00009226,PO0004461,MAT00118,4,680.47,2721.88,Delivered
POI00009227,PO0004461,MAT00060,6,125.4,752.4,Pending
POI00009228,PO0004462,MAT00177,20,254.95,5099.0,Delivered
POI00009229,PO0004462,MAT00193,7,89.68,627.76,Delivered
POI00009230,PO0004462,MAT00193,13,77.98,1013.74,Delivered
POI00009231,PO0004462,MAT00193,81,76.31,6181.11,Delivered
POI00009232,PO0004463,MAT00201,21,156.89,3294.69,Delivered
POI00009233,PO0004463,MAT00201,6,163.94,983.64,Delivered
POI00009234,PO0004464,MAT00127,15,6068.38,91025.7,Delivered
POI00009235,PO0004464,MAT00087,6,320.26,1921.56,Delivered
POI00009236,PO0004464,MAT00184,11,499.71,5496.81,Delivered
POI00009237,PO0004465,MAT00095,18,32.11,577.98,Partially Delivered
POI00009238,PO0004465,MAT00286,35,692.09,24223.15,Delivered
POI00009239,PO0004466,MAT00077,13,496.58,6455.54,Delivered
POI00009240,PO0004467,MAT00285,76,74.92,5693.92,Pending
POI00009241,PO0004468,MAT00013,16,125.22,2003.52,Delivered
POI00009242,PO0004468,MAT00013,28,124.75,3493.0,Delivered
POI00009243,PO0004468,MAT00013,32,104.43,3341.76,Delivered
POI00009244,PO0004469,MAT00165,303,381.04,115455.12,Delivered
POI00009245,PO0004469,MAT00173,42,299.93,12597.06,Delivered
POI00009246,PO0004469,MAT00164,10,109.26,1092.6,Delivered
POI00009247,PO0004470,MAT00246,16,286.03,4576.48,Delivered
POI00009248,PO0004470,MAT00250,5,3178.08,15890.4,Delivered
POI00009249,PO0004471,MAT00248,19,437.81,8318.39,Delivered
POI00009250,PO0004472,MAT00006,12,309.35,3712.2,Pending
POI00009251,PO0004473,MAT00189,64,133.22,8526.08,Delivered
POI00009252,PO0004474,MAT00191,18,893.2,16077.6,Delivered
POI00009253,PO0004474,MAT00191,4,855.43,3421.72,Delivered
POI00009254,PO0004475,MAT00234,24,248.74,5969.76,Delivered
POI00009255,PO0004475,MAT00248,49,512.32,25103.68,Delivered
POI00009256,PO0004476,MAT00218,18,71.45,1286.1,Delivered
POI00009257,PO0004476,MAT00212,6,48.65,291.9,Delivered
POI00009258,PO0004477,MAT00136,15,155.26,2328.9,Delivered
POI00009259,PO0004477,MAT00132,33,97.94,3232.02,Delivered
POI00009260,PO0004477,MAT00127,5,4981.41,24907.05,Delivered
POI00009261,PO0004478,MAT00262,77,635.32,48919.64,Delivered
POI00009262,PO0004478,MAT00262,2,697.71,1395.42,Delivered
POI00009263,PO0004479,MAT00004,5,206.04,1030.2,Delivered
POI00009264,PO0004479,MAT00085,52,589.5,30654.0,Delivered
POI00009265,PO0004480,MAT00029,71,210.34,14934.14,Pending
POI00009266,PO0004480,MAT00042,5,50.63,253.15,Pending
POI00009267,PO0004481,MAT00044,23,525.48,12086.04,Partially Delivered
POI00009268,PO0004481,MAT00044,39,530.09,20673.51,Partially Delivered
POI00009269,PO0004481,MAT00044,7,473.8,3316.6,Delivered
POI00009270,PO0004482,MAT00226,11,56.38,620.18,Delivered
POI00009271,PO0004482,MAT00238,63,165.61,10433.43,Delivered
POI00009272,PO0004483,MAT00214,79,706.72,55830.88,Delivered
POI00009273,PO0004484,MAT00027,154,206.8,31847.2,Pending
POI00009274,PO0004485,MAT00278,17,1720.0,29240.0,Pending
POI00009275,PO0004485,MAT00230,5,404.58,2022.9,Delivered
POI00009276,PO0004486,MAT00283,14,60.31,844.34,Delivered
POI00009277,PO0004486,MAT00300,34,526.0,17884.0,Delivered
POI00009278,PO0004486,MAT00296,13,83.82,1089.66,Delivered
POI00009279,PO0004487,MAT00057,17,166.23,2825.91,Pending
POI00009280,PO0004487,MAT00069,20,256.26,5125.2,Pending
POI00009281,PO0004488,MAT00265,32,750.63,24020.16,Delivered
POI00009282,PO0004488,MAT00261,22,3380.28,74366.16,Delivered
POI00009283,PO0004488,MAT00258,39,101.98,3977.22,Delivered
POI00009284,PO0004488,MAT00272,71,1264.83,89802.93,Delivered
POI00009285,PO0004489,MAT00047,62,139.29,8635.98,Partially Delivered
POI00009286,PO0004489,MAT00040,39,192.51,7507.89,Delivered
POI00009287,PO0004489,MAT00036,28,86.58,2424.24,Delivered
POI00009288,PO0004490,MAT00256,12,172.3,2067.6,Delivered
POI00009289,PO0004490,MAT00263,7,465.96,3261.72,Delivered
POI00009290,PO0004491,MAT00230,19,357.91,6800.29,Pending
POI00009291,PO0004492,MAT00227,70,244.98,17148.6,Delivered
POI00009292,PO0004492,MAT00241,64,146.37,9367.68,Delivered
POI00009293,PO0004493,MAT00093,25,659.11,16477.75,Delivered
POI00009294,PO0004493,MAT00093,6,567.64,3405.84,Delivered
POI00009295,PO0004493,MAT00093,3,607.31,1821.93,Delivered
POI00009296,PO0004494,MAT00252,6,755.66,4533.96,Delivered
POI00009297,PO0004494,MAT00252,45,906.44,40789.8,Delivered
POI00009298,PO0004494,MAT00252,12,801.43,9617.16,Delivered
POI00009299,PO0004495,MAT00044,41,441.28,18092.48,Delivered
POI00009300,PO0004495,MAT00044,22,487.97,10735.34,Delivered
POI00009301,PO0004495,MAT00044,15,501.18,7517.7,Delivered
POI00009302,PO0004496,MAT00113,5,1408.66,7043.3,Delivered
POI00009303,PO0004496,MAT00113,12,1289.28,15471.36,Delivered
POI00009304,PO0004496,MAT00110,32,505.72,16183.04,Delivered
POI00009305,PO0004497,MAT00162,4,2349.54,9398.16,Pending
POI00009306,PO0004497,MAT00152,48,350.81,16838.88,Pending
POI00009307,PO0004498,MAT00223,14,266.7,3733.8,Cancelled
POI00009308,PO0004498,MAT00221,110,132.01,14521.1,Delivered
POI00009309,PO0004499,MAT00154,5,167.08,835.4,Delivered
POI00009310,PO0004499,MAT00173,41,265.05,10867.05,Delivered
POI00009311,PO0004499,MAT00168,49,98.47,4825.03,Delivered
POI00009312,PO0004500,MAT00066,32,118.75,3800.0,Delivered
POI00009313,PO0004500,MAT00054,10,512.16,5121.6,Pending
POI00009314,PO0004500,MAT00054,108,585.91,63278.28,Partially Delivered
POI00009315,PO0004500,MAT00054,64,607.38,38872.32,Partially Delivered
POI00009316,PO0004501,MAT00133,26,89.28,2321.28,Cancelled
POI00009317,PO0004501,MAT00139,4,148.83,595.32,Partially Delivered
POI00009318,PO0004501,MAT00148,15,84.39,1265.85,Delivered
POI00009319,PO0004502,MAT00025,5,256.68,1283.4,Pending
POI00009320,PO0004503,MAT00009,19,505.59,9606.21,Partially Delivered
POI00009321,PO0004503,MAT00009,68,427.55,29073.4,Pending
POI00009322,PO0004503,MAT00009,1,445.05,445.05,Delivered
POI00009323,PO0004503,MAT00023,40,630.18,25207.2,Pending
POI00009324,PO0004504,MAT00095,44,28.15,1238.6,Delivered
POI00009325,PO0004505,MAT00192,15,190.96,2864.4,Delivered
POI00009326,PO0004505,MAT00179,34,99.49,3382.66,Delivered
POI00009327,PO0004506,MAT00006,26,337.53,8775.78,Delivered
POI00009328,PO0004507,MAT00108,15,1493.88,22408.2,Delivered
POI00009329,PO0004507,MAT00089,115,463.01,53246.15,Delivered
POI00009330,PO0004507,MAT00103,30,94.86,2845.8,Delivered
POI00009331,PO0004508,MAT00065,18,147.41,2653.38,Delivered
POI00009332,PO0004508,MAT00291,33,267.22,8818.26,Delivered
POI00009333,PO0004508,MAT00217,20,124.01,2480.2,Pending
POI00009334,PO0004508,MAT00278,12,1565.03,18780.36,Pending
POI00009335,PO0004509,MAT00100,27,890.62,24046.74,Delivered
POI00009336,PO0004509,MAT00084,66,212.36,14015.76,Delivered
POI00009337,PO0004509,MAT00082,9,147.95,1331.55,Delivered
POI00009338,PO0004510,MAT00291,71,257.26,18265.46,Delivered
POI00009339,PO0004510,MAT00288,14,932.56,13055.84,Delivered
POI00009340,PO0004510,MAT00276,12,59.56,714.72,Delivered
POI00009341,PO0004511,MAT00276,8,59.86,478.88,Cancelled
POI00009342,PO0004512,MAT00026,20,588.43,11768.6,Delivered
POI00009343,PO0004513,MAT00237,255,872.69,222535.95,Delivered
POI00009344,PO0004513,MAT00237,6,869.49,5216.94,Delivered
POI00009345,PO0004513,MAT00237,47,963.93,45304.71,Delivered
POI00009346,PO0004514,MAT00061,30,296.35,8890.5,Pending
POI00009347,PO0004515,MAT00031,7,154.43,1081.01,Delivered
POI00009348,PO0004515,MAT00033,17,115.19,1958.23,Delivered
POI00009349,PO0004515,MAT00037,7,399.94,2799.58,Delivered
POI00009350,PO0004516,MAT00058,8,61.2,489.6,Delivered
POI00009351,PO0004516,MAT00052,7,641.78,4492.46,Delivered
POI00009352,PO0004516,MAT00060,18,123.68,2226.24,Delivered
POI00009353,PO0004517,MAT00289,8,247.7,1981.6,Delivered
POI00009354,PO0004517,MAT00279,4,398.41,1593.64,Pending
POI00009355,PO0004517,MAT00288,8,939.0,7512.0,Pending
POI00009356,PO0004518,MAT00262,41,793.02,32513.82,Delivered
POI00009357,PO0004519,MAT00086,104,97.53,10143.12,Delivered
POI00009358,PO0004520,MAT00123,4,508.0,2032.0,Delivered
POI00009359,PO0004521,MAT00044,6,480.03,2880.18,Delivered
POI00009360,PO0004521,MAT00039,15,180.09,2701.35,Delivered
POI00009361,PO0004522,MAT00110,69,556.5,38398.5,Delivered
POI00009362,PO0004522,MAT00113,25,1285.32,32133.0,Delivered
POI00009363,PO0004523,MAT00235,3,296.56,889.68,Delivered
POI00009364,PO0004524,MAT00135,27,67.85,1831.95,Delivered
POI00009365,PO0004525,MAT00182,28,59.24,1658.72,Delivered
POI00009366,PO0004526,MAT00068,36,130.52,4698.72,Delivered
POI00009367,PO0004526,MAT00063,8,219.57,1756.56,Delivered
POI00009368,PO0004526,MAT00072,79,602.34,47584.86,Delivered
POI00009369,PO0004527,MAT00093,6,647.26,3883.56,Delivered
POI00009370,PO0004528,MAT00202,21,61.89,1299.69,Delivered
POI00009371,PO0004529,MAT00089,20,509.84,10196.8,Cancelled
POI00009372,PO0004529,MAT00089,21,541.69,11375.49,Cancelled
POI00009373,PO0004529,MAT00089,35,552.04,19321.4,Pending
POI00009374,PO0004530,MAT00138,26,252.0,6552.0,Delivered
POI00009375,PO0004531,MAT00193,13,81.03,1053.39,Delivered
POI00009376,PO0004531,MAT00177,44,273.15,12018.6,Delivered
POI00009377,PO0004532,MAT00169,13,343.38,4463.94,Delivered
POI00009378,PO0004532,MAT00172,8,77.79,622.32,Delivered
POI00009379,PO0004532,MAT00162,50,2192.19,109609.5,Delivered
POI00009380,PO0004533,MAT00079,33,704.01,23232.33,Delivered
POI00009381,PO0004533,MAT00286,3,800.55,2401.65,Delivered
POI00009382,PO0004534,MAT00210,9,326.19,2935.71,Delivered
POI00009383,PO0004534,MAT00210,57,339.37,19344.09,Delivered
POI00009384,PO0004535,MAT00001,36,62.1,2235.6,Cancelled
POI00009385,PO0004535,MAT00007,8,872.53,6980.24,Partially Delivered
POI00009386,PO0004536,MAT00079,15,598.84,8982.6,Delivered
POI00009387,PO0004537,MAT00083,15,54.79,821.85,Cancelled
POI00009388,PO0004537,MAT00090,81,263.03,21305.43,Pending
POI00009389,PO0004538,MAT00210,98,393.34,38547.32,Delivered
POI00009390,PO0004539,MAT00221,14,154.0,2156.0,Delivered
POI00009391,PO0004539,MAT00223,29,232.42,6740.18,Delivered
POI00009392,PO0004539,MAT00205,32,128.96,4126.72,Delivered
POI00009393,PO0004539,MAT00205,7,131.5,920.5,Delivered
POI00009394,PO0004540,MAT00073,60,472.24,28334.4,Delivered
POI00009395,PO0004541,MAT00070,76,127.01,9652.76,Delivered
POI00009396,PO0004541,MAT00013,11,113.65,1250.15,Delivered
POI00009397,PO0004542,MAT00018,41,389.75,15979.75,Pending
POI00009398,PO0004543,MAT00217,9,137.98,1241.82,Delivered
POI00009399,PO0004543,MAT00217,24,147.48,3539.52,Delivered
POI00009400,PO0004543,MAT00217,32,148.93,4765.76,Delivered
POI00009401,PO0004544,MAT00280,16,560.66,8970.56,Cancelled
POI00009402,PO0004545,MAT00042,36,47.82,1721.52,Delivered
POI00009403,PO0004546,MAT00189,19,113.21,2150.99,Delivered
POI00009404,PO0004546,MAT00189,17,117.71,2001.07,Delivered
POI00009405,PO0004547,MAT00142,26,441.45,11477.7,Delivered
POI00009406,PO0004548,MAT00109,37,443.41,16406.17,Delivered
POI00009407,PO0004548,MAT00049,7,77.7,543.9,Delivered
POI00009408,PO0004549,MAT00084,7,180.97,1266.79,Delivered
POI00009409,PO0004550,MAT00166,37,156.19,5779.03,Delivered
POI00009410,PO0004550,MAT00171,7,508.31,3558.17,Delivered
POI00009411,PO0004550,MAT00163,5,168.55,842.75,Delivered
POI00009412,PO0004551,MAT00102,61,242.23,14776.03,Delivered
POI00009413,PO0004551,MAT00112,10,530.85,5308.5,Delivered
POI00009414,PO0004551,MAT00106,51,108.13,5514.63,Delivered
POI00009415,PO0004552,MAT00111,17,73.93,1256.81,Delivered
POI00009416,PO0004552,MAT00111,4,81.44,325.76,Pending
POI00009417,PO0004553,MAT00251,85,146.32,12437.2,Delivered
POI00009418,PO0004553,MAT00260,21,318.13,6680.73,Delivered
POI00009419,PO0004553,MAT00254,42,441.07,18524.94,Delivered
POI00009420,PO0004554,MAT00260,9,318.19,2863.71,Delivered
POI00009421,PO0004554,MAT00251,2,142.06,284.12,Delivered
POI00009422,PO0004554,MAT00268,20,171.96,3439.2,Delivered
POI00009423,PO0004554,MAT00254,5,479.08,2395.4,Delivered
POI00009424,PO0004555,MAT00005,19,235.31,4470.89,Delivered
POI00009425,PO0004556,MAT00188,13,137.99,1793.87,Partially Delivered
POI00009426,PO0004556,MAT00194,29,943.81,27370.49,Delivered
POI00009427,PO0004557,MAT00214,102,671.39,68481.78,Delivered
POI00009428,PO0004557,MAT00225,8,447.64,3581.12,Pending
POI00009429,PO0004557,MAT00202,17,59.89,1018.13,Delivered
POI00009430,PO0004558,MAT00180,26,297.05,7723.3,Delivered
POI00009431,PO0004558,MAT00181,3,198.74,596.22,Delivered
POI00009432,PO0004559,MAT00035,37,692.49,25622.13,Delivered
POI00009433,PO0004559,MAT00026,10,600.94,6009.4,Pending
POI00009434,PO0004559,MAT00027,5,200.33,1001.65,Delivered
POI00009435,PO0004560,MAT00016,10,543.26,5432.6,Delivered
POI00009436,PO0004560,MAT00013,96,110.28,10586.88,Delivered
POI00009437,PO0004561,MAT00004,18,220.11,3961.98,Delivered
POI00009438,PO0004562,MAT00020,23,425.95,9796.85,Pending
POI00009439,PO0004563,MAT00117,2,151.84,303.68,Delivered
POI00009440,PO0004564,MAT00061,55,285.96,15727.8,Partially Delivered
POI00009441,PO0004565,MAT00084,72,208.95,15044.4,Delivered
POI00009442,PO0004566,MAT00039,23,165.38,3803.74,Delivered
POI00009443,PO0004567,MAT00298,65,30.96,2012.4,Pending
POI00009444,PO0004567,MAT00281,11,73.19,805.09,Delivered
POI00009445,PO0004568,MAT00089,12,498.96,5987.52,Delivered
POI00009446,PO0004569,MAT00191,13,974.73,12671.49,Partially Delivered
POI00009447,PO0004570,MAT00110,32,452.67,14485.44,Delivered
POI00009448,PO0004571,MAT00186,11,252.3,2775.3,Delivered
POI00009449,PO0004572,MAT00112,71,557.23,39563.33,Delivered
POI00009450,PO0004573,MAT00217,7,132.97,930.79,Delivered
POI00009451,PO0004573,MAT00217,57,123.82,7057.74,Delivered
POI00009452,PO0004573,MAT00217,3,129.21,387.63,Delivered
POI00009453,PO0004574,MAT00163,47,159.01,7473.47,Delivered
POI00009454,PO0004574,MAT00171,3,439.31,1317.93,Delivered
POI00009455,PO0004575,MAT00129,14,123.5,1729.0,Delivered
POI00009456,PO0004575,MAT00149,2,21.33,42.66,Delivered
POI00009457,PO0004575,MAT00126,3,184.98,554.94,Delivered
POI00009458,PO0004575,MAT00148,15,85.99,1289.85,Delivered
POI00009459,PO0004576,MAT00196,4,539.73,2158.92,Cancelled
POI00009460,PO0004576,MAT00197,3,543.06,1629.18,Pending
POI00009461,PO0004577,MAT00229,29,399.99,11599.71,Delivered
POI00009462,PO0004577,MAT00229,83,428.94,35602.02,Delivered
POI00009463,PO0004577,MAT00229,55,437.45,24059.75,Delivered
POI00009464,PO0004578,MAT00111,12,79.33,951.96,Pending
POI00009465,PO0004578,MAT00111,56,70.48,3946.88,Pending
POI00009466,PO0004578,MAT00111,3,77.39,232.17,Pending
POI00009467,PO0004579,MAT00123,5,464.84,2324.2,Delivered
POI00009468,PO0004579,MAT00105,9,51.05,459.45,Delivered
POI00009469,PO0004580,MAT00167,14,164.05,2296.7,Delivered
POI00009470,PO0004581,MAT00299,32,86.84,2778.88,Partially Delivered
POI00009471,PO0004581,MAT00288,22,844.8,18585.6,Partially Delivered
POI00009472,PO0004581,MAT00289,74,223.08,16507.92,Cancelled
POI00009473,PO0004582,MAT00021,31,88.58,2745.98,Delivered
POI00009474,PO0004583,MAT00199,49,473.6,23206.4,Delivered
POI00009475,PO0004583,MAT00183,87,17.19,1495.53,Partially Delivered
POI00009476,PO0004583,MAT00184,6,525.01,3150.06,Pending
POI00009477,PO0004584,MAT00294,9,526.32,4736.88,Pending
POI00009478,PO0004584,MAT00276,19,60.88,1156.72,Partially Delivered
POI00009479,PO0004584,MAT00279,38,406.13,15432.94,Cancelled
POI00009480,PO0004585,MAT00028,67,117.4,7865.8,Delivered
POI00009481,PO0004585,MAT00037,59,465.35,27455.65,Partially Delivered
POI00009482,PO0004586,MAT00163,11,141.22,1553.42,Pending
POI00009483,PO0004586,MAT00170,21,76.83,1613.43,Pending
POI00009484,PO0004587,MAT00234,6,276.75,1660.5,Delivered
POI00009485,PO0004587,MAT00248,10,523.3,5233.0,Partially Delivered
POI00009486,PO0004587,MAT00248,2,476.72,953.44,Partially Delivered
POI00009487,PO0004587,MAT00248,13,519.66,6755.58,Delivered
POI00009488,PO0004588,MAT00182,10,53.86,538.6,Delivered
POI00009489,PO0004589,MAT00300,38,438.99,16681.62,Delivered
POI00009490,PO0004589,MAT00283,84,50.71,4259.64,Delivered
POI00009491,PO0004590,MAT00035,41,727.35,29821.35,Delivered
POI00009492,PO0004590,MAT00026,36,544.06,19586.16,Delivered
POI00009493,PO0004590,MAT00027,60,199.69,11981.4,Delivered
POI00009494,PO0004591,MAT00019,29,330.03,9570.87,Cancelled
POI00009495,PO0004591,MAT00002,260,119.66,31111.6,Pending
POI00009496,PO0004592,MAT00211,10,330.91,3309.1,Delivered
POI00009497,PO0004592,MAT00214,9,633.69,5703.21,Delivered
POI00009498,PO0004592,MAT00225,98,478.64,46906.72,Delivered
POI00009499,PO0004593,MAT00165,15,392.76,5891.4,Delivered
POI00009500,PO0004593,MAT00168,60,109.58,6574.8,Delivered
POI00009501,PO0004594,MAT00284,16,287.97,4607.52,Delivered
POI00009502,PO0004594,MAT00291,18,287.31,5171.58,Delivered
POI00009503,PO0004594,MAT00276,3,59.97,179.91,Delivered
POI00009504,PO0004594,MAT00289,10,252.76,2527.6,Delivered
POI00009505,PO0004595,MAT00023,27,584.97,15794.19,Pending
POI00009506,PO0004595,MAT00209,17,308.92,5251.64,Partially Delivered
POI00009507,PO0004596,MAT00249,69,308.12,21260.28,Delivered
POI00009508,PO0004596,MAT00244,14,197.89,2770.46,Delivered
POI00009509,PO0004596,MAT00246,13,339.55,4414.15,Delivered
POI00009510,PO0004596,MAT00250,34,2958.66,100594.44,Delivered
POI00009511,PO0004597,MAT00038,6,730.03,4380.18,Delivered
POI00009512,PO0004598,MAT00275,56,254.51,14252.56,Delivered
POI00009513,PO0004599,MAT00061,9,278.65,2507.85,Delivered
POI00009514,PO0004599,MAT00047,8,117.72,941.76,Delivered
POI00009515,PO0004599,MAT00270,39,530.3,20681.7,Delivered
POI00009516,PO0004599,MAT00101,8,55.73,445.84,Delivered
POI00009517,PO0004600,MAT00070,6,133.31,799.86,Delivered
POI00009518,PO0004600,MAT00053,46,897.9,41303.4,Delivered
POI00009519,PO0004600,MAT00073,7,531.29,3719.03,Delivered
POI00009520,PO0004601,MAT00005,62,250.83,15551.46,Delivered
POI00009521,PO0004602,MAT00201,16,137.83,2205.28,Pending
POI00009522,PO0004602,MAT00201,33,156.9,5177.7,Partially Delivered
POI00009523,PO0004602,MAT00201,23,157.9,3631.7,Pending
POI00009524,PO0004603,MAT00089,118,514.62,60725.16,Delivered
POI00009525,PO0004603,MAT00089,2,515.62,1031.24,Delivered
POI00009526,PO0004604,MAT00054,13,551.31,7167.03,Partially Delivered
POI00009527,PO0004604,MAT00066,33,140.72,4643.76,Delivered
POI00009528,PO0004604,MAT00061,5,249.24,1246.2,Delivered
POI00009529,PO0004605,MAT00196,15,512.75,7691.25,Delivered
POI00009530,PO0004606,MAT00277,76,1112.34,84537.84,Delivered
POI00009531,PO0004607,MAT00085,18,644.04,11592.72,Delivered
POI00009532,PO0004607,MAT00099,13,873.59,11356.67,Pending
POI00009533,PO0004608,MAT00178,4,1284.84,5139.36,Delivered
POI00009534,PO0004609,MAT00120,26,93.21,2423.46,Delivered
POI00009535,PO0004610,MAT00161,3,336.51,1009.53,Delivered
POI00009536,PO0004610,MAT00151,28,282.55,7911.4,Delivered
POI00009537,PO0004611,MAT00118,63,591.03,37234.89,Delivered
POI00009538,PO0004612,MAT00027,6,170.44,1022.64,Delivered
POI00009539,PO0004612,MAT00035,32,682.1,21827.2,Delivered
POI00009540,PO0004613,MAT00240,13,649.0,8437.0,Delivered
POI00009541,PO0004613,MAT00245,29,85.1,2467.9,Delivered
POI00009542,PO0004614,MAT00099,36,770.23,27728.28,Delivered
POI00009543,PO0004614,MAT00085,19,652.5,12397.5,Delivered
POI00009544,PO0004614,MAT00085,16,551.76,8828.16,Delivered
POI00009545,PO0004614,MAT00099,45,864.19,38888.55,Delivered
POI00009546,PO0004615,MAT00044,12,514.03,6168.36,Partially Delivered
POI00009547,PO0004615,MAT00039,5,166.75,833.75,Delivered
POI00009548,PO0004616,MAT00219,122,105.65,12889.3,Delivered
POI00009549,PO0004616,MAT00222,129,233.82,30162.78,Delivered
POI00009550,PO0004617,MAT00065,24,131.72,3161.28,Delivered
POI00009551,PO0004618,MAT00220,7,301.85,2112.95,Delivered
POI00009552,PO0004619,MAT00066,44,118.54,5215.76,Pending
POI00009553,PO0004619,MAT00054,20,581.1,11622.0,Cancelled
POI00009554,PO0004620,MAT00255,15,1162.02,17430.3,Delivered
POI00009555,PO0004620,MAT00205,31,132.01,4092.31,Delivered
POI00009556,PO0004621,MAT00186,31,280.59,8698.29,Delivered
POI00009557,PO0004621,MAT00186,12,257.42,3089.04,Delivered
POI00009558,PO0004622,MAT00142,8,439.88,3519.04,Delivered
POI00009559,PO0004623,MAT00194,5,985.31,4926.55,Pending
POI00009560,PO0004624,MAT00201,87,134.2,11675.4,Delivered
POI00009561,PO0004625,MAT00007,91,693.25,63085.75,Delivered
POI00009562,PO0004625,MAT00021,38,96.54,3668.52,Delivered
POI00009563,PO0004625,MAT00001,3,56.62,169.86,Delivered
POI00009564,PO0004626,MAT00102,8,249.58,1996.64,Delivered
POI00009565,PO0004626,MAT00107,23,866.08,19919.84,Pending
POI00009566,PO0004626,MAT00121,11,1857.05,20427.55,Pending
POI00009567,PO0004627,MAT00201,10,139.3,1393.0,Delivered
POI00009568,PO0004627,MAT00201,193,165.36,31914.48,Delivered
POI00009569,PO0004628,MAT00117,37,159.0,5883.0,Delivered
POI00009570,PO0004628,MAT00101,20,50.11,1002.2,Pending
POI00009571,PO0004628,MAT00116,25,438.59,10964.75,Pending
POI00009572,PO0004628,MAT00117,5,163.97,819.85,Pending
POI00009573,PO0004629,MAT00064,27,121.93,3292.11,Delivered
POI00009574,PO0004630,MAT00191,26,935.69,24327.94,Cancelled
POI00009575,PO0004630,MAT00191,7,833.51,5834.57,Pending
POI00009576,PO0004631,MAT00146,11,264.5,2909.5,Cancelled
POI00009577,PO0004632,MAT00011,47,49.68,2334.96,Delivered
POI00009578,PO0004633,MAT00269,15,280.46,4206.9,Delivered
POI00009579,PO0004634,MAT00156,19,148.77,2826.63,Delivered
POI00009580,PO0004634,MAT00160,14,504.17,7058.38,Delivered
POI00009581,PO0004635,MAT00179,15,86.22,1293.3,Delivered
POI00009582,PO0004635,MAT00185,12,208.03,2496.36,Delivered
POI00009583,PO0004636,MAT00178,23,1262.25,29031.75,Delivered
POI00009584,PO0004636,MAT00178,58,1108.26,64279.08,Delivered
POI00009585,PO0004636,MAT00178,3,1194.62,3583.86,Partially Delivered
POI00009586,PO0004636,MAT00178,3,1062.45,3187.35,Delivered
POI00009587,PO0004637,MAT00223,24,252.69,6064.56,Delivered
POI00009588,PO0004638,MAT00217,2,149.28,298.56,Delivered
POI00009589,PO0004638,MAT00217,15,134.03,2010.45,Delivered
POI00009590,PO0004639,MAT00094,31,116.82,3621.42,Pending
POI00009591,PO0004639,MAT00090,5,255.14,1275.7,Delivered
POI00009592,PO0004640,MAT00059,68,90.76,6171.68,Delivered
POI00009593,PO0004640,MAT00059,24,87.11,2090.64,Delivered
POI00009594,PO0004640,MAT00059,9,97.19,874.71,Partially Delivered
POI00009595,PO0004641,MAT00007,69,726.85,50152.65,Delivered
POI00009596,PO0004641,MAT00001,6,62.72,376.32,Pending
POI00009597,PO0004642,MAT00250,38,3214.82,122163.16,Delivered
POI00009598,PO0004643,MAT00232,14,69.87,978.18,Pending
POI00009599,PO0004643,MAT00238,35,147.21,5152.35,Pending
POI00009600,PO0004644,MAT00153,74,161.97,11985.78,Delivered
POI00009601,PO0004644,MAT00056,3,65.15,195.45,Delivered
POI00009602,PO0004645,MAT00184,28,519.03,14532.84,Delivered
POI00009603,PO0004646,MAT00279,109,391.17,42637.53,Delivered
POI00009604,PO0004646,MAT00294,6,582.93,3497.58,Delivered
POI00009605,PO0004647,MAT00210,46,368.79,16964.34,Partially Delivered
POI00009606,PO0004647,MAT00210,3,351.98,1055.94,Delivered
POI00009607,PO0004648,MAT00232,27,71.34,1926.18,Delivered
POI00009608,PO0004649,MAT00042,11,48.26,530.86,Cancelled
POI00009609,PO0004650,MAT00019,8,336.58,2692.64,Cancelled
POI00009610,PO0004650,MAT00002,7,110.48,773.36,Pending
POI00009611,PO0004651,MAT00093,17,649.71,11045.07,Delivered
POI00009612,PO0004651,MAT00093,50,618.56,30928.0,Delivered
POI00009613,PO0004652,MAT00281,4,61.71,246.84,Delivered
POI00009614,PO0004652,MAT00285,38,78.01,2964.38,Delivered
POI00009615,PO0004653,MAT00182,76,55.55,4221.8,Delivered
POI00009616,PO0004653,MAT00182,21,58.51,1228.71,Delivered
POI00009617,PO0004653,MAT00178,4,1168.89,4675.56,Delivered
POI00009618,PO0004653,MAT00178,3,1111.65,3334.95,Delivered
POI00009619,PO0004654,MAT00248,39,537.52,20963.28,Partially Delivered
POI00009620,PO0004654,MAT00234,16,246.57,3945.12,Partially Delivered
POI00009621,PO0004655,MAT00008,63,105.03,6616.89,Delivered
POI00009622,PO0004655,MAT00129,58,126.1,7313.8,Delivered
POI00009623,PO0004656,MAT00158,47,1371.32,64452.04,Delivered
POI00009624,PO0004656,MAT00158,9,1459.27,13133.43,Delivered
POI00009625,PO0004657,MAT00194,14,869.1,12167.4,Delivered
POI00009626,PO0004657,MAT00194,12,967.59,11611.08,Delivered
POI00009627,PO0004657,MAT00194,109,963.01,104968.09,Delivered
POI00009628,PO0004657,MAT00188,172,128.3,22067.6,Delivered
POI00009629,PO0004658,MAT00078,32,104.41,3341.12,Pending
POI00009630,PO0004659,MAT00293,26,146.67,3813.42,Partially Delivered
POI00009631,PO0004659,MAT00297,37,211.38,7821.06,Pending
POI00009632,PO0004660,MAT00185,28,195.42,5471.76,Delivered
POI00009633,PO0004660,MAT00192,35,176.48,6176.8,Delivered
POI00009634,PO0004661,MAT00182,4,50.15,200.6,Delivered
POI00009635,PO0004661,MAT00182,14,49.35,690.9,Pending
POI00009636,PO0004661,MAT00178,8,1260.18,10081.44,Pending
POI00009637,PO0004661,MAT00178,13,1234.01,16042.13,Partially Delivered
POI00009638,PO0004662,MAT00214,9,697.62,6278.58,Delivered
POI00009639,PO0004662,MAT00202,17,55.23,938.91,Delivered
POI00009640,PO0004663,MAT00082,14,166.12,2325.68,Delivered
POI00009641,PO0004663,MAT00077,14,462.46,6474.44,Delivered
POI00009642,PO0004664,MAT00225,15,446.68,6700.2,Delivered
POI00009643,PO0004664,MAT00211,20,320.36,6407.2,Delivered
POI00009644,PO0004664,MAT00202,80,68.57,5485.6,Delivered
POI00009645,PO0004664,MAT00214,8,728.94,5831.52,Delivered
POI00009646,PO0004665,MAT00054,2,514.58,1029.16,Delivered
POI00009647,PO0004665,MAT00066,5,114.1,570.5,Delivered
POI00009648,PO0004666,MAT00201,4,155.25,621.0,Cancelled
POI00009649,PO0004666,MAT00201,12,161.29,1935.48,Partially Delivered
POI00009650,PO0004666,MAT00201,26,142.12,3695.12,Pending
POI00009651,PO0004666,MAT00201,100,166.36,16636.0,Pending
POI00009652,PO0004667,MAT00084,15,223.67,3355.05,Delivered
POI00009653,PO0004667,MAT00082,10,146.6,1466.0,Delivered
POI00009654,PO0004667,MAT00077,13,464.03,6032.39,Cancelled
POI00009655,PO0004668,MAT00206,21,759.8,15955.8,Delivered
POI00009656,PO0004669,MAT00088,10,1023.0,10230.0,Delivered
POI00009657,PO0004670,MAT00089,30,554.38,16631.4,Delivered
POI00009658,PO0004670,MAT00089,31,457.58,14184.98,Delivered
POI00009659,PO0004671,MAT00235,3,307.27,921.81,Delivered
POI00009660,PO0004672,MAT00293,45,146.03,6571.35,Pending
POI00009661,PO0004672,MAT00297,45,197.97,8908.65,Delivered
POI00009662,PO0004672,MAT00280,13,453.64,5897.32,Partially Delivered
POI00009663,PO0004673,MAT00237,37,825.01,30525.37,Delivered
POI00009664,PO0004673,MAT00231,18,407.19,7329.42,Delivered
POI00009665,PO0004673,MAT00237,50,908.59,45429.5,Delivered
POI00009666,PO0004673,MAT00231,18,356.22,6411.96,Delivered
POI00009667,PO0004674,MAT00016,136,506.74,68916.64,Delivered
POI00009668,PO0004675,MAT00248,53,509.64,27010.92,Pending
POI00009669,PO0004676,MAT00188,22,129.05,2839.1,Delivered
POI00009670,PO0004676,MAT00194,13,854.3,11105.9,Pending
POI00009671,PO0004676,MAT00188,26,145.74,3789.24,Cancelled
POI00009672,PO0004677,MAT00153,38,149.29,5673.02,Cancelled
POI00009673,PO0004678,MAT00002,10,109.83,1098.3,Delivered
POI00009674,PO0004678,MAT00019,14,374.74,5246.36,Delivered
POI00009675,PO0004679,MAT00041,29,2702.24,78364.96,Delivered
POI00009676,PO0004679,MAT00038,5,693.72,3468.6,Delivered
POI00009677,PO0004680,MAT00285,47,72.22,3394.34,Delivered
POI00009678,PO0004680,MAT00281,19,77.3,1468.7,Delivered
POI00009679,PO0004681,MAT00275,18,284.45,5120.1,Delivered
POI00009680,PO0004681,MAT00295,16,88.43,1414.88,Delivered
POI00009681,PO0004681,MAT00142,6,474.19,2845.14,Delivered
POI00009682,PO0004682,MAT00148,21,87.47,1836.87,Delivered
POI00009683,PO0004683,MAT00065,45,147.1,6619.5,Delivered
POI00009684,PO0004684,MAT00244,171,183.75,31421.25,Pending
POI00009685,PO0004685,MAT00159,19,629.98,11969.62,Cancelled
POI00009686,PO0004686,MAT00252,5,855.99,4279.95,Delivered
POI00009687,PO0004687,MAT00262,11,782.82,8611.02,Delivered
POI00009688,PO0004688,MAT00205,8,162.61,1300.88,Pending
POI00009689,PO0004689,MAT00081,181,110.75,20045.75,Delivered
POI00009690,PO0004690,MAT00044,19,499.64,9493.16,Partially Delivered
POI00009691,PO0004691,MAT00044,16,440.72,7051.52,Delivered
POI00009692,PO0004692,MAT00057,36,173.72,6253.92,Delivered
POI00009693,PO0004693,MAT00245,7,100.35,702.45,Partially Delivered
POI00009694,PO0004694,MAT00023,15,610.48,9157.2,Delivered
POI00009695,PO0004695,MAT00171,32,537.92,17213.44,Delivered
POI00009696,PO0004696,MAT00241,5,147.99,739.95,Partially Delivered
POI00009697,PO0004697,MAT00271,38,173.62,6597.56,Delivered
POI00009698,PO0004698,MAT00190,98,1147.79,112483.42,Delivered
POI00009699,PO0004699,MAT00260,31,309.99,9609.69,Delivered
POI00009700,PO0004700,MAT00293,3,157.09,471.27,Pending
POI00009701,PO0004701,MAT00144,12,102.14,1225.68,Delivered
POI00009702,PO0004702,MAT00153,18,161.6,2908.8,Cancelled
POI00009703,PO0004703,MAT00069,14,220.2,3082.8,Delivered
POI00009704,PO0004704,MAT00242,22,173.04,3806.88,Partially Delivered
POI00009705,PO0004705,MAT00205,34,161.2,5480.8,Delivered
POI00009706,PO0004706,MAT00048,5,243.58,1217.9,Delivered
POI00009707,PO0004707,MAT00210,5,375.14,1875.7,Delivered
POI00009708,PO0004708,MAT00281,4,77.05,308.2,Delivered
POI00009709,PO0004709,MAT00111,5,84.06,420.3,Cancelled
POI00009710,PO0004710,MAT00278,3,1480.29,4440.87,Delivered
POI00009711,PO0004711,MAT00002,5,108.47,542.35,Delivered
POI00009712,PO0004712,MAT00227,18,225.94,4066.92,Delivered
POI00009713,PO0004713,MAT00260,7,291.68,2041.76,Partially Delivered
POI00009714,PO0004714,MAT00266,12,436.87,5242.44,Delivered
POI00009715,PO0004715,MAT00041,119,2506.36,298256.84,Delivered
POI00009716,PO0004716,MAT00210,29,330.31,9578.99,Delivered
POI00009717,PO0004717,MAT00136,72,148.97,10725.84,Delivered
POI00009718,PO0004718,MAT00268,15,182.7,2740.5,Delivered
POI00009719,PO0004719,MAT00002,14,115.38,1615.32,Partially Delivered
POI00009720,PO0004720,MAT00285,55,74.69,4107.95,Delivered
POI00009721,PO0004721,MAT00095,8,28.56,228.48,Delivered
POI00009722,PO0004722,MAT00127,3,5852.11,17556.33,Cancelled
POI00009723,PO0004723,MAT00229,7,434.36,3040.52,Delivered
POI00009724,PO0004724,MAT00277,103,1247.18,128459.54,Delivered
POI00009725,PO0004725,MAT00105,17,59.43,1010.31,Delivered
POI00009726,PO0004726,MAT00229,26,480.62,12496.12,Delivered
POI00009727,PO0004727,MAT00089,44,549.41,24174.04,Delivered
POI00009728,PO0004728,MAT00149,32,23.53,752.96,Delivered
POI00009729,PO0004729,MAT00192,24,179.89,4317.36,Partially Delivered
POI00009730,PO0004730,MAT00249,97,322.94,31325.18,Delivered
POI00009731,PO0004731,MAT00154,7,150.59,1054.13,Delivered
POI00009732,PO0004732,MAT00251,24,134.47,3227.28,Partially Delivered
POI00009733,PO0004733,MAT00043,133,261.68,34803.44,Delivered
POI00009734,PO0004734,MAT00216,21,119.22,2503.62,Delivered
POI00009735,PO0004735,MAT00145,23,251.18,5777.14,Delivered
POI00009736,PO0004736,MAT00067,30,579.35,17380.5,Delivered
POI00009737,PO0004737,MAT00217,55,129.01,7095.55,Delivered
POI00009738,PO0004738,MAT00228,32,68.64,2196.48,Delivered
POI00009739,PO0004739,MAT00180,8,279.99,2239.92,Delivered
POI00009740,PO0004740,MAT00087,21,331.93,6970.53,Pending
POI00009741,PO0004741,MAT00107,62,815.77,50577.74,Pending
POI00009742,PO0004742,MAT00210,13,318.03,4134.39,Delivered
POI00009743,PO0004743,MAT00013,100,112.81,11281.0,Pending
POI00009744,PO0004744,MAT00177,17,263.03,4471.51,Delivered
POI00009745,PO0004745,MAT00119,10,146.52,1465.2,Delivered
POI00009746,PO0004746,MAT00164,6,109.09,654.54,Pending
POI00009747,PO0004747,MAT00151,277,278.04,77017.08,Delivered
POI00009748,PO0004748,MAT00012,33,358.99,11846.67,Cancelled
POI00009749,PO0004749,MAT00191,12,951.09,11413.08,Delivered
POI00009750,PO0004750,MAT00165,10,411.06,4110.6,Delivered
POI00009751,PO0004751,MAT00125,25,61.31,1532.75,Delivered
POI00009752,PO0004752,MAT00245,30,101.36,3040.8,Delivered
POI00009753,PO0004753,MAT00178,13,1182.64,15374.32,Delivered
POI00009754,PO0004754,MAT00156,3,161.36,484.08,Delivered
POI00009755,PO0004755,MAT00286,83,791.71,65711.93,Delivered
POI00009756,PO0004756,MAT00113,16,1234.36,19749.76,Delivered
POI00009757,PO0004757,MAT00078,17,92.46,1571.82,Delivered
POI00009758,PO0004758,MAT00288,85,844.57,71788.45,Delivered
POI00009759,PO0004759,MAT00299,42,90.95,3819.9,Delivered
POI00009760,PO0004760,MAT00277,18,1338.89,24100.02,Pending
POI00009761,PO0004761,MAT00184,6,462.79,2776.74,Delivered
POI00009762,PO0004762,MAT00004,19,215.66,4097.54,Delivered
POI00009763,PO0004763,MAT00264,39,757.73,29551.47,Delivered
POI00009764,PO0004764,MAT00050,36,140.71,5065.56,Delivered
POI00009765,PO0004765,MAT00004,57,233.18,13291.26,Cancelled
POI00009766,PO0004766,MAT00075,140,97.95,13713.0,Delivered
POI00009767,PO0004767,MAT00096,50,264.27,13213.5,Delivered
POI00009768,PO0004768,MAT00234,53,270.68,14346.04,Delivered
POI00009769,PO0004769,MAT00174,8,337.79,2702.32,Delivered
POI00009770,PO0004770,MAT00300,16,523.4,8374.4,Delivered
POI00009771,PO0004771,MAT00053,30,903.99,27119.7,Partially Delivered
POI00009772,PO0004772,MAT00211,28,289.12,8095.36,Delivered
POI00009773,PO0004773,MAT00246,11,326.9,3595.9,Delivered
POI00009774,PO0004774,MAT00286,43,765.09,32898.87,Delivered
POI00009775,PO0004775,MAT00011,3,49.31,147.93,Delivered
POI00009776,PO0004776,MAT00248,56,495.24,27733.44,Delivered
POI00009777,PO0004777,MAT00285,3,67.4,202.2,Delivered
POI00009778,PO0004778,MAT00116,17,536.86,9126.62,Pending
POI00009779,PO0004779,MAT00275,18,279.96,5039.28,Delivered
POI00009780,PO0004780,MAT00093,42,528.7,22205.4,Pending
POI00009781,PO0004781,MAT00280,16,511.46,8183.36,Pending
POI00009782,PO0004782,MAT00132,3,108.01,324.03,Partially Delivered
POI00009783,PO0004783,MAT00183,11,18.66,205.26,Delivered
POI00009784,PO0004784,MAT00210,35,315.41,11039.35,Pending
POI00009785,PO0004785,MAT00088,9,1056.2,9505.8,Delivered
POI00009786,PO0004786,MAT00049,34,74.52,2533.68,Delivered
POI00009787,PO0004787,MAT00102,1,269.91,269.91,Delivered
POI00009788,PO0004788,MAT00111,34,76.05,2585.7,Pending
POI00009789,PO0004789,MAT00004,5,252.69,1263.45,Cancelled
POI00009790,PO0004790,MAT00231,50,358.95,17947.5,Pending
POI00009791,PO0004791,MAT00217,31,138.85,4304.35,Delivered
POI00009792,PO0004792,MAT00029,3,184.84,554.52,Partially Delivered
POI00009793,PO0004793,MAT00210,18,329.4,5929.2,Cancelled
POI00009794,PO0004794,MAT00189,6,131.57,789.42,Pending
POI00009795,PO0004795,MAT00235,12,246.97,2963.64,Delivered
POI00009796,PO0004796,MAT00297,63,200.55,12634.65,Delivered
POI00009797,PO0004797,MAT00251,21,130.34,2737.14,Pending
POI00009798,PO0004798,MAT00024,36,126.83,4565.88,Delivered
POI00009799,PO0004799,MAT00155,12,599.79,7197.48,Delivered
POI00009800,PO0004800,MAT00206,4,777.11,3108.44,Pending
POI00009801,PO0004801,MAT00040,11,220.7,2427.7,Delivered
POI00009802,PO0004802,MAT00122,171,312.47,53432.37,Delivered
POI00009803,PO0004803,MAT00051,23,74.46,1712.58,Delivered
POI00009804,PO0004804,MAT00144,12,109.65,1315.8,Delivered
POI00009805,PO0004805,MAT00097,11,686.05,7546.55,Delivered
POI00009806,PO0004806,MAT00035,71,731.64,51946.44,Pending
POI00009807,PO0004807,MAT00188,13,133.78,1739.14,Delivered
POI00009808,PO0004808,MAT00086,35,93.51,3272.85,Delivered
POI00009809,PO0004809,MAT00242,2,180.65,361.3,Delivered
POI00009810,PO0004810,MAT00170,31,66.57,2063.67,Delivered
POI00009811,PO0004811,MAT00156,1,166.14,166.14,Delivered
POI00009812,PO0004812,MAT00093,141,555.41,78312.81,Partially Delivered
POI00009813,PO0004813,MAT00219,13,105.41,1370.33,Delivered
POI00009814,PO0004814,MAT00166,45,134.89,6070.05,Pending
POI00009815,PO0004815,MAT00191,132,925.79,122204.28,Pending
POI00009816,PO0004816,MAT00030,50,245.49,12274.5,Delivered
POI00009817,PO0004817,MAT00248,159,530.11,84287.49,Pending
POI00009818,PO0004818,MAT00262,138,762.96,105288.48,Delivered
POI00009819,PO0004819,MAT00287,76,457.99,34807.24,Delivered
POI00009820,PO0004820,MAT00076,19,83.54,1587.26,Delivered
POI00009821,PO0004821,MAT00293,20,156.9,3138.0,Delivered
POI00009822,PO0004822,MAT00082,36,138.73,4994.28,Pending
POI00009823,PO0004823,MAT00036,4,88.84,355.36,Pending
POI00009824,PO0004824,MAT00107,8,750.39,6003.12,Delivered
POI00009825,PO0004825,MAT00193,13,89.12,1158.56,Delivered
POI00009826,PO0004826,MAT00275,60,257.82,15469.2,Delivered
POI00009827,PO0004827,MAT00129,7,123.08,861.56,Cancelled
POI00009828,PO0004828,MAT00191,20,824.23,16484.6,Delivered
POI00009829,PO0004829,MAT00241,34,153.61,5222.74,Pending
POI00009830,PO0004830,MAT00131,5,235.01,1175.05,Delivered
POI00009831,PO0004831,MAT00043,40,272.66,10906.4,Pending
POI00009832,PO0004832,MAT00155,27,565.62,15271.74,Pending
POI00009833,PO0004833,MAT00221,45,137.13,6170.85,Delivered
POI00009834,PO0004834,MAT00268,54,174.72,9434.88,Delivered
POI00009835,PO0004835,MAT00193,5,90.08,450.4,Delivered
POI00009836,PO0004836,MAT00068,20,134.35,2687.0,Pending
POI00009837,PO0004837,MAT00160,14,498.66,6981.24,Delivered
POI00009838,PO0004838,MAT00229,5,391.92,1959.6,Delivered
POI00009839,PO0004839,MAT00099,21,841.95,17680.95,Delivered
POI00009840,PO0004840,MAT00156,40,166.68,6667.2,Delivered
POI00009841,PO0004841,MAT00045,159,242.16,38503.44,Delivered
POI00009842,PO0004842,MAT00234,6,258.18,1549.08,Delivered
POI00009843,PO0004843,MAT00168,51,107.74,5494.74,Pending
POI00009844,PO0004844,MAT00210,25,346.76,8669.0,Delivered
POI00009845,PO0004845,MAT00223,13,257.6,3348.8,Delivered
POI00009846,PO0004846,MAT00258,82,118.29,9699.78,Delivered
POI00009847,PO0004847,MAT00209,25,307.24,7681.0,Delivered
POI00009848,PO0004848,MAT00250,382,3125.38,1193895.16,Delivered
POI00009849,PO0004849,MAT00280,25,461.6,11540.0,Delivered
POI00009850,PO0004850,MAT00095,90,27.32,2458.8,Partially Delivered
POI00009851,PO0004851,MAT00229,17,420.17,7142.89,Pending
POI00009852,PO0004852,MAT00128,7,106.46,745.22,Pending
POI00009853,PO0004853,MAT00069,24,226.23,5429.52,Delivered
POI00009854,PO0004854,MAT00111,17,82.18,1397.06,Delivered
POI00009855,PO0004855,MAT00279,22,418.33,9203.26,Delivered
POI00009856,PO0004856,MAT00013,6,125.22,751.32,Cancelled
POI00009857,PO0004857,MAT00058,7,55.43,388.01,Delivered
POI00009858,PO0004858,MAT00086,6,101.53,609.18,Delivered
POI00009859,PO0004859,MAT00043,21,285.7,5999.7,Delivered
POI00009860,PO0004860,MAT00145,7,250.03,1750.21,Delivered
POI00009861,PO0004861,MAT00101,30,55.14,1654.2,Pending
POI00009862,PO0004862,MAT00052,6,688.52,4131.12,Delivered
POI00009863,PO0004863,MAT00228,19,64.89,1232.91,Delivered
POI00009864,PO0004864,MAT00149,13,21.44,278.72,Delivered
POI00009865,PO0004865,MAT00063,75,219.16,16437.0,Pending
POI00009866,PO0004866,MAT00174,3,278.33,834.99,Delivered
POI00009867,PO0004867,MAT00220,20,324.88,6497.6,Pending
POI00009868,PO0004868,MAT00201,32,155.54,4977.28,Delivered
POI00009869,PO0004869,MAT00217,34,149.44,5080.96,Pending
POI00009870,PO0004870,MAT00099,9,797.5,7177.5,Delivered
POI00009871,PO0004871,MAT00045,18,289.61,5212.98,Delivered
POI00009872,PO0004872,MAT00274,9,298.75,2688.75,Delivered
POI00009873,PO0004873,MAT00226,3,46.21,138.63,Cancelled
POI00009874,PO0004874,MAT00245,18,88.46,1592.28,Delivered
POI00009875,PO0004875,MAT00096,5,271.24,1356.2,Delivered
POI00009876,PO0004876,MAT00119,12,154.17,1850.04,Delivered
POI00009877,PO0004877,MAT00177,21,280.35,5887.35,Pending
POI00009878,PO0004878,MAT00270,4,501.22,2004.88,Pending
POI00009879,PO0004879,MAT00230,23,390.96,8992.08,Pending
POI00009880,PO0004880,MAT00113,7,1151.05,8057.35,Delivered
POI00009881,PO0004881,MAT00110,20,533.06,10661.2,Delivered
POI00009882,PO0004882,MAT00095,89,32.15,2861.35,Delivered
POI00009883,PO0004883,MAT00223,9,263.15,2368.35,Delivered
POI00009884,PO0004884,MAT00186,51,290.43,14811.93,Delivered
POI00009885,PO0004885,MAT00092,21,705.26,14810.46,Delivered
POI00009886,PO0004886,MAT00004,26,239.24,6220.24,Pending
POI00009887,PO0004887,MAT00191,19,946.88,17990.72,Delivered
POI00009888,PO0004888,MAT00161,26,312.56,8126.56,Delivered
POI00009889,PO0004889,MAT00088,3,1092.92,3278.76,Delivered
POI00009890,PO0004890,MAT00107,27,833.46,22503.42,Pending
POI00009891,PO0004891,MAT00121,37,1724.64,63811.68,Delivered
POI00009892,PO0004892,MAT00082,5,156.02,780.1,Delivered
POI00009893,PO0004893,MAT00111,15,69.0,1035.0,Delivered
POI00009894,PO0004894,MAT00076,68,75.5,5134.0,Delivered
POI00009895,PO0004895,MAT00043,8,281.21,2249.68,Delivered
POI00009896,PO0004896,MAT00093,16,597.78,9564.48,Partially Delivered
POI00009897,PO0004897,MAT00182,9,58.25,524.25,Partially Delivered
POI00009898,PO0004898,MAT00018,15,329.33,4939.95,Delivered
POI00009899,PO0004899,MAT00229,5,455.69,2278.45,Cancelled
POI00009900,PO0004900,MAT00080,54,187.55,10127.7,Partially Delivered
POI00009901,PO0004901,MAT00086,23,88.45,2034.35,Pending
POI00009902,PO0004902,MAT00153,12,157.1,1885.2,Delivered
POI00009903,PO0004903,MAT00204,18,1228.44,22111.92,Delivered
POI00009904,PO0004904,MAT00113,31,1384.5,42919.5,Delivered
POI00009905,PO0004905,MAT00032,92,80.1,7369.2,Pending
POI00009906,PO0004906,MAT00160,21,489.42,10277.82,Delivered
POI00009907,PO0004907,MAT00042,147,55.96,8226.12,Delivered
POI00009908,PO0004908,MAT00177,52,285.12,14826.24,Delivered
POI00009909,PO0004909,MAT00004,22,209.79,4615.38,Delivered
POI00009910,PO0004910,MAT00224,1,1470.78,1470.78,Delivered
POI00009911,PO0004911,MAT00158,5,1355.97,6779.85,Delivered
POI00009912,PO0004912,MAT00004,13,253.07,3289.91,Delivered
POI00009913,PO0004913,MAT00024,5,115.34,576.7,Pending
POI00009914,PO0004914,MAT00234,127,248.9,31610.3,Delivered
POI00009915,PO0004915,MAT00093,2,561.02,1122.04,Partially Delivered
POI00009916,PO0004916,MAT00253,55,121.68,6692.4,Cancelled
POI00009917,PO0004917,MAT00223,27,270.81,7311.87,Delivered
POI00009918,PO0004918,MAT00157,2,36.44,72.88,Partially Delivered
POI00009919,PO0004919,MAT00190,21,1019.0,21399.0,Delivered
POI00009920,PO0004920,MAT00093,22,635.56,13982.32,Delivered
POI00009921,PO0004921,MAT00013,59,124.4,7339.6,Delivered
POI00009922,PO0004922,MAT00142,16,411.86,6589.76,Delivered
POI00009923,PO0004923,MAT00217,20,132.2,2644.0,Delivered
POI00009924,PO0004924,MAT00266,3,434.83,1304.49,Pending
POI00009925,PO0004925,MAT00004,31,254.11,7877.41,Delivered
POI00009926,PO0004926,MAT00182,11,56.65,623.15,Delivered
POI00009927,PO0004927,MAT00283,26,58.31,1516.06,Delivered
POI00009928,PO0004928,MAT00176,9,151.02,1359.18,Cancelled
POI00009929,PO0004929,MAT00037,8,463.1,3704.8,Delivered
POI00009930,PO0004930,MAT00182,97,51.36,4981.92,Pending
POI00009931,PO0004931,MAT00201,19,159.82,3036.58,Delivered
POI00009932,PO0004932,MAT00192,9,156.74,1410.66,Delivered
POI00009933,PO0004933,MAT00284,175,330.24,57792.0,Pending
POI00009934,PO0004934,MAT00239,41,748.92,30705.72,Delivered
POI00009935,PO0004935,MAT00235,17,299.61,5093.37,Delivered
POI00009936,PO0004936,MAT00262,6,714.62,4287.72,Partially Delivered
POI00009937,PO0004937,MAT00229,5,466.27,2331.35,Delivered
POI00009938,PO0004938,MAT00018,7,385.89,2701.23,Delivered
POI00009939,PO0004939,MAT00281,18,76.83,1382.94,Delivered
POI00009940,PO0004940,MAT00274,23,292.2,6720.6,Pending
POI00009941,PO0004941,MAT00188,20,149.17,2983.4,Delivered
POI00009942,PO0004942,MAT00102,20,246.55,4931.0,Delivered
POI00009943,PO0004943,MAT00043,35,248.63,8702.05,Delivered
POI00009944,PO0004944,MAT00256,9,162.53,1462.77,Delivered
POI00009945,PO0004945,MAT00158,42,1218.98,51197.16,Delivered
POI00009946,PO0004946,MAT00018,32,339.23,10855.36,Delivered
POI00009947,PO0004947,MAT00259,25,227.86,5696.5,Delivered
POI00009948,PO0004948,MAT00031,9,179.81,1618.29,Cancelled
POI00009949,PO0004949,MAT00109,36,434.08,15626.88,Pending
POI00009950,PO0004950,MAT00004,8,253.2,2025.6,Delivered
POI00009951,PO0004951,MAT00148,25,84.2,2105.0,Delivered
POI00009952,PO0004952,MAT00206,10,678.76,6787.6,Pending
POI00009953,PO0004953,MAT00029,20,206.82,4136.4,Delivered
POI00009954,PO0004954,MAT00267,13,864.5,11238.5,Delivered
POI00009955,PO0004955,MAT00090,81,257.35,20845.35,Delivered
POI00009956,PO0004956,MAT00111,17,71.38,1213.46,Delivered
POI00009957,PO0004957,MAT00168,31,108.88,3375.28,Pending
POI00009958,PO0004958,MAT00201,15,149.35,2240.25,Delivered
POI00009959,PO0004959,MAT00229,12,439.99,5279.88,Pending
POI00009960,PO0004960,MAT00065,13,127.29,1654.77,Delivered
POI00009961,PO0004961,MAT00217,51,131.38,6700.38,Delivered
POI00009962,PO0004962,MAT00104,13,455.29,5918.77,Pending
POI00009963,PO0004963,MAT00286,20,820.68,16413.6,Delivered
POI00009964,PO0004964,MAT00048,23,222.33,5113.59,Pending
POI00009965,PO0004965,MAT00194,56,951.57,53287.92,Delivered
POI00009966,PO0004966,MAT00160,6,585.81,3514.86,Pending
POI00009967,PO0004967,MAT00100,27,941.02,25407.54,Delivered
POI00009968,PO0004968,MAT00065,1,152.24,152.24,Partially Delivered
POI00009969,PO0004969,MAT00023,35,598.9,20961.5,Delivered
POI00009970,PO0004970,MAT00011,31,58.59,1816.29,Delivered
POI00009971,PO0004971,MAT00107,14,736.46,10310.44,Partially Delivered
POI00009972,PO0004972,MAT00189,13,132.13,1717.69,Delivered
POI00009973,PO0004973,MAT00096,21,263.85,5540.85,Pending
POI00009974,PO0004974,MAT00184,28,563.67,15782.76,Delivered
POI00009975,PO0004975,MAT00217,53,143.25,7592.25,Delivered
POI00009976,PO0004976,MAT00224,443,1614.13,715059.59,Cancelled
POI00009977,PO0004977,MAT00056,4,78.34,313.36,Delivered
POI00009978,PO0004978,MAT00074,35,201.54,7053.9,Delivered
POI00009979,PO0004979,MAT00260,18,349.67,6294.06,Delivered
POI00009980,PO0004980,MAT00220,9,281.44,2532.96,Pending
POI00009981,PO0004981,MAT00252,11,734.18,8075.98,Cancelled
POI00009982,PO0004982,MAT00231,13,350.7,4559.1,Pending
POI00009983,PO0004983,MAT00147,41,644.42,26421.22,Delivered
POI00009984,PO0004984,MAT00284,1,340.73,340.73,Pending
POI00009985,PO0004985,MAT00037,62,377.74,23419.88,Delivered
POI00009986,PO0004986,MAT00120,4,81.83,327.32,Delivered
POI00009987,PO0004987,MAT00201,15,144.39,2165.85,Delivered
POI00009988,PO0004988,MAT00019,57,353.37,20142.09,Delivered
POI00009989,PO0004989,MAT00262,149,721.82,107551.18,Delivered
POI00009990,PO0004990,MAT00262,4,728.39,2913.56,Delivered
POI00009991,PO0004991,MAT00158,12,1258.06,15096.72,Pending
POI00009992,PO0004992,MAT00189,19,107.98,2051.62,Delivered
POI00009993,PO0004993,MAT00165,6,416.61,2499.66,Delivered
POI00009994,PO0004994,MAT00093,14,583.12,8163.68,Delivered
POI00009995,PO0004995,MAT00255,48,1254.04,60193.92,Delivered
POI00009996,PO0004996,MAT00206,69,675.64,46619.16,Delivered
POI00009997,PO0004997,MAT00082,8,154.5,1236.0,Partially Delivered
POI00009998,PO0004998,MAT00141,85,44.74,3802.9,Pending
POI00009999,PO0004999,MAT00026,32,571.86,18299.52,Delivered
POI00010000,PO0005000,MAT00185,11,203.72,2240.92,Delivered
