po_id,supplier_id,po_date,expected_delivery_date,actual_delivery_date,po_status,total_amount
PO0000001,SUP0005,2025-10-20,2025-11-16,2025-11-23,Delayed,3199.26
PO0000002,SUP0060,2026-01-14,2026-01-29,2026-02-04,Delayed,17940.75
PO0000003,SUP0059,2026-05-26,2026-06-16,2026-06-14,Completed,2201.52
PO0000004,SUP0066,2026-03-19,2026-04-21,2026-04-20,Completed,13810.52
PO0000005,SUP0080,2026-03-21,2026-04-19,2026-04-27,Completed,2316.6
PO0000006,SUP0008,2025-04-20,2025-05-27,,In Progress,5436.3
PO0000007,SUP0049,2025-06-07,2025-06-27,2025-06-26,Completed,4258.38
PO0000008,SUP0066,2026-05-23,2026-06-21,2026-06-16,Completed,5095.2
PO0000009,SUP0050,2025-10-06,2025-10-22,2025-10-23,Completed,19991.88
PO0000010,SUP0049,2025-03-07,2025-03-30,2025-04-06,Completed,371.16
PO0000011,SUP0008,2025-07-11,2025-07-29,,Cancelled,52147.55
PO0000012,SUP0022,2025-10-31,2025-11-14,2025-11-11,Completed,18077.65
PO0000013,SUP0010,2025-04-16,2025-05-11,,Pending Approval,37681.4
PO0000014,SUP0075,2025-03-04,2025-03-27,2025-04-04,Completed,2079.88
PO0000015,SUP0080,2026-04-14,2026-05-05,,In Progress,24651.24
PO0000016,SUP0093,2025-12-06,2025-12-31,2026-01-03,Completed,4786.65
PO0000017,SUP0086,2026-03-26,2026-04-18,2026-04-20,Completed,19677.7
PO0000018,SUP0011,2025-11-24,2025-12-22,2025-12-25,Completed,4271.92
PO0000019,SUP0076,2025-10-02,2025-10-12,2025-10-15,Completed,33442.71
PO0000020,SUP0024,2025-03-14,2025-04-06,,Cancelled,158436.96
PO0000021,SUP0071,2025-04-27,2025-05-23,2025-05-22,Completed,44077.02
PO0000022,SUP0100,2026-01-06,2026-02-16,2026-02-20,Delayed,65989.16
PO0000023,SUP0061,2026-03-01,2026-03-06,2026-03-11,Completed,7986.63
PO0000024,SUP0011,2026-01-02,2026-01-20,2026-01-26,Completed,25604.87
PO0000025,SUP0012,2025-06-07,2025-07-14,2025-07-18,Completed,21641.4
PO0000026,SUP0040,2025-04-22,2025-05-25,2025-06-10,Delayed,33542.58
PO0000027,SUP0057,2025-02-08,2025-03-27,2025-03-25,Completed,6219.25
PO0000028,SUP0014,2025-05-08,2025-05-27,2025-05-25,Completed,217689.51
PO0000029,SUP0003,2025-12-12,2026-01-15,2026-01-10,Completed,7907.27
PO0000030,SUP0069,2026-05-26,2026-06-30,2026-06-29,Completed,1432.2
PO0000031,SUP0097,2026-04-13,2026-04-27,,In Progress,5151.08
PO0000032,SUP0050,2025-03-31,2025-04-14,2025-04-19,Delayed,6568.64
PO0000033,SUP0092,2025-07-31,2025-08-17,,In Progress,849.95
PO0000034,SUP0087,2026-02-19,2026-03-01,2026-03-03,Completed,8424.45
PO0000035,SUP0074,2026-02-18,2026-03-23,2026-03-26,Completed,24643.8
PO0000036,SUP0076,2026-02-23,2026-03-13,,In Progress,36176.14
PO0000037,SUP0042,2026-02-12,2026-03-12,2026-03-12,Completed,38897.04
PO0000038,SUP0024,2025-07-02,2025-08-02,,In Progress,36142.49
PO0000039,SUP0025,2025-02-22,2025-03-23,2025-04-04,Delayed,3157.72
PO0000040,SUP0029,2025-12-20,2026-01-14,2026-01-09,Completed,1756.35
PO0000041,SUP0028,2026-01-28,2026-02-20,,In Progress,21871.5
PO0000042,SUP0050,2025-08-19,2025-09-14,2025-09-12,Completed,45443.37
PO0000043,SUP0065,2025-03-04,2025-03-26,2025-03-21,Completed,69945.04
PO0000044,SUP0004,2026-05-31,2026-06-21,,In Progress,353.34
PO0000045,SUP0015,2025-12-20,2026-01-19,2026-01-27,Completed,163.63
PO0000046,SUP0017,2026-04-05,2026-04-19,2026-04-26,Delayed,2782.02
PO0000047,SUP0032,2025-01-07,2025-01-31,2025-01-28,Completed,17378.1
PO0000048,SUP0029,2025-05-08,2025-06-01,2025-06-01,Completed,4357.98
PO0000049,SUP0054,2025-07-25,2025-08-27,2025-08-30,Completed,25768.18
PO0000050,SUP0014,2025-01-16,2025-02-11,2025-02-11,Completed,27738.98
PO0000051,SUP0015,2025-12-03,2026-01-08,2026-01-08,Completed,13715.17
PO0000052,SUP0069,2025-05-18,2025-06-27,2025-06-22,Completed,297.06
PO0000053,SUP0020,2025-09-06,2025-10-18,2025-10-16,Completed,3913.45
PO0000054,SUP0006,2025-04-03,2025-04-17,2025-04-17,Completed,4613.28
PO0000055,SUP0090,2025-10-07,2025-10-20,,In Progress,6808.2
PO0000056,SUP0010,2026-05-09,2026-06-08,2026-06-15,Delayed,6470.03
PO0000057,SUP0041,2025-08-17,2025-09-06,2025-09-07,Completed,38594.81
PO0000058,SUP0027,2026-05-02,2026-05-17,,Pending Approval,13080.2
PO0000059,SUP0020,2025-10-20,2025-11-11,2025-11-11,Completed,16980.6
PO0000060,SUP0057,2025-11-03,2025-11-26,2025-12-13,Delayed,5988.32
PO0000061,SUP0040,2026-05-14,2026-06-23,,In Progress,3579.39
PO0000062,SUP0079,2026-03-15,2026-04-14,2026-05-03,Delayed,1014.39
PO0000063,SUP0074,2025-03-14,2025-04-10,2025-04-05,Completed,13344.84
PO0000064,SUP0090,2025-06-07,2025-07-05,2025-07-09,Completed,15127.45
PO0000065,SUP0004,2025-04-21,2025-05-09,,In Progress,22130.9
PO0000066,SUP0082,2025-04-01,2025-04-24,,In Progress,4726.0
PO0000067,SUP0084,2025-08-25,2025-08-30,2025-08-26,Completed,5156.93
PO0000068,SUP0026,2025-03-03,2025-03-08,2025-03-08,Completed,50164.91
PO0000069,SUP0063,2026-04-19,2026-05-12,2026-05-12,Completed,8422.28
PO0000070,SUP0009,2025-12-17,2026-01-06,2026-01-10,Completed,13654.64
PO0000071,SUP0089,2025-10-01,2025-10-13,2025-10-13,Completed,96124.64
PO0000072,SUP0015,2025-11-26,2025-12-26,2025-12-26,Completed,27879.75
PO0000073,SUP0047,2025-04-14,2025-05-08,,In Progress,66020.36
PO0000074,SUP0090,2026-04-04,2026-04-20,2026-04-19,Completed,33723.28
PO0000075,SUP0027,2025-08-31,2025-10-02,,In Progress,34656.3
PO0000076,SUP0024,2026-01-19,2026-01-24,2026-01-24,Completed,15113.62
PO0000077,SUP0056,2025-09-03,2025-09-22,,In Progress,7497.6
PO0000078,SUP0038,2025-02-19,2025-03-15,,Cancelled,10215.2
PO0000079,SUP0039,2025-05-14,2025-06-25,,In Progress,1436.61
PO0000080,SUP0028,2025-05-24,2025-06-13,2025-06-18,Completed,21210.09
PO0000081,SUP0083,2025-07-14,2025-08-19,2025-08-19,Completed,5916.28
PO0000082,SUP0064,2026-02-02,2026-02-27,,In Progress,7504.19
PO0000083,SUP0024,2025-09-18,2025-10-14,,In Progress,54838.35
PO0000084,SUP0014,2026-01-07,2026-01-23,2026-01-25,Completed,4480.98
PO0000085,SUP0056,2025-11-12,2025-11-30,2025-11-30,Completed,2445.48
PO0000086,SUP0033,2025-04-08,2025-04-13,2025-04-10,Completed,9877.33
PO0000087,SUP0089,2026-02-07,2026-03-09,2026-03-05,Completed,17039.82
PO0000088,SUP0074,2026-03-26,2026-04-23,2026-05-13,Delayed,16066.52
PO0000089,SUP0061,2025-04-20,2025-05-09,2025-05-12,Completed,16764.39
PO0000090,SUP0092,2026-05-14,2026-06-20,2026-06-20,Completed,9325.58
PO0000091,SUP0010,2025-10-22,2025-11-15,2025-11-15,Completed,12531.7
PO0000092,SUP0093,2025-07-30,2025-08-23,2025-08-27,Completed,13641.74
PO0000093,SUP0012,2026-03-13,2026-05-02,2026-04-27,Completed,6491.89
PO0000094,SUP0024,2026-01-03,2026-01-17,2026-01-22,Completed,102810.28
PO0000095,SUP0034,2025-12-05,2025-12-18,,Cancelled,4695.68
PO0000096,SUP0012,2025-11-26,2025-12-07,2025-12-15,Completed,16217.65
PO0000097,SUP0081,2025-12-31,2026-01-22,2026-01-21,Completed,68779.33
PO0000098,SUP0016,2026-03-01,2026-03-20,2026-03-22,Completed,51469.44
PO0000099,SUP0002,2025-03-27,2025-04-09,2025-04-16,Completed,89300.94
PO0000100,SUP0014,2025-07-25,2025-08-26,2025-08-26,Completed,90173.8
PO0000101,SUP0032,2025-02-13,2025-03-04,2025-03-08,Delayed,65046.72
PO0000102,SUP0015,2025-04-12,2025-05-08,2025-05-12,Completed,4998.6
PO0000103,SUP0010,2026-05-29,2026-06-30,2026-06-30,Delayed,6839.87
PO0000104,SUP0034,2025-10-12,2025-11-21,2025-11-25,Completed,5894.38
PO0000105,SUP0024,2025-06-22,2025-07-17,2025-07-30,Delayed,19733.99
PO0000106,SUP0063,2026-02-25,2026-04-03,,Cancelled,10160.64
PO0000107,SUP0091,2026-02-21,2026-03-14,2026-03-31,Delayed,6594.78
PO0000108,SUP0048,2025-07-28,2025-08-25,2025-08-29,Completed,80862.91
PO0000109,SUP0082,2026-05-12,2026-06-12,,In Progress,15500.56
PO0000110,SUP0067,2025-06-08,2025-06-26,2025-06-21,Completed,55099.42
PO0000111,SUP0075,2025-07-02,2025-08-01,2025-08-07,Delayed,4209.2
PO0000112,SUP0010,2026-03-31,2026-04-26,2026-04-29,Completed,506.3
PO0000113,SUP0014,2025-05-06,2025-05-31,2025-05-30,Completed,3113.11
PO0000114,SUP0033,2026-05-30,2026-06-30,,In Progress,11310.33
PO0000115,SUP0051,2025-08-25,2025-09-28,2025-09-23,Completed,9238.24
PO0000116,SUP0002,2025-09-05,2025-09-14,2025-09-14,Completed,9321.29
PO0000117,SUP0014,2026-02-05,2026-03-01,2026-03-01,Completed,78675.15
PO0000118,SUP0002,2025-03-15,2025-04-17,2025-05-03,Delayed,28888.68
PO0000119,SUP0005,2025-03-07,2025-04-21,2025-04-17,Completed,9986.76
PO0000120,SUP0085,2025-04-16,2025-05-10,2025-05-10,Completed,15250.2
PO0000121,SUP0056,2025-01-23,2025-02-19,2025-02-15,Completed,17462.06
PO0000122,SUP0075,2025-11-25,2025-12-24,2025-12-24,Completed,58156.38
PO0000123,SUP0086,2026-03-12,2026-04-26,2026-04-27,Completed,54344.16
PO0000124,SUP0057,2025-04-01,2025-04-18,2025-04-13,Completed,2260.09
PO0000125,SUP0002,2025-03-02,2025-03-26,2025-03-24,Completed,136138.86
PO0000126,SUP0035,2025-09-16,2025-10-06,,In Progress,3741.15
PO0000127,SUP0069,2025-11-02,2025-11-30,2025-11-30,Completed,6279.94
PO0000128,SUP0058,2025-11-11,2025-12-07,2025-12-12,Completed,8382.26
PO0000129,SUP0083,2026-02-12,2026-03-13,2026-03-23,Completed,2981.07
PO0000130,SUP0035,2025-11-17,2025-12-13,2025-12-12,Completed,21557.0
PO0000131,SUP0006,2025-08-10,2025-08-20,2025-08-15,Completed,1438.08
PO0000132,SUP0054,2025-12-05,2026-01-08,2026-01-10,Completed,456.34
PO0000133,SUP0058,2025-10-17,2025-11-10,,Cancelled,4757.13
PO0000134,SUP0064,2026-01-01,2026-01-23,2026-01-20,Completed,12184.68
PO0000135,SUP0024,2025-04-22,2025-05-15,2025-05-15,Completed,38402.84
PO0000136,SUP0056,2026-05-06,2026-05-11,2026-05-13,Completed,117288.62
PO0000137,SUP0086,2025-09-30,2025-10-05,2025-10-06,Completed,3549.24
PO0000138,SUP0081,2026-02-21,2026-03-17,2026-03-18,Completed,12593.34
PO0000139,SUP0041,2025-11-25,2025-12-13,2025-12-19,Completed,34251.15
PO0000140,SUP0080,2026-03-25,2026-04-26,2026-05-14,Delayed,4261.96
PO0000141,SUP0094,2025-09-21,2025-10-22,2025-11-06,Delayed,15171.26
PO0000142,SUP0100,2026-02-17,2026-03-12,,In Progress,53807.23
PO0000143,SUP0005,2025-01-22,2025-02-15,2025-02-18,Delayed,11716.12
PO0000144,SUP0022,2025-10-25,2025-11-27,2025-12-02,Completed,33813.11
PO0000145,SUP0045,2025-11-24,2026-01-02,2026-01-02,Completed,30757.86
PO0000146,SUP0077,2026-03-27,2026-04-21,,Cancelled,225178.65
PO0000147,SUP0075,2025-01-08,2025-02-05,2025-02-04,Completed,67890.46
PO0000148,SUP0082,2025-09-13,2025-09-30,2025-09-30,Completed,39739.97
PO0000149,SUP0039,2025-01-10,2025-02-08,2025-02-10,Completed,2510.05
PO0000150,SUP0065,2025-06-26,2025-07-20,2025-07-18,Completed,5872.89
PO0000151,SUP0092,2025-05-14,2025-06-12,,In Progress,12241.36
PO0000152,SUP0016,2026-04-09,2026-05-08,,Cancelled,62265.67
PO0000153,SUP0044,2025-09-19,2025-10-04,2025-10-07,Completed,3528.07
PO0000154,SUP0030,2025-01-30,2025-03-03,2025-03-08,Delayed,4311.28
PO0000155,SUP0035,2025-09-27,2025-10-21,2025-10-16,Completed,15133.28
PO0000156,SUP0057,2026-05-29,2026-06-10,,In Progress,82778.1
PO0000157,SUP0022,2025-04-05,2025-05-04,2025-05-02,Completed,10881.06
PO0000158,SUP0070,2025-05-19,2025-06-10,2025-06-06,Completed,58815.93
PO0000159,SUP0082,2026-01-04,2026-02-06,2026-02-11,Delayed,12077.59
PO0000160,SUP0048,2026-04-04,2026-04-10,2026-04-15,Delayed,10537.6
PO0000161,SUP0086,2026-05-08,2026-06-01,2026-06-02,Completed,12967.04
PO0000162,SUP0097,2025-04-23,2025-05-24,2025-05-25,Completed,4887.96
PO0000163,SUP0063,2026-03-02,2026-03-14,2026-03-13,Completed,39825.25
PO0000164,SUP0035,2025-03-04,2025-03-21,2025-03-17,Completed,8157.01
PO0000165,SUP0081,2026-04-14,2026-04-21,2026-04-22,Completed,10547.3
PO0000166,SUP0089,2025-12-23,2026-01-28,2026-01-26,Completed,4107.84
PO0000167,SUP0090,2025-01-20,2025-02-21,2025-02-23,Completed,18718.07
PO0000168,SUP0032,2025-07-07,2025-07-22,,In Progress,19362.6
PO0000169,SUP0044,2025-04-05,2025-04-28,2025-05-15,Delayed,15785.73
PO0000170,SUP0091,2025-01-14,2025-02-08,2025-02-10,Completed,23349.48
PO0000171,SUP0038,2025-06-14,2025-07-10,2025-07-05,Completed,16518.45
PO0000172,SUP0055,2026-01-21,2026-03-05,,In Progress,15604.51
PO0000173,SUP0030,2025-09-02,2025-09-30,2025-09-27,Completed,85387.4
PO0000174,SUP0063,2025-03-27,2025-04-05,2025-04-02,Completed,9951.92
PO0000175,SUP0015,2026-05-09,2026-05-30,2026-06-05,Delayed,9328.04
PO0000176,SUP0049,2025-02-11,2025-03-01,2025-02-28,Completed,25986.74
PO0000177,SUP0042,2025-08-05,2025-08-19,2025-08-21,Completed,13557.83
PO0000178,SUP0050,2025-02-09,2025-02-23,2025-03-08,Delayed,13053.46
PO0000179,SUP0008,2025-02-02,2025-03-04,2025-03-06,Completed,13721.36
PO0000180,SUP0016,2025-09-01,2025-09-10,2025-09-14,Delayed,19562.4
PO0000181,SUP0090,2026-03-14,2026-04-03,,In Progress,18893.51
PO0000182,SUP0011,2025-09-12,2025-10-16,2025-10-16,Completed,110853.36
PO0000183,SUP0036,2025-01-29,2025-03-03,2025-03-07,Completed,5481.32
PO0000184,SUP0030,2025-12-01,2025-12-14,2026-01-01,Delayed,8292.03
PO0000185,SUP0080,2026-03-08,2026-03-28,,In Progress,6994.26
PO0000186,SUP0087,2025-12-28,2026-01-24,2026-01-29,Delayed,52177.07
PO0000187,SUP0056,2025-11-16,2025-12-08,2025-12-09,Completed,51840.56
PO0000188,SUP0046,2026-03-05,2026-04-13,2026-04-13,Completed,3226.02
PO0000189,SUP0012,2025-02-18,2025-03-17,2025-03-17,Completed,2705.94
PO0000190,SUP0050,2025-10-28,2025-11-02,2025-10-30,Completed,59109.68
PO0000191,SUP0059,2025-06-17,2025-07-09,2025-07-28,Delayed,23687.81
PO0000192,SUP0098,2025-03-31,2025-04-20,,In Progress,9598.88
PO0000193,SUP0096,2025-06-18,2025-07-20,2025-07-24,Completed,2031.48
PO0000194,SUP0031,2025-01-18,2025-02-04,2025-02-08,Completed,32836.56
PO0000195,SUP0052,2025-11-29,2025-12-18,2025-12-19,Completed,6000.0
PO0000196,SUP0054,2025-06-30,2025-07-20,2025-07-15,Completed,1986.88
PO0000197,SUP0007,2025-05-01,2025-05-18,2025-05-13,Completed,11800.32
PO0000198,SUP0083,2025-02-16,2025-03-20,2025-03-25,Completed,2709.78
PO0000199,SUP0091,2025-10-17,2025-11-19,2025-11-18,Completed,11840.96
PO0000200,SUP0082,2026-04-01,2026-05-02,2026-04-27,Completed,10789.57
PO0000201,SUP0043,2025-08-21,2025-09-25,2025-10-02,Completed,3490.44
PO0000202,SUP0050,2026-01-05,2026-02-05,2026-02-24,Delayed,543.62
PO0000203,SUP0078,2026-01-29,2026-02-17,2026-02-20,Completed,38985.34
PO0000204,SUP0037,2026-01-03,2026-01-28,2026-02-11,Delayed,1247.85
PO0000205,SUP0069,2026-04-19,2026-05-03,,Cancelled,8134.35
PO0000206,SUP0065,2025-01-15,2025-01-26,,Pending Approval,105038.19
PO0000207,SUP0021,2025-01-29,2025-02-20,2025-02-20,Completed,11647.91
PO0000208,SUP0001,2025-01-26,2025-01-31,2025-02-11,Completed,580.3
PO0000209,SUP0015,2025-06-16,2025-07-06,2025-07-11,Completed,14849.28
PO0000210,SUP0049,2025-08-10,2025-09-04,2025-09-09,Completed,355.92
PO0000211,SUP0065,2025-06-02,2025-07-19,2025-07-17,Completed,23319.62
PO0000212,SUP0080,2026-03-27,2026-04-17,2026-04-19,Completed,84221.22
PO0000213,SUP0012,2025-06-30,2025-08-03,2025-08-03,Completed,3991.56
PO0000214,SUP0034,2025-04-02,2025-04-25,,Cancelled,2623.92
PO0000215,SUP0023,2025-11-13,2025-11-23,2025-11-23,Completed,35734.7
PO0000216,SUP0063,2025-11-14,2025-11-28,2025-11-28,Completed,14031.38
PO0000217,SUP0059,2026-01-15,2026-02-21,2026-02-22,Completed,202.68
PO0000218,SUP0010,2025-05-08,2025-06-05,2025-05-31,Completed,23074.65
PO0000219,SUP0039,2025-03-28,2025-04-26,,Cancelled,4336.4
PO0000220,SUP0089,2025-08-20,2025-09-08,2025-09-03,Completed,22160.02
PO0000221,SUP0003,2025-10-13,2025-11-20,2025-11-29,Delayed,5923.07
PO0000222,SUP0004,2025-05-06,2025-05-28,,In Progress,17406.51
PO0000223,SUP0044,2026-04-12,2026-05-07,2026-05-08,Completed,1146.42
PO0000224,SUP0034,2025-12-10,2026-01-16,2026-01-13,Completed,11889.78
PO0000225,SUP0011,2026-05-23,2026-06-30,2026-06-30,Delayed,20943.38
PO0000226,SUP0043,2025-08-07,2025-08-31,2025-08-28,Completed,1997.16
PO0000227,SUP0049,2026-03-02,2026-03-28,2026-03-26,Completed,398.58
PO0000228,SUP0040,2026-04-07,2026-04-30,2026-05-06,Completed,46010.31
PO0000229,SUP0016,2025-04-17,2025-04-23,2025-04-23,Completed,5485.32
PO0000230,SUP0054,2025-11-20,2025-12-14,2025-12-13,Completed,26300.86
PO0000231,SUP0026,2026-02-19,2026-03-11,2026-03-13,Completed,1808.85
PO0000232,SUP0016,2025-06-02,2025-06-20,2025-07-04,Delayed,69538.9
PO0000233,SUP0050,2025-08-04,2025-08-09,2025-08-04,Completed,162088.89
PO0000234,SUP0030,2025-03-20,2025-04-10,,In Progress,7123.76
PO0000235,SUP0015,2026-01-23,2026-02-26,2026-03-02,Delayed,8400.16
PO0000236,SUP0076,2025-01-16,2025-02-15,2025-02-10,Completed,2213.82
PO0000237,SUP0097,2026-01-14,2026-02-13,,In Progress,11833.16
PO0000238,SUP0019,2025-08-24,2025-09-19,2025-09-17,Completed,37047.08
PO0000239,SUP0049,2025-03-04,2025-03-23,2025-03-25,Completed,10391.25
PO0000240,SUP0049,2026-01-04,2026-01-31,2026-01-27,Completed,13212.69
PO0000241,SUP0092,2025-05-16,2025-05-30,,Cancelled,2493.3
PO0000242,SUP0036,2025-08-29,2025-09-24,2025-09-28,Delayed,12894.45
PO0000243,SUP0002,2025-10-07,2025-11-19,2025-11-23,Completed,6928.35
PO0000244,SUP0002,2025-12-06,2026-01-05,2026-01-01,Completed,9840.96
PO0000245,SUP0086,2025-08-05,2025-08-21,,In Progress,115661.68
PO0000246,SUP0041,2025-06-13,2025-07-14,2025-07-17,Completed,26312.18
PO0000247,SUP0003,2026-05-29,2026-06-14,2026-06-14,Completed,1634.36
PO0000248,SUP0065,2025-04-22,2025-05-08,2025-05-06,Completed,6484.16
PO0000249,SUP0092,2026-05-05,2026-06-09,2026-06-08,Completed,20691.74
PO0000250,SUP0010,2025-11-01,2025-11-16,,In Progress,4030.08
PO0000251,SUP0029,2025-12-27,2026-01-06,2026-01-06,Completed,3153.82
PO0000252,SUP0056,2025-04-29,2025-05-20,2025-05-25,Completed,4951.45
PO0000253,SUP0093,2026-04-02,2026-04-18,2026-04-15,Completed,42225.65
PO0000254,SUP0017,2026-05-19,2026-06-19,2026-06-19,Completed,6637.38
PO0000255,SUP0065,2025-12-27,2026-01-20,2026-02-04,Delayed,25858.52
PO0000256,SUP0056,2026-02-26,2026-03-24,2026-03-23,Completed,2834.23
PO0000257,SUP0066,2026-05-14,2026-06-08,,In Progress,14330.8
PO0000258,SUP0094,2025-01-21,2025-02-22,2025-02-18,Completed,35764.1
PO0000259,SUP0054,2025-02-27,2025-04-01,2025-04-05,Completed,14989.66
PO0000260,SUP0023,2025-11-05,2025-11-24,2025-12-05,Completed,47611.07
PO0000261,SUP0045,2025-08-14,2025-09-26,2025-09-21,Completed,5143.38
PO0000262,SUP0066,2025-12-23,2026-01-27,2026-01-30,Completed,9408.14
PO0000263,SUP0011,2025-03-16,2025-03-30,2025-04-07,Delayed,3350.64
PO0000264,SUP0063,2025-12-22,2026-01-21,2026-01-20,Completed,14502.84
PO0000265,SUP0068,2025-06-24,2025-07-27,2025-08-09,Delayed,240835.44
PO0000266,SUP0003,2025-02-18,2025-03-05,2025-03-02,Completed,8192.35
PO0000267,SUP0019,2026-01-11,2026-02-23,2026-02-23,Completed,10276.88
PO0000268,SUP0011,2025-04-02,2025-05-04,,Cancelled,2098.08
PO0000269,SUP0036,2025-07-30,2025-09-02,2025-09-10,Delayed,9775.89
PO0000270,SUP0081,2025-04-15,2025-05-08,,In Progress,502.57
PO0000271,SUP0075,2026-03-13,2026-04-02,2026-04-04,Completed,19932.27
PO0000272,SUP0038,2025-02-23,2025-04-06,2025-04-06,Completed,6770.91
PO0000273,SUP0035,2025-03-13,2025-04-11,2025-04-11,Completed,12777.1
PO0000274,SUP0049,2025-06-01,2025-06-29,2025-06-28,Completed,42877.96
PO0000275,SUP0074,2025-05-03,2025-05-31,2025-06-03,Completed,311.1
PO0000276,SUP0016,2025-03-27,2025-05-05,2025-05-08,Completed,35640.75
PO0000277,SUP0059,2025-04-03,2025-05-02,2025-05-08,Delayed,4600.4
PO0000278,SUP0004,2025-02-09,2025-03-25,2025-03-25,Completed,4193.35
PO0000279,SUP0021,2025-02-24,2025-03-19,2025-03-14,Completed,10828.42
PO0000280,SUP0024,2025-11-07,2025-12-05,2025-12-07,Completed,42701.92
PO0000281,SUP0042,2025-08-08,2025-09-13,2025-09-13,Completed,2952.6
PO0000282,SUP0032,2025-10-01,2025-11-18,,In Progress,26893.64
PO0000283,SUP0069,2025-06-16,2025-07-19,2025-08-08,Delayed,9565.14
PO0000284,SUP0031,2026-01-27,2026-02-10,2026-02-11,Completed,23367.69
PO0000285,SUP0045,2025-10-10,2025-11-03,2025-11-08,Completed,13930.07
PO0000286,SUP0076,2025-08-22,2025-09-16,2025-09-13,Completed,13910.46
PO0000287,SUP0081,2026-02-16,2026-03-16,2026-03-27,Delayed,44020.03
PO0000288,SUP0039,2025-04-10,2025-04-29,2025-04-24,Completed,9154.5
PO0000289,SUP0062,2025-12-28,2026-01-13,2026-01-13,Completed,3179.4
PO0000290,SUP0059,2025-11-04,2025-11-23,,Pending Approval,2746.35
PO0000291,SUP0005,2026-04-11,2026-05-19,,Pending Approval,53743.5
PO0000292,SUP0005,2026-04-06,2026-04-17,2026-04-14,Completed,14823.52
PO0000293,SUP0043,2025-12-16,2025-12-31,2025-12-31,Completed,805.09
PO0000294,SUP0055,2025-06-10,2025-07-18,2025-07-18,Completed,50744.15
PO0000295,SUP0073,2025-02-10,2025-03-05,2025-03-10,Completed,18750.6
PO0000296,SUP0088,2025-10-26,2025-12-13,,Cancelled,40266.15
PO0000297,SUP0004,2025-07-22,2025-08-19,2025-08-14,Completed,369.36
PO0000298,SUP0003,2026-03-14,2026-03-26,2026-03-28,Completed,1440.79
PO0000299,SUP0085,2025-01-16,2025-02-13,2025-02-08,Completed,21817.0
PO0000300,SUP0028,2025-01-03,2025-02-02,,In Progress,7441.53
PO0000301,SUP0078,2025-01-22,2025-02-22,2025-02-17,Completed,89411.67
PO0000302,SUP0090,2025-06-17,2025-07-28,2025-07-28,Completed,1383.27
PO0000303,SUP0062,2026-03-06,2026-04-05,,In Progress,90834.01
PO0000304,SUP0025,2025-01-24,2025-02-12,2025-02-18,Completed,2650.94
PO0000305,SUP0010,2025-09-18,2025-11-05,2025-11-05,Completed,14914.32
PO0000306,SUP0011,2025-07-28,2025-09-06,2025-09-02,Completed,7322.64
PO0000307,SUP0036,2025-03-04,2025-03-29,2025-03-26,Completed,127897.77
PO0000308,SUP0011,2025-10-28,2025-11-20,2025-11-17,Completed,32613.19
PO0000309,SUP0039,2025-11-26,2025-12-18,2025-12-20,Completed,6738.28
PO0000310,SUP0099,2025-06-01,2025-06-09,2025-06-26,Delayed,13057.56
PO0000311,SUP0075,2025-09-14,2025-09-26,2025-09-25,Completed,63522.28
PO0000312,SUP0012,2025-10-02,2025-11-02,2025-11-09,Completed,15905.75
PO0000313,SUP0094,2025-10-04,2025-10-25,,In Progress,10098.39
PO0000314,SUP0040,2025-02-04,2025-02-28,2025-02-27,Completed,425.9
PO0000315,SUP0031,2025-05-29,2025-06-17,2025-07-02,Delayed,13174.16
PO0000316,SUP0063,2025-11-24,2025-12-20,2025-12-19,Completed,20418.02
PO0000317,SUP0053,2025-02-21,2025-03-26,2025-03-26,Completed,6925.83
PO0000318,SUP0039,2026-05-18,2026-06-18,,In Progress,12453.92
PO0000319,SUP0034,2025-05-08,2025-06-12,2025-06-29,Delayed,957.24
PO0000320,SUP0053,2025-01-19,2025-02-20,2025-02-18,Completed,10248.7
PO0000321,SUP0048,2025-01-23,2025-02-21,2025-02-23,Completed,10065.24
PO0000322,SUP0054,2025-05-18,2025-06-10,2025-06-16,Completed,11265.28
PO0000323,SUP0032,2025-08-09,2025-09-01,2025-08-30,Completed,30913.66
PO0000324,SUP0077,2026-01-25,2026-02-12,2026-02-13,Completed,126123.9
PO0000325,SUP0068,2026-05-22,2026-06-23,2026-06-23,Completed,4385.67
PO0000326,SUP0034,2026-05-11,2026-06-15,2026-06-22,Completed,16857.45
PO0000327,SUP0034,2026-05-31,2026-06-16,2026-06-30,Delayed,14072.25
PO0000328,SUP0003,2025-01-03,2025-02-04,2025-02-09,Completed,557.68
PO0000329,SUP0040,2025-12-04,2025-12-23,,Pending Approval,20107.13
PO0000330,SUP0030,2025-04-10,2025-04-22,2025-04-24,Completed,12531.06
PO0000331,SUP0013,2025-10-11,2025-11-09,,In Progress,142430.0
PO0000332,SUP0064,2025-09-19,2025-10-07,2025-10-17,Delayed,289.11
PO0000333,SUP0095,2025-08-07,2025-09-06,,In Progress,31766.84
PO0000334,SUP0047,2026-05-23,2026-06-20,2026-06-20,Completed,19858.7
PO0000335,SUP0059,2026-05-04,2026-06-04,,In Progress,16152.65
PO0000336,SUP0011,2026-05-12,2026-06-03,2026-06-19,Delayed,54243.28
PO0000337,SUP0040,2025-12-31,2026-01-30,,Cancelled,27091.82
PO0000338,SUP0037,2025-01-08,2025-01-13,2025-01-18,Delayed,10211.52
PO0000339,SUP0012,2025-05-26,2025-06-15,2025-06-15,Completed,22308.78
PO0000340,SUP0060,2026-02-04,2026-02-17,2026-02-17,Completed,67113.32
PO0000341,SUP0078,2025-04-03,2025-04-21,2025-04-21,Completed,11024.16
PO0000342,SUP0089,2025-09-29,2025-10-11,,In Progress,2765.07
PO0000343,SUP0019,2025-10-05,2025-10-16,2025-10-12,Completed,101704.2
PO0000344,SUP0037,2026-01-07,2026-01-21,2026-02-01,Delayed,41317.92
PO0000345,SUP0043,2026-01-29,2026-02-11,2026-03-02,Delayed,1050.7
PO0000346,SUP0026,2025-06-01,2025-06-25,2025-07-04,Delayed,48318.57
PO0000347,SUP0084,2025-06-29,2025-08-11,2025-08-27,Delayed,4649.38
PO0000348,SUP0043,2025-02-22,2025-03-27,2025-03-22,Completed,15836.78
PO0000349,SUP0003,2025-04-16,2025-05-23,,In Progress,13952.17
PO0000350,SUP0042,2025-07-23,2025-08-23,,Cancelled,2147.43
PO0000351,SUP0011,2025-09-01,2025-09-24,,In Progress,31505.28
PO0000352,SUP0090,2025-07-23,2025-08-05,2025-08-11,Completed,20811.45
PO0000353,SUP0040,2025-12-26,2026-01-10,,In Progress,35768.25
PO0000354,SUP0061,2026-04-18,2026-05-09,2026-05-17,Delayed,14740.55
PO0000355,SUP0041,2025-12-15,2026-01-25,2026-01-26,Completed,12962.9
PO0000356,SUP0096,2025-02-10,2025-03-14,2025-03-14,Completed,4944.72
PO0000357,SUP0059,2026-05-21,2026-06-13,,In Progress,6710.54
PO0000358,SUP0090,2026-04-16,2026-05-12,,Pending Approval,6465.27
PO0000359,SUP0054,2025-11-23,2025-12-31,,In Progress,4244.2
PO0000360,SUP0045,2025-12-22,2026-01-16,2026-01-18,Completed,20059.76
PO0000361,SUP0001,2025-04-16,2025-04-28,2025-04-30,Completed,27384.14
PO0000362,SUP0059,2025-02-13,2025-03-13,2025-03-28,Delayed,7949.84
PO0000363,SUP0097,2025-03-02,2025-03-28,2025-04-01,Completed,988.44
PO0000364,SUP0036,2025-01-12,2025-02-21,2025-02-25,Completed,14596.43
PO0000365,SUP0093,2026-01-06,2026-02-01,2026-02-09,Delayed,23364.96
PO0000366,SUP0024,2025-09-09,2025-10-06,2025-10-06,Completed,17841.44
PO0000367,SUP0073,2025-09-19,2025-10-23,2025-10-20,Completed,41207.04
PO0000368,SUP0096,2025-06-19,2025-06-27,2025-07-12,Delayed,16600.65
PO0000369,SUP0076,2026-02-03,2026-03-11,2026-03-15,Delayed,2188.55
PO0000370,SUP0032,2025-05-06,2025-05-16,2025-05-11,Completed,1146.93
PO0000371,SUP0068,2026-05-26,2026-06-30,2026-06-28,Completed,30464.24
PO0000372,SUP0008,2025-07-31,2025-08-08,,Cancelled,38367.54
PO0000373,SUP0011,2025-01-25,2025-03-01,,In Progress,11782.82
PO0000374,SUP0044,2025-12-04,2025-12-28,2025-12-27,Completed,7070.52
PO0000375,SUP0051,2025-06-22,2025-07-15,2025-07-15,Completed,44841.2
PO0000376,SUP0098,2025-05-24,2025-06-21,2025-06-19,Completed,26856.45
PO0000377,SUP0072,2025-10-11,2025-11-07,2025-11-07,Completed,8461.67
PO0000378,SUP0097,2026-04-20,2026-04-25,2026-05-14,Delayed,23043.4
PO0000379,SUP0085,2025-11-19,2025-11-29,2025-12-18,Delayed,2228.61
PO0000380,SUP0074,2026-01-05,2026-01-19,2026-01-19,Completed,45144.33
PO0000381,SUP0019,2026-01-07,2026-02-05,2026-02-12,Completed,83247.12
PO0000382,SUP0086,2025-09-24,2025-10-06,2025-10-15,Delayed,2584.68
PO0000383,SUP0068,2026-01-13,2026-02-09,2026-02-11,Completed,59122.69
PO0000384,SUP0015,2026-01-22,2026-02-26,,Pending Approval,4852.44
PO0000385,SUP0087,2025-12-04,2025-12-26,2025-12-27,Completed,104478.52
PO0000386,SUP0083,2026-03-24,2026-04-20,2026-04-22,Completed,5153.04
PO0000387,SUP0041,2026-01-13,2026-02-12,2026-02-07,Completed,1354.4
PO0000388,SUP0010,2025-12-26,2026-01-17,2026-01-25,Delayed,27279.28
PO0000389,SUP0039,2026-04-15,2026-05-12,2026-05-24,Delayed,10959.74
PO0000390,SUP0097,2025-02-20,2025-02-28,,In Progress,2985.88
PO0000391,SUP0049,2025-11-23,2026-01-01,,In Progress,845.85
PO0000392,SUP0005,2026-01-20,2026-02-09,,In Progress,13614.43
PO0000393,SUP0025,2025-07-14,2025-08-19,2025-09-08,Delayed,8857.48
PO0000394,SUP0015,2026-05-31,2026-06-14,2026-06-30,Delayed,7408.67
PO0000395,SUP0024,2025-05-13,2025-06-05,2025-06-05,Completed,80677.87
PO0000396,SUP0089,2025-03-03,2025-03-22,,In Progress,20945.46
PO0000397,SUP0008,2026-03-03,2026-03-19,2026-03-20,Completed,34475.04
PO0000398,SUP0086,2025-10-10,2025-11-06,,In Progress,4607.52
PO0000399,SUP0089,2025-01-20,2025-02-10,2025-02-14,Completed,23587.09
PO0000400,SUP0029,2025-11-19,2025-12-18,2025-12-17,Completed,6922.01
PO0000401,SUP0046,2025-05-30,2025-06-09,,In Progress,81647.32
PO0000402,SUP0024,2025-05-26,2025-06-29,2025-06-29,Completed,67669.49
PO0000403,SUP0064,2025-07-25,2025-08-09,2025-08-04,Completed,16875.22
PO0000404,SUP0059,2025-05-23,2025-07-03,2025-07-03,Completed,2805.12
PO0000405,SUP0068,2025-10-01,2025-10-17,2025-11-06,Delayed,36530.88
PO0000406,SUP0092,2025-05-11,2025-06-02,2025-05-28,Completed,9402.38
PO0000407,SUP0080,2025-02-23,2025-03-29,2025-03-29,Completed,1427.52
PO0000408,SUP0049,2025-06-20,2025-07-23,2025-07-18,Completed,5747.94
PO0000409,SUP0097,2025-08-27,2025-09-24,2025-10-02,Delayed,36410.9
PO0000410,SUP0065,2025-01-20,2025-02-10,,In Progress,34330.29
PO0000411,SUP0030,2025-06-30,2025-07-30,2025-07-30,Completed,73003.02
PO0000412,SUP0029,2026-05-06,2026-05-27,2026-06-13,Delayed,52172.79
PO0000413,SUP0050,2025-12-21,2026-01-06,2026-01-04,Completed,24905.39
PO0000414,SUP0081,2026-01-13,2026-01-24,,In Progress,99.12
PO0000415,SUP0016,2025-07-18,2025-08-10,2025-08-17,Completed,111120.98
PO0000416,SUP0039,2025-05-29,2025-07-01,2025-07-04,Completed,27698.84
PO0000417,SUP0028,2026-04-06,2026-05-04,2026-05-06,Completed,16959.48
PO0000418,SUP0087,2025-09-13,2025-10-07,2025-10-26,Delayed,4269.08
PO0000419,SUP0022,2026-01-21,2026-02-04,2026-02-01,Completed,3607.6
PO0000420,SUP0035,2025-12-10,2026-01-14,2026-01-12,Completed,16833.92
PO0000421,SUP0002,2026-05-29,2026-06-22,2026-06-25,Completed,2181.78
PO0000422,SUP0086,2025-06-16,2025-07-06,2025-07-22,Delayed,52146.32
PO0000423,SUP0087,2025-08-20,2025-09-18,2025-09-14,Completed,61998.39
PO0000424,SUP0063,2026-02-23,2026-03-16,2026-03-14,Completed,4899.2
PO0000425,SUP0031,2026-04-28,2026-05-29,2026-05-31,Completed,126926.86
PO0000426,SUP0053,2026-05-01,2026-05-31,2026-05-31,Completed,1762.98
PO0000427,SUP0084,2025-04-18,2025-05-17,,In Progress,7403.45
PO0000428,SUP0075,2026-03-20,2026-04-07,,Cancelled,88030.18
PO0000429,SUP0071,2026-04-16,2026-05-06,2026-05-08,Completed,6393.83
PO0000430,SUP0035,2026-04-25,2026-05-18,,Pending Approval,2592.3
PO0000431,SUP0016,2025-09-20,2025-10-06,2025-10-06,Completed,9646.2
PO0000432,SUP0044,2025-07-18,2025-08-26,2025-08-25,Completed,2813.01
PO0000433,SUP0009,2025-04-07,2025-05-02,2025-05-05,Completed,16026.27
PO0000434,SUP0081,2025-07-31,2025-09-05,2025-09-06,Completed,33494.1
PO0000435,SUP0021,2026-01-31,2026-02-21,2026-02-24,Completed,17387.97
PO0000436,SUP0047,2025-12-09,2025-12-27,,In Progress,124678.73
PO0000437,SUP0099,2025-09-08,2025-10-23,,In Progress,24283.58
PO0000438,SUP0048,2025-04-10,2025-04-27,2025-04-30,Completed,5187.54
PO0000439,SUP0090,2025-09-28,2025-10-14,2025-10-19,Completed,7503.44
PO0000440,SUP0039,2025-09-27,2025-10-02,2025-09-30,Completed,17503.8
PO0000441,SUP0100,2026-03-05,2026-03-11,2026-03-07,Completed,45728.94
PO0000442,SUP0036,2026-01-22,2026-02-20,2026-02-27,Completed,3286.25
PO0000443,SUP0032,2025-06-12,2025-06-28,2025-06-27,Completed,99394.72
PO0000444,SUP0060,2025-10-20,2025-11-25,2025-11-24,Completed,79111.18
PO0000445,SUP0070,2025-10-29,2025-11-24,2025-11-19,Completed,56340.78
PO0000446,SUP0090,2025-07-11,2025-08-10,,Pending Approval,42480.09
PO0000447,SUP0062,2026-04-09,2026-04-22,,In Progress,49520.8
PO0000448,SUP0015,2026-02-09,2026-03-04,2026-03-04,Completed,7636.5
PO0000449,SUP0085,2025-04-30,2025-05-12,2025-05-15,Completed,74635.0
PO0000450,SUP0051,2025-12-21,2026-01-18,2026-01-18,Completed,3411.64
PO0000451,SUP0099,2026-04-29,2026-05-27,2026-05-24,Completed,37775.43
PO0000452,SUP0051,2025-08-15,2025-08-22,2025-09-11,Delayed,27058.29
PO0000453,SUP0056,2025-06-14,2025-07-23,,In Progress,15239.84
PO0000454,SUP0036,2026-01-28,2026-02-28,2026-03-08,Completed,45435.14
PO0000455,SUP0019,2025-11-25,2025-12-18,2025-12-15,Completed,19991.34
PO0000456,SUP0046,2026-01-24,2026-02-13,2026-02-27,Delayed,22995.05
PO0000457,SUP0098,2025-04-28,2025-05-17,2025-05-17,Completed,1055.93
PO0000458,SUP0046,2025-07-20,2025-07-31,,Cancelled,2778.75
PO0000459,SUP0097,2025-03-28,2025-04-07,2025-04-07,Completed,46104.01
PO0000460,SUP0028,2025-04-26,2025-05-24,,In Progress,33047.03
PO0000461,SUP0016,2025-12-25,2026-01-16,,In Progress,28735.76
PO0000462,SUP0036,2025-07-27,2025-08-31,,In Progress,12197.92
PO0000463,SUP0061,2025-08-24,2025-09-18,2025-09-17,Completed,11417.92
PO0000464,SUP0016,2026-05-06,2026-06-02,,Cancelled,2270.67
PO0000465,SUP0060,2025-08-16,2025-09-12,2025-09-18,Completed,2472.4
PO0000466,SUP0100,2025-04-11,2025-04-22,2025-04-25,Completed,16047.9
PO0000467,SUP0086,2026-02-10,2026-02-18,2026-02-13,Completed,44755.09
PO0000468,SUP0038,2025-11-05,2025-11-13,2025-11-14,Completed,11580.86
PO0000469,SUP0024,2025-03-31,2025-04-30,2025-05-05,Delayed,45706.23
PO0000470,SUP0044,2026-03-18,2026-04-22,,Pending Approval,1246.33
PO0000471,SUP0050,2025-09-16,2025-09-22,2025-09-19,Completed,27547.43
PO0000472,SUP0058,2025-07-31,2025-08-14,,Cancelled,152509.83
PO0000473,SUP0067,2025-05-06,2025-05-20,2025-05-17,Completed,6667.65
PO0000474,SUP0004,2026-01-01,2026-01-17,,In Progress,9158.99
PO0000475,SUP0080,2025-12-04,2026-01-04,2026-01-03,Completed,1025.31
PO0000476,SUP0036,2026-05-20,2026-06-10,2026-06-26,Delayed,5309.64
PO0000477,SUP0096,2025-06-18,2025-07-08,,Pending Approval,7387.21
PO0000478,SUP0076,2026-04-30,2026-05-29,,In Progress,6818.29
PO0000479,SUP0028,2026-04-20,2026-05-20,,Cancelled,37345.65
PO0000480,SUP0073,2025-10-13,2025-11-16,2025-12-03,Delayed,14113.65
PO0000481,SUP0001,2026-01-10,2026-02-07,,Cancelled,14606.7
PO0000482,SUP0069,2026-01-25,2026-02-27,2026-03-06,Completed,9192.96
PO0000483,SUP0045,2025-02-25,2025-03-22,2025-03-18,Completed,34361.24
PO0000484,SUP0050,2025-01-15,2025-01-24,2025-02-02,Delayed,643.68
PO0000485,SUP0093,2025-11-13,2025-11-27,2025-11-27,Completed,16860.69
PO0000486,SUP0010,2026-04-14,2026-05-26,2026-05-25,Completed,28726.97
PO0000487,SUP0043,2025-05-12,2025-06-24,,In Progress,26337.78
PO0000488,SUP0090,2026-04-08,2026-05-03,2026-04-29,Completed,13045.48
PO0000489,SUP0091,2025-08-26,2025-09-11,2025-09-10,Completed,21180.12
PO0000490,SUP0099,2025-02-06,2025-03-03,,In Progress,23224.3
PO0000491,SUP0009,2025-07-08,2025-07-29,,In Progress,5943.62
PO0000492,SUP0078,2026-02-14,2026-03-11,2026-03-17,Completed,3072.0
PO0000493,SUP0065,2025-02-16,2025-03-23,,In Progress,52002.85
PO0000494,SUP0065,2025-09-08,2025-10-01,2025-09-26,Completed,65244.81
PO0000495,SUP0073,2025-03-22,2025-04-18,2025-04-18,Completed,8541.14
PO0000496,SUP0058,2025-01-19,2025-02-22,2025-03-14,Delayed,62628.06
PO0000497,SUP0086,2025-07-31,2025-08-24,2025-08-31,Delayed,20681.56
PO0000498,SUP0093,2025-12-11,2025-12-22,,In Progress,3433.87
PO0000499,SUP0100,2026-02-16,2026-03-12,2026-03-23,Delayed,26860.5
PO0000500,SUP0046,2025-06-07,2025-07-04,2025-07-12,Delayed,5649.6
PO0000501,SUP0043,2025-09-16,2025-09-28,2025-09-26,Completed,16596.16
PO0000502,SUP0021,2026-02-26,2026-03-11,2026-03-18,Completed,13374.58
PO0000503,SUP0050,2025-01-24,2025-02-07,,In Progress,19626.2
PO0000504,SUP0090,2025-05-02,2025-05-20,2025-05-23,Delayed,17205.76
PO0000505,SUP0017,2026-05-08,2026-06-04,2026-06-13,Delayed,989.66
PO0000506,SUP0098,2025-09-12,2025-10-02,2025-10-15,Delayed,3089.52
PO0000507,SUP0006,2025-09-01,2025-09-26,2025-09-26,Completed,1035.7
PO0000508,SUP0091,2025-06-06,2025-07-02,2025-07-05,Completed,3254.28
PO0000509,SUP0022,2026-05-30,2026-06-27,,In Progress,64096.53
PO0000510,SUP0055,2025-08-26,2025-09-27,2025-09-27,Completed,38584.92
PO0000511,SUP0006,2025-04-13,2025-05-08,2025-05-06,Completed,19316.54
PO0000512,SUP0076,2026-05-05,2026-05-24,2026-05-22,Completed,5209.86
PO0000513,SUP0029,2025-09-24,2025-10-24,2025-10-27,Completed,10713.19
PO0000514,SUP0076,2026-02-11,2026-03-14,2026-03-16,Completed,40138.88
PO0000515,SUP0053,2026-04-19,2026-05-14,,Pending Approval,72590.16
PO0000516,SUP0067,2025-08-15,2025-09-03,2025-09-07,Completed,354074.45
PO0000517,SUP0072,2026-02-21,2026-03-19,2026-03-14,Completed,11549.3
PO0000518,SUP0091,2025-07-07,2025-07-30,2025-08-12,Delayed,56160.08
PO0000519,SUP0070,2026-02-01,2026-02-21,2026-02-21,Completed,12232.55
PO0000520,SUP0045,2025-08-12,2025-08-20,2025-08-21,Completed,24484.16
PO0000521,SUP0084,2025-09-13,2025-10-03,2025-10-07,Completed,12402.04
PO0000522,SUP0032,2026-05-13,2026-05-19,2026-05-23,Completed,22649.55
PO0000523,SUP0032,2026-03-06,2026-03-27,2026-03-28,Completed,18801.5
PO0000524,SUP0067,2026-04-14,2026-04-30,2026-05-09,Delayed,40344.48
PO0000525,SUP0059,2025-04-28,2025-05-26,2025-06-14,Delayed,10954.78
PO0000526,SUP0096,2025-02-06,2025-02-17,,In Progress,15630.9
PO0000527,SUP0062,2025-02-11,2025-03-12,2025-03-09,Completed,6384.7
PO0000528,SUP0068,2025-06-17,2025-06-26,2025-06-27,Completed,23479.87
PO0000529,SUP0025,2025-10-02,2025-11-01,2025-11-01,Completed,5688.65
PO0000530,SUP0043,2025-06-25,2025-07-27,2025-08-02,Completed,16075.58
PO0000531,SUP0038,2026-03-21,2026-04-25,2026-04-21,Completed,2306.08
PO0000532,SUP0023,2025-07-29,2025-08-03,,Pending Approval,36263.12
PO0000533,SUP0084,2025-08-05,2025-08-23,2025-09-11,Delayed,147.7
PO0000534,SUP0053,2025-01-06,2025-01-18,2025-01-22,Completed,16224.22
PO0000535,SUP0057,2025-03-14,2025-04-03,2025-04-16,Delayed,82137.72
PO0000536,SUP0002,2026-01-03,2026-01-17,2026-01-21,Completed,32483.6
PO0000537,SUP0022,2025-07-02,2025-07-30,2025-07-29,Completed,3386.0
PO0000538,SUP0054,2025-03-18,2025-05-01,,Cancelled,17749.8
PO0000539,SUP0021,2025-03-31,2025-04-29,2025-04-24,Completed,47921.48
PO0000540,SUP0022,2025-08-27,2025-09-05,2025-09-02,Completed,10550.17
PO0000541,SUP0049,2026-01-08,2026-02-12,2026-02-18,Completed,1685.32
PO0000542,SUP0076,2025-04-05,2025-04-29,,Cancelled,2192.0
PO0000543,SUP0047,2025-08-02,2025-08-21,2025-08-23,Completed,36384.39
PO0000544,SUP0023,2026-05-05,2026-06-12,,In Progress,148615.91
PO0000545,SUP0091,2025-06-10,2025-06-18,2025-06-17,Completed,7410.68
PO0000546,SUP0100,2025-05-04,2025-06-04,2025-06-07,Completed,151488.4
PO0000547,SUP0088,2025-08-02,2025-08-22,,In Progress,5761.37
PO0000548,SUP0096,2025-05-10,2025-06-07,2025-06-12,Completed,1894.44
PO0000549,SUP0076,2025-11-01,2025-11-06,2025-11-08,Completed,4448.22
PO0000550,SUP0077,2025-08-28,2025-10-07,,In Progress,9373.35
PO0000551,SUP0046,2025-02-07,2025-02-25,2025-03-10,Delayed,1278.4
PO0000552,SUP0035,2025-03-25,2025-04-11,2025-04-15,Delayed,19003.07
PO0000553,SUP0078,2025-06-02,2025-06-15,2025-06-15,Completed,8884.54
PO0000554,SUP0042,2025-07-19,2025-08-19,,Pending Approval,18884.28
PO0000555,SUP0065,2025-09-22,2025-10-07,2025-10-09,Completed,45857.25
PO0000556,SUP0010,2026-05-16,2026-06-24,2026-06-28,Completed,14542.57
PO0000557,SUP0035,2025-04-13,2025-05-28,2025-05-29,Completed,81797.03
PO0000558,SUP0082,2026-04-30,2026-05-26,2026-05-30,Completed,43428.91
PO0000559,SUP0095,2026-04-24,2026-05-07,2026-05-03,Completed,15898.68
PO0000560,SUP0044,2025-10-04,2025-10-23,2025-10-19,Completed,4226.33
PO0000561,SUP0085,2025-01-11,2025-02-12,,Cancelled,11575.67
PO0000562,SUP0073,2025-03-22,2025-04-17,2025-04-15,Completed,24361.48
PO0000563,SUP0069,2025-08-04,2025-08-09,2025-08-05,Completed,11173.58
PO0000564,SUP0054,2025-08-25,2025-10-03,2025-10-10,Completed,2187.9
PO0000565,SUP0013,2025-11-14,2025-12-26,2026-01-10,Delayed,90292.4
PO0000566,SUP0069,2026-01-29,2026-02-25,,Cancelled,52500.4
PO0000567,SUP0075,2026-02-12,2026-02-25,2026-02-23,Completed,32241.91
PO0000568,SUP0034,2026-04-12,2026-05-14,2026-05-23,Completed,13673.09
PO0000569,SUP0094,2026-03-30,2026-05-01,2026-05-01,Completed,13518.3
PO0000570,SUP0021,2026-03-30,2026-04-25,2026-04-21,Completed,16476.22
PO0000571,SUP0006,2026-03-25,2026-04-04,2026-04-02,Completed,28051.38
PO0000572,SUP0095,2025-05-04,2025-05-27,2025-05-23,Completed,9395.96
PO0000573,SUP0020,2025-12-15,2026-01-26,2026-01-23,Completed,8550.03
PO0000574,SUP0098,2025-06-10,2025-07-02,2025-07-14,Delayed,2553.6
PO0000575,SUP0038,2026-01-23,2026-02-08,2026-02-04,Completed,5677.11
PO0000576,SUP0058,2025-01-30,2025-02-16,2025-02-22,Completed,17415.42
PO0000577,SUP0042,2025-06-11,2025-07-11,2025-07-11,Completed,3693.54
PO0000578,SUP0069,2026-02-21,2026-03-15,2026-03-19,Completed,710.0
PO0000579,SUP0072,2026-04-27,2026-05-24,2026-06-12,Delayed,23765.28
PO0000580,SUP0054,2026-02-20,2026-03-14,2026-03-15,Completed,71577.74
PO0000581,SUP0025,2025-03-27,2025-04-11,2025-04-10,Completed,7034.45
PO0000582,SUP0022,2026-05-09,2026-06-16,,In Progress,19216.25
PO0000583,SUP0042,2025-11-23,2026-01-06,2026-01-02,Completed,70759.54
PO0000584,SUP0055,2025-10-24,2025-11-16,2025-11-21,Delayed,30275.44
PO0000585,SUP0075,2025-05-27,2025-06-22,,In Progress,50721.98
PO0000586,SUP0092,2025-12-10,2026-01-02,2026-01-06,Completed,65441.08
PO0000587,SUP0092,2025-11-18,2025-12-02,2025-12-03,Completed,2223.48
PO0000588,SUP0035,2025-11-02,2025-12-05,2025-12-09,Delayed,6603.99
PO0000589,SUP0088,2025-11-08,2025-12-21,2025-12-16,Completed,10245.91
PO0000590,SUP0037,2026-04-06,2026-04-29,2026-04-30,Completed,855.6
PO0000591,SUP0011,2025-01-23,2025-02-14,2025-02-11,Completed,20038.96
PO0000592,SUP0002,2025-04-21,2025-05-01,2025-05-04,Completed,35292.18
PO0000593,SUP0073,2025-05-01,2025-05-31,2025-06-04,Completed,15034.61
PO0000594,SUP0075,2025-03-02,2025-03-17,2025-03-15,Completed,14012.11
PO0000595,SUP0011,2025-06-08,2025-07-20,2025-08-02,Delayed,27239.0
PO0000596,SUP0005,2025-05-17,2025-06-20,2025-06-23,Completed,3215.16
PO0000597,SUP0036,2026-05-03,2026-06-03,2026-05-29,Completed,11369.26
PO0000598,SUP0047,2025-09-19,2025-10-25,,Cancelled,50887.71
PO0000599,SUP0074,2025-11-05,2025-11-12,2025-11-10,Completed,368.4
PO0000600,SUP0059,2026-01-03,2026-01-31,2026-01-31,Completed,38172.53
PO0000601,SUP0044,2025-06-01,2025-06-21,,In Progress,4090.74
PO0000602,SUP0023,2026-01-13,2026-02-06,2026-02-06,Completed,14651.67
PO0000603,SUP0035,2026-05-06,2026-06-05,2026-06-23,Delayed,3752.7
PO0000604,SUP0069,2025-07-31,2025-08-29,2025-08-29,Completed,140.99
PO0000605,SUP0090,2025-07-14,2025-08-12,,In Progress,2377.28
PO0000606,SUP0007,2025-10-02,2025-10-29,2025-10-30,Completed,15414.46
PO0000607,SUP0077,2026-05-09,2026-06-07,2026-06-07,Completed,59014.92
PO0000608,SUP0056,2025-05-04,2025-05-27,2025-05-31,Completed,12389.52
PO0000609,SUP0052,2026-03-14,2026-04-01,2026-04-16,Delayed,5644.77
PO0000610,SUP0047,2026-04-26,2026-05-09,2026-05-11,Completed,27479.54
PO0000611,SUP0040,2025-12-14,2026-01-12,2026-01-16,Completed,8538.52
PO0000612,SUP0052,2025-10-03,2025-10-28,2025-10-28,Completed,411.04
PO0000613,SUP0061,2025-01-19,2025-02-10,2025-02-05,Completed,2134.24
PO0000614,SUP0098,2026-04-18,2026-05-11,,In Progress,4210.56
PO0000615,SUP0069,2025-04-25,2025-05-27,2025-06-12,Delayed,3487.44
PO0000616,SUP0042,2025-09-25,2025-10-22,2025-10-25,Completed,58959.32
PO0000617,SUP0055,2025-05-05,2025-06-05,,Pending Approval,27645.14
PO0000618,SUP0059,2025-10-20,2025-11-12,2025-11-21,Completed,16762.9
PO0000619,SUP0049,2025-02-01,2025-03-14,2025-03-13,Completed,19089.9
PO0000620,SUP0088,2026-01-09,2026-02-02,2026-02-12,Delayed,11823.57
PO0000621,SUP0033,2026-04-08,2026-05-18,,Cancelled,36955.18
PO0000622,SUP0040,2025-11-10,2025-12-24,2025-12-31,Completed,29494.24
PO0000623,SUP0066,2025-10-29,2025-11-10,2025-11-23,Delayed,52495.52
PO0000624,SUP0052,2026-02-09,2026-03-10,2026-03-16,Completed,5984.87
PO0000625,SUP0022,2025-02-24,2025-03-21,,In Progress,9457.44
PO0000626,SUP0039,2025-12-07,2026-01-17,,Cancelled,8922.2
PO0000627,SUP0053,2025-02-26,2025-03-23,2025-04-04,Delayed,6478.58
PO0000628,SUP0016,2025-04-24,2025-05-24,2025-05-23,Completed,76134.94
PO0000629,SUP0092,2025-10-23,2025-11-12,2025-11-22,Delayed,3018.91
PO0000630,SUP0045,2025-04-16,2025-05-04,2025-05-04,Completed,3269.8
PO0000631,SUP0014,2026-04-22,2026-05-09,2026-05-14,Completed,116657.46
PO0000632,SUP0067,2026-02-01,2026-02-23,2026-02-27,Delayed,10364.48
PO0000633,SUP0058,2025-10-22,2025-11-19,2025-11-29,Delayed,2158.96
PO0000634,SUP0012,2026-05-29,2026-06-20,2026-06-25,Completed,1665.42
PO0000635,SUP0049,2025-05-15,2025-06-11,2025-06-14,Completed,21457.16
PO0000636,SUP0063,2025-05-17,2025-06-13,,In Progress,24962.38
PO0000637,SUP0076,2025-06-12,2025-07-21,2025-07-21,Completed,2622.9
PO0000638,SUP0023,2025-12-25,2026-01-01,2026-01-02,Completed,18885.75
PO0000639,SUP0016,2025-08-28,2025-09-25,2025-09-25,Completed,20450.19
PO0000640,SUP0087,2025-06-05,2025-06-26,2025-06-26,Completed,2971.92
PO0000641,SUP0084,2026-04-04,2026-04-30,2026-05-03,Completed,15129.95
PO0000642,SUP0010,2025-11-30,2025-12-22,,Cancelled,348.48
PO0000643,SUP0034,2025-09-20,2025-10-23,2025-10-18,Completed,19162.83
PO0000644,SUP0052,2026-02-21,2026-03-20,2026-03-29,Delayed,3569.85
PO0000645,SUP0040,2025-10-13,2025-10-23,2025-11-07,Delayed,2299.1
PO0000646,SUP0038,2025-03-25,2025-04-26,,In Progress,1762.48
PO0000647,SUP0015,2025-04-23,2025-06-12,2025-06-08,Completed,19872.99
PO0000648,SUP0090,2026-05-02,2026-06-10,2026-06-08,Completed,25520.56
PO0000649,SUP0066,2025-12-22,2026-01-15,2026-01-18,Completed,20656.67
PO0000650,SUP0049,2026-05-11,2026-05-27,2026-05-27,Completed,21306.72
PO0000651,SUP0093,2026-01-07,2026-01-21,2026-01-25,Completed,1331.1
PO0000652,SUP0006,2026-02-04,2026-02-25,,In Progress,28467.88
PO0000653,SUP0081,2025-04-18,2025-05-08,2025-05-07,Completed,22045.87
PO0000654,SUP0006,2025-06-18,2025-07-04,,Cancelled,10046.91
PO0000655,SUP0037,2025-08-01,2025-08-24,,In Progress,10920.12
PO0000656,SUP0042,2025-02-05,2025-02-10,2025-02-17,Completed,6447.33
PO0000657,SUP0072,2026-01-23,2026-02-24,,In Progress,4759.77
PO0000658,SUP0067,2025-11-29,2025-12-24,2025-12-19,Completed,15271.0
PO0000659,SUP0077,2025-05-11,2025-06-10,,Cancelled,211112.52
PO0000660,SUP0022,2026-04-16,2026-05-14,2026-05-11,Completed,4063.78
PO0000661,SUP0049,2026-04-22,2026-05-17,2026-05-31,Delayed,67575.47
PO0000662,SUP0044,2025-11-06,2025-11-28,2025-11-23,Completed,4331.78
PO0000663,SUP0018,2025-01-04,2025-01-30,,Pending Approval,11714.05
PO0000664,SUP0011,2026-03-03,2026-04-04,2026-03-31,Completed,15925.63
PO0000665,SUP0022,2025-12-17,2026-01-06,2026-01-06,Completed,125857.21
PO0000666,SUP0026,2026-03-06,2026-03-22,2026-03-29,Delayed,46522.08
PO0000667,SUP0013,2025-05-02,2025-05-28,2025-06-07,Delayed,36122.58
PO0000668,SUP0017,2025-09-19,2025-10-22,2025-10-30,Delayed,8618.55
PO0000669,SUP0070,2025-05-15,2025-06-08,2025-06-08,Completed,166260.22
PO0000670,SUP0077,2025-09-07,2025-09-22,2025-10-06,Delayed,83983.06
PO0000671,SUP0073,2025-01-13,2025-02-03,2025-02-01,Completed,14973.82
PO0000672,SUP0053,2025-12-31,2026-02-12,,Cancelled,24574.9
PO0000673,SUP0085,2025-03-03,2025-04-02,,Cancelled,96255.04
PO0000674,SUP0022,2025-08-08,2025-09-16,2025-09-25,Delayed,66362.26
PO0000675,SUP0062,2026-04-19,2026-05-28,2026-05-23,Completed,33068.48
PO0000676,SUP0041,2026-03-08,2026-04-19,2026-04-19,Completed,10530.08
PO0000677,SUP0065,2025-12-17,2026-01-16,2026-01-14,Completed,40717.04
PO0000678,SUP0061,2025-02-13,2025-03-09,2025-03-05,Completed,8371.72
PO0000679,SUP0055,2026-04-04,2026-05-08,2026-05-08,Completed,8966.79
PO0000680,SUP0059,2025-06-07,2025-07-04,2025-07-02,Completed,8434.27
PO0000681,SUP0074,2025-01-03,2025-01-27,2025-02-02,Delayed,29534.66
PO0000682,SUP0050,2025-02-22,2025-03-17,,Cancelled,32469.26
PO0000683,SUP0031,2026-05-28,2026-06-18,2026-06-30,Delayed,19791.18
PO0000684,SUP0022,2026-05-24,2026-06-04,2026-06-04,Completed,51471.98
PO0000685,SUP0057,2025-03-06,2025-04-11,,Cancelled,30340.86
PO0000686,SUP0078,2025-06-14,2025-07-04,2025-07-11,Completed,11966.34
PO0000687,SUP0066,2025-06-19,2025-07-16,2025-07-19,Completed,33727.61
PO0000688,SUP0052,2025-04-18,2025-05-18,2025-05-16,Completed,3656.89
PO0000689,SUP0042,2025-12-25,2026-01-23,2026-02-01,Delayed,4461.04
PO0000690,SUP0075,2025-02-28,2025-03-21,2025-03-22,Completed,43779.46
PO0000691,SUP0010,2025-09-16,2025-10-18,,In Progress,15668.32
PO0000692,SUP0081,2025-12-20,2026-01-06,2026-01-16,Delayed,33390.12
PO0000693,SUP0010,2026-04-12,2026-05-18,2026-05-17,Completed,22424.72
PO0000694,SUP0046,2025-09-22,2025-10-07,2025-10-19,Delayed,3816.69
PO0000695,SUP0093,2025-01-16,2025-02-10,2025-02-06,Completed,84962.35
PO0000696,SUP0061,2025-04-14,2025-04-27,,In Progress,9328.95
PO0000697,SUP0007,2026-01-08,2026-01-20,,Cancelled,10448.37
PO0000698,SUP0075,2025-11-03,2025-12-19,2025-12-26,Delayed,392343.07
PO0000699,SUP0053,2025-10-15,2025-11-16,2025-12-03,Delayed,23614.91
PO0000700,SUP0015,2026-01-10,2026-02-09,2026-02-11,Completed,3784.94
PO0000701,SUP0098,2026-03-02,2026-04-02,2026-04-06,Completed,1310.51
PO0000702,SUP0072,2025-12-21,2026-01-17,2026-01-17,Completed,13859.88
PO0000703,SUP0022,2025-11-27,2025-12-09,2025-12-07,Completed,27570.92
PO0000704,SUP0025,2025-10-08,2025-11-06,2025-11-25,Delayed,6909.15
PO0000705,SUP0028,2025-09-12,2025-09-23,2025-09-26,Completed,25181.2
PO0000706,SUP0079,2025-01-28,2025-02-21,2025-03-02,Delayed,8728.75
PO0000707,SUP0082,2025-03-20,2025-04-10,2025-04-16,Completed,1907.12
PO0000708,SUP0041,2025-11-11,2025-11-27,2025-11-27,Completed,2732.8
PO0000709,SUP0094,2025-08-06,2025-08-27,2025-09-02,Completed,1916.07
PO0000710,SUP0066,2025-11-19,2025-12-06,2025-12-06,Completed,1811.22
PO0000711,SUP0022,2026-03-20,2026-04-08,2026-04-10,Completed,19771.95
PO0000712,SUP0084,2025-10-18,2025-11-20,2025-11-15,Completed,3249.88
PO0000713,SUP0082,2026-01-23,2026-02-12,2026-02-12,Completed,25053.72
PO0000714,SUP0040,2025-08-03,2025-09-02,2025-09-01,Completed,12803.0
PO0000715,SUP0024,2026-03-30,2026-04-24,,In Progress,149607.16
PO0000716,SUP0043,2026-01-05,2026-02-07,2026-02-11,Delayed,4023.43
PO0000717,SUP0091,2025-08-17,2025-09-20,2025-09-15,Completed,19233.87
PO0000718,SUP0073,2026-05-05,2026-05-28,2026-05-27,Completed,36152.3
PO0000719,SUP0018,2025-01-11,2025-02-07,2025-02-09,Completed,5349.67
PO0000720,SUP0062,2025-03-16,2025-04-02,2025-04-01,Completed,91606.85
PO0000721,SUP0099,2025-08-20,2025-09-15,2025-09-17,Completed,56992.48
PO0000722,SUP0025,2025-12-23,2026-01-09,,Cancelled,3508.2
PO0000723,SUP0033,2025-01-09,2025-02-02,2025-01-29,Completed,39332.4
PO0000724,SUP0063,2026-03-12,2026-04-05,2026-04-05,Completed,12542.52
PO0000725,SUP0031,2025-06-23,2025-07-05,2025-07-09,Completed,32839.6
PO0000726,SUP0057,2026-02-17,2026-03-20,2026-04-02,Delayed,26676.0
PO0000727,SUP0070,2026-01-06,2026-01-21,2026-02-04,Delayed,41555.48
PO0000728,SUP0070,2026-05-16,2026-06-12,2026-06-13,Completed,61711.66
PO0000729,SUP0032,2026-04-19,2026-04-25,2026-04-24,Completed,3176.64
PO0000730,SUP0061,2025-01-16,2025-02-12,2025-02-07,Completed,939.2
PO0000731,SUP0089,2025-02-12,2025-03-03,2025-03-05,Completed,26025.72
PO0000732,SUP0032,2026-01-19,2026-02-17,2026-02-12,Completed,44568.47
PO0000733,SUP0042,2026-02-14,2026-03-22,,In Progress,64466.16
PO0000734,SUP0060,2025-11-23,2025-12-23,,In Progress,14946.55
PO0000735,SUP0050,2025-10-18,2025-11-18,2025-11-25,Delayed,114747.87
PO0000736,SUP0073,2026-02-04,2026-03-23,2026-03-23,Completed,20006.32
PO0000737,SUP0016,2025-01-23,2025-02-26,2025-02-21,Completed,19799.73
PO0000738,SUP0029,2026-02-03,2026-03-06,2026-03-15,Completed,2185.5
PO0000739,SUP0039,2026-02-15,2026-03-19,,In Progress,1586.0
PO0000740,SUP0073,2025-02-15,2025-03-08,2025-03-12,Delayed,1606.44
PO0000741,SUP0079,2025-09-23,2025-10-02,2025-10-01,Completed,7715.83
PO0000742,SUP0082,2025-11-04,2025-12-03,2025-11-28,Completed,14148.6
PO0000743,SUP0008,2026-02-18,2026-03-17,2026-03-26,Delayed,3866.27
PO0000744,SUP0027,2025-10-08,2025-10-27,,In Progress,33858.02
PO0000745,SUP0047,2025-07-22,2025-08-07,2025-08-08,Completed,37391.04
PO0000746,SUP0036,2026-04-18,2026-05-07,,In Progress,1454.16
PO0000747,SUP0056,2026-01-03,2026-01-22,,In Progress,77088.92
PO0000748,SUP0019,2025-01-21,2025-02-09,,In Progress,74744.15
PO0000749,SUP0049,2025-06-20,2025-07-04,2025-07-05,Completed,15052.68
PO0000750,SUP0037,2025-07-14,2025-07-20,2025-07-28,Delayed,6561.67
PO0000751,SUP0071,2025-03-14,2025-04-09,2025-04-11,Completed,27230.28
PO0000752,SUP0048,2026-02-25,2026-03-31,,In Progress,53717.92
PO0000753,SUP0053,2026-01-04,2026-02-02,2026-02-06,Completed,26535.52
PO0000754,SUP0055,2025-11-22,2025-12-04,2025-12-03,Completed,8862.96
PO0000755,SUP0029,2026-05-12,2026-05-29,2026-05-24,Completed,43509.22
PO0000756,SUP0095,2025-12-16,2026-01-14,2026-01-17,Completed,27494.27
PO0000757,SUP0005,2025-09-27,2025-10-21,2025-10-25,Completed,2087.53
PO0000758,SUP0006,2026-05-31,2026-06-22,2026-06-30,Delayed,5513.08
PO0000759,SUP0029,2026-04-04,2026-04-24,2026-04-26,Completed,6947.86
PO0000760,SUP0011,2025-07-06,2025-08-03,2025-08-06,Completed,14374.79
PO0000761,SUP0009,2025-06-04,2025-06-22,2025-06-17,Completed,13524.06
PO0000762,SUP0072,2025-06-28,2025-07-13,2025-07-09,Completed,91949.75
PO0000763,SUP0009,2025-09-20,2025-10-18,2025-10-21,Completed,21790.15
PO0000764,SUP0066,2025-11-16,2025-12-21,2025-12-18,Completed,19340.3
PO0000765,SUP0089,2025-08-15,2025-09-05,2025-09-16,Delayed,6223.92
PO0000766,SUP0046,2026-03-15,2026-04-01,2026-04-02,Completed,1907.37
PO0000767,SUP0039,2025-01-26,2025-02-21,2025-02-22,Completed,62653.42
PO0000768,SUP0080,2025-02-27,2025-03-15,2025-03-25,Delayed,48508.18
PO0000769,SUP0077,2025-02-04,2025-02-18,2025-02-17,Completed,6347.05
PO0000770,SUP0029,2025-12-07,2025-12-21,2025-12-27,Completed,4024.85
PO0000771,SUP0022,2025-08-21,2025-09-19,2025-09-26,Delayed,7363.68
PO0000772,SUP0061,2026-05-23,2026-06-04,2026-06-08,Completed,1093.35
PO0000773,SUP0029,2025-08-02,2025-08-24,2025-09-07,Delayed,18754.18
PO0000774,SUP0076,2025-04-23,2025-05-18,2025-05-21,Completed,2393.2
PO0000775,SUP0057,2025-09-16,2025-10-15,2025-10-14,Completed,51125.92
PO0000776,SUP0094,2025-04-09,2025-05-08,2025-05-03,Completed,6088.53
PO0000777,SUP0076,2026-03-23,2026-04-03,2026-04-05,Completed,3392.61
PO0000778,SUP0048,2026-02-20,2026-03-16,2026-03-13,Completed,952.08
PO0000779,SUP0008,2025-10-24,2025-11-18,2025-11-19,Completed,4990.01
PO0000780,SUP0043,2025-04-11,2025-04-25,2025-04-28,Completed,6713.04
PO0000781,SUP0007,2025-07-08,2025-08-13,,In Progress,5403.92
PO0000782,SUP0083,2026-03-07,2026-04-06,,Cancelled,4614.33
PO0000783,SUP0011,2026-02-15,2026-02-28,2026-03-20,Delayed,9964.26
PO0000784,SUP0040,2025-03-05,2025-03-31,2025-04-04,Delayed,15962.7
PO0000785,SUP0031,2025-04-04,2025-05-09,2025-05-07,Completed,44638.72
PO0000786,SUP0020,2025-03-17,2025-04-03,2025-03-30,Completed,7646.67
PO0000787,SUP0036,2025-02-23,2025-03-11,,In Progress,32126.26
PO0000788,SUP0079,2025-06-12,2025-07-01,2025-07-03,Completed,11027.22
PO0000789,SUP0002,2025-08-23,2025-09-27,2025-10-16,Delayed,8964.12
PO0000790,SUP0098,2025-07-27,2025-08-07,2025-08-09,Completed,24112.48
PO0000791,SUP0073,2025-08-24,2025-09-24,2025-09-26,Completed,70328.1
PO0000792,SUP0048,2025-12-21,2026-01-25,2026-01-21,Completed,47848.71
PO0000793,SUP0080,2025-01-19,2025-02-02,2025-02-05,Completed,56746.7
PO0000794,SUP0021,2026-02-23,2026-03-30,2026-04-13,Delayed,19575.21
PO0000795,SUP0010,2026-04-02,2026-04-10,,Pending Approval,5270.18
PO0000796,SUP0033,2025-06-09,2025-06-25,,In Progress,586.1
PO0000797,SUP0077,2025-03-21,2025-04-23,2025-04-23,Completed,26495.42
PO0000798,SUP0083,2026-01-15,2026-02-17,2026-02-17,Completed,567.69
PO0000799,SUP0075,2026-05-07,2026-06-07,2026-06-03,Completed,5658.0
PO0000800,SUP0039,2026-01-18,2026-02-04,2026-02-02,Completed,18555.38
PO0000801,SUP0023,2026-03-02,2026-03-30,2026-04-01,Completed,36617.54
PO0000802,SUP0012,2025-07-25,2025-08-21,2025-09-06,Delayed,26000.5
PO0000803,SUP0030,2025-11-27,2025-12-17,2025-12-17,Completed,19261.51
PO0000804,SUP0018,2025-07-25,2025-08-16,2025-08-16,Completed,3079.23
PO0000805,SUP0028,2025-06-20,2025-07-18,2025-07-18,Completed,92083.72
PO0000806,SUP0071,2025-08-26,2025-09-19,2025-09-14,Completed,71526.26
PO0000807,SUP0055,2025-08-11,2025-08-26,2025-09-01,Delayed,30886.4
PO0000808,SUP0088,2025-06-17,2025-07-08,,Cancelled,1788.49
PO0000809,SUP0059,2025-05-19,2025-05-28,2025-06-08,Delayed,1068.49
PO0000810,SUP0098,2025-12-15,2026-01-19,,Cancelled,5394.88
PO0000811,SUP0062,2025-09-26,2025-10-23,2025-10-30,Completed,111032.67
PO0000812,SUP0020,2026-05-20,2026-06-23,2026-06-24,Completed,43477.65
PO0000813,SUP0056,2025-01-14,2025-02-14,2025-02-19,Completed,102568.65
PO0000814,SUP0054,2025-11-01,2025-11-21,,Cancelled,21271.76
PO0000815,SUP0099,2025-05-11,2025-06-07,2025-06-07,Completed,29610.83
PO0000816,SUP0042,2025-07-20,2025-08-15,2025-08-15,Completed,16158.66
PO0000817,SUP0090,2025-02-02,2025-03-02,2025-03-05,Completed,10353.36
PO0000818,SUP0014,2025-06-08,2025-07-20,2025-07-26,Delayed,11494.08
PO0000819,SUP0079,2026-03-30,2026-04-21,2026-04-18,Completed,3530.22
PO0000820,SUP0051,2025-03-09,2025-03-29,2025-04-01,Completed,31399.35
PO0000821,SUP0010,2025-08-09,2025-09-02,2025-08-28,Completed,6617.39
PO0000822,SUP0065,2025-03-12,2025-04-10,2025-04-09,Completed,24457.63
PO0000823,SUP0086,2025-07-30,2025-08-19,2025-08-19,Completed,43876.63
PO0000824,SUP0002,2025-03-23,2025-04-08,,In Progress,10429.45
PO0000825,SUP0064,2025-03-01,2025-03-23,2025-03-25,Completed,841.84
PO0000826,SUP0041,2026-05-18,2026-06-30,2026-06-30,Delayed,49542.62
PO0000827,SUP0100,2025-06-24,2025-08-04,2025-07-30,Completed,16470.0
PO0000828,SUP0040,2025-10-27,2025-11-20,2025-11-23,Completed,19621.55
PO0000829,SUP0063,2026-03-16,2026-04-19,2026-04-18,Completed,9911.38
PO0000830,SUP0026,2026-05-02,2026-05-21,2026-05-26,Completed,23722.87
PO0000831,SUP0062,2025-04-25,2025-05-31,2025-05-29,Completed,36445.2
PO0000832,SUP0015,2026-01-15,2026-02-13,,Pending Approval,4185.0
PO0000833,SUP0014,2025-05-18,2025-06-14,2025-06-14,Completed,72900.66
PO0000834,SUP0023,2025-10-08,2025-11-10,2025-11-11,Completed,73117.33
PO0000835,SUP0044,2025-01-25,2025-02-07,2025-02-26,Delayed,963.79
PO0000836,SUP0002,2025-10-16,2025-10-26,2025-11-10,Delayed,4180.84
PO0000837,SUP0047,2025-07-12,2025-08-16,2025-08-14,Completed,849258.84
PO0000838,SUP0094,2025-03-30,2025-04-30,2025-05-01,Completed,15258.9
PO0000839,SUP0090,2026-05-01,2026-06-18,2026-06-17,Completed,4048.98
PO0000840,SUP0090,2026-01-12,2026-02-11,2026-02-14,Completed,26063.21
PO0000841,SUP0011,2026-02-03,2026-02-27,2026-03-07,Delayed,885.08
PO0000842,SUP0090,2025-10-09,2025-11-05,,Cancelled,685.3
PO0000843,SUP0090,2025-12-21,2026-01-11,2026-01-10,Completed,25153.6
PO0000844,SUP0038,2026-01-22,2026-02-15,2026-02-17,Completed,3826.48
PO0000845,SUP0067,2025-11-04,2025-12-09,,Cancelled,69736.71
PO0000846,SUP0085,2025-01-13,2025-01-25,2025-01-28,Completed,31201.51
PO0000847,SUP0042,2026-04-19,2026-05-18,2026-05-21,Completed,19946.52
PO0000848,SUP0067,2026-02-20,2026-03-07,2026-03-13,Delayed,64528.18
PO0000849,SUP0081,2026-05-20,2026-06-03,2026-06-03,Completed,17905.73
PO0000850,SUP0055,2025-08-31,2025-09-17,2025-09-26,Delayed,16452.52
PO0000851,SUP0035,2025-11-06,2025-11-27,,In Progress,6729.64
PO0000852,SUP0051,2025-10-13,2025-11-05,,In Progress,9643.7
PO0000853,SUP0008,2025-08-14,2025-09-24,2025-10-12,Delayed,16112.58
PO0000854,SUP0033,2025-04-10,2025-05-13,2025-05-24,Delayed,5295.51
PO0000855,SUP0011,2025-02-20,2025-03-20,2025-03-15,Completed,1170.9
PO0000856,SUP0005,2025-09-19,2025-11-01,2025-10-27,Completed,3654.13
PO0000857,SUP0089,2025-02-15,2025-03-06,2025-03-21,Delayed,5845.11
PO0000858,SUP0007,2026-03-05,2026-04-05,,In Progress,20315.92
PO0000859,SUP0089,2025-03-09,2025-04-26,2025-04-28,Completed,4096.29
PO0000860,SUP0080,2025-11-10,2025-11-30,2025-11-27,Completed,5429.1
PO0000861,SUP0074,2026-03-12,2026-04-23,,In Progress,7174.67
PO0000862,SUP0066,2026-04-08,2026-04-28,,In Progress,36094.79
PO0000863,SUP0091,2025-03-15,2025-04-27,2025-04-29,Completed,83413.96
PO0000864,SUP0058,2025-09-12,2025-10-09,2025-10-11,Completed,5870.25
PO0000865,SUP0051,2025-03-24,2025-04-29,2025-05-01,Completed,3513.93
PO0000866,SUP0056,2025-05-25,2025-05-31,2025-06-04,Completed,10437.0
PO0000867,SUP0084,2026-04-26,2026-05-01,2026-05-01,Completed,42100.89
PO0000868,SUP0069,2026-05-08,2026-05-23,2026-05-21,Completed,20856.24
PO0000869,SUP0012,2025-07-16,2025-08-03,,Pending Approval,2302.17
PO0000870,SUP0025,2026-01-02,2026-01-22,,In Progress,17723.8
PO0000871,SUP0075,2025-12-21,2026-01-16,2026-01-27,Delayed,804.08
PO0000872,SUP0015,2025-09-25,2025-10-14,,Cancelled,8359.46
PO0000873,SUP0055,2025-11-09,2025-12-08,,Cancelled,52716.14
PO0000874,SUP0007,2025-09-23,2025-10-13,,Pending Approval,6092.46
PO0000875,SUP0028,2025-02-14,2025-02-19,2025-03-09,Delayed,6709.32
PO0000876,SUP0017,2026-02-28,2026-03-09,,Cancelled,5722.29
PO0000877,SUP0035,2025-10-06,2025-10-22,2025-10-20,Completed,8941.89
PO0000878,SUP0052,2025-01-13,2025-01-28,2025-02-16,Delayed,1375.53
PO0000879,SUP0013,2026-03-26,2026-04-14,2026-04-15,Completed,111114.86
PO0000880,SUP0086,2026-04-14,2026-05-08,2026-05-18,Delayed,662.2
PO0000881,SUP0010,2025-06-17,2025-07-23,2025-07-22,Completed,1080.72
PO0000882,SUP0068,2025-11-10,2025-11-23,2025-11-23,Completed,47151.3
PO0000883,SUP0062,2026-01-01,2026-01-25,2026-02-02,Delayed,63758.71
PO0000884,SUP0036,2025-04-29,2025-06-02,2025-06-01,Completed,35224.04
PO0000885,SUP0054,2025-02-18,2025-03-26,,Pending Approval,32243.08
PO0000886,SUP0045,2025-05-03,2025-05-14,2025-05-13,Completed,3342.4
PO0000887,SUP0099,2025-11-04,2025-11-30,2025-12-09,Completed,16881.97
PO0000888,SUP0001,2025-08-23,2025-09-25,2025-09-20,Completed,9096.15
PO0000889,SUP0040,2025-08-09,2025-09-09,2025-09-15,Completed,42148.65
PO0000890,SUP0060,2026-03-28,2026-04-16,2026-04-17,Completed,49868.63
PO0000891,SUP0062,2026-02-01,2026-03-20,2026-03-27,Completed,87506.1
PO0000892,SUP0024,2025-02-03,2025-02-21,2025-02-19,Completed,29858.01
PO0000893,SUP0060,2025-01-08,2025-02-17,2025-02-21,Completed,3748.55
PO0000894,SUP0051,2025-11-18,2025-12-01,2025-12-05,Delayed,23754.64
PO0000895,SUP0068,2025-03-05,2025-04-05,2025-04-11,Completed,45543.43
PO0000896,SUP0071,2025-05-18,2025-07-08,2025-07-05,Completed,3944.46
PO0000897,SUP0095,2026-01-22,2026-02-09,2026-02-16,Completed,30882.07
PO0000898,SUP0013,2025-08-21,2025-09-04,2025-09-04,Completed,19469.42
PO0000899,SUP0012,2025-10-05,2025-10-28,2025-10-26,Completed,20159.37
PO0000900,SUP0088,2026-05-28,2026-06-14,2026-06-11,Completed,30604.5
PO0000901,SUP0086,2025-07-29,2025-08-20,2025-08-23,Delayed,5101.04
PO0000902,SUP0074,2025-10-08,2025-10-28,2025-11-03,Delayed,17968.4
PO0000903,SUP0092,2025-11-10,2025-11-27,2025-11-22,Completed,41662.48
PO0000904,SUP0035,2025-05-06,2025-06-17,2025-06-19,Completed,44795.89
PO0000905,SUP0004,2025-10-28,2025-11-25,2025-11-28,Completed,3905.94
PO0000906,SUP0043,2025-09-13,2025-09-28,2025-10-18,Delayed,1767.32
PO0000907,SUP0003,2025-05-22,2025-06-16,2025-06-22,Completed,7551.98
PO0000908,SUP0092,2025-11-26,2026-01-04,2026-01-17,Delayed,3163.86
PO0000909,SUP0014,2026-01-24,2026-02-15,2026-02-18,Completed,4511.22
PO0000910,SUP0051,2026-04-19,2026-05-13,,Cancelled,6825.62
PO0000911,SUP0061,2025-12-27,2026-01-26,2026-01-26,Completed,41393.77
PO0000912,SUP0009,2026-02-18,2026-02-23,2026-03-01,Completed,10333.02
PO0000913,SUP0023,2026-01-16,2026-02-16,,In Progress,5188.0
PO0000914,SUP0011,2026-01-10,2026-01-28,,Pending Approval,16193.61
PO0000915,SUP0091,2026-04-15,2026-05-07,2026-05-07,Completed,2847.31
PO0000916,SUP0047,2025-09-03,2025-10-07,2025-10-11,Completed,11842.3
PO0000917,SUP0009,2025-12-08,2026-01-13,,In Progress,277.3
PO0000918,SUP0023,2025-04-05,2025-05-08,2025-05-04,Completed,93887.68
PO0000919,SUP0068,2026-04-25,2026-05-27,2026-05-28,Completed,73652.23
PO0000920,SUP0051,2025-12-15,2026-01-07,,In Progress,37167.94
PO0000921,SUP0018,2026-04-07,2026-05-01,2026-05-04,Completed,2267.43
PO0000922,SUP0071,2025-10-14,2025-11-16,2025-11-16,Completed,20327.72
PO0000923,SUP0035,2025-11-01,2025-11-06,2025-11-01,Completed,3045.38
PO0000924,SUP0087,2025-04-07,2025-04-17,2025-04-17,Completed,831.71
PO0000925,SUP0006,2025-11-01,2025-11-30,2025-12-02,Completed,3477.3
PO0000926,SUP0090,2026-05-19,2026-06-27,2026-06-28,Completed,9695.0
PO0000927,SUP0072,2025-12-07,2025-12-16,2025-12-21,Completed,2926.11
PO0000928,SUP0062,2025-01-09,2025-02-24,2025-02-28,Completed,88656.5
PO0000929,SUP0035,2025-05-19,2025-06-20,2025-07-07,Delayed,6598.2
PO0000930,SUP0054,2026-01-31,2026-03-13,2026-03-11,Completed,4605.12
PO0000931,SUP0020,2025-07-01,2025-08-05,,In Progress,551.67
PO0000932,SUP0025,2025-05-23,2025-06-19,,Pending Approval,14195.93
PO0000933,SUP0097,2025-05-24,2025-06-16,2025-07-03,Delayed,292.86
PO0000934,SUP0037,2025-07-28,2025-08-02,,In Progress,15239.68
PO0000935,SUP0067,2026-05-02,2026-05-15,2026-05-17,Completed,16385.72
PO0000936,SUP0074,2025-12-01,2026-01-04,2026-01-04,Completed,7575.19
PO0000937,SUP0087,2025-08-25,2025-09-25,2025-10-12,Delayed,5057.23
PO0000938,SUP0034,2025-06-08,2025-06-30,2025-06-30,Completed,6338.0
PO0000939,SUP0047,2026-05-09,2026-05-27,2026-06-15,Delayed,8225.11
PO0000940,SUP0054,2026-03-24,2026-04-17,,In Progress,979.26
PO0000941,SUP0059,2025-09-24,2025-10-25,2025-10-27,Completed,1028.2
PO0000942,SUP0035,2025-09-18,2025-10-18,2025-10-17,Completed,20300.55
PO0000943,SUP0100,2026-03-21,2026-04-10,2026-04-10,Completed,16860.79
PO0000944,SUP0003,2026-04-06,2026-04-24,2026-04-22,Completed,4430.89
PO0000945,SUP0100,2025-08-13,2025-09-09,2025-09-07,Completed,33359.4
PO0000946,SUP0100,2025-12-31,2026-01-23,2026-01-20,Completed,2467.35
PO0000947,SUP0054,2026-02-08,2026-03-10,2026-03-10,Completed,3638.7
PO0000948,SUP0071,2026-03-01,2026-03-30,2026-04-06,Delayed,7155.1
PO0000949,SUP0040,2025-09-11,2025-09-30,2025-10-04,Completed,1128.45
PO0000950,SUP0005,2025-09-04,2025-10-02,2025-10-03,Completed,9109.98
PO0000951,SUP0064,2025-07-22,2025-08-23,2025-09-07,Delayed,2982.21
PO0000952,SUP0029,2026-04-14,2026-05-30,,In Progress,132594.54
PO0000953,SUP0099,2025-12-31,2026-01-05,2026-01-05,Completed,19525.86
PO0000954,SUP0095,2025-03-22,2025-04-12,2025-04-09,Completed,16634.52
PO0000955,SUP0069,2025-01-17,2025-01-25,2025-02-02,Completed,3996.49
PO0000956,SUP0100,2026-02-18,2026-03-15,2026-04-04,Delayed,6544.72
PO0000957,SUP0050,2025-04-16,2025-05-25,,Cancelled,6343.02
PO0000958,SUP0001,2026-05-28,2026-06-30,2026-06-27,Completed,16630.14
PO0000959,SUP0065,2025-04-09,2025-05-06,2025-05-07,Completed,8094.47
PO0000960,SUP0039,2026-03-20,2026-04-18,,In Progress,5958.09
PO0000961,SUP0082,2025-11-03,2025-12-05,2025-11-30,Completed,32452.53
PO0000962,SUP0013,2025-09-19,2025-10-24,2025-10-26,Completed,8496.07
PO0000963,SUP0087,2025-04-04,2025-04-27,2025-05-02,Completed,62013.2
PO0000964,SUP0014,2025-10-13,2025-11-15,2025-11-15,Completed,18684.97
PO0000965,SUP0027,2025-10-31,2025-12-07,2025-12-27,Delayed,716.96
PO0000966,SUP0071,2025-05-22,2025-06-17,2025-06-21,Completed,18607.19
PO0000967,SUP0033,2026-03-31,2026-05-04,2026-04-29,Completed,7537.15
PO0000968,SUP0088,2025-05-31,2025-07-13,2025-07-16,Completed,43528.6
PO0000969,SUP0012,2025-05-21,2025-06-22,,In Progress,100098.02
PO0000970,SUP0017,2025-09-10,2025-09-30,2025-10-04,Completed,2260.56
PO0000971,SUP0083,2025-08-16,2025-08-21,2025-08-26,Delayed,3836.05
PO0000972,SUP0032,2025-03-12,2025-04-04,,In Progress,17354.88
PO0000973,SUP0095,2025-01-14,2025-02-06,,In Progress,16727.67
PO0000974,SUP0026,2026-02-20,2026-03-25,2026-03-21,Completed,34614.81
PO0000975,SUP0051,2025-01-26,2025-02-20,,In Progress,3202.2
PO0000976,SUP0054,2026-03-27,2026-04-21,,In Progress,27551.14
PO0000977,SUP0073,2025-04-03,2025-04-24,2025-04-21,Completed,54809.59
PO0000978,SUP0033,2025-09-26,2025-10-23,2025-10-19,Completed,30249.1
PO0000979,SUP0090,2025-02-04,2025-02-26,,In Progress,12023.15
PO0000980,SUP0003,2025-11-09,2025-11-14,2025-11-10,Completed,1141.44
PO0000981,SUP0096,2026-02-26,2026-03-16,,In Progress,2253.6
PO0000982,SUP0019,2025-07-30,2025-08-31,2025-08-29,Completed,86633.6
PO0000983,SUP0020,2025-10-19,2025-11-03,,In Progress,22646.11
PO0000984,SUP0014,2026-04-03,2026-04-24,2026-04-27,Completed,54185.19
PO0000985,SUP0035,2025-06-22,2025-08-02,2025-08-03,Completed,9746.49
PO0000986,SUP0033,2025-08-28,2025-09-08,,In Progress,12778.59
PO0000987,SUP0096,2025-05-13,2025-05-24,2025-05-23,Completed,3185.28
PO0000988,SUP0067,2025-06-15,2025-06-20,,In Progress,1318.14
PO0000989,SUP0068,2025-07-14,2025-08-09,2025-08-11,Completed,48645.1
PO0000990,SUP0075,2025-10-15,2025-10-20,2025-10-31,Delayed,3558.0
PO0000991,SUP0023,2026-04-10,2026-04-30,2026-04-30,Completed,85056.82
PO0000992,SUP0057,2025-07-30,2025-09-01,,In Progress,1965.8
PO0000993,SUP0073,2025-09-26,2025-10-26,2025-10-23,Completed,10743.92
PO0000994,SUP0011,2026-01-12,2026-02-21,2026-02-17,Completed,3363.66
PO0000995,SUP0041,2025-10-03,2025-10-31,2025-11-13,Delayed,114284.15
PO0000996,SUP0011,2025-03-20,2025-04-14,2025-04-16,Completed,23298.01
PO0000997,SUP0032,2025-01-20,2025-02-17,2025-02-22,Completed,25194.12
PO0000998,SUP0010,2026-03-27,2026-04-16,2026-04-12,Completed,8347.84
PO0000999,SUP0033,2025-08-31,2025-10-12,2025-10-14,Completed,4500.4
PO0001000,SUP0096,2026-01-20,2026-02-02,2026-02-14,Delayed,8203.76
PO0001001,SUP0069,2026-01-12,2026-01-17,2026-01-20,Completed,3643.46
PO0001002,SUP0045,2025-09-28,2025-10-17,2025-10-26,Completed,2756.32
PO0001003,SUP0040,2025-06-02,2025-07-03,2025-07-03,Completed,39883.22
PO0001004,SUP0088,2025-06-01,2025-07-06,2025-07-12,Completed,495.21
PO0001005,SUP0048,2025-10-24,2025-11-05,2025-11-01,Completed,11686.92
PO0001006,SUP0022,2025-06-24,2025-07-13,2025-07-15,Completed,382756.76
PO0001007,SUP0035,2025-12-17,2025-12-30,,Cancelled,12916.84
PO0001008,SUP0030,2026-01-05,2026-01-30,2026-01-25,Completed,15810.64
PO0001009,SUP0039,2025-02-17,2025-03-16,2025-03-19,Delayed,45611.57
PO0001010,SUP0061,2025-06-10,2025-07-08,2025-07-05,Completed,157.95
PO0001011,SUP0055,2025-12-02,2025-12-26,2025-12-28,Completed,37668.48
PO0001012,SUP0066,2025-06-05,2025-06-20,2025-06-22,Completed,7503.44
PO0001013,SUP0045,2025-03-27,2025-05-05,2025-05-10,Completed,2546.3
PO0001014,SUP0087,2025-03-11,2025-03-25,2025-04-14,Delayed,61022.66
PO0001015,SUP0051,2026-01-01,2026-01-26,2026-01-30,Delayed,5947.2
PO0001016,SUP0100,2025-02-04,2025-02-24,2025-02-24,Completed,10321.68
PO0001017,SUP0028,2026-02-08,2026-03-14,2026-03-09,Completed,16962.6
PO0001018,SUP0013,2025-06-01,2025-06-18,2025-06-16,Completed,135604.46
PO0001019,SUP0095,2025-01-26,2025-02-27,2025-03-07,Completed,46874.92
PO0001020,SUP0090,2025-11-27,2025-12-27,2025-12-31,Completed,40744.22
PO0001021,SUP0085,2025-03-06,2025-04-05,2025-04-09,Completed,5367.6
PO0001022,SUP0055,2025-05-29,2025-06-22,2025-07-01,Delayed,74989.95
PO0001023,SUP0024,2025-12-06,2026-01-02,,In Progress,250414.82
PO0001024,SUP0008,2026-05-09,2026-06-19,2026-06-30,Delayed,21988.68
PO0001025,SUP0044,2025-01-29,2025-03-08,2025-03-14,Completed,3790.21
PO0001026,SUP0077,2025-10-27,2025-11-19,2025-11-17,Completed,35676.65
PO0001027,SUP0005,2026-01-07,2026-02-04,2026-01-30,Completed,564.72
PO0001028,SUP0068,2026-01-13,2026-01-18,2026-01-20,Completed,23887.56
PO0001029,SUP0016,2025-11-30,2026-01-01,2026-01-01,Completed,58108.0
PO0001030,SUP0093,2025-03-28,2025-04-04,2025-04-12,Delayed,15762.04
PO0001031,SUP0010,2025-12-01,2026-01-12,2026-01-08,Completed,30606.48
PO0001032,SUP0044,2025-06-26,2025-07-31,2025-08-18,Delayed,759.12
PO0001033,SUP0056,2025-04-14,2025-05-09,,In Progress,165476.63
PO0001034,SUP0098,2025-07-26,2025-08-18,2025-08-23,Completed,7308.84
PO0001035,SUP0062,2026-05-14,2026-06-10,2026-06-17,Completed,135637.97
PO0001036,SUP0047,2025-05-01,2025-05-06,2025-05-06,Completed,278978.1
PO0001037,SUP0082,2025-10-01,2025-10-29,2025-10-29,Completed,10734.48
PO0001038,SUP0083,2025-03-24,2025-05-03,2025-05-17,Delayed,1201.2
PO0001039,SUP0043,2025-05-11,2025-06-16,2025-06-16,Completed,2556.62
PO0001040,SUP0081,2025-09-05,2025-09-19,2025-10-07,Delayed,57704.79
PO0001041,SUP0001,2025-03-26,2025-04-26,2025-05-15,Delayed,10808.06
PO0001042,SUP0090,2025-09-26,2025-10-20,,Cancelled,105004.91
PO0001043,SUP0068,2026-04-30,2026-05-12,2026-05-07,Completed,4822.56
PO0001044,SUP0049,2025-10-12,2025-11-14,2025-11-11,Completed,61824.68
PO0001045,SUP0072,2025-06-18,2025-07-24,2025-07-25,Completed,17621.42
PO0001046,SUP0078,2026-04-09,2026-04-27,2026-04-26,Completed,3872.88
PO0001047,SUP0009,2025-07-15,2025-08-23,2025-08-18,Completed,26216.95
PO0001048,SUP0033,2026-05-15,2026-06-11,2026-06-12,Completed,2885.85
PO0001049,SUP0040,2025-06-29,2025-08-11,,In Progress,7278.38
PO0001050,SUP0027,2025-12-21,2026-01-05,2026-01-07,Completed,9911.32
PO0001051,SUP0069,2025-10-19,2025-11-19,2025-11-16,Completed,1979.04
PO0001052,SUP0030,2025-08-21,2025-09-04,,Pending Approval,140648.41
PO0001053,SUP0051,2025-11-21,2025-12-11,,Cancelled,14384.37
PO0001054,SUP0100,2025-11-07,2025-12-11,2025-12-11,Completed,17460.2
PO0001055,SUP0060,2025-01-09,2025-01-31,,In Progress,9483.23
PO0001056,SUP0068,2026-05-19,2026-06-16,,In Progress,65156.03
PO0001057,SUP0005,2025-03-09,2025-04-10,2025-04-14,Completed,8098.96
PO0001058,SUP0004,2025-04-24,2025-05-13,2025-05-13,Completed,3216.97
PO0001059,SUP0047,2026-02-23,2026-03-26,,In Progress,76398.35
PO0001060,SUP0013,2025-05-28,2025-07-06,2025-07-11,Completed,12025.55
PO0001061,SUP0043,2026-05-01,2026-06-22,2026-06-30,Delayed,883.96
PO0001062,SUP0043,2025-10-13,2025-10-27,2025-10-30,Completed,5942.7
PO0001063,SUP0056,2026-02-27,2026-03-06,,In Progress,30038.24
PO0001064,SUP0045,2025-09-04,2025-09-27,2025-09-30,Completed,88328.84
PO0001065,SUP0079,2026-01-25,2026-02-27,2026-02-24,Completed,13011.42
PO0001066,SUP0067,2025-09-24,2025-10-15,,Pending Approval,47289.64
PO0001067,SUP0051,2026-05-03,2026-05-26,2026-05-27,Completed,3049.62
PO0001068,SUP0027,2025-11-09,2025-11-21,2025-11-26,Completed,12355.47
PO0001069,SUP0035,2025-04-18,2025-04-28,2025-04-26,Completed,46988.89
PO0001070,SUP0076,2025-09-05,2025-10-04,2025-10-04,Completed,7174.29
PO0001071,SUP0079,2025-05-07,2025-05-18,2025-05-21,Completed,1057.45
PO0001072,SUP0023,2025-09-06,2025-10-20,2025-11-01,Completed,2721.0
PO0001073,SUP0100,2025-02-27,2025-03-17,2025-03-17,Completed,6063.72
PO0001074,SUP0096,2026-03-29,2026-05-03,,Pending Approval,7168.4
PO0001075,SUP0004,2026-02-08,2026-02-19,2026-02-19,Completed,5761.64
PO0001076,SUP0035,2025-04-09,2025-05-21,2025-05-18,Completed,17668.13
PO0001077,SUP0038,2026-04-26,2026-05-09,2026-05-10,Completed,634.0
PO0001078,SUP0054,2025-04-09,2025-05-02,2025-04-29,Completed,10962.45
PO0001079,SUP0046,2025-12-18,2026-01-12,,In Progress,8134.09
PO0001080,SUP0069,2025-09-04,2025-09-25,2025-10-06,Delayed,2114.7
PO0001081,SUP0061,2025-07-03,2025-07-08,,Pending Approval,9194.88
PO0001082,SUP0025,2026-05-24,2026-06-04,2026-06-01,Completed,12861.79
PO0001083,SUP0054,2026-01-24,2026-02-27,,Pending Approval,6614.25
PO0001084,SUP0090,2026-01-25,2026-02-14,,In Progress,50493.9
PO0001085,SUP0011,2025-05-13,2025-06-16,2025-07-05,Delayed,3258.36
PO0001086,SUP0028,2026-04-07,2026-05-01,2026-04-29,Completed,4774.77
PO0001087,SUP0016,2025-05-31,2025-06-25,2025-07-10,Delayed,16640.56
PO0001088,SUP0011,2026-04-06,2026-05-09,2026-05-08,Completed,21981.2
PO0001089,SUP0005,2026-02-13,2026-03-09,2026-03-06,Completed,15621.75
PO0001090,SUP0038,2025-12-11,2025-12-29,2025-12-25,Completed,3536.16
PO0001091,SUP0043,2025-09-21,2025-10-25,2025-11-01,Delayed,10700.8
PO0001092,SUP0033,2025-09-17,2025-10-14,2025-10-23,Delayed,19173.13
PO0001093,SUP0066,2026-01-30,2026-02-23,2026-02-20,Completed,22451.6
PO0001094,SUP0025,2026-04-02,2026-05-08,,In Progress,1705.55
PO0001095,SUP0001,2025-06-12,2025-07-14,2025-07-18,Completed,31621.28
PO0001096,SUP0011,2026-05-11,2026-06-17,2026-06-30,Delayed,76065.04
PO0001097,SUP0093,2026-05-11,2026-05-26,,Cancelled,28353.64
PO0001098,SUP0081,2025-11-30,2025-12-25,2025-12-24,Completed,1365.15
PO0001099,SUP0097,2025-08-22,2025-10-02,2025-10-01,Completed,27029.64
PO0001100,SUP0052,2025-03-16,2025-04-12,2025-04-12,Completed,8043.43
PO0001101,SUP0057,2025-07-26,2025-08-05,,Cancelled,30122.97
PO0001102,SUP0007,2025-10-11,2025-10-23,2025-11-10,Delayed,28603.29
PO0001103,SUP0081,2025-11-18,2025-12-06,2025-12-03,Completed,1613.82
PO0001104,SUP0039,2025-01-05,2025-02-08,,Cancelled,30703.81
PO0001105,SUP0043,2025-09-22,2025-10-04,,In Progress,2390.75
PO0001106,SUP0015,2026-04-02,2026-05-02,2026-05-06,Completed,2638.4
PO0001107,SUP0042,2025-07-16,2025-08-03,2025-08-03,Completed,2201.4
PO0001108,SUP0029,2025-11-04,2025-12-17,2026-01-02,Delayed,10548.47
PO0001109,SUP0096,2026-01-09,2026-02-07,2026-02-11,Completed,6960.56
PO0001110,SUP0072,2025-12-07,2025-12-25,,In Progress,11849.45
PO0001111,SUP0033,2025-02-04,2025-03-04,,Cancelled,7503.15
PO0001112,SUP0052,2025-04-15,2025-05-10,2025-05-09,Completed,1154.35
PO0001113,SUP0068,2025-09-26,2025-10-09,,In Progress,82165.64
PO0001114,SUP0084,2026-02-09,2026-03-01,2026-03-02,Completed,28845.02
PO0001115,SUP0009,2025-08-14,2025-09-15,2025-09-15,Completed,22196.46
PO0001116,SUP0021,2025-11-02,2025-11-20,,Cancelled,9483.74
PO0001117,SUP0053,2025-08-06,2025-09-07,2025-09-06,Completed,7499.36
PO0001118,SUP0054,2026-01-01,2026-02-06,,In Progress,29424.64
PO0001119,SUP0073,2025-09-27,2025-10-28,2025-10-31,Delayed,9137.36
PO0001120,SUP0071,2025-05-01,2025-05-28,2025-05-28,Completed,55338.57
PO0001121,SUP0019,2025-11-01,2025-11-28,,Cancelled,1090.08
PO0001122,SUP0003,2026-01-23,2026-02-20,,In Progress,1464.22
PO0001123,SUP0020,2025-04-30,2025-05-28,,In Progress,36791.22
PO0001124,SUP0061,2025-04-05,2025-04-21,2025-04-24,Completed,13130.64
PO0001125,SUP0057,2025-06-06,2025-07-04,2025-07-04,Completed,1414.96
PO0001126,SUP0096,2025-07-10,2025-07-27,2025-07-24,Completed,560.61
PO0001127,SUP0075,2025-06-01,2025-06-28,2025-06-28,Completed,25521.1
PO0001128,SUP0068,2025-09-04,2025-09-20,,In Progress,77899.94
PO0001129,SUP0004,2026-01-20,2026-02-17,2026-03-08,Delayed,1973.31
PO0001130,SUP0006,2025-01-24,2025-02-20,2025-02-24,Completed,643.72
PO0001131,SUP0067,2025-03-23,2025-04-08,,Pending Approval,71806.33
PO0001132,SUP0042,2026-03-26,2026-04-26,2026-04-24,Completed,21095.96
PO0001133,SUP0055,2025-04-26,2025-06-05,2025-06-14,Delayed,6827.12
PO0001134,SUP0042,2026-01-26,2026-03-01,2026-03-01,Completed,3104.42
PO0001135,SUP0011,2025-01-05,2025-01-27,2025-02-16,Delayed,9135.74
PO0001136,SUP0024,2026-05-30,2026-06-15,2026-06-21,Completed,4392.54
PO0001137,SUP0020,2025-01-19,2025-03-04,2025-03-24,Delayed,6938.04
PO0001138,SUP0095,2025-09-19,2025-09-24,2025-09-28,Completed,11688.6
PO0001139,SUP0083,2025-12-22,2026-01-07,2026-01-17,Delayed,4489.2
PO0001140,SUP0013,2025-03-15,2025-04-15,2025-04-29,Delayed,20626.99
PO0001141,SUP0074,2025-01-01,2025-01-25,2025-01-23,Completed,8412.42
PO0001142,SUP0062,2025-01-15,2025-02-08,,In Progress,21990.69
PO0001143,SUP0024,2025-10-15,2025-11-14,2025-11-15,Completed,103791.4
PO0001144,SUP0047,2025-12-12,2026-01-11,,Pending Approval,37720.83
PO0001145,SUP0081,2025-03-09,2025-03-16,2025-03-22,Delayed,7506.3
PO0001146,SUP0065,2025-12-26,2026-02-04,2026-02-07,Completed,91011.39
PO0001147,SUP0096,2025-05-12,2025-06-06,,Pending Approval,30416.9
PO0001148,SUP0095,2026-05-25,2026-06-17,,Cancelled,20284.4
PO0001149,SUP0094,2025-10-16,2025-11-29,2025-11-27,Completed,13102.13
PO0001150,SUP0040,2025-10-03,2025-11-02,2025-11-05,Delayed,35759.32
PO0001151,SUP0061,2025-12-10,2025-12-24,2026-01-12,Delayed,5102.58
PO0001152,SUP0039,2025-05-24,2025-06-24,2025-06-19,Completed,3352.06
PO0001153,SUP0065,2025-06-22,2025-07-08,2025-07-23,Delayed,7963.14
PO0001154,SUP0067,2025-08-21,2025-09-22,2025-09-24,Completed,135451.88
PO0001155,SUP0068,2025-06-20,2025-07-22,2025-08-03,Delayed,59291.97
PO0001156,SUP0070,2025-11-24,2025-12-27,2025-12-24,Completed,101255.38
PO0001157,SUP0086,2025-01-24,2025-02-23,2025-02-28,Completed,16479.33
PO0001158,SUP0043,2026-04-07,2026-05-10,,Cancelled,22673.72
PO0001159,SUP0076,2025-01-30,2025-02-26,2025-02-23,Completed,16843.87
PO0001160,SUP0046,2025-02-22,2025-03-22,2025-03-19,Completed,1024.2
PO0001161,SUP0002,2025-05-02,2025-06-03,2025-05-30,Completed,15230.6
PO0001162,SUP0016,2025-05-12,2025-05-28,,In Progress,118527.06
PO0001163,SUP0034,2025-04-21,2025-05-11,2025-05-15,Completed,1905.39
PO0001164,SUP0034,2025-06-12,2025-06-22,,In Progress,16156.01
PO0001165,SUP0043,2025-03-01,2025-03-14,,Cancelled,2909.97
PO0001166,SUP0035,2025-01-09,2025-01-31,,Pending Approval,5159.26
PO0001167,SUP0069,2025-02-18,2025-03-22,2025-04-08,Delayed,1584.24
PO0001168,SUP0082,2026-02-17,2026-04-08,,In Progress,33514.71
PO0001169,SUP0047,2025-09-30,2025-10-19,2025-10-21,Completed,39966.48
PO0001170,SUP0012,2025-11-23,2025-12-09,2025-12-04,Completed,15836.09
PO0001171,SUP0065,2025-12-11,2026-01-04,2025-12-30,Completed,151259.24
PO0001172,SUP0034,2026-04-14,2026-05-17,2026-06-04,Delayed,13099.59
PO0001173,SUP0087,2026-04-30,2026-06-01,,Cancelled,22540.77
PO0001174,SUP0053,2026-03-03,2026-03-23,2026-03-29,Completed,14035.11
PO0001175,SUP0014,2025-01-03,2025-01-16,2025-01-15,Completed,24753.39
PO0001176,SUP0064,2025-07-23,2025-08-02,,Cancelled,6444.29
PO0001177,SUP0060,2025-05-16,2025-06-08,2025-06-07,Completed,4669.56
PO0001178,SUP0051,2025-12-30,2026-01-24,2026-01-19,Completed,9338.69
PO0001179,SUP0075,2025-06-20,2025-07-29,2025-08-11,Delayed,4837.14
PO0001180,SUP0070,2025-06-04,2025-07-10,,In Progress,17659.84
PO0001181,SUP0100,2025-03-02,2025-03-29,2025-03-26,Completed,13972.8
PO0001182,SUP0007,2025-11-10,2025-12-09,2025-12-07,Completed,25119.88
PO0001183,SUP0093,2025-12-22,2026-01-24,2026-01-19,Completed,14596.53
PO0001184,SUP0064,2026-01-18,2026-02-12,2026-02-27,Delayed,10889.64
PO0001185,SUP0098,2025-08-13,2025-09-04,2025-09-05,Completed,9135.42
PO0001186,SUP0023,2026-01-13,2026-02-02,2026-02-18,Delayed,437.38
PO0001187,SUP0068,2025-08-12,2025-08-21,2025-08-16,Completed,17400.36
PO0001188,SUP0095,2026-05-07,2026-06-03,2026-06-02,Completed,6131.99
PO0001189,SUP0045,2026-03-28,2026-04-28,,In Progress,2138.33
PO0001190,SUP0039,2025-07-30,2025-08-28,2025-09-03,Completed,136781.26
PO0001191,SUP0049,2026-04-27,2026-06-03,2026-06-23,Delayed,33436.2
PO0001192,SUP0068,2026-02-20,2026-03-18,2026-03-13,Completed,11178.5
PO0001193,SUP0092,2025-08-22,2025-09-05,,In Progress,27308.72
PO0001194,SUP0071,2025-09-15,2025-10-20,2025-10-19,Completed,9323.39
PO0001195,SUP0028,2026-01-10,2026-01-23,2026-01-21,Completed,99183.72
PO0001196,SUP0089,2026-03-18,2026-04-07,2026-04-15,Delayed,4625.9
PO0001197,SUP0039,2025-04-12,2025-05-18,2025-05-19,Completed,810.3
PO0001198,SUP0092,2026-01-06,2026-01-17,2026-01-22,Completed,10863.33
PO0001199,SUP0033,2025-06-17,2025-07-02,2025-07-04,Completed,18792.54
PO0001200,SUP0031,2025-03-01,2025-03-25,2025-04-07,Delayed,2795.31
PO0001201,SUP0058,2025-06-30,2025-07-29,,In Progress,68.6
PO0001202,SUP0071,2025-07-03,2025-07-16,2025-07-16,Completed,29258.83
PO0001203,SUP0074,2025-02-01,2025-02-24,2025-02-25,Completed,17242.77
PO0001204,SUP0071,2025-06-21,2025-07-22,,Cancelled,45565.68
PO0001205,SUP0019,2026-03-07,2026-03-13,2026-04-01,Delayed,40679.66
PO0001206,SUP0093,2026-04-12,2026-05-02,,In Progress,9589.35
PO0001207,SUP0014,2025-02-04,2025-03-05,2025-02-28,Completed,7645.66
PO0001208,SUP0093,2025-08-20,2025-09-05,2025-09-06,Completed,13988.32
PO0001209,SUP0072,2025-02-11,2025-03-13,2025-03-13,Completed,12101.4
PO0001210,SUP0021,2025-02-06,2025-03-03,2025-03-04,Completed,12990.43
PO0001211,SUP0091,2025-08-23,2025-09-16,,In Progress,56166.52
PO0001212,SUP0036,2026-01-28,2026-02-22,2026-02-23,Completed,23626.8
PO0001213,SUP0082,2026-01-19,2026-02-09,2026-02-24,Delayed,5994.99
PO0001214,SUP0084,2026-01-12,2026-02-08,2026-02-13,Completed,4296.49
PO0001215,SUP0016,2025-04-22,2025-04-27,2025-04-30,Completed,255535.41
PO0001216,SUP0036,2025-10-13,2025-10-20,2025-10-16,Completed,44870.76
PO0001217,SUP0054,2025-04-03,2025-05-14,2025-05-12,Completed,4210.4
PO0001218,SUP0085,2025-01-16,2025-02-11,2025-02-23,Delayed,5907.18
PO0001219,SUP0065,2025-11-19,2025-12-18,2025-12-20,Completed,5810.7
PO0001220,SUP0099,2025-05-03,2025-05-13,2025-05-13,Completed,90184.54
PO0001221,SUP0051,2025-01-02,2025-01-20,2025-01-26,Delayed,22933.54
PO0001222,SUP0025,2025-02-05,2025-03-06,2025-03-21,Delayed,5416.5
PO0001223,SUP0064,2026-03-29,2026-04-24,2026-04-29,Completed,8874.56
PO0001224,SUP0052,2025-09-16,2025-10-05,2025-10-25,Delayed,6056.4
PO0001225,SUP0084,2025-05-27,2025-06-23,2025-06-21,Completed,11456.61
PO0001226,SUP0051,2025-04-04,2025-05-03,2025-05-07,Completed,15676.07
PO0001227,SUP0022,2025-05-25,2025-06-15,2025-06-10,Completed,35414.52
PO0001228,SUP0016,2025-10-02,2025-10-29,2025-11-12,Delayed,114282.48
PO0001229,SUP0099,2026-01-03,2026-01-08,2026-01-13,Delayed,53700.44
PO0001230,SUP0018,2025-03-25,2025-04-21,2025-04-20,Completed,131417.01
PO0001231,SUP0013,2025-12-25,2026-01-21,2026-02-01,Delayed,6093.22
PO0001232,SUP0058,2025-07-02,2025-08-05,2025-08-02,Completed,4901.28
PO0001233,SUP0056,2025-11-02,2025-11-09,2025-11-09,Completed,97077.29
PO0001234,SUP0094,2026-03-27,2026-05-09,2026-05-05,Completed,85503.91
PO0001235,SUP0082,2026-02-09,2026-02-20,,In Progress,18554.56
PO0001236,SUP0003,2025-03-19,2025-04-08,2025-04-05,Completed,6712.39
PO0001237,SUP0022,2025-01-22,2025-02-17,2025-02-17,Completed,2601.41
PO0001238,SUP0083,2025-02-01,2025-02-13,2025-02-20,Completed,3213.09
PO0001239,SUP0024,2025-09-10,2025-09-24,2025-09-24,Completed,1554.58
PO0001240,SUP0036,2026-03-04,2026-03-29,2026-03-31,Completed,20929.2
PO0001241,SUP0058,2026-03-10,2026-03-28,2026-03-26,Completed,6880.68
PO0001242,SUP0011,2025-04-03,2025-04-26,2025-05-01,Completed,36165.25
PO0001243,SUP0069,2026-04-07,2026-04-30,2026-05-03,Completed,10702.04
PO0001244,SUP0038,2025-07-13,2025-07-28,2025-07-29,Completed,5207.7
PO0001245,SUP0065,2025-10-08,2025-11-04,2025-11-05,Completed,35347.01
PO0001246,SUP0052,2025-02-03,2025-03-22,2025-03-24,Completed,745.47
PO0001247,SUP0062,2025-12-20,2026-01-10,2026-01-24,Delayed,349631.7
PO0001248,SUP0014,2026-03-04,2026-03-14,2026-03-17,Completed,36142.68
PO0001249,SUP0068,2025-03-09,2025-04-12,,In Progress,29328.9
PO0001250,SUP0099,2025-06-12,2025-07-01,2025-06-26,Completed,174594.17
PO0001251,SUP0091,2025-06-17,2025-07-22,2025-08-08,Delayed,28469.72
PO0001252,SUP0087,2026-03-26,2026-04-19,2026-05-02,Delayed,8855.9
PO0001253,SUP0069,2026-05-23,2026-06-20,2026-06-16,Completed,888.12
PO0001254,SUP0068,2025-03-22,2025-04-17,2025-04-17,Completed,12727.46
PO0001255,SUP0043,2026-04-09,2026-05-09,2026-05-06,Completed,20035.15
PO0001256,SUP0049,2025-08-22,2025-09-29,2025-09-26,Completed,20516.51
PO0001257,SUP0022,2025-03-17,2025-04-13,2025-04-11,Completed,11401.74
PO0001258,SUP0056,2025-08-12,2025-08-31,2025-08-27,Completed,11258.57
PO0001259,SUP0098,2026-01-26,2026-02-23,2026-02-24,Completed,10320.86
PO0001260,SUP0040,2025-05-26,2025-06-20,2025-06-23,Completed,2784.25
PO0001261,SUP0089,2025-10-17,2025-11-16,,Cancelled,6090.0
PO0001262,SUP0057,2025-11-22,2025-12-15,2025-12-19,Completed,5441.8
PO0001263,SUP0071,2025-12-22,2026-01-15,,In Progress,15871.31
PO0001264,SUP0072,2025-04-21,2025-05-24,2025-05-23,Completed,22172.56
PO0001265,SUP0086,2025-10-21,2025-11-12,2025-11-17,Completed,16628.48
PO0001266,SUP0077,2025-12-12,2025-12-27,,In Progress,36516.22
PO0001267,SUP0026,2025-09-04,2025-09-23,2025-09-18,Completed,40998.32
PO0001268,SUP0071,2025-02-03,2025-02-19,,In Progress,2716.56
PO0001269,SUP0007,2026-03-17,2026-04-01,2026-04-18,Delayed,22948.23
PO0001270,SUP0032,2026-04-15,2026-05-01,2026-05-11,Delayed,8808.28
PO0001271,SUP0010,2025-04-09,2025-05-02,2025-04-30,Completed,540.72
PO0001272,SUP0050,2026-04-01,2026-05-05,2026-05-13,Completed,5518.49
PO0001273,SUP0056,2026-03-13,2026-03-30,2026-04-02,Completed,10459.78
PO0001274,SUP0051,2025-01-30,2025-02-25,2025-02-23,Completed,70930.7
PO0001275,SUP0083,2025-11-29,2025-12-21,2025-12-29,Delayed,4567.26
PO0001276,SUP0063,2025-08-16,2025-09-02,2025-08-31,Completed,6951.79
PO0001277,SUP0054,2025-12-28,2026-02-11,2026-02-15,Delayed,85459.53
PO0001278,SUP0024,2025-02-02,2025-03-05,,In Progress,153926.43
PO0001279,SUP0091,2026-05-08,2026-05-21,2026-05-19,Completed,17219.99
PO0001280,SUP0099,2026-02-19,2026-03-19,2026-03-15,Completed,78051.12
PO0001281,SUP0090,2025-01-31,2025-02-20,2025-02-20,Completed,17183.25
PO0001282,SUP0065,2025-12-25,2026-01-28,2026-02-11,Delayed,23125.95
PO0001283,SUP0040,2025-03-12,2025-04-08,2025-04-21,Delayed,86152.0
PO0001284,SUP0087,2026-02-15,2026-03-31,2026-03-26,Completed,15050.53
PO0001285,SUP0069,2025-02-13,2025-02-24,2025-02-24,Completed,15614.83
PO0001286,SUP0031,2025-01-24,2025-02-18,2025-02-15,Completed,33802.2
PO0001287,SUP0092,2025-03-06,2025-03-20,2025-03-28,Delayed,23187.4
PO0001288,SUP0075,2026-05-24,2026-06-24,,In Progress,5711.34
PO0001289,SUP0008,2025-04-16,2025-05-14,,In Progress,2590.38
PO0001290,SUP0083,2025-12-25,2026-01-27,2026-02-06,Delayed,14105.05
PO0001291,SUP0028,2025-01-26,2025-03-05,2025-03-13,Delayed,60750.87
PO0001292,SUP0011,2025-08-12,2025-09-03,2025-08-31,Completed,3355.08
PO0001293,SUP0033,2025-08-11,2025-09-07,,In Progress,3166.29
PO0001294,SUP0030,2025-05-15,2025-06-18,2025-06-19,Completed,41264.36
PO0001295,SUP0024,2025-12-08,2025-12-16,,Cancelled,173726.38
PO0001296,SUP0006,2026-03-07,2026-03-28,2026-03-26,Completed,12301.31
PO0001297,SUP0040,2025-03-16,2025-04-03,,Pending Approval,15516.9
PO0001298,SUP0021,2026-01-01,2026-01-10,2026-01-11,Completed,4612.82
PO0001299,SUP0079,2026-03-06,2026-04-11,2026-04-11,Completed,21475.76
PO0001300,SUP0079,2025-09-23,2025-10-08,2025-10-12,Completed,4884.12
PO0001301,SUP0024,2025-04-28,2025-05-15,2025-05-15,Completed,91204.05
PO0001302,SUP0022,2025-02-03,2025-03-07,,Cancelled,6204.24
PO0001303,SUP0040,2026-05-17,2026-06-11,2026-06-10,Completed,6178.41
PO0001304,SUP0002,2025-08-05,2025-08-29,2025-08-29,Completed,474999.61
PO0001305,SUP0031,2025-09-24,2025-10-14,,In Progress,92057.28
PO0001306,SUP0050,2025-02-07,2025-03-14,2025-03-14,Completed,49605.46
PO0001307,SUP0006,2025-03-22,2025-04-10,2025-04-10,Completed,1173.51
PO0001308,SUP0009,2025-10-28,2025-12-02,,In Progress,522.06
PO0001309,SUP0094,2025-11-28,2025-12-16,2025-12-17,Completed,7418.54
PO0001310,SUP0052,2025-02-10,2025-03-13,2025-03-12,Completed,7830.26
PO0001311,SUP0002,2025-05-09,2025-05-28,2025-05-26,Completed,256.65
PO0001312,SUP0088,2026-01-03,2026-01-25,2026-01-29,Delayed,46287.78
PO0001313,SUP0055,2025-08-13,2025-09-07,2025-09-11,Completed,30581.8
PO0001314,SUP0061,2025-12-14,2026-01-07,2026-01-17,Delayed,10871.72
PO0001315,SUP0009,2025-09-17,2025-10-21,2025-10-22,Completed,7786.22
PO0001316,SUP0082,2026-04-11,2026-05-01,,In Progress,25616.94
PO0001317,SUP0084,2025-05-26,2025-06-28,2025-06-27,Completed,15199.61
PO0001318,SUP0041,2026-01-19,2026-02-14,2026-02-14,Completed,3888.94
PO0001319,SUP0099,2025-01-21,2025-02-15,,In Progress,11046.13
PO0001320,SUP0014,2025-02-27,2025-03-20,2025-03-25,Completed,18130.98
PO0001321,SUP0025,2025-01-24,2025-02-24,2025-02-27,Completed,4998.18
PO0001322,SUP0067,2026-02-23,2026-03-09,2026-03-28,Delayed,107684.99
PO0001323,SUP0052,2025-02-09,2025-03-12,2025-03-12,Completed,4066.19
PO0001324,SUP0099,2025-10-29,2025-11-30,,Pending Approval,35545.2
PO0001325,SUP0008,2025-04-25,2025-06-13,,Cancelled,4653.0
PO0001326,SUP0039,2025-07-22,2025-08-17,,Cancelled,400466.42
PO0001327,SUP0006,2025-07-29,2025-08-23,2025-08-18,Completed,7968.86
PO0001328,SUP0057,2025-06-13,2025-07-20,2025-08-08,Delayed,355.3
PO0001329,SUP0088,2025-02-10,2025-02-21,2025-02-16,Completed,4670.46
PO0001330,SUP0023,2025-10-25,2025-11-25,2025-12-10,Delayed,8381.16
PO0001331,SUP0025,2025-11-22,2025-12-04,2025-12-07,Completed,5324.28
PO0001332,SUP0099,2025-12-31,2026-01-15,2026-01-15,Completed,17281.16
PO0001333,SUP0010,2025-03-20,2025-04-27,2025-04-27,Completed,56.68
PO0001334,SUP0064,2025-09-09,2025-09-24,,In Progress,8157.12
PO0001335,SUP0064,2026-02-06,2026-03-10,2026-03-07,Completed,559.44
PO0001336,SUP0004,2025-10-31,2025-12-06,2025-12-11,Completed,14118.11
PO0001337,SUP0062,2025-05-17,2025-06-11,2025-06-09,Completed,21930.82
PO0001338,SUP0054,2026-02-27,2026-03-24,2026-03-20,Completed,69275.96
PO0001339,SUP0069,2026-01-26,2026-03-01,2026-02-26,Completed,6230.84
PO0001340,SUP0065,2025-06-13,2025-07-04,2025-07-07,Completed,7158.39
PO0001341,SUP0042,2026-01-11,2026-01-28,2026-02-01,Completed,6808.68
PO0001342,SUP0015,2025-09-08,2025-09-27,2025-09-27,Completed,8523.35
PO0001343,SUP0088,2026-04-01,2026-04-15,,In Progress,2832.62
PO0001344,SUP0034,2025-12-29,2026-02-02,2026-02-04,Completed,1752.36
PO0001345,SUP0044,2025-06-13,2025-07-04,2025-07-04,Completed,15652.15
PO0001346,SUP0018,2026-05-21,2026-06-27,2026-06-28,Completed,21054.43
PO0001347,SUP0059,2025-01-31,2025-02-28,,In Progress,15897.27
PO0001348,SUP0009,2025-11-24,2025-12-26,2025-12-27,Completed,45590.27
PO0001349,SUP0079,2025-08-24,2025-09-19,2025-09-19,Completed,4773.89
PO0001350,SUP0041,2025-07-18,2025-07-24,,Cancelled,8457.9
PO0001351,SUP0029,2025-06-30,2025-07-18,2025-07-13,Completed,12317.76
PO0001352,SUP0001,2025-09-08,2025-10-10,2025-10-23,Delayed,20002.09
PO0001353,SUP0012,2025-10-14,2025-11-02,2025-11-06,Completed,1425.62
PO0001354,SUP0009,2025-07-07,2025-07-13,,In Progress,14317.94
PO0001355,SUP0033,2025-12-30,2026-01-16,2026-01-15,Completed,4243.05
PO0001356,SUP0002,2025-01-29,2025-03-03,2025-03-09,Delayed,670.74
PO0001357,SUP0005,2025-09-20,2025-10-18,2025-10-30,Delayed,10576.4
PO0001358,SUP0008,2025-01-25,2025-03-04,,Pending Approval,98489.3
PO0001359,SUP0021,2025-10-26,2025-11-28,2025-12-12,Delayed,4745.36
PO0001360,SUP0097,2025-05-17,2025-05-28,2025-06-05,Completed,19192.61
PO0001361,SUP0003,2026-04-28,2026-06-07,,Cancelled,4355.4
PO0001362,SUP0026,2026-04-05,2026-05-07,2026-05-25,Delayed,17665.44
PO0001363,SUP0029,2026-04-25,2026-05-18,2026-05-15,Completed,38555.46
PO0001364,SUP0053,2025-12-21,2025-12-26,2025-12-21,Completed,8699.7
PO0001365,SUP0020,2025-12-14,2025-12-19,2025-12-20,Completed,39551.76
PO0001366,SUP0032,2026-02-07,2026-03-19,2026-03-21,Completed,29052.68
PO0001367,SUP0070,2026-01-10,2026-02-03,2026-02-09,Delayed,1160.32
PO0001368,SUP0004,2025-02-14,2025-03-07,,In Progress,2894.97
PO0001369,SUP0032,2025-10-02,2025-11-08,2025-11-08,Completed,17358.32
PO0001370,SUP0093,2025-09-15,2025-10-19,2025-10-19,Completed,598.57
PO0001371,SUP0009,2025-03-20,2025-04-19,2025-05-01,Delayed,4955.16
PO0001372,SUP0031,2025-04-25,2025-05-06,2025-05-08,Completed,22028.66
PO0001373,SUP0071,2025-11-16,2025-12-18,2026-01-05,Delayed,77938.45
PO0001374,SUP0032,2025-02-04,2025-03-01,2025-03-05,Delayed,90587.67
PO0001375,SUP0057,2026-02-04,2026-03-08,2026-03-06,Completed,14178.0
PO0001376,SUP0095,2025-06-25,2025-07-19,2025-07-27,Delayed,2351.79
PO0001377,SUP0041,2026-03-24,2026-04-21,2026-04-27,Completed,26420.76
PO0001378,SUP0046,2025-02-04,2025-02-26,2025-02-27,Completed,10901.94
PO0001379,SUP0043,2025-08-21,2025-09-15,2025-09-10,Completed,37768.2
PO0001380,SUP0079,2025-12-06,2026-01-03,,In Progress,17334.79
PO0001381,SUP0055,2025-10-30,2025-11-23,,Cancelled,58179.85
PO0001382,SUP0020,2026-03-31,2026-04-29,2026-04-29,Completed,17686.81
PO0001383,SUP0091,2025-10-09,2025-11-10,2025-11-05,Completed,43058.12
PO0001384,SUP0080,2025-09-25,2025-10-05,,In Progress,10754.25
PO0001385,SUP0029,2025-02-05,2025-02-19,2025-02-18,Completed,9945.27
PO0001386,SUP0006,2025-09-21,2025-10-15,,In Progress,932.58
PO0001387,SUP0058,2025-04-07,2025-05-21,,In Progress,53885.58
PO0001388,SUP0067,2026-02-02,2026-02-28,2026-02-23,Completed,45506.37
PO0001389,SUP0050,2025-09-29,2025-10-19,2025-10-21,Completed,11929.14
PO0001390,SUP0008,2025-11-07,2025-12-03,2025-12-01,Completed,394.62
PO0001391,SUP0072,2026-04-30,2026-05-23,2026-05-24,Completed,33148.67
PO0001392,SUP0019,2025-04-01,2025-04-25,2025-05-01,Completed,52.96
PO0001393,SUP0019,2025-03-30,2025-04-30,2025-04-30,Completed,11308.41
PO0001394,SUP0045,2025-05-10,2025-06-16,,In Progress,21485.52
PO0001395,SUP0018,2025-01-11,2025-02-22,2025-02-23,Completed,12478.03
PO0001396,SUP0087,2026-01-13,2026-02-06,2026-02-04,Completed,10136.8
PO0001397,SUP0037,2025-08-07,2025-09-03,2025-09-03,Completed,22674.6
PO0001398,SUP0018,2025-01-29,2025-03-01,2025-02-25,Completed,73112.79
PO0001399,SUP0091,2026-01-11,2026-01-29,2026-01-27,Completed,9328.0
PO0001400,SUP0001,2025-10-15,2025-11-07,2025-11-27,Delayed,1989.06
PO0001401,SUP0047,2025-10-01,2025-10-11,2025-10-28,Delayed,1182.94
PO0001402,SUP0048,2026-05-01,2026-05-30,2026-05-29,Completed,2573.12
PO0001403,SUP0059,2025-08-17,2025-09-15,2025-09-10,Completed,1688.96
PO0001404,SUP0038,2025-11-03,2025-11-18,2025-11-23,Completed,2137.28
PO0001405,SUP0007,2025-06-08,2025-06-30,,In Progress,4412.6
PO0001406,SUP0062,2025-04-13,2025-05-27,2025-05-31,Delayed,43692.18
PO0001407,SUP0002,2025-08-21,2025-09-02,2025-09-02,Completed,18635.15
PO0001408,SUP0078,2025-06-11,2025-06-25,2025-06-25,Completed,14788.38
PO0001409,SUP0044,2025-07-20,2025-07-25,2025-08-06,Delayed,1364.44
PO0001410,SUP0095,2025-05-01,2025-06-03,,In Progress,50383.23
PO0001411,SUP0083,2025-10-11,2025-11-11,2025-11-16,Completed,6498.98
PO0001412,SUP0017,2026-02-27,2026-03-29,2026-03-30,Completed,4237.38
PO0001413,SUP0050,2026-03-05,2026-03-23,2026-03-19,Completed,2464.33
PO0001414,SUP0048,2025-04-08,2025-04-13,2025-04-19,Completed,7493.04
PO0001415,SUP0089,2025-07-18,2025-07-31,2025-08-03,Delayed,4390.85
PO0001416,SUP0002,2025-01-14,2025-02-04,2025-02-01,Completed,21356.9
PO0001417,SUP0065,2026-03-06,2026-04-09,,Cancelled,27140.56
PO0001418,SUP0062,2026-04-23,2026-05-17,2026-05-15,Completed,109473.09
PO0001419,SUP0025,2025-12-21,2026-01-23,,In Progress,14291.55
PO0001420,SUP0024,2026-04-03,2026-04-26,2026-05-03,Delayed,5809.72
PO0001421,SUP0086,2025-10-06,2025-11-08,2025-11-22,Delayed,35258.27
PO0001422,SUP0023,2025-05-01,2025-05-31,,Cancelled,16182.12
PO0001423,SUP0080,2025-07-09,2025-07-30,,In Progress,2169.39
PO0001424,SUP0034,2026-02-15,2026-03-07,2026-03-07,Completed,7465.56
PO0001425,SUP0059,2025-10-15,2025-10-31,2025-10-31,Completed,4939.07
PO0001426,SUP0100,2026-05-06,2026-05-22,,In Progress,27376.84
PO0001427,SUP0007,2025-08-09,2025-09-05,2025-09-05,Completed,29587.95
PO0001428,SUP0098,2026-01-17,2026-02-04,2026-01-31,Completed,15277.44
PO0001429,SUP0091,2025-01-15,2025-02-15,2025-02-14,Completed,15311.12
PO0001430,SUP0089,2025-03-07,2025-03-20,2025-03-20,Completed,629.1
PO0001431,SUP0042,2025-02-18,2025-03-17,2025-04-04,Delayed,12581.84
PO0001432,SUP0002,2025-10-20,2025-11-08,,In Progress,6009.88
PO0001433,SUP0025,2026-02-14,2026-03-24,,Pending Approval,5658.66
PO0001434,SUP0070,2025-11-18,2025-12-14,,In Progress,10108.48
PO0001435,SUP0033,2025-11-23,2025-12-23,2025-12-22,Completed,9876.11
PO0001436,SUP0052,2026-03-29,2026-04-27,,Cancelled,8690.34
PO0001437,SUP0096,2026-02-22,2026-03-31,2026-04-06,Delayed,35772.63
PO0001438,SUP0059,2025-06-23,2025-06-28,2025-07-13,Delayed,3883.88
PO0001439,SUP0038,2025-07-24,2025-09-05,2025-09-02,Completed,2160.75
PO0001440,SUP0056,2025-11-20,2026-01-04,2026-01-05,Completed,21857.29
PO0001441,SUP0054,2025-08-27,2025-09-10,2025-09-27,Delayed,19599.6
PO0001442,SUP0010,2025-11-22,2025-12-08,2025-12-14,Completed,4417.28
PO0001443,SUP0061,2025-03-25,2025-04-04,,In Progress,1742.94
PO0001444,SUP0054,2025-09-22,2025-10-10,2025-10-07,Completed,4488.64
PO0001445,SUP0093,2026-01-01,2026-01-30,2026-01-29,Completed,164484.81
PO0001446,SUP0009,2026-01-25,2026-03-06,2026-03-06,Completed,5689.31
PO0001447,SUP0017,2025-07-22,2025-08-22,2025-08-25,Completed,8352.27
PO0001448,SUP0011,2025-10-14,2025-11-03,2025-11-09,Completed,17960.81
PO0001449,SUP0004,2025-01-22,2025-02-18,2025-02-23,Completed,2334.09
PO0001450,SUP0076,2026-02-24,2026-03-18,2026-04-03,Delayed,5314.37
PO0001451,SUP0022,2025-06-14,2025-07-19,,In Progress,59116.5
PO0001452,SUP0029,2025-01-04,2025-01-24,2025-01-24,Completed,13600.14
PO0001453,SUP0083,2025-06-30,2025-07-11,,Pending Approval,2376.4
PO0001454,SUP0074,2026-01-05,2026-01-24,2026-01-22,Completed,8753.36
PO0001455,SUP0066,2026-02-09,2026-03-02,2026-03-02,Completed,15000.76
PO0001456,SUP0067,2025-07-17,2025-08-18,2025-08-18,Completed,304199.8
PO0001457,SUP0047,2025-09-20,2025-10-17,,In Progress,8519.7
PO0001458,SUP0009,2025-02-06,2025-03-05,2025-03-13,Delayed,38897.52
PO0001459,SUP0082,2025-05-04,2025-05-29,,Cancelled,4429.9
PO0001460,SUP0070,2025-05-01,2025-05-30,2025-05-27,Completed,34464.96
PO0001461,SUP0083,2026-01-19,2026-02-16,2026-02-11,Completed,14929.19
PO0001462,SUP0085,2025-04-08,2025-05-08,2025-05-08,Completed,16548.11
PO0001463,SUP0088,2025-07-08,2025-08-16,,Cancelled,4490.42
PO0001464,SUP0002,2025-05-21,2025-06-02,,Cancelled,15755.12
PO0001465,SUP0048,2025-01-11,2025-01-19,2025-01-22,Completed,3070.0
PO0001466,SUP0074,2025-01-08,2025-02-08,2025-02-08,Completed,9695.28
PO0001467,SUP0099,2025-03-30,2025-05-05,2025-05-08,Completed,31486.58
PO0001468,SUP0048,2026-05-22,2026-06-06,2026-06-05,Completed,5983.48
PO0001469,SUP0020,2025-12-26,2026-01-23,2026-02-05,Delayed,26324.72
PO0001470,SUP0076,2025-07-16,2025-08-08,2025-08-06,Completed,8341.3
PO0001471,SUP0009,2025-12-15,2026-01-19,2026-01-18,Completed,8283.06
PO0001472,SUP0018,2026-02-25,2026-03-28,,In Progress,2568.24
PO0001473,SUP0076,2025-12-06,2025-12-27,2025-12-25,Completed,7585.76
PO0001474,SUP0044,2025-10-28,2025-11-30,2025-12-01,Completed,3252.5
PO0001475,SUP0068,2025-03-10,2025-03-26,,Pending Approval,11261.2
PO0001476,SUP0088,2025-01-10,2025-02-12,2025-02-16,Completed,3932.42
PO0001477,SUP0007,2025-03-05,2025-03-19,2025-03-17,Completed,31206.3
PO0001478,SUP0030,2025-09-30,2025-11-18,2025-11-15,Completed,4209.8
PO0001479,SUP0005,2025-02-03,2025-02-28,2025-02-23,Completed,1850.46
PO0001480,SUP0009,2025-07-15,2025-08-09,2025-08-08,Completed,93253.98
PO0001481,SUP0057,2025-03-11,2025-04-01,2025-04-01,Completed,5426.82
PO0001482,SUP0078,2025-03-25,2025-04-25,2025-04-20,Completed,27521.58
PO0001483,SUP0008,2026-05-07,2026-05-17,2026-05-24,Delayed,10680.18
PO0001484,SUP0064,2025-03-05,2025-03-29,2025-03-24,Completed,2140.39
PO0001485,SUP0082,2025-04-19,2025-05-11,,In Progress,36614.05
PO0001486,SUP0076,2025-10-13,2025-10-23,2025-10-25,Completed,9941.22
PO0001487,SUP0076,2025-10-22,2025-11-01,2025-11-05,Delayed,7630.14
PO0001488,SUP0061,2026-05-01,2026-06-06,2026-06-06,Completed,5203.04
PO0001489,SUP0022,2025-03-31,2025-05-04,2025-05-11,Completed,830.16
PO0001490,SUP0023,2025-02-17,2025-04-02,2025-04-09,Delayed,16585.5
PO0001491,SUP0013,2026-01-30,2026-02-27,2026-03-07,Completed,60845.97
PO0001492,SUP0076,2025-09-11,2025-10-08,2025-10-07,Completed,3276.91
PO0001493,SUP0033,2025-12-02,2025-12-26,2026-01-02,Delayed,15584.58
PO0001494,SUP0012,2025-03-17,2025-04-20,2025-04-17,Completed,52645.77
PO0001495,SUP0010,2025-01-11,2025-01-25,2025-01-21,Completed,108757.18
PO0001496,SUP0084,2025-11-15,2025-12-16,2025-12-23,Delayed,197.56
PO0001497,SUP0068,2025-03-25,2025-04-17,2025-04-19,Completed,67012.93
PO0001498,SUP0077,2025-05-24,2025-06-02,2025-06-01,Completed,198464.83
PO0001499,SUP0098,2026-04-03,2026-04-28,,Cancelled,12417.13
PO0001500,SUP0052,2026-04-03,2026-04-17,2026-04-18,Completed,10977.5
PO0001501,SUP0030,2026-04-26,2026-05-12,2026-05-15,Completed,1721.97
PO0001502,SUP0026,2026-01-30,2026-03-05,2026-03-06,Completed,13856.66
PO0001503,SUP0064,2026-05-19,2026-06-17,,Pending Approval,1266.44
PO0001504,SUP0092,2025-09-30,2025-10-11,,In Progress,23208.95
PO0001505,SUP0090,2025-07-24,2025-08-18,,In Progress,21762.9
PO0001506,SUP0085,2025-05-22,2025-07-05,2025-06-30,Completed,15377.73
PO0001507,SUP0052,2026-05-11,2026-06-12,2026-06-12,Completed,7094.82
PO0001508,SUP0095,2025-07-26,2025-08-21,2025-08-24,Completed,94032.94
PO0001509,SUP0052,2025-08-29,2025-10-02,2025-10-04,Completed,8239.3
PO0001510,SUP0028,2025-10-18,2025-11-22,2025-11-26,Completed,4647.3
PO0001511,SUP0076,2025-10-28,2025-11-26,2025-11-27,Completed,1176.7
PO0001512,SUP0079,2025-12-21,2026-01-06,,In Progress,4724.43
PO0001513,SUP0028,2025-10-06,2025-11-10,2025-11-11,Completed,8233.0
PO0001514,SUP0099,2025-09-18,2025-10-22,2025-10-22,Completed,4665.6
PO0001515,SUP0012,2025-11-23,2025-12-29,2025-12-24,Completed,42271.0
PO0001516,SUP0004,2026-05-08,2026-06-02,2026-06-08,Completed,2077.65
PO0001517,SUP0042,2025-01-27,2025-02-12,2025-02-07,Completed,2764.03
PO0001518,SUP0091,2025-04-02,2025-05-11,2025-05-10,Completed,30938.28
PO0001519,SUP0030,2026-01-28,2026-03-02,2026-03-08,Completed,518.85
PO0001520,SUP0039,2025-07-13,2025-08-20,,In Progress,25666.97
PO0001521,SUP0044,2025-11-10,2025-12-02,2025-12-08,Completed,1202.9
PO0001522,SUP0055,2026-05-02,2026-05-25,2026-06-01,Completed,12975.54
PO0001523,SUP0077,2025-04-04,2025-05-25,2025-06-11,Delayed,6732.18
PO0001524,SUP0082,2025-12-30,2026-01-07,2026-01-12,Completed,954.35
PO0001525,SUP0089,2026-04-21,2026-05-09,2026-05-05,Completed,11485.28
PO0001526,SUP0045,2025-09-16,2025-10-23,2025-10-27,Completed,746.1
PO0001527,SUP0013,2025-06-07,2025-06-12,2025-06-09,Completed,43817.75
PO0001528,SUP0003,2025-06-03,2025-06-21,,In Progress,8984.48
PO0001529,SUP0063,2025-01-31,2025-02-17,2025-02-17,Completed,29269.53
PO0001530,SUP0065,2026-02-26,2026-03-17,2026-03-28,Delayed,41960.97
PO0001531,SUP0071,2025-02-28,2025-04-04,2025-04-05,Completed,31941.68
PO0001532,SUP0014,2026-03-17,2026-04-14,,In Progress,18911.95
PO0001533,SUP0003,2025-07-17,2025-08-23,2025-09-05,Delayed,5993.8
PO0001534,SUP0085,2026-03-09,2026-04-17,2026-04-14,Completed,5501.43
PO0001535,SUP0001,2025-12-07,2025-12-18,2025-12-18,Completed,2374.47
PO0001536,SUP0055,2025-09-12,2025-10-21,2025-10-16,Completed,10648.8
PO0001537,SUP0085,2025-09-04,2025-09-25,,Pending Approval,33471.91
PO0001538,SUP0025,2025-08-27,2025-09-20,2025-09-22,Completed,14573.27
PO0001539,SUP0039,2025-04-03,2025-05-04,2025-05-09,Completed,5880.31
PO0001540,SUP0044,2025-10-09,2025-10-20,2025-11-08,Delayed,170.88
PO0001541,SUP0050,2025-05-23,2025-06-21,2025-06-24,Completed,15105.48
PO0001542,SUP0051,2025-06-01,2025-06-24,2025-06-24,Completed,46700.03
PO0001543,SUP0023,2025-08-28,2025-09-26,,In Progress,100231.7
PO0001544,SUP0051,2025-02-15,2025-03-05,,Cancelled,11108.97
PO0001545,SUP0031,2025-06-20,2025-07-04,2025-07-09,Delayed,41255.34
PO0001546,SUP0049,2025-07-30,2025-08-28,2025-08-25,Completed,31544.27
PO0001547,SUP0075,2025-01-25,2025-02-22,2025-02-22,Completed,44688.45
PO0001548,SUP0009,2025-07-04,2025-08-05,,In Progress,6631.84
PO0001549,SUP0017,2025-01-11,2025-02-04,2025-02-01,Completed,5220.0
PO0001550,SUP0075,2025-05-04,2025-06-14,2025-06-14,Completed,12558.9
PO0001551,SUP0076,2025-06-20,2025-07-25,2025-07-25,Completed,11578.83
PO0001552,SUP0002,2025-04-13,2025-05-15,,In Progress,63101.1
PO0001553,SUP0051,2025-04-07,2025-04-21,2025-05-07,Delayed,18868.05
PO0001554,SUP0039,2025-10-08,2025-10-31,2025-10-29,Completed,25843.59
PO0001555,SUP0018,2025-01-06,2025-01-15,2025-01-10,Completed,459.68
PO0001556,SUP0060,2025-08-27,2025-10-07,2025-10-13,Delayed,20102.5
PO0001557,SUP0080,2026-04-17,2026-04-30,2026-04-30,Completed,8324.25
PO0001558,SUP0093,2025-07-06,2025-08-12,2025-08-15,Completed,4206.84
PO0001559,SUP0099,2025-07-21,2025-08-15,,In Progress,95800.1
PO0001560,SUP0040,2025-10-28,2025-11-21,2025-11-26,Completed,1197.33
PO0001561,SUP0074,2025-09-03,2025-09-25,2025-09-24,Completed,8899.24
PO0001562,SUP0046,2026-03-20,2026-04-18,2026-04-17,Completed,46351.16
PO0001563,SUP0013,2025-07-16,2025-08-20,2025-08-15,Completed,88036.36
PO0001564,SUP0089,2026-04-05,2026-04-22,2026-04-28,Completed,25399.07
PO0001565,SUP0022,2026-01-07,2026-01-28,,Pending Approval,20376.56
PO0001566,SUP0095,2025-09-12,2025-10-13,2025-10-13,Completed,25794.35
PO0001567,SUP0023,2025-04-27,2025-05-25,2025-05-22,Completed,26613.5
PO0001568,SUP0049,2025-02-26,2025-03-26,2025-03-29,Completed,2936.2
PO0001569,SUP0007,2025-05-25,2025-07-02,2025-07-03,Completed,26687.73
PO0001570,SUP0097,2025-03-27,2025-04-24,2025-04-22,Completed,6572.25
PO0001571,SUP0024,2025-12-16,2026-01-14,,In Progress,46207.4
PO0001572,SUP0098,2025-03-27,2025-04-01,2025-04-03,Completed,26254.89
PO0001573,SUP0095,2025-09-09,2025-10-11,,Pending Approval,79542.8
PO0001574,SUP0079,2025-01-11,2025-02-17,2025-02-23,Delayed,17894.37
PO0001575,SUP0082,2025-09-23,2025-10-06,2025-10-04,Completed,7248.91
PO0001576,SUP0051,2025-10-19,2025-10-31,2025-11-07,Completed,21820.64
PO0001577,SUP0086,2025-03-09,2025-03-28,2025-04-06,Delayed,47361.36
PO0001578,SUP0030,2025-06-25,2025-07-27,,Cancelled,8655.73
PO0001579,SUP0046,2025-10-14,2025-11-08,2025-11-07,Completed,2742.0
PO0001580,SUP0006,2025-07-14,2025-08-27,2025-09-05,Delayed,12677.2
PO0001581,SUP0026,2025-07-12,2025-08-15,,Cancelled,8474.66
PO0001582,SUP0086,2025-05-28,2025-06-27,,In Progress,9498.02
PO0001583,SUP0043,2026-03-13,2026-04-09,2026-04-11,Completed,10910.12
PO0001584,SUP0025,2026-03-19,2026-04-16,2026-04-18,Completed,6384.77
PO0001585,SUP0042,2025-07-21,2025-08-08,2025-08-05,Completed,45951.49
PO0001586,SUP0093,2026-04-15,2026-04-20,2026-04-15,Completed,860.17
PO0001587,SUP0084,2026-04-27,2026-05-15,2026-05-18,Completed,735.66
PO0001588,SUP0051,2025-01-15,2025-02-20,2025-02-23,Completed,42360.12
PO0001589,SUP0046,2025-03-21,2025-04-23,2025-05-11,Delayed,22703.8
PO0001590,SUP0034,2025-04-18,2025-05-08,,In Progress,4718.06
PO0001591,SUP0007,2025-09-04,2025-09-27,2025-10-14,Delayed,41001.8
PO0001592,SUP0047,2025-10-24,2025-11-08,2025-11-12,Completed,3461.12
PO0001593,SUP0076,2026-02-23,2026-03-17,2026-03-17,Completed,48083.74
PO0001594,SUP0042,2025-02-23,2025-03-22,2025-03-28,Completed,11918.33
PO0001595,SUP0027,2025-03-18,2025-04-14,2025-04-18,Completed,18552.23
PO0001596,SUP0055,2025-11-17,2025-12-19,2025-12-31,Delayed,16457.6
PO0001597,SUP0058,2025-11-07,2025-11-21,,Cancelled,25950.2
PO0001598,SUP0037,2025-12-30,2026-01-15,,In Progress,40744.95
PO0001599,SUP0095,2025-11-01,2025-12-01,2025-12-05,Delayed,23751.16
PO0001600,SUP0076,2026-02-15,2026-03-02,,In Progress,8177.6
PO0001601,SUP0079,2025-07-09,2025-07-24,,Cancelled,17751.96
PO0001602,SUP0097,2025-12-10,2026-01-15,2026-01-15,Completed,12611.71
PO0001603,SUP0098,2025-06-01,2025-06-19,2025-06-16,Completed,46558.44
PO0001604,SUP0084,2026-01-16,2026-02-02,,In Progress,52.86
PO0001605,SUP0040,2026-03-18,2026-04-01,2026-04-04,Completed,3427.84
PO0001606,SUP0002,2026-05-25,2026-06-11,2026-06-09,Completed,5320.41
PO0001607,SUP0035,2026-05-19,2026-05-27,2026-05-27,Completed,5768.29
PO0001608,SUP0088,2025-07-12,2025-08-24,2025-08-23,Completed,60206.69
PO0001609,SUP0010,2026-05-06,2026-05-29,2026-06-18,Delayed,24634.7
PO0001610,SUP0060,2026-04-17,2026-04-25,2026-04-27,Completed,9773.28
PO0001611,SUP0032,2025-10-23,2025-12-04,2025-12-13,Completed,24567.15
PO0001612,SUP0098,2025-10-14,2025-11-10,,Pending Approval,18641.75
PO0001613,SUP0063,2026-01-18,2026-02-20,2026-02-28,Completed,5166.6
PO0001614,SUP0046,2025-10-08,2025-11-07,2025-11-19,Completed,2136.22
PO0001615,SUP0035,2026-04-12,2026-05-02,2026-05-01,Completed,234.42
PO0001616,SUP0026,2025-02-10,2025-03-19,,In Progress,10099.36
PO0001617,SUP0078,2025-09-23,2025-09-28,2025-09-26,Completed,12826.61
PO0001618,SUP0010,2025-04-28,2025-06-04,,In Progress,25862.65
PO0001619,SUP0012,2025-10-30,2025-11-24,2025-12-02,Completed,2788.11
PO0001620,SUP0018,2025-05-20,2025-05-25,2025-05-20,Completed,13757.23
PO0001621,SUP0004,2025-12-15,2025-12-20,2025-12-21,Completed,288.0
PO0001622,SUP0035,2026-02-14,2026-03-08,2026-03-08,Completed,1301.99
PO0001623,SUP0048,2025-01-18,2025-02-13,,In Progress,14752.43
PO0001624,SUP0097,2025-04-14,2025-05-15,2025-05-20,Delayed,42876.23
PO0001625,SUP0014,2026-02-25,2026-03-05,2026-03-10,Completed,2529.67
PO0001626,SUP0100,2026-01-04,2026-01-22,2026-02-06,Delayed,15201.87
PO0001627,SUP0085,2025-05-23,2025-06-26,,Cancelled,8511.96
PO0001628,SUP0038,2025-05-22,2025-06-11,2025-06-13,Completed,6982.65
PO0001629,SUP0045,2025-05-21,2025-06-16,,In Progress,55977.19
PO0001630,SUP0015,2025-02-23,2025-03-14,2025-03-11,Completed,19291.19
PO0001631,SUP0031,2026-02-09,2026-03-16,2026-03-17,Completed,15259.84
PO0001632,SUP0012,2026-02-06,2026-03-13,2026-03-13,Completed,1594.98
PO0001633,SUP0065,2025-11-26,2025-12-01,2025-12-08,Completed,189170.92
PO0001634,SUP0036,2026-05-08,2026-06-07,2026-06-12,Delayed,190719.72
PO0001635,SUP0055,2025-08-30,2025-09-27,2025-09-30,Delayed,45434.3
PO0001636,SUP0096,2025-10-25,2025-11-20,2025-11-18,Completed,693.65
PO0001637,SUP0034,2025-08-23,2025-09-08,2025-09-08,Completed,16042.28
PO0001638,SUP0020,2026-02-28,2026-04-20,2026-04-15,Completed,271.76
PO0001639,SUP0094,2025-04-12,2025-05-11,2025-05-12,Completed,10856.4
PO0001640,SUP0016,2026-02-18,2026-03-17,2026-03-14,Completed,290111.04
PO0001641,SUP0079,2025-10-11,2025-11-12,,Cancelled,4014.9
PO0001642,SUP0054,2026-03-12,2026-03-17,,In Progress,5497.28
PO0001643,SUP0066,2026-01-27,2026-02-13,2026-02-10,Completed,14765.92
PO0001644,SUP0082,2025-04-16,2025-04-28,,Cancelled,2940.66
PO0001645,SUP0021,2025-12-27,2026-02-09,,In Progress,10626.78
PO0001646,SUP0009,2026-03-21,2026-04-25,,In Progress,9273.66
PO0001647,SUP0061,2025-11-26,2026-01-02,,In Progress,9425.96
PO0001648,SUP0049,2025-08-30,2025-10-02,2025-10-06,Delayed,8749.52
PO0001649,SUP0051,2025-01-28,2025-02-08,2025-02-10,Completed,8628.54
PO0001650,SUP0100,2026-04-02,2026-04-26,,In Progress,65343.78
PO0001651,SUP0079,2026-03-27,2026-05-05,2026-05-05,Completed,943.04
PO0001652,SUP0066,2026-03-28,2026-04-17,,In Progress,93055.6
PO0001653,SUP0026,2025-11-27,2025-12-17,,Cancelled,6628.18
PO0001654,SUP0083,2025-06-07,2025-07-03,2025-07-03,Completed,3990.72
PO0001655,SUP0030,2025-11-23,2025-12-30,2026-01-01,Completed,58481.23
PO0001656,SUP0061,2025-03-14,2025-04-21,,In Progress,6220.48
PO0001657,SUP0022,2025-12-08,2026-01-16,2026-01-19,Completed,50853.82
PO0001658,SUP0054,2025-11-22,2025-12-23,2025-12-23,Completed,32850.23
PO0001659,SUP0038,2025-06-17,2025-07-08,2025-07-08,Completed,26119.11
PO0001660,SUP0012,2025-02-04,2025-03-07,2025-03-04,Completed,42353.7
PO0001661,SUP0038,2025-01-12,2025-02-16,,In Progress,14910.62
PO0001662,SUP0033,2026-03-07,2026-03-12,2026-03-12,Completed,5598.82
PO0001663,SUP0039,2025-01-17,2025-02-17,2025-02-12,Completed,23730.1
PO0001664,SUP0071,2025-11-24,2025-12-20,,In Progress,1920.39
PO0001665,SUP0022,2025-12-23,2026-01-26,,Pending Approval,2384.34
PO0001666,SUP0072,2025-06-14,2025-06-24,2025-06-20,Completed,75670.7
PO0001667,SUP0010,2026-02-26,2026-03-24,2026-03-22,Completed,967.2
PO0001668,SUP0057,2025-05-03,2025-05-23,2025-05-26,Completed,17574.09
PO0001669,SUP0028,2026-03-24,2026-04-18,2026-04-22,Completed,52308.06
PO0001670,SUP0082,2025-11-05,2025-12-05,2025-12-05,Completed,24036.8
PO0001671,SUP0014,2025-02-21,2025-04-07,2025-04-04,Completed,5278.04
PO0001672,SUP0048,2025-06-05,2025-07-04,2025-06-29,Completed,7542.47
PO0001673,SUP0003,2026-02-19,2026-03-25,,Cancelled,12088.82
PO0001674,SUP0056,2025-10-23,2025-11-11,2025-11-16,Completed,14418.8
PO0001675,SUP0083,2025-09-28,2025-10-04,2025-10-05,Completed,8044.76
PO0001676,SUP0053,2025-12-05,2025-12-29,,Cancelled,57209.76
PO0001677,SUP0093,2025-05-08,2025-05-31,,In Progress,9816.35
PO0001678,SUP0062,2025-12-07,2026-01-09,2026-01-09,Completed,110274.47
PO0001679,SUP0055,2025-05-13,2025-05-28,2025-05-28,Completed,62338.5
PO0001680,SUP0011,2026-05-11,2026-05-28,2026-06-01,Delayed,24239.52
PO0001681,SUP0028,2025-04-29,2025-05-16,2025-05-26,Delayed,38271.75
PO0001682,SUP0077,2025-12-05,2025-12-23,2025-12-23,Completed,555228.6
PO0001683,SUP0068,2026-01-04,2026-01-18,2026-01-18,Completed,24016.34
PO0001684,SUP0077,2026-05-28,2026-06-02,2026-06-02,Completed,91118.62
PO0001685,SUP0021,2025-11-17,2025-12-22,2026-01-09,Delayed,7109.57
PO0001686,SUP0074,2025-11-25,2026-01-08,2026-01-07,Completed,49721.15
PO0001687,SUP0075,2026-01-28,2026-02-03,2026-02-03,Completed,24701.71
PO0001688,SUP0057,2026-02-04,2026-03-05,2026-03-01,Completed,8284.98
PO0001689,SUP0069,2025-05-28,2025-06-03,2025-06-09,Completed,8768.18
PO0001690,SUP0079,2025-11-28,2025-12-24,2025-12-25,Completed,22731.1
PO0001691,SUP0027,2025-06-19,2025-07-19,2025-07-19,Completed,127584.46
PO0001692,SUP0011,2026-04-19,2026-05-23,2026-05-26,Completed,30454.65
PO0001693,SUP0036,2025-06-12,2025-07-04,2025-06-29,Completed,8807.57
PO0001694,SUP0065,2026-05-02,2026-05-20,,In Progress,3672.24
PO0001695,SUP0092,2025-04-20,2025-06-13,,In Progress,3610.08
PO0001696,SUP0046,2026-04-06,2026-04-22,2026-05-07,Delayed,19431.75
PO0001697,SUP0055,2025-10-15,2025-11-24,,In Progress,55671.48
PO0001698,SUP0008,2025-03-14,2025-04-11,2025-05-01,Delayed,2741.04
PO0001699,SUP0079,2025-01-23,2025-02-16,2025-03-07,Delayed,3769.92
PO0001700,SUP0008,2025-02-06,2025-02-28,2025-02-26,Completed,4844.97
PO0001701,SUP0014,2026-05-03,2026-05-12,2026-05-12,Completed,15658.06
PO0001702,SUP0085,2025-01-27,2025-02-24,2025-02-19,Completed,4594.2
PO0001703,SUP0039,2026-02-23,2026-03-29,2026-04-08,Delayed,44610.16
PO0001704,SUP0067,2025-07-16,2025-08-10,2025-08-13,Completed,9362.64
PO0001705,SUP0087,2025-07-10,2025-07-23,2025-07-24,Completed,24335.28
PO0001706,SUP0100,2025-11-13,2025-12-08,2025-12-22,Delayed,12195.54
PO0001707,SUP0003,2025-10-14,2025-10-30,2025-11-03,Completed,2874.15
PO0001708,SUP0055,2025-09-20,2025-10-07,,In Progress,26011.85
PO0001709,SUP0054,2025-06-27,2025-07-13,2025-07-19,Delayed,22006.94
PO0001710,SUP0087,2026-02-13,2026-03-09,,In Progress,4629.6
PO0001711,SUP0028,2026-02-09,2026-03-13,2026-03-20,Delayed,40501.82
PO0001712,SUP0012,2026-03-12,2026-04-19,2026-05-04,Delayed,3252.6
PO0001713,SUP0045,2025-09-17,2025-10-21,,In Progress,1395.2
PO0001714,SUP0090,2025-05-23,2025-06-17,2025-06-20,Completed,40089.99
PO0001715,SUP0018,2026-01-04,2026-01-21,2026-01-29,Completed,25381.67
PO0001716,SUP0008,2025-01-30,2025-03-11,2025-03-26,Delayed,13174.8
PO0001717,SUP0036,2025-11-03,2025-11-25,2025-11-25,Completed,14600.7
PO0001718,SUP0048,2025-02-12,2025-02-24,,Cancelled,33442.09
PO0001719,SUP0082,2026-03-22,2026-04-14,2026-04-14,Completed,10891.88
PO0001720,SUP0099,2026-05-10,2026-05-19,2026-05-25,Completed,95120.18
PO0001721,SUP0086,2026-03-12,2026-03-30,2026-03-31,Completed,7507.87
PO0001722,SUP0049,2025-12-16,2026-01-09,2026-01-20,Delayed,3403.74
PO0001723,SUP0084,2025-05-22,2025-06-23,2025-06-23,Completed,13877.4
PO0001724,SUP0054,2025-12-07,2026-01-17,,In Progress,2640.05
PO0001725,SUP0032,2025-09-03,2025-09-28,2025-09-23,Completed,85857.65
PO0001726,SUP0053,2026-04-20,2026-05-02,2026-04-28,Completed,12630.87
PO0001727,SUP0016,2025-12-28,2026-01-10,2026-01-10,Completed,32272.22
PO0001728,SUP0055,2025-04-19,2025-04-30,,In Progress,5172.29
PO0001729,SUP0035,2025-11-21,2025-12-26,,In Progress,14504.64
PO0001730,SUP0026,2025-06-10,2025-06-26,,In Progress,21249.54
PO0001731,SUP0045,2025-01-24,2025-02-20,2025-02-18,Completed,43268.58
PO0001732,SUP0086,2026-01-26,2026-02-07,,Pending Approval,34490.9
PO0001733,SUP0014,2025-03-07,2025-03-12,2025-03-10,Completed,128137.32
PO0001734,SUP0070,2025-07-29,2025-08-22,2025-08-20,Completed,18100.81
PO0001735,SUP0083,2025-10-29,2025-12-01,,In Progress,23890.35
PO0001736,SUP0059,2025-01-21,2025-02-18,2025-02-19,Completed,7782.78
PO0001737,SUP0070,2026-03-25,2026-04-25,2026-04-26,Completed,31628.29
PO0001738,SUP0030,2025-12-15,2026-01-27,2026-01-28,Completed,3472.8
PO0001739,SUP0090,2025-10-02,2025-11-08,,In Progress,2872.53
PO0001740,SUP0016,2026-03-25,2026-04-19,2026-04-27,Completed,37472.9
PO0001741,SUP0077,2026-05-18,2026-06-20,2026-06-27,Delayed,206357.52
PO0001742,SUP0100,2025-03-28,2025-04-22,2025-04-29,Delayed,23213.22
PO0001743,SUP0039,2025-07-09,2025-08-28,2025-09-04,Delayed,3074.5
PO0001744,SUP0041,2025-09-30,2025-10-21,2025-11-07,Delayed,4795.56
PO0001745,SUP0065,2025-05-23,2025-06-24,,Cancelled,56494.22
PO0001746,SUP0090,2026-05-14,2026-05-29,2026-05-24,Completed,48337.28
PO0001747,SUP0019,2025-10-12,2025-11-10,2025-11-16,Delayed,10348.86
PO0001748,SUP0058,2025-01-24,2025-03-05,2025-03-02,Completed,3610.08
PO0001749,SUP0015,2025-09-24,2025-10-14,2025-11-03,Delayed,7590.0
PO0001750,SUP0089,2026-01-01,2026-01-06,2026-01-15,Delayed,9923.61
PO0001751,SUP0029,2026-03-30,2026-04-15,,Cancelled,26851.65
PO0001752,SUP0026,2026-02-26,2026-03-23,2026-03-24,Completed,17552.38
PO0001753,SUP0014,2025-10-29,2025-11-19,2025-11-28,Delayed,51108.64
PO0001754,SUP0100,2025-03-11,2025-04-08,2025-04-17,Completed,11660.76
PO0001755,SUP0010,2025-02-25,2025-03-26,2025-03-25,Completed,28646.14
PO0001756,SUP0084,2026-05-05,2026-05-22,2026-05-19,Completed,3038.71
PO0001757,SUP0086,2026-01-02,2026-01-31,,Pending Approval,8396.82
PO0001758,SUP0046,2025-01-01,2025-01-25,2025-01-22,Completed,3484.08
PO0001759,SUP0094,2025-12-18,2026-01-06,2026-01-04,Completed,12274.9
PO0001760,SUP0036,2026-03-01,2026-03-11,2026-03-11,Completed,6050.47
PO0001761,SUP0068,2026-01-01,2026-02-08,2026-02-06,Completed,51981.85
PO0001762,SUP0003,2026-03-29,2026-04-24,2026-05-03,Delayed,14856.93
PO0001763,SUP0088,2026-02-17,2026-03-19,2026-03-19,Completed,131054.8
PO0001764,SUP0076,2025-05-31,2025-06-19,2025-06-25,Completed,10164.16
PO0001765,SUP0030,2025-09-29,2025-10-08,,In Progress,8199.84
PO0001766,SUP0069,2025-10-24,2025-11-18,,In Progress,1579.08
PO0001767,SUP0053,2025-04-01,2025-04-20,2025-04-30,Completed,37489.66
PO0001768,SUP0095,2025-08-22,2025-09-11,2025-09-11,Completed,11025.86
PO0001769,SUP0028,2025-07-16,2025-08-04,2025-08-01,Completed,21851.65
PO0001770,SUP0062,2026-01-08,2026-02-08,2026-02-13,Completed,49799.44
PO0001771,SUP0064,2025-12-07,2026-01-21,2026-01-23,Completed,20992.22
PO0001772,SUP0031,2026-05-17,2026-05-22,2026-05-22,Completed,8800.86
PO0001773,SUP0008,2025-11-21,2025-12-17,2025-12-22,Completed,644.4
PO0001774,SUP0086,2025-02-18,2025-03-22,2025-03-17,Completed,52198.46
PO0001775,SUP0041,2025-10-23,2025-11-09,2025-11-07,Completed,535.52
PO0001776,SUP0049,2025-06-05,2025-06-26,2025-06-26,Completed,153062.74
PO0001777,SUP0085,2026-03-06,2026-03-26,2026-03-24,Completed,16577.06
PO0001778,SUP0084,2026-02-23,2026-04-08,2026-04-18,Completed,8496.85
PO0001779,SUP0096,2026-05-27,2026-06-09,,Pending Approval,12176.37
PO0001780,SUP0059,2025-06-20,2025-07-11,2025-07-11,Completed,1276.8
PO0001781,SUP0003,2026-03-02,2026-03-08,,Cancelled,9578.28
PO0001782,SUP0038,2025-03-22,2025-04-02,,Cancelled,4266.53
PO0001783,SUP0095,2025-11-23,2025-12-12,2025-12-31,Delayed,25291.37
PO0001784,SUP0012,2026-04-20,2026-05-14,2026-05-09,Completed,25761.12
PO0001785,SUP0100,2026-03-07,2026-03-31,2026-04-16,Delayed,219302.65
PO0001786,SUP0095,2026-05-22,2026-06-13,,Cancelled,6319.18
PO0001787,SUP0001,2025-10-31,2025-11-24,,Pending Approval,7924.07
PO0001788,SUP0024,2026-04-28,2026-06-02,2026-06-04,Completed,4764.08
PO0001789,SUP0073,2025-01-25,2025-02-28,,Cancelled,2166.58
PO0001790,SUP0007,2025-11-24,2025-12-20,,Cancelled,16190.44
PO0001791,SUP0094,2026-03-21,2026-04-17,2026-04-21,Completed,23904.64
PO0001792,SUP0008,2025-11-21,2025-12-18,2025-12-19,Completed,5417.36
PO0001793,SUP0073,2025-01-28,2025-03-18,,Pending Approval,19542.84
PO0001794,SUP0084,2025-04-27,2025-05-12,2025-05-08,Completed,11256.36
PO0001795,SUP0031,2026-04-06,2026-04-28,2026-05-03,Delayed,47727.48
PO0001796,SUP0032,2025-01-19,2025-02-23,2025-02-18,Completed,20457.47
PO0001797,SUP0053,2026-04-14,2026-05-18,,In Progress,8286.72
PO0001798,SUP0059,2025-10-18,2025-11-15,2025-11-15,Completed,3243.67
PO0001799,SUP0013,2025-07-14,2025-07-26,,In Progress,78236.3
PO0001800,SUP0092,2025-10-24,2025-11-21,2025-11-21,Completed,33475.04
PO0001801,SUP0077,2025-10-21,2025-11-09,,In Progress,28536.2
PO0001802,SUP0008,2026-02-19,2026-03-28,2026-03-29,Completed,4646.18
PO0001803,SUP0061,2025-11-23,2025-12-12,2025-12-10,Completed,4716.79
PO0001804,SUP0072,2026-05-17,2026-06-13,,Cancelled,21084.56
PO0001805,SUP0062,2025-04-22,2025-05-18,2025-06-02,Delayed,75047.97
PO0001806,SUP0021,2026-01-15,2026-02-03,2026-01-31,Completed,57133.98
PO0001807,SUP0030,2026-04-05,2026-05-06,,In Progress,49273.95
PO0001808,SUP0065,2025-10-04,2025-10-28,2025-10-23,Completed,12967.34
PO0001809,SUP0070,2026-01-11,2026-01-25,2026-01-27,Completed,18957.88
PO0001810,SUP0077,2026-05-06,2026-06-06,2026-06-21,Delayed,55899.12
PO0001811,SUP0015,2025-06-25,2025-07-24,2025-07-24,Completed,55275.77
PO0001812,SUP0025,2025-08-13,2025-09-24,,Cancelled,4821.06
PO0001813,SUP0050,2025-10-24,2025-11-27,2025-11-27,Completed,47485.06
PO0001814,SUP0086,2025-07-16,2025-08-24,2025-08-24,Completed,32605.86
PO0001815,SUP0003,2025-12-05,2026-01-19,2026-01-15,Completed,4763.32
PO0001816,SUP0032,2025-08-15,2025-09-19,2025-09-18,Completed,4495.65
PO0001817,SUP0044,2026-05-29,2026-06-19,2026-06-30,Delayed,3527.81
PO0001818,SUP0089,2025-02-26,2025-03-18,2025-03-20,Completed,23909.32
PO0001819,SUP0031,2025-04-16,2025-05-19,2025-05-19,Completed,23861.3
PO0001820,SUP0012,2025-06-26,2025-07-06,2025-07-07,Completed,27509.05
PO0001821,SUP0001,2025-01-26,2025-01-31,,Cancelled,13055.28
PO0001822,SUP0097,2025-06-21,2025-07-08,,In Progress,2180.28
PO0001823,SUP0024,2025-07-10,2025-08-14,2025-08-14,Completed,135805.6
PO0001824,SUP0037,2025-04-23,2025-05-11,,In Progress,17939.4
PO0001825,SUP0028,2025-02-28,2025-04-05,2025-03-31,Completed,55442.37
PO0001826,SUP0035,2025-10-15,2025-10-24,,In Progress,9814.24
PO0001827,SUP0060,2025-03-10,2025-04-07,2025-04-17,Delayed,30125.77
PO0001828,SUP0063,2025-05-20,2025-06-25,,In Progress,8075.64
PO0001829,SUP0077,2025-10-10,2025-11-04,2025-11-07,Completed,101491.92
PO0001830,SUP0060,2025-12-20,2026-01-08,2026-01-16,Completed,6385.11
PO0001831,SUP0005,2026-02-17,2026-03-25,2026-03-25,Completed,7953.2
PO0001832,SUP0024,2025-02-01,2025-03-11,2025-03-06,Completed,94746.48
PO0001833,SUP0016,2026-05-30,2026-06-22,2026-06-17,Completed,17823.79
PO0001834,SUP0052,2026-05-25,2026-06-08,2026-06-08,Completed,4992.58
PO0001835,SUP0039,2026-05-18,2026-06-13,2026-06-29,Delayed,8992.68
PO0001836,SUP0041,2026-01-27,2026-02-24,2026-02-25,Completed,15430.09
PO0001837,SUP0087,2026-04-10,2026-05-11,,In Progress,2758.0
PO0001838,SUP0064,2026-03-29,2026-04-14,2026-04-10,Completed,2716.65
PO0001839,SUP0044,2026-03-28,2026-04-18,2026-04-14,Completed,321.24
PO0001840,SUP0073,2026-04-05,2026-05-04,2026-05-09,Completed,9694.2
PO0001841,SUP0036,2025-12-29,2026-01-22,,Pending Approval,43653.57
PO0001842,SUP0079,2025-06-13,2025-06-26,2025-07-08,Delayed,1987.36
PO0001843,SUP0004,2026-04-20,2026-05-19,2026-05-24,Completed,8886.36
PO0001844,SUP0031,2025-06-29,2025-07-27,2025-07-28,Completed,35573.1
PO0001845,SUP0037,2025-08-22,2025-10-10,2025-10-10,Completed,17022.24
PO0001846,SUP0063,2026-01-04,2026-01-25,2026-01-28,Completed,13943.24
PO0001847,SUP0083,2025-08-04,2025-08-31,2025-09-01,Completed,4195.2
PO0001848,SUP0091,2025-09-23,2025-10-08,2025-10-13,Delayed,14455.3
PO0001849,SUP0023,2026-05-03,2026-05-29,2026-05-29,Completed,26969.31
PO0001850,SUP0056,2026-05-02,2026-05-24,2026-05-23,Completed,20317.96
PO0001851,SUP0081,2025-09-21,2025-10-28,2025-10-28,Completed,37277.6
PO0001852,SUP0039,2025-03-03,2025-03-21,,Pending Approval,18567.33
PO0001853,SUP0088,2025-07-01,2025-08-08,2025-08-06,Completed,1614.24
PO0001854,SUP0017,2025-09-12,2025-09-23,,In Progress,2173.96
PO0001855,SUP0022,2025-07-29,2025-09-10,2025-09-14,Completed,163723.77
PO0001856,SUP0045,2026-01-22,2026-02-22,2026-02-17,Completed,2233.0
PO0001857,SUP0044,2025-08-12,2025-09-09,2025-09-07,Completed,2604.0
PO0001858,SUP0061,2025-08-06,2025-08-27,2025-08-27,Completed,2897.08
PO0001859,SUP0066,2025-08-11,2025-09-03,,In Progress,6085.93
PO0001860,SUP0017,2025-10-21,2025-10-30,2025-10-29,Completed,4149.55
PO0001861,SUP0072,2026-04-18,2026-05-26,2026-05-26,Completed,4205.6
PO0001862,SUP0066,2025-10-17,2025-11-03,2025-11-22,Delayed,25608.54
PO0001863,SUP0007,2025-01-12,2025-01-19,2025-01-16,Completed,13216.71
PO0001864,SUP0018,2025-08-02,2025-09-03,2025-09-03,Completed,25799.75
PO0001865,SUP0037,2026-04-02,2026-04-26,,Pending Approval,60584.3
PO0001866,SUP0058,2025-04-29,2025-05-26,2025-05-21,Completed,2699.6
PO0001867,SUP0021,2026-05-30,2026-06-13,2026-06-15,Completed,23792.97
PO0001868,SUP0010,2025-07-23,2025-08-22,2025-09-02,Completed,34776.44
PO0001869,SUP0055,2026-05-20,2026-05-25,2026-05-22,Completed,30759.5
PO0001870,SUP0043,2026-02-02,2026-02-24,2026-02-24,Completed,4831.37
PO0001871,SUP0050,2026-01-12,2026-02-03,2026-02-19,Delayed,4526.72
PO0001872,SUP0053,2025-01-07,2025-01-12,2025-01-15,Completed,97372.9
PO0001873,SUP0070,2025-08-30,2025-09-23,,In Progress,29807.01
PO0001874,SUP0039,2025-07-30,2025-08-31,2025-08-26,Completed,17751.68
PO0001875,SUP0059,2025-09-02,2025-09-12,2025-09-14,Completed,3541.16
PO0001876,SUP0012,2026-01-20,2026-01-30,2026-02-19,Delayed,9577.25
PO0001877,SUP0076,2026-03-23,2026-05-01,,In Progress,18092.22
PO0001878,SUP0071,2025-10-06,2025-10-27,2025-10-23,Completed,64598.49
PO0001879,SUP0035,2025-08-29,2025-09-03,2025-09-07,Completed,10880.79
PO0001880,SUP0094,2026-04-27,2026-06-10,2026-06-14,Completed,16148.27
PO0001881,SUP0044,2026-02-02,2026-03-25,,Pending Approval,3776.44
PO0001882,SUP0008,2026-02-02,2026-02-10,,In Progress,19330.79
PO0001883,SUP0014,2026-05-06,2026-05-30,,In Progress,25394.16
PO0001884,SUP0092,2026-05-20,2026-06-17,2026-06-15,Completed,14598.51
PO0001885,SUP0072,2026-05-23,2026-06-02,2026-06-06,Completed,40184.48
PO0001886,SUP0093,2025-02-18,2025-03-25,,Cancelled,1912.65
PO0001887,SUP0061,2025-03-27,2025-05-13,2025-05-18,Completed,24670.24
PO0001888,SUP0042,2025-08-14,2025-09-07,2025-09-10,Completed,7336.3
PO0001889,SUP0076,2025-09-13,2025-10-23,2025-11-02,Delayed,2480.53
PO0001890,SUP0053,2026-02-27,2026-03-27,2026-03-24,Completed,1353.44
PO0001891,SUP0066,2025-11-28,2025-12-16,2025-12-14,Completed,1553.48
PO0001892,SUP0011,2025-06-29,2025-07-19,2025-07-14,Completed,4731.96
PO0001893,SUP0067,2025-09-11,2025-10-22,2025-11-06,Delayed,68963.62
PO0001894,SUP0031,2026-05-26,2026-06-08,2026-06-08,Completed,9415.26
PO0001895,SUP0064,2026-03-30,2026-05-13,,In Progress,3165.96
PO0001896,SUP0085,2025-03-25,2025-04-24,,In Progress,7635.72
PO0001897,SUP0061,2025-12-09,2025-12-31,2025-12-26,Completed,47633.02
PO0001898,SUP0086,2025-12-24,2026-01-12,2026-01-12,Completed,24147.71
PO0001899,SUP0045,2026-05-08,2026-05-26,,Cancelled,221348.33
PO0001900,SUP0005,2025-11-28,2025-12-25,2026-01-14,Delayed,23303.13
PO0001901,SUP0053,2025-07-28,2025-08-26,2025-09-04,Delayed,10458.01
PO0001902,SUP0067,2025-05-16,2025-05-24,2025-05-27,Delayed,36466.48
PO0001903,SUP0068,2025-08-17,2025-09-12,2025-09-19,Delayed,55251.45
PO0001904,SUP0019,2026-01-03,2026-02-13,2026-02-09,Completed,23383.38
PO0001905,SUP0016,2025-03-17,2025-04-15,2025-04-17,Completed,47852.98
PO0001906,SUP0048,2025-10-18,2025-11-05,2025-11-21,Delayed,59304.8
PO0001907,SUP0011,2025-03-13,2025-04-16,2025-04-22,Completed,20763.41
PO0001908,SUP0062,2025-06-23,2025-07-20,,In Progress,76600.92
PO0001909,SUP0096,2025-01-25,2025-02-15,2025-02-15,Completed,1795.95
PO0001910,SUP0099,2026-04-25,2026-06-09,2026-06-23,Delayed,2866.32
PO0001911,SUP0002,2026-01-20,2026-02-26,2026-03-02,Completed,851.7
PO0001912,SUP0094,2025-08-23,2025-09-20,2025-09-18,Completed,20687.99
PO0001913,SUP0043,2025-09-10,2025-10-13,,Cancelled,34285.53
PO0001914,SUP0021,2026-04-23,2026-05-11,,Cancelled,3503.22
PO0001915,SUP0088,2025-04-15,2025-05-11,2025-05-09,Completed,25848.8
PO0001916,SUP0054,2026-05-22,2026-06-13,2026-06-09,Completed,1951.12
PO0001917,SUP0015,2026-04-25,2026-05-15,2026-05-28,Delayed,5572.08
PO0001918,SUP0056,2025-08-30,2025-09-26,2025-10-01,Completed,8637.59
PO0001919,SUP0006,2025-05-09,2025-06-10,2025-06-07,Completed,2984.16
PO0001920,SUP0042,2025-09-02,2025-09-18,,Pending Approval,10868.56
PO0001921,SUP0059,2025-02-07,2025-03-21,2025-03-20,Completed,1800.75
PO0001922,SUP0087,2026-04-17,2026-05-14,2026-05-17,Completed,2711.12
PO0001923,SUP0025,2025-09-04,2025-10-03,2025-09-30,Completed,4406.36
PO0001924,SUP0065,2026-03-19,2026-04-12,2026-04-10,Completed,4559.98
PO0001925,SUP0096,2026-05-21,2026-06-01,2026-05-31,Completed,1515.6
PO0001926,SUP0096,2025-01-04,2025-02-05,2025-02-05,Completed,938.88
PO0001927,SUP0096,2025-09-08,2025-09-14,2025-09-14,Completed,3031.45
PO0001928,SUP0035,2025-06-21,2025-07-08,2025-07-14,Completed,10853.93
PO0001929,SUP0089,2025-09-26,2025-10-14,2025-10-15,Completed,2298.56
PO0001930,SUP0011,2025-03-09,2025-03-21,2025-03-29,Delayed,22958.37
PO0001931,SUP0017,2025-01-30,2025-03-02,,In Progress,11411.78
PO0001932,SUP0043,2025-07-02,2025-07-14,2025-07-16,Completed,1310.1
PO0001933,SUP0015,2025-12-17,2026-01-03,,Pending Approval,1485.55
PO0001934,SUP0023,2026-02-19,2026-03-27,2026-04-01,Delayed,13660.25
PO0001935,SUP0087,2025-09-17,2025-10-26,2025-10-26,Completed,3618.08
PO0001936,SUP0015,2026-05-18,2026-06-14,2026-06-17,Completed,13621.22
PO0001937,SUP0039,2025-07-15,2025-08-17,2025-08-24,Delayed,4964.04
PO0001938,SUP0026,2026-04-08,2026-05-03,2026-05-06,Completed,3603.42
PO0001939,SUP0043,2025-10-11,2025-11-14,,Pending Approval,3238.48
PO0001940,SUP0020,2025-11-09,2025-12-03,2025-11-28,Completed,3761.14
PO0001941,SUP0054,2026-02-26,2026-04-09,2026-04-07,Completed,100635.15
PO0001942,SUP0089,2026-05-03,2026-06-07,2026-06-22,Delayed,867.93
PO0001943,SUP0053,2026-02-21,2026-03-05,2026-03-01,Completed,22112.5
PO0001944,SUP0089,2025-01-16,2025-02-08,2025-02-06,Completed,2952.6
PO0001945,SUP0086,2026-05-27,2026-06-30,2026-06-30,Delayed,5327.49
PO0001946,SUP0096,2025-07-18,2025-08-03,2025-08-02,Completed,16464.38
PO0001947,SUP0063,2026-02-28,2026-03-13,2026-03-17,Completed,11842.27
PO0001948,SUP0088,2025-09-15,2025-10-13,2025-10-19,Completed,1402.47
PO0001949,SUP0011,2025-08-01,2025-08-25,,Pending Approval,19129.87
PO0001950,SUP0004,2026-03-29,2026-04-12,2026-04-13,Completed,836.34
PO0001951,SUP0039,2025-08-18,2025-09-08,2025-09-11,Completed,2011.44
PO0001952,SUP0085,2025-02-28,2025-03-05,2025-03-01,Completed,1878.7
PO0001953,SUP0093,2025-04-13,2025-05-04,2025-05-01,Completed,20181.42
PO0001954,SUP0094,2025-03-04,2025-04-07,2025-04-02,Completed,9614.66
PO0001955,SUP0071,2025-09-09,2025-10-05,2025-10-06,Completed,63344.23
PO0001956,SUP0020,2025-05-21,2025-06-23,2025-06-20,Completed,68376.01
PO0001957,SUP0003,2026-03-11,2026-04-20,2026-04-20,Completed,1911.9
PO0001958,SUP0067,2025-05-19,2025-06-21,,In Progress,133579.21
PO0001959,SUP0025,2025-09-27,2025-10-18,2025-10-26,Completed,3713.52
PO0001960,SUP0092,2025-07-07,2025-07-24,2025-07-20,Completed,4435.84
PO0001961,SUP0076,2025-12-06,2025-12-11,2025-12-13,Completed,1352.68
PO0001962,SUP0085,2025-03-05,2025-04-05,2025-04-02,Completed,1407.78
PO0001963,SUP0045,2026-04-09,2026-05-05,,Pending Approval,19475.76
PO0001964,SUP0019,2025-10-27,2025-12-02,2025-11-29,Completed,63048.84
PO0001965,SUP0062,2026-05-01,2026-05-17,2026-05-12,Completed,43482.23
PO0001966,SUP0045,2025-08-17,2025-08-29,,In Progress,26795.63
PO0001967,SUP0026,2025-05-10,2025-06-07,2025-06-10,Completed,13957.24
PO0001968,SUP0025,2026-02-08,2026-03-09,2026-03-06,Completed,5940.8
PO0001969,SUP0086,2025-06-02,2025-06-09,2025-06-07,Completed,13422.24
PO0001970,SUP0024,2026-01-01,2026-01-22,,Cancelled,23955.4
PO0001971,SUP0075,2025-06-06,2025-06-27,2025-06-30,Completed,20329.59
PO0001972,SUP0004,2025-09-17,2025-09-30,2025-09-27,Completed,15684.21
PO0001973,SUP0069,2025-07-11,2025-07-23,2025-07-18,Completed,13793.5
PO0001974,SUP0010,2025-06-13,2025-07-16,2025-07-13,Completed,48133.93
PO0001975,SUP0066,2025-03-14,2025-03-26,,Pending Approval,13701.85
PO0001976,SUP0058,2026-02-08,2026-02-25,2026-02-23,Completed,11061.14
PO0001977,SUP0002,2025-02-14,2025-03-17,2025-03-17,Completed,3776.22
PO0001978,SUP0024,2026-02-06,2026-03-14,2026-03-13,Completed,30388.22
PO0001979,SUP0089,2025-06-25,2025-07-22,,In Progress,21846.72
PO0001980,SUP0065,2025-05-26,2025-06-23,2025-06-18,Completed,55097.07
PO0001981,SUP0060,2025-06-29,2025-07-20,2025-08-06,Delayed,6407.04
PO0001982,SUP0084,2025-11-16,2025-12-23,2025-12-23,Completed,9434.89
PO0001983,SUP0007,2025-12-06,2026-01-03,2026-01-01,Completed,9254.0
PO0001984,SUP0056,2025-04-07,2025-05-11,2025-05-18,Completed,27714.33
PO0001985,SUP0073,2025-10-01,2025-10-18,2025-10-16,Completed,22203.72
PO0001986,SUP0071,2026-02-16,2026-03-08,2026-03-04,Completed,51817.43
PO0001987,SUP0066,2025-02-03,2025-02-25,2025-02-27,Completed,11764.05
PO0001988,SUP0019,2025-10-31,2025-11-05,2025-11-08,Completed,28474.23
PO0001989,SUP0005,2026-04-24,2026-05-19,,Cancelled,7057.32
PO0001990,SUP0013,2025-05-22,2025-06-23,2025-07-04,Delayed,49259.87
PO0001991,SUP0078,2025-02-04,2025-02-20,2025-03-04,Delayed,12138.44
PO0001992,SUP0024,2025-06-17,2025-07-17,2025-07-12,Completed,36331.76
PO0001993,SUP0049,2026-05-06,2026-06-19,2026-06-29,Completed,24310.06
PO0001994,SUP0045,2025-02-22,2025-03-05,2025-03-15,Delayed,1321.54
PO0001995,SUP0002,2026-01-03,2026-01-26,2026-02-05,Delayed,115700.16
PO0001996,SUP0005,2025-02-03,2025-02-09,,Pending Approval,8001.6
PO0001997,SUP0094,2025-02-09,2025-02-14,2025-02-19,Completed,2038.75
PO0001998,SUP0077,2025-11-26,2025-12-08,2025-12-08,Completed,157381.42
PO0001999,SUP0028,2025-07-17,2025-08-08,2025-08-03,Completed,17174.61
PO0002000,SUP0002,2025-07-12,2025-08-14,2025-08-26,Delayed,8081.08
PO0002001,SUP0053,2026-03-18,2026-04-19,2026-04-15,Completed,18446.56
PO0002002,SUP0036,2025-12-25,2026-01-25,,In Progress,5536.19
PO0002003,SUP0025,2025-12-28,2026-01-23,2026-02-02,Completed,9485.6
PO0002004,SUP0069,2025-11-28,2025-12-13,2025-12-19,Completed,9051.16
PO0002005,SUP0047,2025-02-15,2025-03-04,2025-02-27,Completed,83936.68
PO0002006,SUP0040,2026-05-03,2026-05-27,2026-05-29,Completed,65395.92
PO0002007,SUP0052,2025-07-01,2025-07-19,2025-07-17,Completed,1438.35
PO0002008,SUP0083,2025-02-04,2025-03-08,2025-03-10,Completed,5849.6
PO0002009,SUP0020,2026-01-16,2026-02-03,,Cancelled,5653.74
PO0002010,SUP0018,2026-04-26,2026-05-11,2026-05-25,Delayed,22473.62
PO0002011,SUP0078,2025-09-16,2025-10-11,,Pending Approval,9096.32
PO0002012,SUP0074,2025-05-21,2025-06-04,2025-06-06,Completed,10401.2
PO0002013,SUP0031,2025-04-14,2025-05-09,2025-05-08,Completed,3101.28
PO0002014,SUP0068,2026-04-22,2026-05-20,2026-05-15,Completed,195238.5
PO0002015,SUP0072,2025-07-02,2025-08-02,2025-07-28,Completed,13416.56
PO0002016,SUP0003,2025-10-25,2025-10-30,,Pending Approval,754.05
PO0002017,SUP0039,2025-07-01,2025-07-18,,In Progress,537.12
PO0002018,SUP0046,2025-11-24,2025-12-11,2025-12-07,Completed,1115.87
PO0002019,SUP0013,2025-06-18,2025-07-06,2025-07-05,Completed,69587.16
PO0002020,SUP0051,2025-12-31,2026-01-13,2026-01-14,Completed,16142.76
PO0002021,SUP0077,2026-05-12,2026-06-09,2026-06-25,Delayed,30792.86
PO0002022,SUP0010,2026-04-08,2026-04-25,,In Progress,2295.72
PO0002023,SUP0019,2025-07-30,2025-08-24,2025-08-23,Completed,47220.35
PO0002024,SUP0055,2025-12-27,2026-01-27,,Cancelled,22311.14
PO0002025,SUP0042,2026-03-16,2026-03-26,2026-03-28,Completed,18757.7
PO0002026,SUP0018,2026-01-28,2026-02-25,2026-02-23,Completed,6286.26
PO0002027,SUP0083,2025-07-07,2025-07-25,2025-08-02,Completed,7473.1
PO0002028,SUP0005,2025-07-04,2025-07-23,2025-07-27,Completed,67111.92
PO0002029,SUP0056,2025-05-15,2025-06-13,2025-06-14,Completed,23131.51
PO0002030,SUP0011,2025-05-03,2025-06-04,2025-06-05,Completed,9734.58
PO0002031,SUP0061,2025-04-29,2025-05-20,2025-05-19,Completed,48121.11
PO0002032,SUP0011,2026-01-12,2026-01-30,2026-01-26,Completed,25811.93
PO0002033,SUP0033,2025-04-26,2025-05-16,2025-05-17,Completed,5652.48
PO0002034,SUP0041,2025-05-08,2025-05-13,,Cancelled,7965.0
PO0002035,SUP0031,2025-10-29,2025-11-28,,In Progress,115474.38
PO0002036,SUP0052,2025-08-05,2025-09-18,2025-09-18,Completed,1647.72
PO0002037,SUP0041,2025-07-01,2025-07-11,2025-07-15,Completed,37756.64
PO0002038,SUP0058,2025-07-21,2025-08-31,2025-09-03,Completed,42491.7
PO0002039,SUP0021,2026-02-25,2026-03-17,2026-03-28,Delayed,22533.04
PO0002040,SUP0020,2025-05-24,2025-06-25,,In Progress,5604.88
PO0002041,SUP0061,2025-03-09,2025-04-18,2025-04-13,Completed,50216.71
PO0002042,SUP0082,2025-11-17,2025-12-22,2025-12-26,Completed,37286.14
PO0002043,SUP0036,2025-05-24,2025-06-18,2025-06-13,Completed,15668.56
PO0002044,SUP0045,2025-10-13,2025-11-14,2025-11-17,Completed,39764.24
PO0002045,SUP0004,2026-02-04,2026-02-15,2026-02-15,Completed,2884.68
PO0002046,SUP0052,2026-04-06,2026-04-22,2026-04-17,Completed,5298.02
PO0002047,SUP0042,2025-07-10,2025-08-21,2025-08-20,Completed,9660.31
PO0002048,SUP0037,2025-12-23,2026-02-09,2026-02-14,Completed,25881.32
PO0002049,SUP0039,2025-06-09,2025-06-23,,In Progress,23662.33
PO0002050,SUP0052,2025-04-12,2025-05-21,2025-05-28,Delayed,1273.02
PO0002051,SUP0036,2026-05-31,2026-06-08,,Cancelled,9731.38
PO0002052,SUP0021,2026-04-02,2026-04-19,2026-04-18,Completed,31493.75
PO0002053,SUP0080,2026-01-24,2026-02-13,,Cancelled,11059.76
PO0002054,SUP0016,2025-02-14,2025-03-13,2025-03-11,Completed,34643.63
PO0002055,SUP0076,2025-02-08,2025-02-22,2025-02-23,Completed,3057.48
PO0002056,SUP0077,2025-03-30,2025-04-30,2025-05-02,Completed,331809.05
PO0002057,SUP0051,2026-04-23,2026-05-26,2026-05-30,Delayed,904.2
PO0002058,SUP0003,2025-10-04,2025-11-13,2025-11-23,Delayed,13460.3
PO0002059,SUP0058,2025-11-26,2025-12-12,2025-12-11,Completed,51874.73
PO0002060,SUP0081,2025-09-30,2025-11-11,2025-11-12,Completed,13509.75
PO0002061,SUP0003,2025-02-02,2025-02-26,,Cancelled,2238.0
PO0002062,SUP0055,2025-09-22,2025-10-06,2025-10-01,Completed,63743.53
PO0002063,SUP0079,2026-01-13,2026-02-16,2026-02-19,Completed,3293.53
PO0002064,SUP0011,2025-01-07,2025-02-13,2025-02-14,Completed,111981.5
PO0002065,SUP0064,2026-04-09,2026-05-01,,In Progress,15211.08
PO0002066,SUP0042,2025-07-15,2025-08-05,,In Progress,1485.29
PO0002067,SUP0100,2026-04-13,2026-05-23,2026-05-20,Completed,9320.92
PO0002068,SUP0048,2025-06-22,2025-07-28,,In Progress,590.88
PO0002069,SUP0066,2025-01-23,2025-02-19,2025-03-01,Delayed,24180.0
PO0002070,SUP0023,2025-05-28,2025-07-01,,Cancelled,105284.84
PO0002071,SUP0075,2025-12-16,2025-12-29,2025-12-24,Completed,21147.47
PO0002072,SUP0096,2025-08-31,2025-09-19,,In Progress,1499.94
PO0002073,SUP0031,2025-08-27,2025-09-12,2025-09-19,Delayed,9645.12
PO0002074,SUP0093,2025-09-24,2025-10-18,2025-10-30,Delayed,5174.88
PO0002075,SUP0087,2026-05-03,2026-06-04,,In Progress,8362.54
PO0002076,SUP0094,2025-12-15,2026-01-22,2026-01-17,Completed,8570.95
PO0002077,SUP0035,2025-06-24,2025-07-06,2025-07-01,Completed,19211.88
PO0002078,SUP0062,2025-12-06,2025-12-27,2026-01-15,Delayed,59818.51
PO0002079,SUP0019,2025-01-17,2025-02-04,2025-02-03,Completed,696.36
PO0002080,SUP0094,2026-03-01,2026-03-28,2026-04-01,Completed,10110.49
PO0002081,SUP0022,2025-10-30,2025-11-26,,Pending Approval,58552.06
PO0002082,SUP0001,2026-04-12,2026-05-03,2026-05-07,Delayed,13072.05
PO0002083,SUP0093,2025-01-29,2025-02-13,2025-02-09,Completed,8728.4
PO0002084,SUP0030,2025-08-24,2025-09-21,2025-09-19,Completed,6641.12
PO0002085,SUP0021,2026-01-04,2026-01-19,2026-02-04,Delayed,8833.22
PO0002086,SUP0086,2025-02-03,2025-02-22,2025-03-14,Delayed,31129.83
PO0002087,SUP0006,2025-12-31,2026-01-20,,In Progress,971.52
PO0002088,SUP0007,2025-05-19,2025-06-12,2025-06-12,Completed,24070.8
PO0002089,SUP0089,2025-09-06,2025-10-02,2025-10-04,Completed,8558.82
PO0002090,SUP0086,2025-07-20,2025-08-06,2025-08-02,Completed,7758.96
PO0002091,SUP0067,2025-11-04,2025-11-20,,In Progress,12079.63
PO0002092,SUP0029,2025-02-02,2025-03-01,2025-02-27,Completed,2213.4
PO0002093,SUP0035,2025-05-16,2025-06-09,2025-06-09,Completed,23955.48
PO0002094,SUP0019,2025-03-30,2025-05-04,2025-05-12,Delayed,7463.01
PO0002095,SUP0016,2025-12-16,2025-12-21,2025-12-26,Completed,10148.58
PO0002096,SUP0057,2025-08-29,2025-09-16,,In Progress,19333.28
PO0002097,SUP0065,2026-01-05,2026-02-20,2026-03-08,Delayed,19226.16
PO0002098,SUP0005,2025-10-06,2025-10-24,2025-10-31,Delayed,2473.78
PO0002099,SUP0083,2025-09-14,2025-10-01,2025-09-30,Completed,11637.4
PO0002100,SUP0007,2025-06-04,2025-07-12,2025-07-10,Completed,14859.85
PO0002101,SUP0060,2026-01-29,2026-02-12,,Cancelled,4563.97
PO0002102,SUP0065,2026-03-23,2026-04-02,,In Progress,2485.95
PO0002103,SUP0036,2025-03-03,2025-04-08,2025-04-08,Completed,21021.42
PO0002104,SUP0083,2025-05-02,2025-05-30,2025-05-25,Completed,20096.22
PO0002105,SUP0014,2025-08-20,2025-09-04,2025-09-20,Delayed,95855.53
PO0002106,SUP0042,2025-02-25,2025-03-19,2025-03-18,Completed,41258.18
PO0002107,SUP0027,2026-02-21,2026-03-12,2026-03-12,Completed,6764.34
PO0002108,SUP0062,2025-11-28,2025-12-16,,In Progress,5256.9
PO0002109,SUP0001,2026-02-14,2026-03-14,2026-03-18,Completed,17340.0
PO0002110,SUP0027,2025-10-16,2025-11-14,2025-11-16,Completed,10470.08
PO0002111,SUP0096,2025-07-29,2025-08-03,2025-08-04,Completed,620.55
PO0002112,SUP0086,2025-08-12,2025-09-15,,Cancelled,17241.75
PO0002113,SUP0046,2026-03-29,2026-04-29,2026-05-04,Completed,7844.51
PO0002114,SUP0008,2025-01-08,2025-01-30,2025-02-03,Completed,11956.4
PO0002115,SUP0069,2025-03-25,2025-04-07,2025-04-12,Delayed,8415.2
PO0002116,SUP0094,2026-02-09,2026-03-02,2026-03-20,Delayed,1787.54
PO0002117,SUP0048,2025-01-21,2025-02-17,,In Progress,18019.94
PO0002118,SUP0023,2025-06-01,2025-06-16,2025-06-21,Delayed,53963.04
PO0002119,SUP0049,2025-06-28,2025-07-20,2025-07-23,Completed,17462.52
PO0002120,SUP0009,2026-02-16,2026-03-24,2026-03-24,Completed,3119.88
PO0002121,SUP0003,2026-02-16,2026-03-26,2026-03-23,Completed,2714.73
PO0002122,SUP0086,2025-11-14,2025-12-08,,In Progress,6706.32
PO0002123,SUP0020,2026-03-13,2026-04-24,2026-04-25,Completed,13239.7
PO0002124,SUP0057,2025-09-09,2025-10-11,2025-10-11,Completed,6398.79
PO0002125,SUP0032,2025-03-16,2025-04-13,2025-04-16,Completed,82056.07
PO0002126,SUP0030,2025-08-17,2025-09-18,2025-09-28,Delayed,11632.59
PO0002127,SUP0083,2025-03-26,2025-05-01,2025-04-29,Completed,9159.25
PO0002128,SUP0034,2026-01-15,2026-01-28,,In Progress,8091.49
PO0002129,SUP0055,2025-07-20,2025-08-04,2025-08-04,Completed,32125.65
PO0002130,SUP0073,2025-07-03,2025-07-13,2025-07-17,Delayed,5611.1
PO0002131,SUP0050,2025-06-02,2025-07-07,2025-07-15,Completed,20451.1
PO0002132,SUP0028,2025-03-08,2025-03-26,2025-03-26,Completed,39321.09
PO0002133,SUP0031,2025-07-07,2025-08-01,2025-08-01,Completed,5415.27
PO0002134,SUP0083,2026-02-06,2026-02-19,,In Progress,10892.09
PO0002135,SUP0091,2025-08-04,2025-09-14,2025-09-29,Delayed,47559.93
PO0002136,SUP0031,2025-10-18,2025-11-08,2025-11-09,Completed,46994.84
PO0002137,SUP0021,2025-05-13,2025-06-12,2025-06-12,Completed,5248.65
PO0002138,SUP0093,2026-05-15,2026-06-19,2026-06-18,Completed,17603.0
PO0002139,SUP0029,2026-04-22,2026-05-18,2026-05-18,Completed,9224.99
PO0002140,SUP0016,2025-09-13,2025-10-12,2025-10-22,Delayed,17813.89
PO0002141,SUP0022,2025-12-24,2026-02-04,,Cancelled,21063.61
PO0002142,SUP0057,2026-01-08,2026-01-23,2026-01-22,Completed,3885.42
PO0002143,SUP0048,2025-12-15,2026-01-01,2026-01-01,Completed,89248.1
PO0002144,SUP0093,2026-01-06,2026-01-23,2026-01-25,Completed,29403.62
PO0002145,SUP0001,2025-02-11,2025-03-23,2025-03-18,Completed,7888.99
PO0002146,SUP0019,2026-05-26,2026-06-30,2026-06-30,Completed,440.8
PO0002147,SUP0044,2025-06-15,2025-07-11,,In Progress,3503.51
PO0002148,SUP0046,2026-04-18,2026-04-29,2026-04-27,Completed,41782.0
PO0002149,SUP0088,2025-08-02,2025-08-16,2025-08-17,Completed,18969.4
PO0002150,SUP0052,2025-08-26,2025-09-18,,In Progress,16049.28
PO0002151,SUP0031,2025-11-15,2025-12-09,,In Progress,92381.52
PO0002152,SUP0058,2026-01-30,2026-03-06,2026-03-01,Completed,5063.69
PO0002153,SUP0042,2025-03-23,2025-04-15,2025-04-11,Completed,6073.14
PO0002154,SUP0055,2025-07-18,2025-07-25,2025-07-21,Completed,32056.69
PO0002155,SUP0052,2026-02-19,2026-03-19,2026-03-19,Completed,4173.33
PO0002156,SUP0058,2025-08-11,2025-09-11,2025-09-12,Completed,320727.84
PO0002157,SUP0088,2026-04-19,2026-05-10,2026-05-06,Completed,22687.32
PO0002158,SUP0035,2026-02-06,2026-02-26,2026-02-26,Completed,7936.5
PO0002159,SUP0045,2025-06-01,2025-06-28,2025-07-06,Delayed,9365.91
PO0002160,SUP0065,2025-06-22,2025-07-20,2025-07-20,Completed,30612.65
PO0002161,SUP0040,2025-08-17,2025-09-16,2025-09-13,Completed,83150.79
PO0002162,SUP0082,2025-05-29,2025-07-15,2025-07-18,Completed,49389.47
PO0002163,SUP0071,2025-07-08,2025-07-27,,In Progress,49267.93
PO0002164,SUP0077,2025-06-17,2025-07-07,2025-07-11,Completed,115197.5
PO0002165,SUP0038,2026-02-18,2026-03-23,2026-03-27,Completed,12362.88
PO0002166,SUP0010,2025-08-08,2025-09-04,2025-09-01,Completed,13239.5
PO0002167,SUP0061,2026-05-29,2026-06-09,,In Progress,16412.78
PO0002168,SUP0002,2025-09-04,2025-10-01,2025-10-06,Delayed,35894.11
PO0002169,SUP0048,2025-02-01,2025-03-12,2025-03-09,Completed,24054.73
PO0002170,SUP0013,2025-03-10,2025-03-30,2025-03-26,Completed,31067.05
PO0002171,SUP0098,2025-08-19,2025-09-18,,In Progress,12051.09
PO0002172,SUP0060,2025-03-02,2025-03-15,2025-03-12,Completed,10113.53
PO0002173,SUP0019,2025-07-05,2025-07-10,2025-07-05,Completed,502.29
PO0002174,SUP0090,2025-04-12,2025-05-04,2025-05-03,Completed,29697.85
PO0002175,SUP0085,2025-05-23,2025-06-15,2025-06-24,Delayed,6565.3
PO0002176,SUP0099,2026-05-30,2026-06-15,2026-06-22,Delayed,18910.59
PO0002177,SUP0087,2025-03-15,2025-04-08,2025-04-09,Completed,10100.59
PO0002178,SUP0013,2025-06-12,2025-07-08,2025-07-08,Completed,5370.0
PO0002179,SUP0013,2025-04-10,2025-05-01,2025-05-06,Completed,3251.12
PO0002180,SUP0025,2025-09-25,2025-11-04,2025-11-24,Delayed,2308.64
PO0002181,SUP0006,2025-05-09,2025-06-16,,In Progress,9467.54
PO0002182,SUP0074,2025-01-13,2025-01-31,2025-01-27,Completed,19375.23
PO0002183,SUP0010,2025-03-30,2025-04-30,2025-05-03,Completed,9595.11
PO0002184,SUP0057,2026-01-04,2026-02-10,2026-02-14,Completed,62837.46
PO0002185,SUP0030,2025-08-07,2025-08-17,,In Progress,6499.35
PO0002186,SUP0010,2025-09-10,2025-09-20,2025-09-28,Delayed,3258.78
PO0002187,SUP0077,2025-11-19,2025-12-06,,In Progress,92089.68
PO0002188,SUP0082,2025-05-21,2025-07-04,2025-07-04,Completed,22549.75
PO0002189,SUP0086,2025-01-29,2025-02-20,2025-02-20,Completed,11112.03
PO0002190,SUP0001,2025-08-31,2025-09-22,2025-09-25,Completed,3180.0
PO0002191,SUP0050,2025-08-26,2025-09-01,2025-09-02,Completed,36145.22
PO0002192,SUP0076,2026-02-07,2026-02-26,2026-03-02,Completed,4918.59
PO0002193,SUP0018,2025-01-19,2025-01-30,2025-01-26,Completed,3040.64
PO0002194,SUP0042,2026-01-19,2026-02-19,2026-02-20,Completed,51584.72
PO0002195,SUP0066,2025-10-09,2025-11-01,,In Progress,12988.14
PO0002196,SUP0053,2025-02-05,2025-03-18,2025-03-22,Completed,5478.55
PO0002197,SUP0041,2025-09-28,2025-10-31,2025-11-17,Delayed,4980.24
PO0002198,SUP0079,2025-09-04,2025-09-09,,In Progress,14283.76
PO0002199,SUP0046,2025-09-14,2025-09-23,,In Progress,6575.6
PO0002200,SUP0064,2026-05-11,2026-06-26,2026-06-30,Delayed,5237.18
PO0002201,SUP0085,2025-10-23,2025-11-16,2025-11-16,Completed,9005.01
PO0002202,SUP0027,2025-08-22,2025-09-07,2025-09-08,Completed,7374.6
PO0002203,SUP0016,2026-01-12,2026-02-10,,In Progress,31570.0
PO0002204,SUP0081,2026-05-15,2026-06-19,2026-06-14,Completed,3391.55
PO0002205,SUP0028,2025-06-01,2025-06-27,2025-07-01,Delayed,64927.9
PO0002206,SUP0068,2026-05-24,2026-06-24,2026-06-24,Completed,28831.14
PO0002207,SUP0030,2025-12-24,2026-01-13,2026-01-09,Completed,1845.6
PO0002208,SUP0048,2025-11-12,2025-12-07,,In Progress,69015.18
PO0002209,SUP0055,2025-09-20,2025-10-15,,In Progress,39159.47
PO0002210,SUP0086,2026-04-25,2026-06-01,,Cancelled,2991.65
PO0002211,SUP0019,2025-12-28,2026-01-20,2026-01-24,Completed,26145.4
PO0002212,SUP0024,2025-07-07,2025-08-08,2025-08-08,Completed,131837.39
PO0002213,SUP0053,2026-03-06,2026-04-15,,Pending Approval,41570.27
PO0002214,SUP0014,2025-05-13,2025-06-13,,Cancelled,6699.25
PO0002215,SUP0057,2025-04-06,2025-04-29,2025-04-29,Completed,23887.98
PO0002216,SUP0050,2025-04-26,2025-05-01,,In Progress,1620.6
PO0002217,SUP0018,2026-03-27,2026-04-27,2026-04-26,Completed,42478.46
PO0002218,SUP0080,2026-02-09,2026-02-18,2026-02-13,Completed,19985.7
PO0002219,SUP0039,2025-03-11,2025-04-02,2025-03-30,Completed,8759.52
PO0002220,SUP0085,2025-04-16,2025-05-21,2025-05-23,Completed,6043.5
PO0002221,SUP0051,2025-01-22,2025-02-09,2025-02-10,Completed,490.17
PO0002222,SUP0068,2026-04-19,2026-05-27,2026-06-05,Delayed,31082.99
PO0002223,SUP0079,2025-04-06,2025-04-29,2025-05-17,Delayed,3417.58
PO0002224,SUP0087,2025-12-19,2026-01-12,,In Progress,3572.1
PO0002225,SUP0007,2025-11-17,2025-11-27,2025-11-28,Completed,12817.45
PO0002226,SUP0062,2025-05-21,2025-06-13,,Pending Approval,5356.53
PO0002227,SUP0012,2025-03-27,2025-04-04,2025-04-03,Completed,5776.15
PO0002228,SUP0089,2025-03-31,2025-04-22,2025-04-24,Completed,9777.82
PO0002229,SUP0038,2025-03-23,2025-04-14,2025-04-20,Delayed,1305.32
PO0002230,SUP0080,2025-03-23,2025-04-12,2025-04-08,Completed,6966.18
PO0002231,SUP0035,2025-03-15,2025-04-05,,Pending Approval,2118.64
PO0002232,SUP0042,2025-04-21,2025-05-17,2025-05-17,Completed,8043.3
PO0002233,SUP0026,2026-02-01,2026-02-15,2026-02-25,Delayed,104819.96
PO0002234,SUP0076,2026-03-20,2026-04-08,,In Progress,3439.22
PO0002235,SUP0096,2025-07-13,2025-08-10,2025-08-12,Completed,19638.34
PO0002236,SUP0056,2025-07-21,2025-08-13,2025-08-18,Completed,26496.16
PO0002237,SUP0033,2025-03-06,2025-03-30,2025-04-17,Delayed,1692.86
PO0002238,SUP0053,2025-09-01,2025-09-24,2025-09-23,Completed,3793.92
PO0002239,SUP0001,2026-01-10,2026-01-20,2026-01-20,Completed,614.41
PO0002240,SUP0056,2026-03-08,2026-04-24,2026-04-19,Completed,21249.72
PO0002241,SUP0076,2025-02-14,2025-03-24,,Cancelled,18761.93
PO0002242,SUP0040,2025-03-07,2025-03-12,2025-03-28,Delayed,47586.81
PO0002243,SUP0059,2025-08-15,2025-09-05,2025-09-18,Delayed,14006.45
PO0002244,SUP0042,2026-05-13,2026-06-08,2026-06-09,Completed,26550.11
PO0002245,SUP0031,2025-05-06,2025-05-16,2025-05-28,Delayed,20349.27
PO0002246,SUP0003,2026-05-09,2026-06-10,,In Progress,936.7
PO0002247,SUP0047,2025-07-03,2025-07-29,2025-07-28,Completed,23119.16
PO0002248,SUP0059,2025-11-05,2025-12-08,,Pending Approval,6760.25
PO0002249,SUP0008,2025-07-01,2025-07-27,2025-08-16,Delayed,21638.62
PO0002250,SUP0054,2025-10-30,2025-11-22,2025-11-23,Completed,30103.56
PO0002251,SUP0013,2025-09-01,2025-09-16,2025-09-22,Completed,98579.19
PO0002252,SUP0046,2026-03-16,2026-04-21,2026-04-20,Completed,26170.19
PO0002253,SUP0074,2025-02-16,2025-03-18,2025-03-17,Completed,27188.77
PO0002254,SUP0034,2025-12-06,2026-01-01,2025-12-30,Completed,35734.52
PO0002255,SUP0089,2025-12-24,2026-01-16,2026-01-14,Completed,14479.6
PO0002256,SUP0058,2026-01-11,2026-02-07,2026-02-14,Completed,8719.15
PO0002257,SUP0068,2026-04-20,2026-05-28,2026-06-05,Delayed,10298.82
PO0002258,SUP0036,2025-09-21,2025-10-05,,In Progress,24448.18
PO0002259,SUP0064,2025-07-03,2025-07-26,,In Progress,10507.67
PO0002260,SUP0080,2025-05-07,2025-05-26,2025-05-22,Completed,6570.5
PO0002261,SUP0055,2025-10-07,2025-11-03,2025-11-02,Completed,6317.88
PO0002262,SUP0087,2025-02-04,2025-03-08,2025-03-03,Completed,19451.4
PO0002263,SUP0087,2025-09-03,2025-10-12,2025-10-14,Completed,1464.8
PO0002264,SUP0025,2026-03-15,2026-04-07,2026-04-10,Completed,1056.14
PO0002265,SUP0073,2026-01-15,2026-02-05,2026-02-10,Delayed,45131.83
PO0002266,SUP0027,2025-11-12,2025-12-16,2025-12-30,Delayed,57501.78
PO0002267,SUP0091,2025-03-04,2025-04-03,2025-04-13,Delayed,5206.4
PO0002268,SUP0085,2025-01-11,2025-02-21,2025-02-23,Completed,27806.91
PO0002269,SUP0055,2025-09-15,2025-10-16,2025-10-21,Delayed,15038.28
PO0002270,SUP0001,2025-09-22,2025-10-11,2025-10-13,Completed,2801.88
PO0002271,SUP0034,2025-04-21,2025-05-14,,In Progress,3315.52
PO0002272,SUP0053,2025-02-09,2025-03-03,2025-03-03,Completed,49108.92
PO0002273,SUP0086,2025-09-17,2025-10-09,2025-10-09,Completed,41184.73
PO0002274,SUP0083,2025-05-03,2025-05-12,,Cancelled,6392.58
PO0002275,SUP0092,2025-10-21,2025-11-24,2025-11-20,Completed,20822.0
PO0002276,SUP0045,2025-01-05,2025-01-25,2025-01-28,Completed,8520.04
PO0002277,SUP0095,2025-07-16,2025-08-06,2025-08-20,Delayed,14919.5
PO0002278,SUP0004,2025-10-24,2025-11-03,,In Progress,1557.72
PO0002279,SUP0007,2025-12-07,2026-01-09,,In Progress,12013.86
PO0002280,SUP0032,2025-10-25,2025-11-25,2025-12-02,Completed,1193.28
PO0002281,SUP0029,2025-11-11,2025-11-24,2025-11-26,Completed,24952.38
PO0002282,SUP0052,2025-02-01,2025-02-14,2025-02-12,Completed,1064.04
PO0002283,SUP0022,2025-03-23,2025-03-29,2025-04-04,Completed,52662.7
PO0002284,SUP0045,2025-08-30,2025-09-13,2025-09-18,Completed,9553.39
PO0002285,SUP0063,2026-02-23,2026-03-20,2026-03-18,Completed,15751.52
PO0002286,SUP0041,2026-01-01,2026-02-03,2026-02-04,Completed,105156.14
PO0002287,SUP0099,2026-05-16,2026-06-17,2026-06-14,Completed,15926.46
PO0002288,SUP0026,2025-10-04,2025-10-21,,In Progress,4816.08
PO0002289,SUP0086,2026-04-04,2026-04-30,,Pending Approval,28370.77
PO0002290,SUP0084,2025-06-06,2025-06-30,2025-06-30,Completed,227.22
PO0002291,SUP0011,2025-12-06,2025-12-20,2025-12-23,Completed,14275.32
PO0002292,SUP0041,2025-05-25,2025-07-03,,In Progress,21362.73
PO0002293,SUP0042,2025-06-15,2025-07-08,2025-07-03,Completed,14509.26
PO0002294,SUP0049,2025-07-08,2025-08-07,2025-08-08,Completed,41492.29
PO0002295,SUP0003,2026-05-13,2026-05-29,2026-05-28,Completed,9023.9
PO0002296,SUP0035,2025-12-29,2026-01-16,2026-01-20,Completed,9468.67
PO0002297,SUP0075,2025-06-04,2025-07-20,2025-08-06,Delayed,40364.54
PO0002298,SUP0100,2025-03-25,2025-05-01,2025-05-04,Delayed,67702.56
PO0002299,SUP0004,2025-07-21,2025-08-22,2025-08-18,Completed,663.35
PO0002300,SUP0070,2025-01-13,2025-02-07,2025-02-07,Completed,17774.43
PO0002301,SUP0085,2025-07-01,2025-07-31,2025-07-31,Completed,44111.77
PO0002302,SUP0012,2025-04-07,2025-05-02,,Cancelled,27690.96
PO0002303,SUP0011,2025-12-17,2026-01-15,,In Progress,12689.25
PO0002304,SUP0095,2025-10-06,2025-10-30,2025-10-29,Completed,25820.69
PO0002305,SUP0037,2026-01-01,2026-02-02,2026-02-01,Completed,10601.7
PO0002306,SUP0047,2025-08-11,2025-08-26,2025-08-22,Completed,22143.64
PO0002307,SUP0086,2025-03-26,2025-04-22,2025-04-29,Completed,18562.54
PO0002308,SUP0010,2025-09-03,2025-10-10,,Cancelled,4009.59
PO0002309,SUP0097,2025-01-18,2025-02-06,2025-02-07,Completed,35214.31
PO0002310,SUP0079,2025-02-23,2025-03-09,2025-03-27,Delayed,11664.02
PO0002311,SUP0040,2025-10-06,2025-11-14,2025-11-11,Completed,3942.72
PO0002312,SUP0032,2025-03-11,2025-03-26,2025-03-24,Completed,109102.31
PO0002313,SUP0033,2025-06-28,2025-07-13,2025-07-16,Completed,20938.88
PO0002314,SUP0100,2025-07-29,2025-09-08,2025-09-10,Completed,31092.08
PO0002315,SUP0055,2025-02-01,2025-02-17,2025-02-15,Completed,36924.8
PO0002316,SUP0096,2025-03-01,2025-03-31,2025-03-31,Completed,12520.4
PO0002317,SUP0099,2026-05-15,2026-05-30,2026-05-30,Completed,6825.64
PO0002318,SUP0080,2025-09-09,2025-10-04,2025-10-07,Completed,11774.54
PO0002319,SUP0083,2025-08-06,2025-08-29,,Cancelled,635.57
PO0002320,SUP0031,2025-02-02,2025-02-26,,Cancelled,32053.94
PO0002321,SUP0019,2025-01-16,2025-02-09,2025-02-10,Completed,57484.89
PO0002322,SUP0031,2025-04-05,2025-05-09,,In Progress,17961.69
PO0002323,SUP0038,2025-02-22,2025-03-12,,Pending Approval,14097.64
PO0002324,SUP0089,2025-01-06,2025-01-24,2025-01-23,Completed,9365.84
PO0002325,SUP0094,2025-05-03,2025-05-31,2025-06-07,Delayed,26120.82
PO0002326,SUP0093,2025-03-11,2025-04-11,2025-05-01,Delayed,1344.48
PO0002327,SUP0072,2026-04-15,2026-05-26,2026-05-31,Completed,8308.05
PO0002328,SUP0016,2025-06-03,2025-06-25,2025-06-23,Completed,1582.2
PO0002329,SUP0093,2025-10-09,2025-10-23,2025-10-25,Completed,5603.69
PO0002330,SUP0002,2026-02-26,2026-04-04,,In Progress,538.83
PO0002331,SUP0013,2025-08-18,2025-09-07,2025-09-12,Completed,20909.61
PO0002332,SUP0017,2025-09-05,2025-09-27,2025-09-27,Completed,5952.3
PO0002333,SUP0020,2025-10-02,2025-11-04,,In Progress,17570.87
PO0002334,SUP0062,2026-03-04,2026-03-12,2026-03-20,Delayed,33977.6
PO0002335,SUP0072,2025-12-25,2026-01-16,2026-01-16,Completed,17092.0
PO0002336,SUP0010,2025-02-05,2025-02-21,2025-02-24,Completed,18699.45
PO0002337,SUP0035,2025-10-17,2025-11-13,,In Progress,16836.66
PO0002338,SUP0009,2026-05-09,2026-06-05,2026-06-06,Completed,8959.29
PO0002339,SUP0017,2026-02-07,2026-03-16,,Cancelled,22215.37
PO0002340,SUP0023,2025-09-25,2025-10-03,,Pending Approval,23807.0
PO0002341,SUP0050,2025-08-24,2025-09-26,2025-09-23,Completed,63862.51
PO0002342,SUP0025,2025-09-19,2025-10-07,2025-10-09,Completed,12543.06
PO0002343,SUP0050,2025-12-25,2026-02-09,2026-02-08,Completed,1883.47
PO0002344,SUP0052,2025-12-01,2025-12-12,,In Progress,9565.1
PO0002345,SUP0054,2025-04-26,2025-05-21,2025-06-05,Delayed,5296.34
PO0002346,SUP0031,2025-10-30,2025-12-12,2026-01-01,Delayed,16889.58
PO0002347,SUP0054,2025-05-12,2025-05-30,2025-06-09,Delayed,21467.92
PO0002348,SUP0012,2026-03-04,2026-03-29,2026-04-05,Delayed,3507.9
PO0002349,SUP0100,2025-12-18,2026-01-20,2026-01-23,Completed,5467.14
PO0002350,SUP0056,2025-03-02,2025-03-30,2025-03-25,Completed,35149.69
PO0002351,SUP0008,2025-09-12,2025-10-07,2025-10-10,Completed,5533.12
PO0002352,SUP0016,2026-05-01,2026-05-22,2026-06-09,Delayed,325145.65
PO0002353,SUP0026,2025-09-27,2025-10-29,2025-10-30,Completed,50746.45
PO0002354,SUP0032,2025-02-10,2025-03-02,,In Progress,11613.28
PO0002355,SUP0075,2026-01-18,2026-02-03,2026-02-03,Completed,12624.88
PO0002356,SUP0075,2026-03-27,2026-04-26,,In Progress,2420.04
PO0002357,SUP0063,2025-06-23,2025-06-28,2025-07-13,Delayed,31964.94
PO0002358,SUP0017,2025-12-16,2026-01-17,2026-01-16,Completed,13357.17
PO0002359,SUP0072,2025-06-08,2025-06-29,2025-07-18,Delayed,123702.42
PO0002360,SUP0091,2025-09-08,2025-10-17,2025-10-24,Completed,775.77
PO0002361,SUP0054,2025-08-13,2025-09-11,2025-09-10,Completed,32723.78
PO0002362,SUP0064,2025-07-06,2025-07-11,2025-07-06,Completed,3276.54
PO0002363,SUP0089,2025-09-22,2025-10-14,2025-10-12,Completed,9660.55
PO0002364,SUP0025,2025-10-27,2025-11-27,2025-12-13,Delayed,2974.13
PO0002365,SUP0008,2025-05-03,2025-05-31,,In Progress,11529.78
PO0002366,SUP0065,2025-09-24,2025-10-16,2025-10-11,Completed,96171.63
PO0002367,SUP0086,2025-12-27,2026-01-02,2026-01-03,Completed,23226.58
PO0002368,SUP0090,2025-04-12,2025-04-27,2025-05-05,Delayed,51710.75
PO0002369,SUP0021,2025-05-10,2025-05-19,2025-05-17,Completed,51223.24
PO0002370,SUP0031,2025-10-30,2025-12-04,,In Progress,58177.32
PO0002371,SUP0019,2026-05-03,2026-05-31,2026-06-06,Completed,494.3
PO0002372,SUP0015,2025-03-04,2025-03-09,,In Progress,7217.86
PO0002373,SUP0009,2026-05-01,2026-05-28,2026-06-16,Delayed,6403.02
PO0002374,SUP0076,2025-12-03,2026-01-01,2026-01-01,Completed,13046.4
PO0002375,SUP0069,2025-01-07,2025-02-12,,In Progress,4739.32
PO0002376,SUP0015,2025-08-12,2025-09-05,2025-09-09,Completed,1745.52
PO0002377,SUP0092,2025-12-02,2025-12-13,,In Progress,515.99
PO0002378,SUP0058,2026-04-27,2026-05-27,2026-05-23,Completed,23368.55
PO0002379,SUP0087,2025-01-24,2025-02-26,,In Progress,1565.06
PO0002380,SUP0037,2025-04-28,2025-05-13,2025-05-11,Completed,13685.7
PO0002381,SUP0042,2026-04-18,2026-05-14,2026-05-21,Completed,51113.85
PO0002382,SUP0035,2025-10-11,2025-10-28,2025-10-28,Completed,13048.9
PO0002383,SUP0025,2025-01-23,2025-02-24,2025-02-26,Completed,2611.39
PO0002384,SUP0063,2025-01-21,2025-03-08,2025-03-12,Completed,9505.65
PO0002385,SUP0020,2025-06-03,2025-06-15,2025-06-23,Delayed,68194.76
PO0002386,SUP0088,2025-03-31,2025-04-23,2025-04-23,Completed,1503.04
PO0002387,SUP0008,2026-05-14,2026-06-12,2026-06-22,Delayed,3342.56
PO0002388,SUP0069,2025-12-18,2026-01-21,2026-02-02,Delayed,11798.66
PO0002389,SUP0100,2025-02-02,2025-03-10,2025-03-10,Completed,4408.44
PO0002390,SUP0075,2025-10-26,2025-11-13,2025-11-19,Completed,7811.56
PO0002391,SUP0075,2025-01-30,2025-02-24,2025-03-03,Delayed,43669.75
PO0002392,SUP0070,2025-07-22,2025-08-26,2025-08-25,Completed,16996.56
PO0002393,SUP0079,2026-05-05,2026-05-11,2026-05-15,Delayed,6977.79
PO0002394,SUP0072,2025-05-14,2025-06-09,2025-06-06,Completed,85492.19
PO0002395,SUP0011,2026-05-02,2026-05-07,2026-05-07,Completed,27105.54
PO0002396,SUP0100,2026-04-21,2026-05-08,2026-05-07,Completed,19230.35
PO0002397,SUP0046,2025-10-13,2025-11-19,2025-11-18,Completed,4377.53
PO0002398,SUP0004,2026-01-27,2026-02-28,2026-02-23,Completed,2678.13
PO0002399,SUP0034,2025-09-04,2025-10-09,2025-10-08,Completed,1209.68
PO0002400,SUP0075,2025-05-04,2025-05-28,2025-05-28,Completed,22466.06
PO0002401,SUP0018,2026-03-03,2026-04-16,2026-04-27,Delayed,7111.34
PO0002402,SUP0090,2025-07-12,2025-08-21,2025-08-31,Delayed,17867.47
PO0002403,SUP0022,2025-05-10,2025-06-05,2025-05-31,Completed,6523.4
PO0002404,SUP0047,2025-07-19,2025-07-25,,In Progress,225884.16
PO0002405,SUP0093,2026-03-21,2026-04-11,,In Progress,61561.7
PO0002406,SUP0065,2025-03-28,2025-04-30,2025-05-03,Completed,40356.62
PO0002407,SUP0019,2026-02-22,2026-03-23,2026-03-21,Completed,14160.52
PO0002408,SUP0031,2025-04-04,2025-05-08,,In Progress,47958.41
PO0002409,SUP0066,2025-10-06,2025-10-31,2025-10-30,Completed,6354.3
PO0002410,SUP0010,2026-02-13,2026-03-10,2026-03-22,Delayed,73923.36
PO0002411,SUP0024,2026-03-21,2026-04-08,2026-04-03,Completed,21743.64
PO0002412,SUP0072,2025-03-01,2025-04-01,2025-04-01,Completed,9950.15
PO0002413,SUP0100,2026-05-10,2026-06-11,2026-06-11,Completed,73970.26
PO0002414,SUP0044,2025-11-24,2025-12-26,2026-01-04,Delayed,13870.92
PO0002415,SUP0038,2025-09-24,2025-10-21,2025-10-21,Completed,4156.74
PO0002416,SUP0049,2026-02-10,2026-03-14,2026-03-16,Completed,9263.1
PO0002417,SUP0091,2026-03-02,2026-03-30,2026-04-11,Delayed,44035.64
PO0002418,SUP0083,2026-03-21,2026-03-29,2026-03-31,Completed,12800.7
PO0002419,SUP0048,2025-04-05,2025-04-13,2025-04-15,Completed,22462.81
PO0002420,SUP0057,2025-04-27,2025-05-25,2025-05-24,Completed,38095.54
PO0002421,SUP0036,2026-05-28,2026-06-27,2026-06-30,Delayed,1313.3
PO0002422,SUP0039,2026-01-06,2026-02-16,2026-02-20,Completed,18528.99
PO0002423,SUP0071,2026-05-08,2026-06-19,2026-06-20,Completed,8646.44
PO0002424,SUP0024,2026-03-22,2026-04-28,2026-04-28,Completed,291924.85
PO0002425,SUP0030,2025-11-02,2025-11-15,2025-11-13,Completed,1998.18
PO0002426,SUP0044,2025-11-27,2026-01-14,,Cancelled,4078.72
PO0002427,SUP0050,2026-04-30,2026-05-21,,Pending Approval,40505.85
PO0002428,SUP0023,2025-07-30,2025-08-16,2025-08-14,Completed,31909.73
PO0002429,SUP0092,2025-06-04,2025-06-16,2025-06-15,Completed,19324.5
PO0002430,SUP0087,2026-02-24,2026-03-12,2026-03-11,Completed,146401.47
PO0002431,SUP0044,2025-03-04,2025-04-02,2025-04-01,Completed,17376.04
PO0002432,SUP0097,2025-07-21,2025-08-18,2025-08-30,Delayed,17402.0
PO0002433,SUP0088,2026-05-04,2026-05-09,2026-05-08,Completed,8661.89
PO0002434,SUP0086,2025-01-27,2025-02-24,2025-03-07,Delayed,28143.7
PO0002435,SUP0050,2025-07-17,2025-07-31,2025-07-26,Completed,18407.07
PO0002436,SUP0057,2025-11-13,2025-11-22,,In Progress,35288.67
PO0002437,SUP0064,2025-01-19,2025-02-21,2025-02-24,Completed,6435.8
PO0002438,SUP0030,2025-08-30,2025-09-07,2025-09-13,Delayed,47860.11
PO0002439,SUP0011,2025-04-11,2025-04-28,,In Progress,17682.94
PO0002440,SUP0071,2025-04-11,2025-05-20,2025-05-23,Completed,52020.23
PO0002441,SUP0032,2025-07-07,2025-07-20,2025-08-05,Delayed,12052.79
PO0002442,SUP0040,2025-05-11,2025-06-13,2025-06-18,Completed,72508.86
PO0002443,SUP0034,2025-05-25,2025-06-09,,In Progress,1656.82
PO0002444,SUP0038,2025-07-12,2025-08-10,2025-08-21,Delayed,12643.16
PO0002445,SUP0045,2025-09-25,2025-10-04,2025-10-08,Completed,27698.2
PO0002446,SUP0036,2026-04-07,2026-05-06,2026-05-09,Completed,15301.16
PO0002447,SUP0055,2025-06-27,2025-08-01,2025-07-28,Completed,61180.46
PO0002448,SUP0087,2025-04-24,2025-05-08,2025-05-08,Completed,2325.5
PO0002449,SUP0057,2025-03-04,2025-04-06,2025-04-15,Delayed,7165.31
PO0002450,SUP0026,2025-10-06,2025-11-11,2025-11-13,Completed,14765.73
PO0002451,SUP0085,2025-08-31,2025-09-16,2025-09-18,Completed,10515.73
PO0002452,SUP0075,2025-01-12,2025-02-24,,In Progress,9172.8
PO0002453,SUP0029,2025-07-26,2025-08-13,2025-08-17,Completed,15295.52
PO0002454,SUP0083,2025-08-22,2025-09-15,2025-09-15,Completed,22917.93
PO0002455,SUP0058,2026-03-06,2026-04-02,2026-04-05,Completed,30740.48
PO0002456,SUP0061,2026-04-08,2026-04-26,2026-04-23,Completed,844.29
PO0002457,SUP0056,2025-05-03,2025-06-01,2025-05-31,Completed,21064.02
PO0002458,SUP0093,2025-04-15,2025-05-10,2025-05-19,Delayed,35031.91
PO0002459,SUP0089,2025-05-17,2025-06-15,,Cancelled,9161.33
PO0002460,SUP0084,2025-11-12,2025-12-09,2025-12-23,Delayed,8105.23
PO0002461,SUP0002,2025-04-04,2025-04-19,2025-04-17,Completed,1696.95
PO0002462,SUP0064,2025-12-06,2026-01-07,2026-01-07,Completed,687.68
PO0002463,SUP0082,2025-05-28,2025-06-21,2025-06-21,Completed,8223.36
PO0002464,SUP0093,2026-05-14,2026-06-22,2026-06-22,Completed,9153.19
PO0002465,SUP0053,2025-06-04,2025-06-24,2025-07-03,Delayed,12852.25
PO0002466,SUP0009,2025-07-21,2025-07-26,2025-07-26,Completed,22614.75
PO0002467,SUP0025,2025-06-07,2025-07-11,,Pending Approval,1718.92
PO0002468,SUP0056,2025-08-29,2025-09-05,2025-09-05,Completed,189196.0
PO0002469,SUP0045,2025-09-23,2025-10-20,2025-10-15,Completed,149916.61
PO0002470,SUP0030,2026-01-27,2026-02-13,,Cancelled,19891.9
PO0002471,SUP0012,2025-03-01,2025-04-04,2025-04-08,Completed,36099.36
PO0002472,SUP0051,2025-12-06,2026-01-10,2026-01-08,Completed,23489.19
PO0002473,SUP0081,2025-12-02,2025-12-21,2025-12-16,Completed,4300.38
PO0002474,SUP0018,2025-08-11,2025-08-22,2025-09-03,Delayed,10695.29
PO0002475,SUP0050,2025-02-25,2025-03-29,2025-03-27,Completed,3828.18
PO0002476,SUP0041,2025-11-16,2025-12-13,2025-12-15,Completed,12388.24
PO0002477,SUP0034,2025-11-23,2025-12-23,2025-12-23,Completed,315.28
PO0002478,SUP0023,2025-01-25,2025-02-19,2025-02-17,Completed,16250.76
PO0002479,SUP0066,2026-02-03,2026-03-09,2026-03-10,Completed,5282.05
PO0002480,SUP0069,2025-10-29,2025-11-15,,In Progress,12936.43
PO0002481,SUP0071,2026-01-28,2026-02-17,,Cancelled,8691.94
PO0002482,SUP0074,2026-01-01,2026-02-04,2026-02-13,Delayed,559.6
PO0002483,SUP0078,2026-04-06,2026-05-17,2026-05-15,Completed,3631.92
PO0002484,SUP0091,2025-04-22,2025-05-22,2025-05-22,Completed,22817.58
PO0002485,SUP0070,2025-01-09,2025-01-27,2025-01-26,Completed,72964.64
PO0002486,SUP0025,2026-04-20,2026-04-30,,In Progress,4706.63
PO0002487,SUP0036,2025-04-02,2025-04-19,,In Progress,5848.6
PO0002488,SUP0058,2026-03-13,2026-04-08,2026-04-11,Completed,1834.03
PO0002489,SUP0003,2025-11-28,2025-12-15,2025-12-18,Delayed,686.7
PO0002490,SUP0098,2025-02-01,2025-02-20,2025-02-18,Completed,166.18
PO0002491,SUP0053,2025-07-19,2025-08-07,2025-08-07,Completed,1386.09
PO0002492,SUP0040,2025-06-30,2025-07-12,2025-07-24,Delayed,23883.82
PO0002493,SUP0053,2026-05-10,2026-06-02,2026-06-02,Completed,27981.66
PO0002494,SUP0058,2025-03-18,2025-04-23,2025-04-23,Completed,35372.75
PO0002495,SUP0058,2025-08-09,2025-09-01,2025-09-01,Completed,18526.28
PO0002496,SUP0042,2026-02-28,2026-03-30,2026-03-27,Completed,4877.68
PO0002497,SUP0021,2025-06-20,2025-07-14,2025-07-17,Completed,6992.16
PO0002498,SUP0004,2025-08-25,2025-09-11,,In Progress,8824.53
PO0002499,SUP0050,2025-05-17,2025-05-30,2025-06-06,Completed,12964.64
PO0002500,SUP0021,2025-11-16,2025-11-28,,In Progress,9189.98
PO0002501,SUP0099,2025-01-12,2025-02-05,,In Progress,18411.98
PO0002502,SUP0004,2025-02-12,2025-03-16,2025-03-16,Completed,17520.49
PO0002503,SUP0039,2025-12-17,2026-01-05,2026-01-04,Completed,85619.38
PO0002504,SUP0001,2025-12-13,2025-12-28,2025-12-28,Completed,44233.64
PO0002505,SUP0024,2025-05-24,2025-06-22,2025-07-04,Delayed,202243.65
PO0002506,SUP0013,2026-03-17,2026-03-22,,In Progress,111364.8
PO0002507,SUP0016,2025-06-09,2025-07-08,2025-07-14,Delayed,11803.32
PO0002508,SUP0058,2025-12-22,2026-01-11,2026-01-09,Completed,17652.34
PO0002509,SUP0058,2025-02-16,2025-03-06,,In Progress,1562.6
PO0002510,SUP0096,2025-10-07,2025-10-26,,In Progress,2879.26
PO0002511,SUP0088,2025-05-05,2025-06-04,2025-06-02,Completed,3950.55
PO0002512,SUP0091,2025-06-03,2025-07-15,2025-07-23,Delayed,10046.44
PO0002513,SUP0089,2025-02-25,2025-03-27,2025-03-30,Completed,5258.54
PO0002514,SUP0059,2026-01-08,2026-02-09,2026-02-24,Delayed,10718.12
PO0002515,SUP0079,2026-02-23,2026-04-01,2026-04-21,Delayed,7124.01
PO0002516,SUP0045,2025-08-10,2025-08-15,,In Progress,19273.8
PO0002517,SUP0035,2025-03-21,2025-03-30,,Cancelled,3979.36
PO0002518,SUP0017,2026-02-01,2026-02-24,2026-02-27,Completed,7410.52
PO0002519,SUP0082,2025-02-03,2025-03-02,2025-03-01,Completed,14956.7
PO0002520,SUP0020,2025-07-11,2025-08-07,,In Progress,21239.91
PO0002521,SUP0032,2025-06-27,2025-07-24,,In Progress,36647.26
PO0002522,SUP0065,2025-06-02,2025-06-20,2025-06-23,Completed,11548.16
PO0002523,SUP0020,2025-01-23,2025-02-11,,In Progress,82280.79
PO0002524,SUP0025,2025-06-09,2025-06-30,2025-07-04,Completed,13126.83
PO0002525,SUP0057,2025-03-15,2025-05-03,2025-05-07,Completed,7577.68
PO0002526,SUP0059,2025-10-23,2025-11-10,2025-11-12,Completed,21882.44
PO0002527,SUP0071,2026-05-15,2026-06-15,2026-06-14,Completed,3662.4
PO0002528,SUP0034,2026-04-08,2026-05-01,,In Progress,29241.54
PO0002529,SUP0016,2025-01-31,2025-02-26,,In Progress,69452.51
PO0002530,SUP0013,2025-01-27,2025-02-17,2025-02-15,Completed,33651.06
PO0002531,SUP0084,2025-09-02,2025-09-07,,Cancelled,1590.8
PO0002532,SUP0079,2025-05-11,2025-06-23,2025-07-04,Delayed,4872.66
PO0002533,SUP0045,2025-06-23,2025-07-11,,In Progress,8563.17
PO0002534,SUP0096,2025-06-22,2025-07-06,,Pending Approval,2288.51
PO0002535,SUP0039,2025-06-06,2025-07-06,2025-07-09,Completed,8957.75
PO0002536,SUP0039,2025-06-06,2025-06-28,2025-06-27,Completed,39456.7
PO0002537,SUP0085,2026-03-02,2026-03-31,2026-04-02,Completed,2593.88
PO0002538,SUP0037,2026-05-28,2026-06-25,2026-06-30,Delayed,1468.3
PO0002539,SUP0091,2025-07-18,2025-08-26,2025-08-27,Completed,42726.88
PO0002540,SUP0034,2025-05-16,2025-06-03,2025-06-02,Completed,25697.47
PO0002541,SUP0050,2025-10-10,2025-11-07,2025-11-02,Completed,22278.0
PO0002542,SUP0038,2025-07-19,2025-08-22,2025-08-20,Completed,62146.08
PO0002543,SUP0002,2026-04-29,2026-05-29,2026-06-04,Completed,15241.82
PO0002544,SUP0020,2026-02-17,2026-03-08,2026-03-13,Completed,26716.92
PO0002545,SUP0014,2025-07-09,2025-08-07,,In Progress,67804.92
PO0002546,SUP0098,2025-02-12,2025-03-06,,In Progress,11254.52
PO0002547,SUP0080,2025-05-27,2025-07-15,2025-07-15,Completed,16998.87
PO0002548,SUP0090,2026-03-11,2026-04-06,,In Progress,12586.86
PO0002549,SUP0010,2026-05-21,2026-06-16,2026-06-19,Completed,11370.65
PO0002550,SUP0080,2025-04-07,2025-05-02,2025-04-30,Completed,1624.86
PO0002551,SUP0058,2025-12-25,2026-01-19,2026-01-21,Completed,28386.47
PO0002552,SUP0025,2025-07-17,2025-08-12,,In Progress,9992.57
PO0002553,SUP0035,2026-05-01,2026-06-01,2026-06-10,Delayed,5182.59
PO0002554,SUP0013,2025-10-10,2025-11-10,2025-11-06,Completed,36467.16
PO0002555,SUP0046,2025-07-27,2025-08-28,,Cancelled,19572.72
PO0002556,SUP0030,2025-04-30,2025-06-10,2025-06-24,Delayed,5155.75
PO0002557,SUP0011,2026-05-26,2026-06-17,2026-06-25,Completed,20624.56
PO0002558,SUP0096,2026-04-09,2026-04-24,2026-04-23,Completed,335.88
PO0002559,SUP0095,2026-04-14,2026-05-17,2026-05-13,Completed,8280.87
PO0002560,SUP0096,2025-06-25,2025-07-12,2025-07-11,Completed,11466.4
PO0002561,SUP0055,2025-10-13,2025-11-16,2025-11-26,Delayed,66106.1
PO0002562,SUP0052,2026-01-16,2026-03-05,2026-03-06,Completed,1220.83
PO0002563,SUP0048,2026-02-03,2026-03-07,2026-03-06,Completed,23939.72
PO0002564,SUP0028,2025-07-08,2025-08-03,,In Progress,36812.1
PO0002565,SUP0082,2025-03-30,2025-04-16,,In Progress,21667.56
PO0002566,SUP0087,2026-04-23,2026-05-18,2026-05-19,Completed,17944.86
PO0002567,SUP0058,2025-09-11,2025-10-08,2025-10-03,Completed,89026.49
PO0002568,SUP0027,2025-02-22,2025-03-14,,Pending Approval,21689.4
PO0002569,SUP0083,2025-10-26,2025-11-19,2025-12-07,Delayed,27296.93
PO0002570,SUP0006,2026-04-13,2026-05-13,2026-05-24,Delayed,2705.2
PO0002571,SUP0090,2025-10-22,2025-11-07,2025-11-02,Completed,62655.2
PO0002572,SUP0006,2025-11-03,2025-11-27,2025-12-01,Delayed,1766.88
PO0002573,SUP0095,2025-04-26,2025-05-17,2025-05-20,Delayed,34755.42
PO0002574,SUP0072,2025-05-15,2025-06-22,2025-06-17,Completed,9541.11
PO0002575,SUP0046,2026-01-29,2026-03-07,2026-03-02,Completed,94183.47
PO0002576,SUP0051,2025-01-22,2025-02-24,2025-02-19,Completed,54565.28
PO0002577,SUP0098,2025-03-24,2025-04-04,2025-04-22,Delayed,2335.76
PO0002578,SUP0053,2026-01-13,2026-02-03,2026-02-20,Delayed,18433.35
PO0002579,SUP0092,2025-01-02,2025-02-09,2025-02-18,Delayed,17850.95
PO0002580,SUP0005,2026-01-23,2026-02-15,2026-02-11,Completed,13912.93
PO0002581,SUP0070,2026-01-04,2026-01-28,,In Progress,19931.6
PO0002582,SUP0043,2026-05-08,2026-06-10,2026-06-30,Delayed,3777.23
PO0002583,SUP0020,2025-01-02,2025-01-28,2025-02-04,Delayed,16998.74
PO0002584,SUP0082,2025-06-29,2025-07-15,2025-07-13,Completed,9925.37
PO0002585,SUP0079,2025-11-25,2025-12-21,2025-12-17,Completed,13244.3
PO0002586,SUP0014,2025-04-11,2025-04-17,2025-04-20,Delayed,4405.1
PO0002587,SUP0001,2025-06-03,2025-06-09,2025-06-23,Delayed,24743.46
PO0002588,SUP0007,2025-06-05,2025-07-05,2025-07-16,Delayed,7616.85
PO0002589,SUP0019,2025-07-06,2025-07-22,2025-07-27,Completed,39602.85
PO0002590,SUP0039,2025-01-22,2025-02-21,2025-02-21,Completed,121863.6
PO0002591,SUP0059,2025-11-05,2025-12-16,,In Progress,14899.76
PO0002592,SUP0002,2026-03-16,2026-04-11,,In Progress,3063.42
PO0002593,SUP0061,2025-10-07,2025-11-20,2025-11-20,Completed,2453.07
PO0002594,SUP0029,2025-03-20,2025-04-16,2025-04-16,Completed,1862.28
PO0002595,SUP0046,2026-04-13,2026-05-12,,Pending Approval,726.32
PO0002596,SUP0090,2025-09-23,2025-10-17,2025-10-14,Completed,7365.95
PO0002597,SUP0061,2025-07-14,2025-08-16,2025-08-11,Completed,14336.25
PO0002598,SUP0064,2025-02-12,2025-03-01,,In Progress,1677.83
PO0002599,SUP0021,2026-05-26,2026-06-17,2026-06-26,Delayed,29074.87
PO0002600,SUP0053,2026-04-14,2026-05-06,2026-05-04,Completed,15145.47
PO0002601,SUP0044,2026-01-29,2026-03-12,2026-03-12,Completed,4075.5
PO0002602,SUP0002,2025-11-01,2025-11-21,,Cancelled,496.38
PO0002603,SUP0070,2025-01-15,2025-02-13,2025-02-28,Delayed,94253.76
PO0002604,SUP0082,2026-05-04,2026-06-06,2026-06-08,Completed,32239.62
PO0002605,SUP0019,2025-11-27,2025-12-23,2025-12-28,Completed,5023.36
PO0002606,SUP0100,2025-02-19,2025-03-28,2025-04-02,Completed,8252.92
PO0002607,SUP0060,2025-02-23,2025-03-10,2025-03-13,Completed,1014.24
PO0002608,SUP0065,2026-01-10,2026-02-10,2026-02-10,Completed,57176.61
PO0002609,SUP0010,2025-11-20,2025-12-20,,In Progress,14605.0
PO0002610,SUP0011,2025-09-20,2025-09-26,2025-09-21,Completed,9179.28
PO0002611,SUP0030,2026-03-20,2026-04-22,2026-04-18,Completed,187153.24
PO0002612,SUP0044,2026-04-22,2026-05-24,,Cancelled,8136.2
PO0002613,SUP0027,2025-04-20,2025-05-02,2025-04-29,Completed,72381.98
PO0002614,SUP0082,2026-03-14,2026-04-15,2026-04-15,Completed,28403.1
PO0002615,SUP0040,2026-04-19,2026-05-20,2026-05-30,Delayed,35620.89
PO0002616,SUP0041,2026-01-25,2026-03-04,2026-03-08,Completed,55163.43
PO0002617,SUP0021,2025-05-28,2025-06-07,,Pending Approval,12191.69
PO0002618,SUP0089,2025-03-18,2025-04-27,2025-04-25,Completed,47800.2
PO0002619,SUP0009,2025-10-31,2025-11-21,2025-11-20,Completed,8086.28
PO0002620,SUP0081,2025-01-22,2025-02-19,,In Progress,15733.39
PO0002621,SUP0015,2026-02-06,2026-03-02,,Cancelled,8765.4
PO0002622,SUP0032,2026-04-12,2026-05-08,2026-05-11,Completed,20985.84
PO0002623,SUP0057,2025-12-02,2025-12-23,2026-01-04,Delayed,80205.85
PO0002624,SUP0044,2026-01-09,2026-02-07,2026-02-06,Completed,864.9
PO0002625,SUP0049,2025-08-10,2025-08-28,2025-09-01,Delayed,20962.24
PO0002626,SUP0012,2026-03-21,2026-04-06,,In Progress,50835.56
PO0002627,SUP0063,2026-01-16,2026-01-31,2026-02-05,Completed,10304.28
PO0002628,SUP0045,2025-06-12,2025-07-17,2025-07-18,Completed,1412.02
PO0002629,SUP0010,2025-02-28,2025-04-04,,In Progress,15452.6
PO0002630,SUP0049,2025-08-20,2025-09-07,2025-09-07,Completed,31895.93
PO0002631,SUP0027,2025-10-30,2025-11-18,,Cancelled,15540.86
PO0002632,SUP0004,2025-07-25,2025-08-07,2025-08-05,Completed,10142.54
PO0002633,SUP0028,2026-05-21,2026-06-11,2026-06-15,Completed,22676.88
PO0002634,SUP0039,2026-03-09,2026-04-05,2026-04-12,Delayed,6797.44
PO0002635,SUP0017,2026-04-23,2026-04-28,2026-05-03,Delayed,488.53
PO0002636,SUP0019,2026-03-05,2026-03-23,2026-03-24,Completed,73865.79
PO0002637,SUP0076,2025-04-21,2025-05-07,2025-05-07,Completed,19623.59
PO0002638,SUP0042,2025-10-21,2025-11-05,2025-11-09,Completed,10533.51
PO0002639,SUP0090,2025-06-23,2025-07-18,,In Progress,36963.85
PO0002640,SUP0022,2025-11-08,2025-11-24,2025-12-02,Completed,21892.32
PO0002641,SUP0099,2025-01-14,2025-02-09,2025-02-10,Completed,1458.52
PO0002642,SUP0043,2025-09-26,2025-11-03,2025-11-06,Completed,128177.61
PO0002643,SUP0001,2025-07-10,2025-08-10,2025-08-13,Completed,61267.95
PO0002644,SUP0076,2025-02-18,2025-03-12,2025-03-07,Completed,7934.68
PO0002645,SUP0077,2025-07-25,2025-08-22,2025-08-25,Delayed,128752.74
PO0002646,SUP0020,2025-12-22,2026-01-09,,In Progress,3499.2
PO0002647,SUP0047,2026-05-17,2026-05-26,2026-05-21,Completed,115902.65
PO0002648,SUP0031,2025-02-27,2025-03-07,,In Progress,81658.8
PO0002649,SUP0029,2026-03-20,2026-04-11,2026-04-28,Delayed,8697.42
PO0002650,SUP0020,2025-03-04,2025-03-24,,Pending Approval,14664.46
PO0002651,SUP0060,2025-09-25,2025-11-01,2025-10-27,Completed,10036.8
PO0002652,SUP0069,2026-05-27,2026-06-18,,Pending Approval,1328.67
PO0002653,SUP0043,2026-01-22,2026-02-14,2026-02-15,Completed,9122.66
PO0002654,SUP0067,2026-02-06,2026-03-07,,Cancelled,5214.09
PO0002655,SUP0061,2026-03-15,2026-04-09,,In Progress,17366.02
PO0002656,SUP0074,2026-01-21,2026-02-14,2026-02-09,Completed,4330.32
PO0002657,SUP0072,2025-07-04,2025-08-10,,In Progress,6228.82
PO0002658,SUP0076,2025-12-09,2025-12-24,2025-12-27,Completed,12464.96
PO0002659,SUP0080,2025-03-09,2025-03-21,,In Progress,10827.52
PO0002660,SUP0044,2025-12-30,2026-01-25,,Pending Approval,1307.91
PO0002661,SUP0096,2025-11-28,2025-12-24,,In Progress,2236.86
PO0002662,SUP0018,2026-01-15,2026-02-19,2026-02-16,Completed,9784.35
PO0002663,SUP0074,2025-10-11,2025-11-16,2025-11-26,Delayed,9465.28
PO0002664,SUP0076,2026-01-13,2026-02-17,2026-02-23,Completed,2263.34
PO0002665,SUP0080,2026-01-01,2026-02-18,2026-02-14,Completed,23858.59
PO0002666,SUP0015,2025-12-18,2025-12-23,2025-12-29,Delayed,10999.56
PO0002667,SUP0034,2025-08-27,2025-09-12,2025-09-12,Completed,3874.48
PO0002668,SUP0082,2025-06-12,2025-07-24,,In Progress,20309.85
PO0002669,SUP0054,2026-05-09,2026-05-28,2026-06-02,Completed,3461.04
PO0002670,SUP0051,2025-12-16,2026-01-14,,Pending Approval,9739.57
PO0002671,SUP0096,2026-01-01,2026-01-17,2026-01-20,Completed,6661.16
PO0002672,SUP0082,2025-01-03,2025-01-31,2025-02-10,Delayed,62669.01
PO0002673,SUP0012,2025-10-15,2025-11-03,2025-11-05,Completed,12409.64
PO0002674,SUP0043,2025-06-11,2025-07-16,2025-08-02,Delayed,1040.8
PO0002675,SUP0031,2025-09-03,2025-10-10,2025-10-05,Completed,1259.12
PO0002676,SUP0030,2025-11-23,2025-12-15,2025-12-22,Delayed,261434.93
PO0002677,SUP0028,2025-06-12,2025-06-26,,In Progress,5084.76
PO0002678,SUP0086,2026-03-30,2026-04-14,2026-04-14,Completed,1409.28
PO0002679,SUP0057,2025-05-31,2025-06-20,2025-06-21,Completed,7119.6
PO0002680,SUP0059,2025-06-16,2025-06-30,,Cancelled,12907.34
PO0002681,SUP0038,2025-10-20,2025-10-25,,In Progress,1828.45
PO0002682,SUP0081,2025-08-13,2025-09-08,2025-09-25,Delayed,15906.42
PO0002683,SUP0030,2025-12-31,2026-01-30,2026-02-03,Completed,6199.04
PO0002684,SUP0061,2025-07-15,2025-08-04,,In Progress,22489.92
PO0002685,SUP0016,2025-01-13,2025-01-25,,Cancelled,31133.54
PO0002686,SUP0058,2025-03-19,2025-04-11,2025-04-15,Completed,18136.53
PO0002687,SUP0002,2026-03-06,2026-04-10,2026-04-10,Completed,37024.42
PO0002688,SUP0041,2025-11-13,2025-12-17,2025-12-16,Completed,2674.35
PO0002689,SUP0092,2026-02-14,2026-03-03,2026-02-27,Completed,2617.44
PO0002690,SUP0077,2025-11-30,2025-12-11,2025-12-30,Delayed,71653.72
PO0002691,SUP0090,2026-03-29,2026-05-04,,In Progress,20179.82
PO0002692,SUP0055,2026-04-16,2026-04-30,,In Progress,154299.52
PO0002693,SUP0065,2025-11-12,2025-12-18,2025-12-18,Completed,1464.64
PO0002694,SUP0054,2026-02-28,2026-04-06,,In Progress,31944.83
PO0002695,SUP0090,2025-12-17,2026-01-16,2026-01-21,Completed,8148.25
PO0002696,SUP0055,2025-12-16,2025-12-30,,In Progress,63537.26
PO0002697,SUP0043,2025-08-22,2025-09-27,2025-09-27,Completed,85153.06
PO0002698,SUP0058,2025-01-24,2025-02-16,2025-02-14,Completed,44149.98
PO0002699,SUP0100,2026-04-02,2026-04-25,2026-04-23,Completed,12659.84
PO0002700,SUP0074,2025-03-08,2025-03-28,2025-03-31,Completed,56020.39
PO0002701,SUP0097,2026-02-04,2026-02-16,2026-02-19,Completed,61357.85
PO0002702,SUP0073,2026-05-30,2026-06-24,2026-06-28,Completed,4067.44
PO0002703,SUP0003,2025-12-15,2025-12-22,2025-12-22,Completed,1029.28
PO0002704,SUP0075,2025-06-06,2025-06-17,2025-06-17,Completed,3597.36
PO0002705,SUP0082,2025-01-11,2025-02-02,2025-02-02,Completed,10485.12
PO0002706,SUP0078,2025-12-21,2026-01-03,2026-01-06,Delayed,17009.35
PO0002707,SUP0003,2025-02-26,2025-03-13,2025-03-20,Completed,2202.67
PO0002708,SUP0042,2026-03-01,2026-03-31,2026-04-04,Completed,3612.42
PO0002709,SUP0040,2026-05-24,2026-06-24,2026-06-24,Completed,16569.7
PO0002710,SUP0013,2026-05-20,2026-06-27,2026-06-30,Completed,21114.75
PO0002711,SUP0030,2025-02-26,2025-03-24,2025-03-31,Completed,1078.4
PO0002712,SUP0043,2025-06-20,2025-07-28,2025-07-28,Completed,543.68
PO0002713,SUP0071,2025-03-11,2025-04-08,2025-04-19,Completed,44925.89
PO0002714,SUP0045,2026-01-09,2026-02-01,2026-02-05,Delayed,69932.64
PO0002715,SUP0028,2026-05-26,2026-06-15,2026-06-29,Delayed,24459.65
PO0002716,SUP0097,2025-05-05,2025-05-17,,In Progress,23927.55
PO0002717,SUP0069,2026-04-21,2026-05-22,2026-05-17,Completed,32065.89
PO0002718,SUP0024,2025-11-09,2025-11-25,2025-11-29,Completed,21709.8
PO0002719,SUP0056,2026-05-04,2026-05-09,2026-05-09,Completed,29862.52
PO0002720,SUP0010,2026-05-05,2026-06-01,2026-06-08,Delayed,55788.16
PO0002721,SUP0065,2025-09-28,2025-10-10,2025-10-10,Completed,23212.38
PO0002722,SUP0020,2025-10-05,2025-11-01,,In Progress,22496.79
PO0002723,SUP0055,2025-02-01,2025-03-04,2025-03-08,Completed,35071.05
PO0002724,SUP0022,2026-05-30,2026-06-30,2026-06-30,Completed,9395.42
PO0002725,SUP0046,2026-03-01,2026-03-29,,Cancelled,5243.28
PO0002726,SUP0040,2025-06-01,2025-06-25,2025-06-25,Completed,11235.97
PO0002727,SUP0079,2025-11-30,2025-12-20,2025-12-24,Completed,8918.97
PO0002728,SUP0100,2025-06-09,2025-06-18,2025-06-23,Completed,5787.72
PO0002729,SUP0038,2025-10-27,2025-12-07,2025-12-05,Completed,601.08
PO0002730,SUP0092,2026-04-10,2026-05-14,2026-05-16,Completed,9458.72
PO0002731,SUP0044,2026-02-09,2026-03-05,2026-03-07,Completed,5099.05
PO0002732,SUP0050,2026-02-26,2026-04-03,,Cancelled,14195.48
PO0002733,SUP0011,2026-04-09,2026-05-18,2026-05-18,Completed,10123.12
PO0002734,SUP0052,2025-11-22,2025-12-08,2025-12-13,Completed,6696.3
PO0002735,SUP0077,2026-04-11,2026-04-28,2026-05-02,Completed,85364.06
PO0002736,SUP0029,2025-11-02,2025-12-05,2025-12-10,Delayed,27110.13
PO0002737,SUP0099,2025-12-18,2026-01-12,2026-01-07,Completed,159901.33
PO0002738,SUP0012,2025-02-12,2025-03-07,2025-03-04,Completed,23145.8
PO0002739,SUP0031,2025-07-28,2025-08-24,2025-08-28,Delayed,22506.88
PO0002740,SUP0076,2025-08-21,2025-09-20,2025-09-15,Completed,22545.08
PO0002741,SUP0022,2026-01-14,2026-02-04,,In Progress,50024.01
PO0002742,SUP0066,2025-12-14,2026-01-29,2026-02-05,Completed,18708.02
PO0002743,SUP0093,2025-01-19,2025-02-18,2025-02-19,Completed,18088.11
PO0002744,SUP0004,2026-02-28,2026-03-27,2026-03-26,Completed,15722.51
PO0002745,SUP0016,2025-12-16,2026-01-08,2026-01-18,Delayed,187990.08
PO0002746,SUP0042,2025-09-20,2025-10-11,2025-10-24,Delayed,24727.1
PO0002747,SUP0037,2025-07-18,2025-08-15,,In Progress,2699.07
PO0002748,SUP0013,2025-11-28,2025-12-20,,Pending Approval,91801.84
PO0002749,SUP0009,2025-04-29,2025-05-26,2025-05-26,Completed,6751.42
PO0002750,SUP0097,2025-01-03,2025-02-05,2025-01-31,Completed,8569.94
PO0002751,SUP0030,2025-02-12,2025-03-14,2025-03-19,Delayed,69580.68
PO0002752,SUP0029,2025-10-16,2025-11-08,2025-11-10,Completed,31680.98
PO0002753,SUP0060,2025-08-03,2025-09-07,2025-09-08,Completed,621.92
PO0002754,SUP0046,2025-11-25,2025-12-30,2025-12-29,Completed,35667.0
PO0002755,SUP0043,2026-05-22,2026-06-15,2026-06-14,Completed,1739.78
PO0002756,SUP0049,2025-03-01,2025-03-07,2025-03-04,Completed,31441.86
PO0002757,SUP0026,2026-01-23,2026-03-01,2026-03-01,Completed,9133.93
PO0002758,SUP0018,2025-09-06,2025-10-14,2025-10-19,Completed,43269.08
PO0002759,SUP0030,2025-06-03,2025-07-04,2025-07-17,Delayed,4713.6
PO0002760,SUP0028,2025-11-23,2025-11-28,2025-12-01,Completed,64700.41
PO0002761,SUP0077,2025-12-13,2025-12-18,2025-12-18,Completed,6820.3
PO0002762,SUP0021,2025-07-23,2025-08-05,2025-08-22,Delayed,6667.6
PO0002763,SUP0094,2025-07-02,2025-08-09,2025-08-13,Delayed,11274.71
PO0002764,SUP0071,2025-10-19,2025-11-04,2025-11-04,Completed,16452.48
PO0002765,SUP0049,2026-03-13,2026-05-02,2026-05-02,Completed,53566.84
PO0002766,SUP0041,2026-04-03,2026-05-09,2026-05-06,Completed,5038.87
PO0002767,SUP0016,2026-05-22,2026-06-30,2026-06-30,Completed,20591.06
PO0002768,SUP0006,2026-02-21,2026-03-31,2026-03-26,Completed,8872.24
PO0002769,SUP0016,2026-04-15,2026-05-13,,In Progress,2400.46
PO0002770,SUP0056,2025-09-24,2025-10-20,2025-10-26,Completed,38709.28
PO0002771,SUP0055,2025-11-26,2025-12-05,2025-12-13,Delayed,8896.14
PO0002772,SUP0067,2026-03-23,2026-04-08,,In Progress,130684.86
PO0002773,SUP0026,2025-10-09,2025-11-16,2025-11-27,Delayed,7770.67
PO0002774,SUP0026,2026-04-28,2026-05-24,,In Progress,12746.54
PO0002775,SUP0045,2026-02-27,2026-03-21,,Cancelled,23435.8
PO0002776,SUP0069,2025-09-07,2025-09-28,2025-09-30,Completed,9594.6
PO0002777,SUP0075,2025-07-23,2025-08-21,,In Progress,539.16
PO0002778,SUP0072,2025-12-17,2026-01-06,2026-01-06,Completed,12427.51
PO0002779,SUP0054,2026-02-09,2026-02-24,2026-02-28,Completed,1994.85
PO0002780,SUP0050,2026-03-16,2026-03-30,2026-03-30,Completed,24638.43
PO0002781,SUP0028,2025-06-11,2025-07-13,2025-07-17,Completed,38093.25
PO0002782,SUP0023,2026-05-12,2026-05-24,2026-05-24,Completed,20019.58
PO0002783,SUP0099,2025-11-02,2025-11-29,,In Progress,73459.05
PO0002784,SUP0020,2025-06-24,2025-07-25,2025-07-22,Completed,12097.32
PO0002785,SUP0029,2025-01-14,2025-02-08,2025-02-08,Completed,7416.08
PO0002786,SUP0039,2025-04-01,2025-04-19,2025-04-15,Completed,24514.53
PO0002787,SUP0087,2026-01-22,2026-02-02,2026-01-30,Completed,6111.84
PO0002788,SUP0010,2025-10-21,2025-11-14,2025-11-14,Completed,40831.56
PO0002789,SUP0047,2025-12-16,2026-01-08,2026-01-10,Completed,61370.47
PO0002790,SUP0027,2026-01-02,2026-01-18,2026-01-18,Completed,19457.95
PO0002791,SUP0002,2025-05-17,2025-06-14,2025-06-13,Completed,98343.74
PO0002792,SUP0067,2026-03-07,2026-03-31,2026-04-20,Delayed,13207.74
PO0002793,SUP0033,2025-11-30,2026-01-02,2026-01-01,Completed,6690.77
PO0002794,SUP0052,2025-09-02,2025-09-14,2025-09-09,Completed,13766.9
PO0002795,SUP0014,2026-04-24,2026-05-12,2026-05-18,Completed,67394.68
PO0002796,SUP0028,2025-08-21,2025-09-16,2025-09-26,Delayed,15750.6
PO0002797,SUP0078,2026-02-19,2026-03-25,2026-03-20,Completed,11597.88
PO0002798,SUP0060,2025-10-07,2025-11-14,2025-11-17,Completed,4852.64
PO0002799,SUP0077,2026-02-23,2026-03-31,2026-04-18,Delayed,386465.69
PO0002800,SUP0006,2025-11-04,2025-12-01,2025-12-01,Completed,16068.81
PO0002801,SUP0086,2025-08-11,2025-08-29,,In Progress,100.14
PO0002802,SUP0009,2025-12-23,2026-01-04,,In Progress,4159.82
PO0002803,SUP0099,2026-02-23,2026-03-13,2026-03-15,Completed,39847.48
PO0002804,SUP0075,2026-01-18,2026-02-19,2026-03-02,Delayed,8100.15
PO0002805,SUP0035,2025-02-18,2025-03-23,2025-03-26,Completed,16360.32
PO0002806,SUP0025,2025-05-19,2025-06-25,,In Progress,5284.06
PO0002807,SUP0085,2025-05-15,2025-06-17,,Pending Approval,11271.66
PO0002808,SUP0067,2025-09-21,2025-10-22,,In Progress,115023.15
PO0002809,SUP0066,2025-12-08,2026-01-04,2026-01-14,Delayed,37869.56
PO0002810,SUP0010,2025-04-16,2025-05-14,2025-05-18,Completed,9751.11
PO0002811,SUP0070,2025-01-21,2025-02-26,,In Progress,66619.52
PO0002812,SUP0098,2026-03-09,2026-04-15,2026-04-15,Completed,99.18
PO0002813,SUP0045,2025-09-11,2025-09-16,2025-09-24,Delayed,27736.07
PO0002814,SUP0080,2025-03-15,2025-04-09,2025-04-06,Completed,5199.7
PO0002815,SUP0037,2025-05-25,2025-06-05,,Cancelled,16415.28
PO0002816,SUP0092,2026-03-25,2026-04-17,2026-05-02,Delayed,13505.44
PO0002817,SUP0093,2025-03-06,2025-04-02,2025-04-01,Completed,47522.32
PO0002818,SUP0023,2026-02-12,2026-02-28,2026-03-17,Delayed,41006.56
PO0002819,SUP0067,2025-03-06,2025-04-18,2025-04-18,Completed,94783.14
PO0002820,SUP0044,2025-04-05,2025-04-27,2025-04-22,Completed,8890.92
PO0002821,SUP0088,2026-05-21,2026-06-21,2026-06-30,Delayed,142131.3
PO0002822,SUP0011,2025-06-19,2025-07-12,,Pending Approval,9427.5
PO0002823,SUP0056,2025-12-30,2026-01-21,2026-01-23,Completed,36377.41
PO0002824,SUP0068,2025-08-31,2025-09-05,,In Progress,148124.44
PO0002825,SUP0049,2025-11-07,2025-12-04,2025-11-29,Completed,6975.3
PO0002826,SUP0078,2025-06-03,2025-06-29,2025-06-30,Completed,7498.33
PO0002827,SUP0054,2025-12-07,2025-12-15,2025-12-16,Completed,5689.88
PO0002828,SUP0061,2026-04-13,2026-05-11,2026-05-09,Completed,286.52
PO0002829,SUP0009,2025-09-22,2025-10-25,2025-11-11,Delayed,7029.47
PO0002830,SUP0003,2026-02-26,2026-03-17,2026-03-15,Completed,3326.43
PO0002831,SUP0014,2025-08-08,2025-08-21,2025-08-20,Completed,1336966.78
PO0002832,SUP0092,2025-12-23,2026-01-27,2026-01-22,Completed,2299.43
PO0002833,SUP0091,2026-01-25,2026-02-17,2026-02-16,Completed,5325.12
PO0002834,SUP0036,2025-12-13,2026-01-02,2026-01-02,Completed,11124.86
PO0002835,SUP0019,2025-12-01,2025-12-22,2025-12-18,Completed,55675.87
PO0002836,SUP0069,2025-10-04,2025-10-31,,In Progress,7782.32
PO0002837,SUP0052,2025-02-13,2025-02-26,2025-02-22,Completed,4841.27
PO0002838,SUP0065,2025-08-16,2025-09-02,,Cancelled,112079.58
PO0002839,SUP0100,2026-01-08,2026-01-25,,In Progress,34484.4
PO0002840,SUP0026,2025-05-11,2025-05-26,2025-05-30,Completed,1234.1
PO0002841,SUP0060,2025-09-16,2025-10-18,2025-11-04,Delayed,25347.62
PO0002842,SUP0005,2025-01-20,2025-02-14,,In Progress,5383.9
PO0002843,SUP0058,2026-02-15,2026-03-21,2026-03-20,Completed,17113.95
PO0002844,SUP0065,2026-03-29,2026-05-03,2026-05-07,Completed,33360.02
PO0002845,SUP0059,2025-04-05,2025-04-27,2025-04-27,Completed,605.77
PO0002846,SUP0086,2025-04-20,2025-05-02,2025-05-08,Delayed,80815.31
PO0002847,SUP0066,2025-11-09,2025-11-23,2025-11-28,Completed,27661.81
PO0002848,SUP0077,2026-04-14,2026-05-09,2026-05-14,Completed,36647.78
PO0002849,SUP0022,2025-03-28,2025-04-20,2025-04-15,Completed,17308.8
PO0002850,SUP0052,2025-02-19,2025-03-19,2025-03-19,Completed,20879.73
PO0002851,SUP0010,2025-11-22,2025-12-22,2026-01-03,Delayed,17359.32
PO0002852,SUP0039,2026-03-04,2026-04-03,,Cancelled,4783.68
PO0002853,SUP0053,2025-08-17,2025-08-25,,In Progress,137794.26
PO0002854,SUP0061,2026-01-07,2026-02-02,2026-02-06,Completed,2482.2
PO0002855,SUP0099,2026-02-09,2026-02-22,2026-03-02,Delayed,3296.8
PO0002856,SUP0043,2026-01-12,2026-01-24,2026-01-22,Completed,12462.15
PO0002857,SUP0070,2025-02-05,2025-03-06,2025-03-06,Completed,63707.63
PO0002858,SUP0069,2025-04-24,2025-05-27,2025-05-27,Completed,10144.5
PO0002859,SUP0061,2025-02-25,2025-03-21,2025-03-23,Completed,567.84
PO0002860,SUP0054,2026-04-18,2026-05-06,2026-05-07,Completed,17660.52
PO0002861,SUP0055,2025-04-17,2025-05-20,2025-05-27,Completed,15628.64
PO0002862,SUP0079,2025-12-05,2025-12-12,,In Progress,130.69
PO0002863,SUP0064,2025-02-18,2025-03-19,2025-03-17,Completed,826.48
PO0002864,SUP0050,2025-12-26,2026-01-29,2026-01-30,Completed,39192.04
PO0002865,SUP0016,2025-05-15,2025-06-01,2025-06-03,Completed,32486.12
PO0002866,SUP0049,2026-05-11,2026-06-10,2026-06-15,Completed,12779.66
PO0002867,SUP0012,2025-01-01,2025-01-27,2025-02-01,Completed,15607.68
PO0002868,SUP0028,2025-06-14,2025-07-05,,In Progress,19616.9
PO0002869,SUP0095,2025-03-22,2025-04-21,2025-04-20,Completed,1311.38
PO0002870,SUP0014,2025-02-24,2025-03-10,2025-03-10,Completed,459575.67
PO0002871,SUP0039,2025-08-05,2025-08-26,2025-08-28,Completed,4752.0
PO0002872,SUP0092,2025-11-01,2025-11-23,2025-11-18,Completed,7829.52
PO0002873,SUP0060,2025-08-21,2025-09-27,2025-10-03,Completed,29440.41
PO0002874,SUP0060,2025-03-13,2025-04-07,2025-04-06,Completed,37661.59
PO0002875,SUP0032,2025-11-30,2025-12-25,2025-12-22,Completed,1790.35
PO0002876,SUP0018,2025-07-05,2025-08-04,2025-08-15,Delayed,40871.37
PO0002877,SUP0065,2025-05-27,2025-06-22,,Pending Approval,3659.58
PO0002878,SUP0065,2026-05-19,2026-06-25,2026-06-24,Completed,6167.4
PO0002879,SUP0036,2026-05-06,2026-05-30,2026-05-26,Completed,8826.59
PO0002880,SUP0090,2026-04-27,2026-05-02,,Cancelled,41465.15
PO0002881,SUP0013,2026-02-02,2026-02-26,2026-02-26,Completed,23331.13
PO0002882,SUP0075,2026-05-19,2026-06-14,2026-06-09,Completed,117561.92
PO0002883,SUP0052,2026-01-14,2026-02-01,2026-01-28,Completed,9253.88
PO0002884,SUP0055,2026-05-25,2026-06-26,2026-06-28,Completed,20715.87
PO0002885,SUP0097,2025-07-16,2025-08-06,2025-08-19,Delayed,19112.01
PO0002886,SUP0055,2025-07-27,2025-08-13,2025-08-08,Completed,10913.15
PO0002887,SUP0056,2026-05-02,2026-05-30,2026-06-09,Delayed,3184.6
PO0002888,SUP0073,2026-05-29,2026-06-23,2026-06-21,Completed,52818.13
PO0002889,SUP0046,2025-08-20,2025-09-19,2025-09-19,Completed,66293.37
PO0002890,SUP0089,2025-10-10,2025-10-23,2025-10-29,Completed,948.69
PO0002891,SUP0051,2025-12-10,2026-01-23,2026-01-25,Completed,68204.25
PO0002892,SUP0038,2026-01-21,2026-02-26,2026-03-01,Delayed,4366.04
PO0002893,SUP0082,2025-08-20,2025-09-14,2025-09-20,Completed,68341.33
PO0002894,SUP0024,2025-07-04,2025-08-04,,In Progress,75304.14
PO0002895,SUP0091,2025-10-26,2025-11-29,2025-11-26,Completed,7517.91
PO0002896,SUP0072,2025-07-10,2025-08-16,,In Progress,6142.56
PO0002897,SUP0029,2025-08-15,2025-09-25,2025-10-03,Delayed,7660.44
PO0002898,SUP0057,2025-03-16,2025-04-27,2025-04-28,Completed,37393.91
PO0002899,SUP0066,2025-06-05,2025-07-29,2025-07-29,Completed,76039.2
PO0002900,SUP0066,2025-02-06,2025-02-22,2025-02-26,Completed,4403.16
PO0002901,SUP0056,2025-05-28,2025-06-23,2025-06-19,Completed,6328.0
PO0002902,SUP0083,2026-01-27,2026-02-26,2026-02-26,Completed,42423.5
PO0002903,SUP0042,2025-03-01,2025-03-30,2025-04-03,Completed,45121.57
PO0002904,SUP0092,2025-10-02,2025-11-22,,In Progress,7549.65
PO0002905,SUP0061,2026-04-14,2026-05-02,,In Progress,4209.6
PO0002906,SUP0071,2025-02-03,2025-03-04,2025-03-07,Completed,34804.0
PO0002907,SUP0089,2025-04-04,2025-05-01,2025-05-05,Completed,19587.49
PO0002908,SUP0046,2026-03-10,2026-04-07,,In Progress,36542.54
PO0002909,SUP0073,2026-01-08,2026-02-13,2026-02-24,Delayed,179350.05
PO0002910,SUP0017,2025-10-18,2025-10-27,2025-10-28,Completed,12183.15
PO0002911,SUP0061,2025-03-04,2025-03-30,2025-03-25,Completed,3494.38
PO0002912,SUP0074,2025-11-09,2025-12-24,2025-12-30,Completed,4945.08
PO0002913,SUP0026,2025-09-12,2025-10-05,2025-09-30,Completed,637.26
PO0002914,SUP0092,2025-07-29,2025-08-30,,In Progress,4573.27
PO0002915,SUP0033,2026-03-03,2026-04-05,2026-04-15,Delayed,5498.04
PO0002916,SUP0005,2025-11-30,2025-12-23,,Cancelled,2067.38
PO0002917,SUP0029,2025-01-15,2025-02-10,,In Progress,28527.99
PO0002918,SUP0079,2025-11-10,2025-11-26,,Pending Approval,5881.95
PO0002919,SUP0026,2026-05-09,2026-06-08,2026-06-08,Completed,41855.78
PO0002920,SUP0008,2025-02-11,2025-03-22,2025-03-25,Completed,20718.83
PO0002921,SUP0070,2025-10-29,2025-11-22,2025-11-22,Completed,37268.93
PO0002922,SUP0037,2025-03-26,2025-04-19,2025-04-20,Completed,54263.61
PO0002923,SUP0095,2025-06-06,2025-06-28,2025-07-01,Completed,10983.61
PO0002924,SUP0054,2025-04-25,2025-05-24,2025-05-24,Completed,33015.36
PO0002925,SUP0009,2026-01-15,2026-02-06,2026-02-05,Completed,4994.01
PO0002926,SUP0008,2026-01-19,2026-02-01,2026-02-01,Completed,1001.06
PO0002927,SUP0053,2026-02-24,2026-03-26,2026-03-21,Completed,7032.72
PO0002928,SUP0083,2025-08-21,2025-09-07,2025-09-04,Completed,2529.36
PO0002929,SUP0073,2026-04-22,2026-05-13,2026-05-13,Completed,65944.28
PO0002930,SUP0007,2025-11-11,2025-12-14,2025-12-12,Completed,26534.75
PO0002931,SUP0050,2025-01-26,2025-02-12,2025-02-07,Completed,1377.8
PO0002932,SUP0019,2025-08-26,2025-09-20,2025-09-23,Completed,19739.66
PO0002933,SUP0074,2025-08-02,2025-09-03,2025-09-06,Completed,4618.25
PO0002934,SUP0032,2025-07-12,2025-08-06,,In Progress,81741.55
PO0002935,SUP0026,2025-12-08,2026-01-03,2026-01-03,Completed,3184.32
PO0002936,SUP0018,2025-12-14,2025-12-19,2025-12-18,Completed,14822.08
PO0002937,SUP0011,2025-10-05,2025-11-13,,In Progress,9322.54
PO0002938,SUP0077,2025-11-15,2026-01-03,2026-01-10,Delayed,31673.4
PO0002939,SUP0089,2026-02-16,2026-03-18,2026-03-13,Completed,1383.25
PO0002940,SUP0057,2025-10-31,2025-11-23,2025-11-27,Completed,4259.6
PO0002941,SUP0040,2026-04-17,2026-06-07,2026-06-09,Completed,74478.64
PO0002942,SUP0090,2025-02-13,2025-03-05,2025-03-19,Delayed,12274.64
PO0002943,SUP0051,2026-05-04,2026-05-09,,In Progress,37316.9
PO0002944,SUP0048,2025-10-31,2025-11-18,,In Progress,4065.69
PO0002945,SUP0045,2025-05-14,2025-06-15,2025-07-05,Delayed,167109.11
PO0002946,SUP0040,2026-04-24,2026-06-03,2026-06-22,Delayed,8922.02
PO0002947,SUP0025,2025-11-02,2025-11-14,,Cancelled,6954.92
PO0002948,SUP0059,2025-05-09,2025-06-18,2025-07-06,Delayed,10101.32
PO0002949,SUP0065,2026-05-13,2026-05-24,2026-05-19,Completed,11086.79
PO0002950,SUP0044,2025-06-22,2025-07-27,,In Progress,17404.21
PO0002951,SUP0061,2025-08-22,2025-09-11,2025-09-11,Completed,445.65
PO0002952,SUP0031,2025-05-17,2025-06-30,2025-07-03,Completed,15776.16
PO0002953,SUP0036,2025-02-05,2025-03-13,2025-03-16,Completed,7871.4
PO0002954,SUP0035,2025-08-24,2025-09-16,2025-09-11,Completed,3841.71
PO0002955,SUP0015,2026-02-25,2026-03-25,2026-03-29,Completed,21412.09
PO0002956,SUP0028,2025-06-20,2025-07-06,2025-07-07,Completed,10946.38
PO0002957,SUP0016,2025-01-11,2025-02-19,2025-02-18,Completed,34751.4
PO0002958,SUP0044,2026-01-28,2026-02-02,2026-01-29,Completed,1387.36
PO0002959,SUP0068,2025-04-05,2025-04-19,,In Progress,25552.2
PO0002960,SUP0058,2025-09-03,2025-09-15,2025-10-04,Delayed,53181.71
PO0002961,SUP0003,2025-12-27,2026-01-02,2026-01-06,Completed,6441.45
PO0002962,SUP0072,2025-03-15,2025-04-18,,Cancelled,92276.46
PO0002963,SUP0085,2026-02-22,2026-03-02,2026-03-06,Completed,5523.3
PO0002964,SUP0003,2025-02-22,2025-03-15,2025-03-17,Completed,4811.38
PO0002965,SUP0089,2025-02-23,2025-03-17,2025-03-20,Completed,7479.25
PO0002966,SUP0055,2026-03-01,2026-03-31,2026-04-16,Delayed,48661.43
PO0002967,SUP0085,2025-02-03,2025-02-20,2025-03-05,Delayed,466.97
PO0002968,SUP0057,2025-05-23,2025-05-29,2025-05-24,Completed,22226.69
PO0002969,SUP0087,2026-05-10,2026-06-12,2026-06-07,Completed,8006.5
PO0002970,SUP0005,2025-06-28,2025-07-20,2025-07-20,Completed,312.84
PO0002971,SUP0098,2025-09-26,2025-10-31,2025-10-30,Completed,17998.77
PO0002972,SUP0085,2025-07-16,2025-07-31,,In Progress,49142.87
PO0002973,SUP0025,2026-02-28,2026-03-15,2026-03-18,Completed,847.35
PO0002974,SUP0014,2025-10-23,2025-11-11,,In Progress,12826.66
PO0002975,SUP0019,2025-11-18,2025-12-07,2025-12-10,Completed,24897.6
PO0002976,SUP0049,2025-08-04,2025-09-20,2025-09-19,Completed,20705.3
PO0002977,SUP0056,2025-06-16,2025-07-05,2025-07-04,Completed,165973.65
PO0002978,SUP0073,2025-01-12,2025-02-09,2025-02-21,Delayed,62508.93
PO0002979,SUP0031,2025-07-09,2025-07-19,2025-07-22,Completed,4949.2
PO0002980,SUP0029,2025-08-13,2025-08-25,2025-08-30,Completed,14865.45
PO0002981,SUP0021,2025-07-20,2025-08-14,2025-08-16,Completed,19096.26
PO0002982,SUP0017,2025-06-19,2025-08-02,2025-07-30,Completed,783.5
PO0002983,SUP0007,2025-03-19,2025-04-11,2025-04-07,Completed,1081.26
PO0002984,SUP0054,2025-07-26,2025-08-13,2025-08-09,Completed,4984.32
PO0002985,SUP0045,2026-03-28,2026-04-27,,In Progress,66115.72
PO0002986,SUP0041,2025-05-12,2025-05-28,,In Progress,33874.83
PO0002987,SUP0030,2025-07-30,2025-08-13,2025-08-10,Completed,60478.84
PO0002988,SUP0082,2025-08-21,2025-09-02,2025-09-03,Completed,21254.85
PO0002989,SUP0013,2025-10-04,2025-11-05,,In Progress,71106.95
PO0002990,SUP0040,2025-12-13,2026-01-17,2026-01-12,Completed,13286.83
PO0002991,SUP0009,2025-12-11,2026-01-10,,Cancelled,14300.4
PO0002992,SUP0025,2025-05-04,2025-06-05,2025-06-07,Completed,34867.66
PO0002993,SUP0040,2025-06-29,2025-07-23,2025-07-29,Completed,13373.2
PO0002994,SUP0076,2026-04-11,2026-04-16,2026-05-02,Delayed,9556.86
PO0002995,SUP0050,2025-06-20,2025-07-06,,Cancelled,28882.28
PO0002996,SUP0047,2025-04-09,2025-05-06,,In Progress,65718.56
PO0002997,SUP0049,2025-05-13,2025-05-27,2025-05-25,Completed,224.24
PO0002998,SUP0076,2025-07-22,2025-08-28,2025-08-26,Completed,6352.54
PO0002999,SUP0027,2025-11-25,2025-12-18,,In Progress,10752.65
PO0003000,SUP0066,2025-08-30,2025-09-14,,In Progress,15667.74
PO0003001,SUP0047,2025-07-09,2025-07-18,,In Progress,154919.21
PO0003002,SUP0016,2025-11-28,2026-01-06,2026-01-08,Completed,22445.24
PO0003003,SUP0052,2025-08-22,2025-09-26,2025-09-26,Completed,3315.6
PO0003004,SUP0013,2025-01-11,2025-01-31,2025-01-28,Completed,22651.5
PO0003005,SUP0061,2025-07-29,2025-09-04,2025-09-01,Completed,2269.16
PO0003006,SUP0062,2026-01-26,2026-02-07,2026-02-11,Completed,80957.09
PO0003007,SUP0093,2025-11-21,2025-12-22,2026-01-04,Delayed,42335.64
PO0003008,SUP0009,2025-06-17,2025-07-21,2025-07-16,Completed,30458.54
PO0003009,SUP0027,2025-06-08,2025-06-26,2025-06-27,Completed,11134.0
PO0003010,SUP0087,2026-03-26,2026-04-13,,Cancelled,6702.76
PO0003011,SUP0066,2025-07-19,2025-07-31,2025-08-03,Completed,18160.02
PO0003012,SUP0032,2025-01-18,2025-02-13,2025-02-14,Completed,5872.95
PO0003013,SUP0096,2025-11-17,2025-12-09,,In Progress,12033.97
PO0003014,SUP0085,2026-04-19,2026-06-11,2026-06-14,Delayed,12367.14
PO0003015,SUP0072,2025-01-29,2025-02-03,2025-02-11,Completed,77391.74
PO0003016,SUP0085,2025-09-08,2025-09-13,,Cancelled,830.45
PO0003017,SUP0029,2025-03-19,2025-04-14,2025-04-09,Completed,18355.63
PO0003018,SUP0092,2025-12-25,2026-01-30,2026-02-17,Delayed,2965.96
PO0003019,SUP0073,2025-07-01,2025-07-31,,In Progress,318355.42
PO0003020,SUP0069,2025-08-23,2025-09-13,2025-09-16,Completed,6489.07
PO0003021,SUP0046,2026-04-22,2026-05-11,2026-05-12,Completed,4154.87
PO0003022,SUP0021,2025-04-05,2025-04-23,2025-04-28,Completed,5867.96
PO0003023,SUP0075,2025-05-10,2025-06-05,2025-06-02,Completed,12703.08
PO0003024,SUP0073,2025-09-18,2025-10-18,2025-10-20,Completed,71568.28
PO0003025,SUP0091,2026-03-04,2026-03-30,2026-03-29,Completed,17178.0
PO0003026,SUP0100,2026-01-06,2026-01-22,,Cancelled,3401.08
PO0003027,SUP0006,2025-01-12,2025-02-17,2025-02-18,Completed,3931.89
PO0003028,SUP0053,2026-05-15,2026-05-21,2026-05-24,Completed,22280.22
PO0003029,SUP0094,2025-01-01,2025-01-20,2025-01-29,Completed,3487.05
PO0003030,SUP0068,2025-12-30,2026-01-22,2026-01-20,Completed,13405.2
PO0003031,SUP0039,2026-04-23,2026-05-15,2026-05-30,Delayed,12740.32
PO0003032,SUP0062,2025-02-24,2025-03-26,2025-03-25,Completed,9011.38
PO0003033,SUP0089,2025-10-17,2025-11-15,,Cancelled,9719.0
PO0003034,SUP0045,2025-11-01,2025-11-29,,Cancelled,469079.82
PO0003035,SUP0092,2025-12-22,2026-01-01,,In Progress,38842.14
PO0003036,SUP0009,2025-07-19,2025-08-21,2025-09-03,Delayed,33783.84
PO0003037,SUP0098,2025-03-23,2025-04-08,,In Progress,2335.58
PO0003038,SUP0014,2026-04-16,2026-04-25,2026-04-28,Completed,50600.55
PO0003039,SUP0093,2025-09-13,2025-10-06,2025-10-01,Completed,779.66
PO0003040,SUP0017,2025-12-25,2026-01-30,2026-01-29,Completed,4586.16
PO0003041,SUP0064,2025-04-29,2025-05-11,2025-05-09,Completed,6407.61
PO0003042,SUP0076,2025-06-01,2025-06-13,2025-06-12,Completed,6686.3
PO0003043,SUP0021,2025-01-20,2025-02-10,2025-02-10,Completed,15244.56
PO0003044,SUP0018,2025-02-20,2025-02-25,2025-03-03,Completed,5535.0
PO0003045,SUP0050,2025-02-04,2025-03-09,,In Progress,8149.92
PO0003046,SUP0062,2025-05-29,2025-06-19,2025-06-20,Completed,25669.8
PO0003047,SUP0017,2025-01-15,2025-02-09,2025-02-10,Completed,4968.62
PO0003048,SUP0015,2025-06-08,2025-06-19,2025-07-05,Delayed,28230.01
PO0003049,SUP0070,2025-07-02,2025-07-28,2025-07-30,Completed,7128.03
PO0003050,SUP0001,2026-01-01,2026-01-08,2026-01-21,Delayed,12801.62
PO0003051,SUP0020,2025-10-01,2025-11-03,2025-11-03,Completed,6557.04
PO0003052,SUP0050,2025-03-26,2025-03-31,,In Progress,5886.82
PO0003053,SUP0031,2025-08-02,2025-08-22,,Pending Approval,1305.36
PO0003054,SUP0065,2025-12-08,2025-12-31,2025-12-31,Completed,59040.45
PO0003055,SUP0007,2025-05-03,2025-06-17,2025-06-19,Completed,6333.88
PO0003056,SUP0065,2026-05-31,2026-06-20,2026-06-26,Completed,93844.59
PO0003057,SUP0096,2025-05-14,2025-06-12,,Cancelled,6755.15
PO0003058,SUP0010,2025-08-11,2025-08-27,2025-08-29,Completed,5206.24
PO0003059,SUP0092,2025-11-12,2025-12-23,2025-12-23,Completed,9128.14
PO0003060,SUP0042,2026-03-26,2026-05-12,2026-05-29,Delayed,43110.08
PO0003061,SUP0048,2026-02-09,2026-03-08,2026-03-10,Completed,5688.89
PO0003062,SUP0005,2025-06-23,2025-07-24,2025-07-19,Completed,2907.51
PO0003063,SUP0071,2025-06-09,2025-07-15,,Cancelled,3283.13
PO0003064,SUP0036,2025-11-05,2025-12-07,,Pending Approval,6161.38
PO0003065,SUP0081,2026-01-14,2026-01-19,2026-02-06,Delayed,33.54
PO0003066,SUP0069,2025-09-30,2025-10-15,2025-10-15,Completed,3972.24
PO0003067,SUP0085,2025-04-14,2025-05-27,,In Progress,8463.72
PO0003068,SUP0004,2025-01-24,2025-02-18,,Pending Approval,2610.09
PO0003069,SUP0033,2025-04-17,2025-05-13,2025-05-16,Completed,2326.44
PO0003070,SUP0041,2025-07-26,2025-08-15,2025-08-14,Completed,10308.0
PO0003071,SUP0025,2026-03-04,2026-03-27,2026-03-27,Completed,38344.63
PO0003072,SUP0015,2025-08-20,2025-09-10,2025-09-15,Delayed,8586.6
PO0003073,SUP0082,2025-06-27,2025-08-21,,In Progress,153208.65
PO0003074,SUP0019,2025-10-13,2025-11-27,2025-11-26,Completed,75421.76
PO0003075,SUP0031,2025-07-17,2025-08-12,,In Progress,35253.39
PO0003076,SUP0039,2025-03-29,2025-04-17,,Pending Approval,156762.97
PO0003077,SUP0087,2026-04-23,2026-05-10,2026-05-26,Delayed,28483.77
PO0003078,SUP0009,2026-04-08,2026-04-22,2026-04-21,Completed,5656.09
PO0003079,SUP0026,2026-03-18,2026-04-18,,In Progress,9176.34
PO0003080,SUP0009,2025-05-01,2025-05-17,2025-05-19,Completed,9447.77
PO0003081,SUP0063,2025-01-06,2025-01-22,2025-01-26,Completed,6817.63
PO0003082,SUP0026,2026-04-12,2026-04-20,2026-04-20,Completed,2393.12
PO0003083,SUP0047,2025-06-20,2025-07-18,2025-07-19,Completed,13120.85
PO0003084,SUP0090,2026-05-24,2026-06-07,,Cancelled,12300.4
PO0003085,SUP0099,2025-02-24,2025-03-25,2025-03-24,Completed,43557.62
PO0003086,SUP0057,2026-05-10,2026-06-09,2026-06-08,Completed,79185.35
PO0003087,SUP0083,2025-02-08,2025-02-20,,Pending Approval,11407.24
PO0003088,SUP0032,2026-05-28,2026-06-27,2026-06-29,Completed,57944.8
PO0003089,SUP0100,2026-02-07,2026-02-14,,Cancelled,25972.5
PO0003090,SUP0094,2025-02-26,2025-03-28,,In Progress,34256.47
PO0003091,SUP0077,2025-07-26,2025-08-16,2025-08-16,Completed,96768.98
PO0003092,SUP0086,2025-12-29,2026-01-27,2026-01-30,Completed,84697.6
PO0003093,SUP0009,2025-07-21,2025-08-15,2025-08-14,Completed,24585.27
PO0003094,SUP0071,2025-01-05,2025-01-26,2025-01-21,Completed,9916.24
PO0003095,SUP0021,2025-09-11,2025-10-10,2025-10-13,Delayed,8236.23
PO0003096,SUP0049,2026-03-16,2026-04-05,2026-04-23,Delayed,30404.59
PO0003097,SUP0020,2025-10-23,2025-11-11,,In Progress,21844.6
PO0003098,SUP0084,2026-01-30,2026-03-01,2026-03-02,Completed,333.14
PO0003099,SUP0044,2026-02-12,2026-03-02,,In Progress,4994.94
PO0003100,SUP0053,2025-04-11,2025-05-12,2025-05-16,Delayed,4092.53
PO0003101,SUP0016,2025-08-07,2025-08-30,,In Progress,58170.38
PO0003102,SUP0003,2025-01-03,2025-01-15,,In Progress,2119.74
PO0003103,SUP0067,2025-02-15,2025-03-04,,In Progress,97897.04
PO0003104,SUP0031,2025-05-19,2025-06-13,2025-06-10,Completed,29995.82
PO0003105,SUP0064,2025-11-19,2025-12-15,2025-12-16,Completed,3380.96
PO0003106,SUP0042,2025-05-02,2025-05-29,2025-05-29,Completed,37127.55
PO0003107,SUP0013,2025-08-25,2025-09-19,2025-10-06,Delayed,348217.1
PO0003108,SUP0084,2025-05-14,2025-06-12,2025-06-19,Delayed,603.3
PO0003109,SUP0029,2026-05-18,2026-06-30,2026-06-30,Completed,39741.5
PO0003110,SUP0004,2025-08-21,2025-09-17,2025-09-20,Delayed,5453.52
PO0003111,SUP0005,2025-07-17,2025-08-12,,Pending Approval,29988.66
PO0003112,SUP0024,2026-02-26,2026-03-27,2026-04-05,Delayed,7560.64
PO0003113,SUP0080,2026-05-26,2026-06-30,2026-06-30,Completed,2460.25
PO0003114,SUP0097,2026-02-17,2026-03-11,2026-03-10,Completed,11607.1
PO0003115,SUP0054,2025-07-17,2025-08-19,2025-08-26,Completed,15206.96
PO0003116,SUP0093,2026-05-31,2026-06-22,2026-06-30,Delayed,23758.64
PO0003117,SUP0004,2026-05-17,2026-06-11,,In Progress,950.0
PO0003118,SUP0080,2025-06-04,2025-06-17,2025-06-17,Completed,1266.72
PO0003119,SUP0029,2025-11-12,2025-11-18,,In Progress,23815.75
PO0003120,SUP0064,2025-07-08,2025-08-04,2025-08-01,Completed,28283.97
PO0003121,SUP0012,2025-07-27,2025-09-01,,In Progress,685.4
PO0003122,SUP0037,2025-03-17,2025-04-06,2025-04-05,Completed,8770.35
PO0003123,SUP0094,2026-03-24,2026-04-29,2026-04-29,Completed,18576.77
PO0003124,SUP0048,2025-07-06,2025-08-05,2025-08-11,Completed,3848.64
PO0003125,SUP0054,2025-04-16,2025-05-22,2025-05-17,Completed,8450.75
PO0003126,SUP0041,2026-05-17,2026-06-22,2026-06-30,Delayed,3613.0
PO0003127,SUP0100,2025-02-21,2025-04-08,2025-04-08,Completed,146726.0
PO0003128,SUP0040,2025-04-15,2025-05-16,2025-05-14,Completed,19079.1
PO0003129,SUP0061,2025-05-23,2025-06-23,,In Progress,17039.18
PO0003130,SUP0015,2025-03-12,2025-04-08,2025-04-07,Completed,18610.64
PO0003131,SUP0036,2025-01-15,2025-01-29,2025-02-05,Completed,3908.25
PO0003132,SUP0043,2025-05-03,2025-05-27,,In Progress,40523.31
PO0003133,SUP0046,2025-05-31,2025-07-08,,In Progress,17492.86
PO0003134,SUP0098,2026-04-29,2026-06-05,2026-06-08,Completed,1307.05
PO0003135,SUP0096,2025-04-27,2025-05-18,2025-05-19,Completed,28029.48
PO0003136,SUP0085,2025-08-04,2025-08-26,2025-08-25,Completed,4331.0
PO0003137,SUP0005,2025-03-04,2025-04-01,2025-04-02,Completed,8028.75
PO0003138,SUP0089,2026-01-01,2026-02-04,2026-02-04,Completed,11415.95
PO0003139,SUP0096,2025-07-10,2025-08-08,2025-08-08,Completed,516.9
PO0003140,SUP0081,2025-08-08,2025-09-04,2025-09-01,Completed,317.73
PO0003141,SUP0053,2025-08-25,2025-10-02,2025-10-06,Completed,46442.11
PO0003142,SUP0006,2025-08-28,2025-10-04,2025-10-07,Completed,392.82
PO0003143,SUP0019,2026-04-08,2026-05-07,2026-05-05,Completed,50492.9
PO0003144,SUP0084,2025-02-18,2025-03-07,,Cancelled,5658.82
PO0003145,SUP0033,2025-04-04,2025-04-29,2025-04-29,Completed,501.5
PO0003146,SUP0035,2025-05-19,2025-06-14,2025-06-16,Completed,1436.8
PO0003147,SUP0005,2025-03-22,2025-04-15,2025-04-23,Delayed,5336.0
PO0003148,SUP0059,2025-06-03,2025-07-13,2025-07-16,Delayed,5661.87
PO0003149,SUP0002,2026-05-02,2026-05-28,,Cancelled,1422.72
PO0003150,SUP0091,2025-12-18,2026-01-12,,In Progress,8917.3
PO0003151,SUP0050,2025-02-02,2025-02-23,2025-03-07,Delayed,2307.06
PO0003152,SUP0046,2025-12-06,2025-12-27,,In Progress,11751.43
PO0003153,SUP0098,2025-11-16,2025-12-17,2025-12-17,Completed,5619.69
PO0003154,SUP0100,2025-12-08,2026-01-13,2026-01-10,Completed,272.63
PO0003155,SUP0029,2025-02-05,2025-03-03,2025-03-05,Completed,2851.73
PO0003156,SUP0025,2026-05-07,2026-05-30,,Cancelled,586.3
PO0003157,SUP0053,2026-01-04,2026-02-01,2026-01-29,Completed,81726.24
PO0003158,SUP0051,2026-04-27,2026-05-25,2026-05-23,Completed,38536.44
PO0003159,SUP0092,2026-04-07,2026-04-25,,In Progress,17949.81
PO0003160,SUP0011,2025-06-20,2025-06-26,2025-06-27,Completed,1445.6
PO0003161,SUP0043,2025-10-06,2025-10-30,2025-10-29,Completed,17891.72
PO0003162,SUP0076,2025-04-01,2025-05-09,2025-05-22,Delayed,22051.42
PO0003163,SUP0026,2025-03-29,2025-04-14,,Pending Approval,2573.06
PO0003164,SUP0071,2026-01-14,2026-02-10,,In Progress,23293.04
PO0003165,SUP0062,2025-11-24,2025-12-29,2026-01-02,Completed,15816.84
PO0003166,SUP0047,2025-12-12,2026-01-24,2026-01-27,Completed,27958.36
PO0003167,SUP0003,2026-03-03,2026-03-11,,In Progress,494.88
PO0003168,SUP0009,2025-04-08,2025-04-19,2025-04-19,Completed,15321.32
PO0003169,SUP0034,2026-03-19,2026-04-04,,In Progress,1576.98
PO0003170,SUP0084,2025-02-15,2025-03-15,,In Progress,5954.54
PO0003171,SUP0066,2025-02-24,2025-03-26,2025-04-14,Delayed,9993.75
PO0003172,SUP0028,2025-02-09,2025-03-16,2025-03-15,Completed,15274.89
PO0003173,SUP0081,2025-07-13,2025-08-01,2025-08-05,Completed,82627.41
PO0003174,SUP0053,2025-03-12,2025-04-20,2025-04-20,Completed,41100.02
PO0003175,SUP0008,2025-02-04,2025-02-19,,In Progress,21336.49
PO0003176,SUP0013,2025-04-26,2025-06-01,2025-06-01,Completed,69455.46
PO0003177,SUP0049,2025-12-20,2026-01-13,2026-01-08,Completed,18728.69
PO0003178,SUP0095,2025-01-01,2025-02-07,2025-02-07,Completed,20252.54
PO0003179,SUP0007,2026-04-21,2026-05-28,2026-06-13,Delayed,17502.08
PO0003180,SUP0071,2025-08-01,2025-08-29,2025-08-25,Completed,11978.4
PO0003181,SUP0077,2026-03-20,2026-03-28,2026-03-27,Completed,71584.98
PO0003182,SUP0018,2026-03-14,2026-04-08,2026-04-08,Completed,22423.64
PO0003183,SUP0075,2026-04-13,2026-04-22,2026-04-21,Completed,14581.93
PO0003184,SUP0034,2025-09-10,2025-10-18,2025-10-20,Completed,1741.61
PO0003185,SUP0062,2025-06-21,2025-07-22,,In Progress,33145.44
PO0003186,SUP0046,2026-05-07,2026-06-04,,In Progress,27184.6
PO0003187,SUP0038,2025-07-08,2025-07-23,2025-07-21,Completed,8419.08
PO0003188,SUP0034,2026-04-17,2026-05-28,,Cancelled,33583.88
PO0003189,SUP0011,2026-02-28,2026-03-24,,In Progress,2884.8
PO0003190,SUP0030,2025-11-14,2025-12-06,2025-12-12,Completed,7787.84
PO0003191,SUP0067,2025-11-15,2025-12-14,,In Progress,13514.04
PO0003192,SUP0064,2025-11-13,2025-12-04,2025-12-06,Completed,3075.07
PO0003193,SUP0016,2025-04-02,2025-04-24,2025-04-19,Completed,49505.8
PO0003194,SUP0008,2025-07-15,2025-07-31,,In Progress,2356.8
PO0003195,SUP0028,2025-02-06,2025-03-17,2025-03-22,Completed,33732.76
PO0003196,SUP0066,2026-03-29,2026-04-20,,Cancelled,97285.56
PO0003197,SUP0068,2026-03-09,2026-04-06,2026-04-01,Completed,17829.63
PO0003198,SUP0087,2025-08-22,2025-09-24,2025-09-23,Completed,12322.32
PO0003199,SUP0004,2025-08-23,2025-09-02,2025-09-16,Delayed,635.6
PO0003200,SUP0064,2025-08-30,2025-09-13,,In Progress,4002.6
PO0003201,SUP0090,2025-06-01,2025-06-26,2025-06-29,Completed,35336.4
PO0003202,SUP0017,2025-02-04,2025-03-03,2025-03-03,Completed,22307.49
PO0003203,SUP0047,2025-08-18,2025-09-17,2025-09-23,Delayed,32087.87
PO0003204,SUP0075,2026-04-22,2026-05-21,2026-06-02,Delayed,42761.24
PO0003205,SUP0066,2025-07-10,2025-07-30,2025-08-01,Completed,3714.3
PO0003206,SUP0078,2025-02-25,2025-03-17,2025-03-16,Completed,14939.54
PO0003207,SUP0023,2026-01-25,2026-02-02,2026-02-02,Completed,83568.42
PO0003208,SUP0094,2025-11-11,2025-12-31,2026-01-04,Delayed,97.74
PO0003209,SUP0011,2025-08-15,2025-09-13,2025-09-08,Completed,1842.12
PO0003210,SUP0066,2025-07-21,2025-09-03,2025-09-07,Completed,2527.9
PO0003211,SUP0084,2026-02-02,2026-02-27,2026-02-27,Completed,8655.0
PO0003212,SUP0070,2025-08-25,2025-09-24,,In Progress,210803.53
PO0003213,SUP0005,2025-10-02,2025-10-24,,In Progress,2080.95
PO0003214,SUP0075,2025-10-03,2025-11-03,2025-11-06,Completed,4137.84
PO0003215,SUP0015,2025-07-15,2025-08-13,2025-08-11,Completed,12098.92
PO0003216,SUP0020,2026-01-21,2026-02-17,2026-02-15,Completed,355.45
PO0003217,SUP0091,2026-01-15,2026-02-11,,Pending Approval,20144.64
PO0003218,SUP0074,2025-01-21,2025-02-13,2025-02-14,Completed,20957.3
PO0003219,SUP0094,2025-12-09,2026-01-05,,In Progress,19946.17
PO0003220,SUP0072,2025-11-13,2025-12-14,2025-12-10,Completed,33355.37
PO0003221,SUP0014,2025-11-11,2025-11-30,,Cancelled,3397.32
PO0003222,SUP0037,2025-08-14,2025-09-28,2025-10-01,Completed,3740.73
PO0003223,SUP0037,2025-04-25,2025-06-04,2025-06-23,Delayed,3275.48
PO0003224,SUP0068,2026-03-14,2026-03-20,2026-03-18,Completed,44825.85
PO0003225,SUP0087,2025-10-24,2025-12-02,2025-12-03,Completed,29149.24
PO0003226,SUP0086,2025-05-28,2025-06-25,2025-07-13,Delayed,9160.14
PO0003227,SUP0055,2025-10-14,2025-11-04,2025-11-13,Delayed,40210.82
PO0003228,SUP0039,2025-01-13,2025-02-16,,In Progress,27746.07
PO0003229,SUP0042,2025-03-10,2025-04-08,2025-04-04,Completed,76001.4
PO0003230,SUP0081,2025-11-24,2025-12-14,,In Progress,39706.16
PO0003231,SUP0085,2026-01-19,2026-03-04,2026-03-07,Completed,10551.45
PO0003232,SUP0061,2025-10-31,2025-11-23,2025-12-02,Delayed,4307.25
PO0003233,SUP0097,2026-03-10,2026-04-07,2026-04-07,Completed,27872.91
PO0003234,SUP0061,2026-04-14,2026-05-03,2026-04-30,Completed,128.72
PO0003235,SUP0016,2025-11-23,2026-01-05,2026-01-02,Completed,33145.59
PO0003236,SUP0078,2025-07-25,2025-08-28,,In Progress,31073.28
PO0003237,SUP0067,2025-07-06,2025-08-03,2025-08-03,Completed,66017.82
PO0003238,SUP0019,2025-03-04,2025-03-24,,Cancelled,143578.86
PO0003239,SUP0046,2025-07-09,2025-07-29,2025-08-13,Delayed,15013.18
PO0003240,SUP0031,2026-01-20,2026-02-10,2026-02-09,Completed,32113.26
PO0003241,SUP0017,2026-05-05,2026-05-31,2026-05-27,Completed,338.6
PO0003242,SUP0072,2026-05-26,2026-06-23,2026-06-22,Completed,13454.16
PO0003243,SUP0004,2025-05-18,2025-05-31,2025-06-04,Completed,16122.32
PO0003244,SUP0030,2025-05-26,2025-06-25,2025-06-20,Completed,25902.32
PO0003245,SUP0051,2025-03-04,2025-04-21,2025-04-20,Completed,18502.92
PO0003246,SUP0084,2026-01-10,2026-02-11,,In Progress,4635.05
PO0003247,SUP0090,2025-12-15,2026-01-20,2026-01-17,Completed,111663.69
PO0003248,SUP0051,2025-08-15,2025-09-09,2025-09-04,Completed,34904.97
PO0003249,SUP0094,2025-07-08,2025-08-25,2025-08-26,Completed,3790.93
PO0003250,SUP0052,2025-12-20,2026-01-10,2026-01-20,Completed,7202.94
PO0003251,SUP0048,2025-10-31,2025-12-08,2025-12-10,Completed,11904.49
PO0003252,SUP0047,2025-07-12,2025-07-31,2025-07-31,Completed,44010.81
PO0003253,SUP0086,2025-12-01,2025-12-20,2025-12-20,Completed,23170.72
PO0003254,SUP0020,2026-05-12,2026-05-17,2026-05-16,Completed,25942.29
PO0003255,SUP0043,2025-10-21,2025-11-21,2025-11-20,Completed,931.76
PO0003256,SUP0065,2026-03-29,2026-04-09,2026-04-05,Completed,9130.44
PO0003257,SUP0085,2025-07-27,2025-08-27,2025-08-26,Completed,39489.6
PO0003258,SUP0082,2025-03-03,2025-03-22,2025-04-07,Delayed,257980.5
PO0003259,SUP0059,2025-06-30,2025-07-22,2025-07-26,Delayed,1343.65
PO0003260,SUP0070,2025-01-18,2025-02-12,2025-02-24,Delayed,31049.15
PO0003261,SUP0050,2025-12-12,2026-01-13,2026-01-21,Completed,3301.32
PO0003262,SUP0012,2025-12-02,2026-01-02,,Pending Approval,1334.16
PO0003263,SUP0055,2026-02-19,2026-03-29,2026-04-16,Delayed,49756.14
PO0003264,SUP0045,2025-12-16,2026-01-01,2025-12-31,Completed,13936.32
PO0003265,SUP0005,2026-02-04,2026-03-16,,Cancelled,25311.41
PO0003266,SUP0007,2025-03-04,2025-03-25,,In Progress,9126.67
PO0003267,SUP0022,2025-10-21,2025-11-29,2025-12-05,Completed,10619.47
PO0003268,SUP0034,2026-01-14,2026-01-19,2026-01-20,Completed,8536.46
PO0003269,SUP0091,2026-03-14,2026-04-15,2026-04-15,Completed,19425.34
PO0003270,SUP0069,2025-07-23,2025-08-11,2025-08-31,Delayed,5437.5
PO0003271,SUP0067,2025-11-28,2025-12-07,2025-12-05,Completed,4221.49
PO0003272,SUP0058,2026-01-10,2026-02-14,2026-02-15,Completed,8777.74
PO0003273,SUP0008,2026-04-29,2026-06-14,2026-06-12,Completed,24829.0
PO0003274,SUP0082,2025-08-26,2025-09-24,2025-10-07,Delayed,26041.55
PO0003275,SUP0042,2025-02-23,2025-03-11,,Cancelled,287904.48
PO0003276,SUP0096,2025-03-28,2025-04-19,2025-04-21,Completed,3267.42
PO0003277,SUP0051,2026-02-14,2026-03-01,,In Progress,21336.36
PO0003278,SUP0032,2026-03-16,2026-04-29,,In Progress,41656.04
PO0003279,SUP0081,2025-11-19,2025-12-17,,In Progress,16271.0
PO0003280,SUP0073,2025-11-30,2025-12-26,2025-12-22,Completed,24750.2
PO0003281,SUP0094,2025-05-15,2025-05-30,,In Progress,1190.98
PO0003282,SUP0058,2026-05-20,2026-06-20,2026-06-27,Completed,19886.46
PO0003283,SUP0006,2025-07-24,2025-08-15,,In Progress,23109.29
PO0003284,SUP0055,2025-06-21,2025-07-25,2025-07-25,Completed,73200.56
PO0003285,SUP0060,2025-03-28,2025-04-16,2025-04-15,Completed,58950.11
PO0003286,SUP0054,2025-11-11,2025-12-19,2025-12-14,Completed,33479.89
PO0003287,SUP0061,2026-01-05,2026-01-18,,Cancelled,6039.28
PO0003288,SUP0057,2026-01-18,2026-01-26,2026-01-24,Completed,25237.82
PO0003289,SUP0086,2026-03-05,2026-04-07,2026-04-10,Delayed,514.2
PO0003290,SUP0068,2025-02-10,2025-02-28,2025-02-26,Completed,38920.03
PO0003291,SUP0014,2025-10-13,2025-10-24,2025-10-25,Completed,24732.97
PO0003292,SUP0066,2025-08-23,2025-09-05,2025-09-19,Delayed,16104.24
PO0003293,SUP0017,2025-11-13,2025-12-10,,Pending Approval,4582.87
PO0003294,SUP0094,2025-10-16,2025-10-31,2025-11-01,Completed,12801.03
PO0003295,SUP0099,2026-01-07,2026-02-15,2026-03-01,Delayed,5871.0
PO0003296,SUP0084,2025-04-05,2025-04-27,2025-05-01,Delayed,10040.31
PO0003297,SUP0075,2025-05-19,2025-06-20,2025-06-16,Completed,22894.05
PO0003298,SUP0071,2025-07-05,2025-07-22,2025-08-07,Delayed,63388.67
PO0003299,SUP0055,2026-03-19,2026-04-09,2026-04-04,Completed,7165.6
PO0003300,SUP0072,2025-10-01,2025-11-03,2025-11-04,Completed,17070.46
PO0003301,SUP0015,2025-11-03,2025-11-22,2025-12-02,Completed,975.94
PO0003302,SUP0051,2025-01-24,2025-02-12,2025-02-12,Completed,29606.06
PO0003303,SUP0042,2025-08-13,2025-09-07,2025-09-02,Completed,884.94
PO0003304,SUP0079,2025-08-25,2025-09-16,,Cancelled,3704.68
PO0003305,SUP0080,2025-06-22,2025-07-12,2025-07-23,Delayed,13651.35
PO0003306,SUP0089,2026-04-26,2026-05-11,,In Progress,71644.43
PO0003307,SUP0081,2025-11-23,2025-12-29,2026-01-16,Delayed,221.9
PO0003308,SUP0040,2025-01-25,2025-02-18,,Cancelled,3841.02
PO0003309,SUP0019,2025-09-25,2025-10-17,2025-10-24,Completed,48633.32
PO0003310,SUP0021,2026-02-25,2026-03-16,,In Progress,36138.76
PO0003311,SUP0090,2025-11-10,2025-12-04,2025-12-07,Completed,109475.0
PO0003312,SUP0062,2026-03-20,2026-04-11,2026-04-14,Delayed,24017.26
PO0003313,SUP0026,2026-01-25,2026-02-28,,In Progress,5839.09
PO0003314,SUP0031,2025-08-16,2025-09-11,,In Progress,11473.15
PO0003315,SUP0076,2026-05-21,2026-06-29,2026-06-30,Completed,44590.96
PO0003316,SUP0027,2026-03-21,2026-04-19,2026-04-16,Completed,237.1
PO0003317,SUP0044,2026-01-25,2026-01-30,,In Progress,5659.64
PO0003318,SUP0084,2026-04-18,2026-05-04,,Pending Approval,23606.1
PO0003319,SUP0066,2025-02-06,2025-02-18,2025-02-16,Completed,12237.33
PO0003320,SUP0032,2025-08-02,2025-09-15,2025-09-15,Completed,21420.68
PO0003321,SUP0020,2026-01-19,2026-02-20,,Pending Approval,13094.55
PO0003322,SUP0012,2025-12-29,2026-02-04,2026-02-04,Completed,3940.74
PO0003323,SUP0074,2025-07-30,2025-08-25,2025-08-22,Completed,16439.96
PO0003324,SUP0022,2026-02-28,2026-04-04,2026-04-03,Completed,1340.62
PO0003325,SUP0099,2026-05-11,2026-06-17,,In Progress,9651.96
PO0003326,SUP0039,2025-11-04,2025-12-05,2025-12-04,Completed,345.81
PO0003327,SUP0018,2025-11-11,2025-12-03,2025-12-03,Completed,30032.01
PO0003328,SUP0082,2026-04-09,2026-05-08,2026-05-10,Completed,41135.12
PO0003329,SUP0093,2025-06-06,2025-07-25,,Cancelled,18368.16
PO0003330,SUP0038,2025-12-25,2026-01-16,,Cancelled,4094.14
PO0003331,SUP0087,2025-06-05,2025-07-06,2025-07-09,Completed,212640.12
PO0003332,SUP0085,2026-03-07,2026-03-30,2026-04-16,Delayed,1366.25
PO0003333,SUP0017,2026-04-28,2026-05-30,2026-05-29,Completed,5861.82
PO0003334,SUP0015,2025-04-06,2025-05-19,,In Progress,1060.85
PO0003335,SUP0038,2025-07-19,2025-08-14,2025-08-21,Delayed,7010.81
PO0003336,SUP0083,2025-07-21,2025-08-31,2025-08-31,Completed,908.65
PO0003337,SUP0014,2025-05-26,2025-06-13,2025-06-22,Delayed,563.3
PO0003338,SUP0062,2026-05-20,2026-06-21,2026-06-23,Completed,90931.3
PO0003339,SUP0027,2025-11-04,2025-11-23,2025-11-18,Completed,6118.27
PO0003340,SUP0065,2026-03-29,2026-04-13,,In Progress,90695.45
PO0003341,SUP0043,2026-02-12,2026-03-09,2026-03-04,Completed,2998.78
PO0003342,SUP0035,2026-05-05,2026-05-20,2026-05-21,Completed,34654.97
PO0003343,SUP0030,2025-12-18,2026-01-28,2026-01-30,Completed,108298.0
PO0003344,SUP0005,2025-03-19,2025-04-12,2025-04-07,Completed,17723.36
PO0003345,SUP0030,2026-01-27,2026-03-01,2026-02-26,Completed,9802.17
PO0003346,SUP0017,2026-03-25,2026-04-25,,Cancelled,2583.32
PO0003347,SUP0092,2025-12-17,2025-12-29,2025-12-29,Completed,8877.78
PO0003348,SUP0097,2025-06-03,2025-06-26,2025-06-27,Completed,22627.35
PO0003349,SUP0019,2025-08-09,2025-09-15,2025-09-22,Delayed,36722.96
PO0003350,SUP0089,2026-02-09,2026-03-14,,In Progress,3028.18
PO0003351,SUP0019,2025-08-14,2025-09-05,2025-09-08,Completed,21898.32
PO0003352,SUP0086,2025-01-06,2025-01-19,2025-01-20,Completed,2122.12
PO0003353,SUP0010,2026-03-13,2026-04-25,2026-04-25,Completed,23764.95
PO0003354,SUP0040,2026-05-05,2026-05-13,2026-05-17,Completed,71676.78
PO0003355,SUP0075,2025-01-14,2025-02-09,2025-02-07,Completed,34337.04
PO0003356,SUP0002,2025-07-08,2025-07-28,2025-07-26,Completed,43430.7
PO0003357,SUP0064,2025-01-08,2025-01-30,2025-01-31,Completed,2373.52
PO0003358,SUP0063,2025-05-13,2025-06-15,2025-06-20,Completed,40555.95
PO0003359,SUP0069,2026-03-04,2026-03-13,2026-03-20,Delayed,9808.46
PO0003360,SUP0016,2025-02-16,2025-03-12,2025-03-24,Delayed,117444.23
PO0003361,SUP0079,2026-04-20,2026-05-12,2026-05-12,Completed,2774.7
PO0003362,SUP0071,2025-07-31,2025-08-07,2025-08-07,Completed,4397.1
PO0003363,SUP0080,2025-03-22,2025-04-08,2025-04-14,Delayed,9449.12
PO0003364,SUP0089,2025-02-01,2025-02-26,2025-03-03,Delayed,13329.92
PO0003365,SUP0004,2026-04-08,2026-05-01,2026-04-26,Completed,11165.74
PO0003366,SUP0059,2025-04-17,2025-05-20,,Cancelled,4778.69
PO0003367,SUP0087,2026-04-26,2026-05-28,,Cancelled,1728.09
PO0003368,SUP0032,2025-10-23,2025-11-08,2025-11-15,Completed,6350.49
PO0003369,SUP0013,2026-03-15,2026-04-22,2026-04-28,Delayed,53154.3
PO0003370,SUP0070,2026-05-07,2026-06-17,2026-06-22,Completed,4188.52
PO0003371,SUP0055,2025-08-21,2025-09-18,2025-09-14,Completed,18624.16
PO0003372,SUP0050,2026-04-20,2026-05-07,2026-05-11,Completed,2325.31
PO0003373,SUP0065,2026-01-15,2026-02-15,,In Progress,3138.84
PO0003374,SUP0086,2025-06-06,2025-06-14,2025-06-09,Completed,16705.9
PO0003375,SUP0094,2025-03-19,2025-04-06,2025-04-07,Completed,12653.12
PO0003376,SUP0078,2026-04-19,2026-05-10,,In Progress,13747.3
PO0003377,SUP0054,2025-08-05,2025-09-02,2025-09-12,Delayed,5676.36
PO0003378,SUP0017,2025-07-23,2025-08-20,2025-08-17,Completed,9804.95
PO0003379,SUP0038,2025-10-01,2025-10-31,2025-11-01,Completed,9953.94
PO0003380,SUP0067,2025-09-30,2025-10-24,2025-11-01,Delayed,68026.02
PO0003381,SUP0096,2025-11-14,2025-12-09,2025-12-08,Completed,6581.64
PO0003382,SUP0037,2026-04-12,2026-04-17,2026-04-18,Completed,19524.85
PO0003383,SUP0050,2025-02-04,2025-03-10,2025-03-14,Completed,58851.35
PO0003384,SUP0058,2025-04-03,2025-05-05,2025-05-05,Completed,11296.17
PO0003385,SUP0088,2026-05-26,2026-06-30,2026-06-30,Completed,6157.86
PO0003386,SUP0089,2026-02-24,2026-03-17,2026-04-01,Delayed,3531.6
PO0003387,SUP0088,2025-05-28,2025-06-18,2025-06-17,Completed,1069.1
PO0003388,SUP0042,2025-05-13,2025-06-12,2025-06-09,Completed,1133.2
PO0003389,SUP0080,2025-10-09,2025-11-09,2025-11-23,Delayed,690.08
PO0003390,SUP0072,2025-12-25,2026-01-27,2026-01-27,Completed,10462.84
PO0003391,SUP0072,2026-04-11,2026-05-04,2026-05-07,Completed,67369.04
PO0003392,SUP0094,2025-12-10,2025-12-31,2026-01-01,Completed,8516.02
PO0003393,SUP0076,2025-12-05,2025-12-17,2026-01-02,Delayed,22464.78
PO0003394,SUP0076,2025-12-31,2026-01-16,2026-01-19,Completed,6258.84
PO0003395,SUP0056,2026-01-22,2026-02-02,2026-02-13,Delayed,5728.77
PO0003396,SUP0039,2025-09-11,2025-10-04,2025-10-22,Delayed,7200.36
PO0003397,SUP0017,2026-04-26,2026-06-03,2026-06-18,Delayed,13650.99
PO0003398,SUP0049,2026-04-01,2026-04-29,,In Progress,30171.5
PO0003399,SUP0018,2026-05-31,2026-06-06,2026-06-13,Delayed,272.04
PO0003400,SUP0072,2025-02-02,2025-03-06,2025-03-07,Completed,8936.53
PO0003401,SUP0029,2025-02-05,2025-02-28,,In Progress,11302.08
PO0003402,SUP0098,2025-02-24,2025-03-11,2025-03-15,Delayed,16046.52
PO0003403,SUP0055,2025-10-30,2025-11-10,2025-11-22,Delayed,2493.6
PO0003404,SUP0054,2026-02-13,2026-03-12,2026-03-16,Completed,3844.28
PO0003405,SUP0023,2025-09-13,2025-10-12,2025-10-09,Completed,3903.96
PO0003406,SUP0016,2025-05-06,2025-06-01,2025-06-02,Completed,8109.8
PO0003407,SUP0006,2025-04-06,2025-05-12,2025-05-27,Delayed,1004.87
PO0003408,SUP0023,2025-05-02,2025-05-24,2025-05-21,Completed,3808.88
PO0003409,SUP0096,2026-04-21,2026-05-25,2026-05-31,Completed,7933.51
PO0003410,SUP0049,2025-06-22,2025-07-27,2025-08-13,Delayed,8757.43
PO0003411,SUP0057,2025-02-26,2025-03-23,2025-03-23,Completed,3894.55
PO0003412,SUP0005,2025-06-06,2025-06-29,2025-06-28,Completed,5354.28
PO0003413,SUP0060,2025-07-01,2025-07-24,2025-07-26,Completed,11141.24
PO0003414,SUP0007,2025-05-04,2025-06-02,,Cancelled,23757.03
PO0003415,SUP0014,2025-05-09,2025-06-16,,In Progress,168056.5
PO0003416,SUP0016,2025-02-14,2025-03-15,2025-03-16,Completed,17226.58
PO0003417,SUP0070,2025-12-22,2026-01-27,2026-02-15,Delayed,17093.12
PO0003418,SUP0078,2026-04-06,2026-05-03,2026-05-08,Completed,5748.85
PO0003419,SUP0031,2025-03-08,2025-04-12,2025-04-07,Completed,1427.47
PO0003420,SUP0084,2025-03-01,2025-04-07,2025-04-12,Completed,20159.39
PO0003421,SUP0009,2025-05-09,2025-06-08,2025-06-07,Completed,9534.05
PO0003422,SUP0024,2025-11-15,2025-12-12,2025-12-30,Delayed,24352.22
PO0003423,SUP0009,2025-12-20,2025-12-31,2026-01-10,Delayed,6627.81
PO0003424,SUP0035,2025-12-23,2026-01-11,2026-01-13,Completed,5809.2
PO0003425,SUP0086,2025-09-11,2025-10-02,2025-10-02,Completed,2683.66
PO0003426,SUP0022,2025-02-17,2025-04-05,2025-04-03,Completed,3301.12
PO0003427,SUP0089,2025-02-05,2025-02-10,,In Progress,9169.08
PO0003428,SUP0090,2025-07-18,2025-08-14,2025-08-19,Completed,21609.94
PO0003429,SUP0091,2025-06-06,2025-07-14,,Cancelled,33548.96
PO0003430,SUP0002,2026-04-09,2026-05-02,,In Progress,3039.6
PO0003431,SUP0087,2026-02-27,2026-03-23,2026-03-27,Completed,17620.6
PO0003432,SUP0068,2025-06-28,2025-07-24,2025-07-19,Completed,84123.78
PO0003433,SUP0015,2025-05-06,2025-05-26,2025-05-26,Completed,7808.2
PO0003434,SUP0042,2025-01-27,2025-02-24,2025-02-22,Completed,4583.08
PO0003435,SUP0010,2025-04-01,2025-04-20,2025-05-09,Delayed,855.68
PO0003436,SUP0097,2026-03-17,2026-04-06,2026-04-06,Completed,24233.58
PO0003437,SUP0037,2026-03-12,2026-04-21,2026-04-17,Completed,1603.8
PO0003438,SUP0026,2025-06-12,2025-07-14,,In Progress,28497.09
PO0003439,SUP0038,2025-01-09,2025-02-09,2025-02-14,Delayed,2434.65
PO0003440,SUP0075,2025-02-12,2025-03-03,,In Progress,13616.76
PO0003441,SUP0004,2026-01-31,2026-02-26,,Pending Approval,2994.85
PO0003442,SUP0075,2025-07-18,2025-08-11,2025-08-11,Completed,95284.06
PO0003443,SUP0025,2025-01-28,2025-03-04,2025-03-06,Completed,4209.82
PO0003444,SUP0087,2025-04-28,2025-06-07,,In Progress,23064.97
PO0003445,SUP0031,2025-04-07,2025-05-13,,In Progress,27396.9
PO0003446,SUP0062,2026-05-05,2026-05-23,2026-05-25,Completed,56437.06
PO0003447,SUP0026,2025-08-12,2025-09-15,2025-09-14,Completed,6028.45
PO0003448,SUP0039,2025-05-06,2025-06-05,2025-06-20,Delayed,146117.82
PO0003449,SUP0041,2025-02-05,2025-03-06,,Cancelled,28859.22
PO0003450,SUP0067,2025-09-16,2025-10-13,,In Progress,11043.2
PO0003451,SUP0022,2025-12-16,2026-01-14,,In Progress,6354.01
PO0003452,SUP0027,2026-04-20,2026-05-31,,In Progress,40375.24
PO0003453,SUP0078,2026-01-10,2026-02-03,2026-02-19,Delayed,54063.3
PO0003454,SUP0076,2025-01-13,2025-02-07,2025-02-09,Completed,15933.12
PO0003455,SUP0088,2025-07-31,2025-08-25,2025-08-25,Completed,44167.72
PO0003456,SUP0084,2025-08-29,2025-10-03,2025-10-10,Completed,1118.16
PO0003457,SUP0050,2026-04-22,2026-05-18,2026-05-31,Completed,68936.72
PO0003458,SUP0087,2025-05-05,2025-06-12,2025-06-12,Completed,15832.63
PO0003459,SUP0003,2025-04-19,2025-04-27,2025-05-02,Completed,14165.25
PO0003460,SUP0025,2026-05-18,2026-06-14,2026-06-21,Completed,8274.7
PO0003461,SUP0006,2025-06-28,2025-07-27,,Cancelled,5457.67
PO0003462,SUP0027,2025-11-20,2025-12-16,2025-12-12,Completed,10287.2
PO0003463,SUP0098,2025-12-25,2026-01-20,2026-01-16,Completed,6974.96
PO0003464,SUP0001,2025-06-23,2025-07-15,,In Progress,22068.88
PO0003465,SUP0097,2025-12-24,2026-01-13,2026-01-10,Completed,11226.12
PO0003466,SUP0060,2025-02-24,2025-03-20,2025-03-25,Completed,11987.93
PO0003467,SUP0092,2026-05-26,2026-06-09,2026-06-28,Delayed,817.3
PO0003468,SUP0062,2026-02-07,2026-03-04,2026-03-05,Completed,5240.0
PO0003469,SUP0026,2025-10-31,2025-12-02,2025-12-07,Completed,8013.52
PO0003470,SUP0032,2025-05-25,2025-06-20,2025-06-17,Completed,4702.74
PO0003471,SUP0015,2025-02-03,2025-02-20,2025-02-18,Completed,8820.9
PO0003472,SUP0062,2025-11-12,2025-12-11,2025-12-16,Completed,72221.1
PO0003473,SUP0053,2025-04-27,2025-05-23,,Pending Approval,104105.36
PO0003474,SUP0019,2025-02-12,2025-03-05,2025-03-01,Completed,9936.09
PO0003475,SUP0084,2025-09-10,2025-10-03,2025-09-28,Completed,16649.67
PO0003476,SUP0034,2025-07-26,2025-08-22,2025-08-23,Completed,31002.37
PO0003477,SUP0019,2025-10-10,2025-11-06,,In Progress,304.3
PO0003478,SUP0028,2026-05-25,2026-06-25,2026-06-30,Delayed,3353.46
PO0003479,SUP0029,2025-07-30,2025-09-01,,In Progress,15324.62
PO0003480,SUP0016,2025-02-18,2025-03-07,2025-03-15,Delayed,1903.49
PO0003481,SUP0016,2025-03-12,2025-03-21,2025-03-27,Completed,57153.21
PO0003482,SUP0097,2026-04-15,2026-05-09,2026-05-12,Delayed,20991.21
PO0003483,SUP0028,2025-10-21,2025-11-28,,Cancelled,25077.78
PO0003484,SUP0087,2025-02-25,2025-03-25,2025-04-03,Completed,559.32
PO0003485,SUP0085,2025-01-14,2025-02-03,2025-01-29,Completed,436.86
PO0003486,SUP0053,2026-03-11,2026-04-18,,Cancelled,2218.86
PO0003487,SUP0069,2025-02-25,2025-03-18,2025-03-24,Delayed,4516.46
PO0003488,SUP0042,2025-01-26,2025-02-25,2025-03-05,Delayed,18442.25
PO0003489,SUP0039,2026-01-26,2026-03-04,2026-03-06,Completed,8992.62
PO0003490,SUP0080,2025-01-18,2025-01-27,2025-01-25,Completed,6362.11
PO0003491,SUP0002,2026-02-04,2026-02-25,,In Progress,134972.17
PO0003492,SUP0087,2025-01-30,2025-03-11,2025-03-31,Delayed,14973.92
PO0003493,SUP0004,2025-03-15,2025-04-11,2025-04-08,Completed,2404.07
PO0003494,SUP0039,2025-11-03,2025-11-21,2025-11-24,Completed,7885.82
PO0003495,SUP0052,2025-06-27,2025-07-26,2025-07-30,Completed,7984.75
PO0003496,SUP0046,2025-09-01,2025-09-16,2025-09-18,Completed,121482.09
PO0003497,SUP0063,2025-03-13,2025-03-22,2025-04-11,Delayed,8324.85
PO0003498,SUP0056,2025-04-14,2025-05-03,2025-05-08,Delayed,22295.56
PO0003499,SUP0091,2026-04-15,2026-04-30,2026-05-01,Completed,2089.56
PO0003500,SUP0043,2026-04-05,2026-04-30,2026-05-13,Completed,11962.87
PO0003501,SUP0042,2026-02-05,2026-02-26,2026-03-01,Completed,8445.54
PO0003502,SUP0019,2025-12-05,2025-12-21,2025-12-21,Completed,455.67
PO0003503,SUP0015,2025-09-25,2025-11-06,,In Progress,8046.27
PO0003504,SUP0022,2025-05-12,2025-05-22,,Pending Approval,16969.1
PO0003505,SUP0053,2025-01-20,2025-02-24,2025-02-24,Completed,4628.68
PO0003506,SUP0004,2025-05-05,2025-06-17,,In Progress,11622.96
PO0003507,SUP0055,2026-05-08,2026-05-18,2026-05-13,Completed,24232.49
PO0003508,SUP0012,2025-09-28,2025-10-03,2025-10-15,Delayed,18683.54
PO0003509,SUP0079,2026-03-25,2026-04-11,2026-04-09,Completed,2765.5
PO0003510,SUP0087,2025-03-21,2025-04-19,,Pending Approval,28908.37
PO0003511,SUP0056,2025-10-04,2025-11-22,2025-11-20,Completed,7902.2
PO0003512,SUP0074,2025-02-08,2025-03-06,2025-03-02,Completed,71483.42
PO0003513,SUP0056,2025-11-28,2025-12-22,2025-12-25,Completed,8581.41
PO0003514,SUP0098,2025-03-15,2025-04-17,2025-04-23,Completed,6035.36
PO0003515,SUP0042,2026-01-14,2026-02-12,2026-03-04,Delayed,7506.83
PO0003516,SUP0023,2025-09-29,2025-10-09,2025-10-16,Delayed,54090.45
PO0003517,SUP0062,2025-05-06,2025-05-15,2025-05-16,Completed,3157.59
PO0003518,SUP0017,2026-01-29,2026-02-19,2026-03-08,Delayed,1922.97
PO0003519,SUP0091,2025-01-15,2025-02-10,2025-02-11,Completed,8585.94
PO0003520,SUP0048,2026-03-06,2026-03-29,,In Progress,17917.48
PO0003521,SUP0018,2025-03-26,2025-04-23,,In Progress,5297.55
PO0003522,SUP0057,2025-12-27,2026-01-29,2026-02-03,Completed,22039.76
PO0003523,SUP0011,2025-06-23,2025-07-25,2025-07-23,Completed,2864.72
PO0003524,SUP0086,2025-10-15,2025-10-30,2025-11-13,Delayed,41417.48
PO0003525,SUP0010,2025-04-13,2025-05-10,2025-05-09,Completed,19565.91
PO0003526,SUP0073,2026-02-18,2026-03-26,,In Progress,8330.34
PO0003527,SUP0052,2025-12-21,2025-12-30,2025-12-30,Completed,10028.42
PO0003528,SUP0001,2025-02-14,2025-02-27,,In Progress,6612.4
PO0003529,SUP0028,2025-10-14,2025-10-31,2025-11-12,Delayed,19049.02
PO0003530,SUP0048,2025-06-09,2025-07-05,2025-07-01,Completed,22040.58
PO0003531,SUP0084,2025-02-01,2025-02-17,2025-03-07,Delayed,1219.68
PO0003532,SUP0037,2025-10-11,2025-10-27,,Cancelled,1824.36
PO0003533,SUP0015,2025-12-04,2025-12-26,2025-12-21,Completed,9359.17
PO0003534,SUP0056,2025-02-14,2025-03-07,2025-03-02,Completed,11872.89
PO0003535,SUP0027,2025-08-05,2025-08-26,2025-08-31,Completed,32625.4
PO0003536,SUP0077,2025-01-17,2025-02-20,,In Progress,231674.34
PO0003537,SUP0060,2025-09-02,2025-09-12,,In Progress,5656.21
PO0003538,SUP0096,2025-05-01,2025-05-08,2025-05-10,Completed,13044.69
PO0003539,SUP0071,2025-06-09,2025-07-16,2025-07-16,Completed,14143.98
PO0003540,SUP0090,2025-02-26,2025-03-31,2025-03-31,Completed,367.02
PO0003541,SUP0087,2026-03-23,2026-03-28,,In Progress,56445.5
PO0003542,SUP0017,2025-09-11,2025-09-16,2025-09-17,Completed,2392.58
PO0003543,SUP0082,2025-08-09,2025-09-06,2025-09-10,Completed,62544.78
PO0003544,SUP0004,2026-04-29,2026-05-28,,Cancelled,1546.82
PO0003545,SUP0054,2026-05-09,2026-06-01,2026-05-31,Completed,24584.84
PO0003546,SUP0015,2026-01-12,2026-02-01,2026-01-29,Completed,16851.96
PO0003547,SUP0037,2025-09-27,2025-10-20,,Cancelled,4801.95
PO0003548,SUP0011,2026-03-28,2026-04-27,2026-05-04,Completed,49982.15
PO0003549,SUP0021,2025-02-17,2025-03-14,2025-03-14,Completed,2855.93
PO0003550,SUP0089,2025-06-12,2025-07-20,2025-07-21,Completed,14334.75
PO0003551,SUP0007,2026-05-30,2026-06-24,2026-06-29,Completed,1351.56
PO0003552,SUP0029,2026-04-22,2026-05-19,2026-05-21,Completed,8798.66
PO0003553,SUP0046,2025-10-23,2025-11-02,2025-10-31,Completed,2959.98
PO0003554,SUP0041,2025-12-09,2026-01-09,2026-01-04,Completed,111019.66
PO0003555,SUP0094,2025-11-30,2026-01-06,2026-01-19,Delayed,8230.04
PO0003556,SUP0012,2026-03-26,2026-04-05,2026-04-04,Completed,8342.55
PO0003557,SUP0092,2026-05-08,2026-06-20,,In Progress,6609.6
PO0003558,SUP0048,2026-05-28,2026-06-27,2026-06-30,Delayed,22834.6
PO0003559,SUP0002,2026-03-24,2026-04-13,2026-04-18,Completed,59541.85
PO0003560,SUP0071,2025-03-18,2025-04-03,,In Progress,74854.18
PO0003561,SUP0001,2025-04-16,2025-05-10,,In Progress,21669.87
PO0003562,SUP0058,2025-09-13,2025-09-21,2025-09-27,Completed,54878.59
PO0003563,SUP0045,2025-07-29,2025-08-11,2025-08-11,Completed,73105.92
PO0003564,SUP0030,2025-06-20,2025-07-06,2025-07-21,Delayed,172592.91
PO0003565,SUP0047,2025-03-11,2025-04-04,,Cancelled,47105.21
PO0003566,SUP0087,2025-03-04,2025-04-03,2025-03-30,Completed,4014.78
PO0003567,SUP0025,2025-11-29,2025-12-18,2025-12-31,Delayed,46616.82
PO0003568,SUP0082,2025-05-31,2025-06-21,2025-07-08,Delayed,75729.03
PO0003569,SUP0047,2026-04-08,2026-05-13,2026-05-13,Completed,505.84
PO0003570,SUP0025,2025-10-05,2025-10-31,2025-10-30,Completed,20992.2
PO0003571,SUP0066,2025-05-16,2025-06-16,2025-06-18,Completed,964.08
PO0003572,SUP0084,2025-09-14,2025-10-11,,Pending Approval,18955.29
PO0003573,SUP0096,2025-12-14,2026-01-01,2026-01-14,Delayed,7601.97
PO0003574,SUP0041,2025-09-29,2025-10-14,,Cancelled,50994.7
PO0003575,SUP0046,2025-06-11,2025-06-29,2025-06-29,Completed,21606.67
PO0003576,SUP0080,2025-02-22,2025-03-08,2025-03-04,Completed,5543.89
PO0003577,SUP0035,2025-09-02,2025-09-29,2025-10-18,Delayed,14344.38
PO0003578,SUP0099,2025-10-24,2025-11-14,2025-11-17,Delayed,7151.76
PO0003579,SUP0028,2025-09-15,2025-09-29,2025-10-15,Delayed,108267.74
PO0003580,SUP0096,2025-08-23,2025-10-03,2025-09-28,Completed,8606.2
PO0003581,SUP0047,2025-07-22,2025-08-06,2025-08-01,Completed,53354.88
PO0003582,SUP0035,2026-05-31,2026-06-30,,In Progress,25788.88
PO0003583,SUP0007,2025-05-28,2025-06-22,,In Progress,62215.45
PO0003584,SUP0091,2025-12-30,2026-01-19,2026-01-19,Completed,18344.57
PO0003585,SUP0080,2025-01-29,2025-02-10,2025-02-07,Completed,9725.69
PO0003586,SUP0035,2025-05-23,2025-06-13,2025-06-12,Completed,2585.77
PO0003587,SUP0099,2025-05-23,2025-06-10,2025-06-09,Completed,19991.08
PO0003588,SUP0070,2026-03-24,2026-04-09,,In Progress,24149.3
PO0003589,SUP0097,2026-04-04,2026-05-03,2026-05-03,Completed,58432.68
PO0003590,SUP0050,2025-08-18,2025-09-19,,Cancelled,2562.01
PO0003591,SUP0014,2025-01-28,2025-03-01,2025-02-27,Completed,76927.2
PO0003592,SUP0061,2026-05-28,2026-06-26,2026-06-24,Completed,1412.08
PO0003593,SUP0096,2026-02-26,2026-04-01,,In Progress,7581.19
PO0003594,SUP0059,2025-12-25,2026-01-26,2026-01-24,Completed,4356.41
PO0003595,SUP0095,2025-03-26,2025-04-25,,Cancelled,4976.47
PO0003596,SUP0024,2025-02-18,2025-03-04,2025-03-05,Completed,88032.68
PO0003597,SUP0012,2025-09-16,2025-10-08,,In Progress,1562.94
PO0003598,SUP0065,2025-01-23,2025-02-23,2025-03-05,Delayed,35292.68
PO0003599,SUP0015,2026-01-17,2026-01-29,2026-01-30,Completed,1449.36
PO0003600,SUP0053,2025-10-12,2025-11-03,,In Progress,36149.82
PO0003601,SUP0055,2026-02-26,2026-03-13,2026-03-18,Delayed,30754.34
PO0003602,SUP0025,2026-05-08,2026-05-14,2026-05-20,Delayed,5206.26
PO0003603,SUP0012,2026-04-27,2026-05-23,2026-05-23,Completed,16537.09
PO0003604,SUP0053,2026-04-25,2026-06-04,2026-06-06,Completed,275.32
PO0003605,SUP0068,2026-03-03,2026-03-22,,In Progress,36077.88
PO0003606,SUP0069,2025-10-31,2025-12-03,2025-12-04,Completed,16410.1
PO0003607,SUP0067,2025-09-23,2025-10-18,,In Progress,182502.08
PO0003608,SUP0091,2025-08-03,2025-09-03,2025-09-01,Completed,16275.78
PO0003609,SUP0094,2025-11-07,2025-11-21,2025-12-10,Delayed,4680.83
PO0003610,SUP0079,2025-12-12,2026-01-15,2026-01-20,Completed,21661.91
PO0003611,SUP0052,2025-02-24,2025-03-16,2025-03-17,Completed,41923.59
PO0003612,SUP0071,2026-01-23,2026-01-28,,In Progress,3929.28
PO0003613,SUP0017,2025-06-28,2025-07-31,2025-07-31,Completed,1004.02
PO0003614,SUP0035,2025-11-08,2025-12-14,2025-12-29,Delayed,16755.27
PO0003615,SUP0099,2025-04-12,2025-05-02,,In Progress,152706.8
PO0003616,SUP0053,2025-05-14,2025-05-31,,In Progress,62072.56
PO0003617,SUP0062,2025-06-17,2025-07-16,2025-07-18,Completed,11304.0
PO0003618,SUP0064,2025-02-27,2025-03-14,2025-03-26,Delayed,7408.44
PO0003619,SUP0071,2025-05-07,2025-05-23,2025-05-23,Completed,7560.39
PO0003620,SUP0002,2026-05-09,2026-05-25,2026-05-22,Completed,55526.91
PO0003621,SUP0031,2025-07-23,2025-09-08,,In Progress,21563.57
PO0003622,SUP0025,2025-04-24,2025-04-29,,Cancelled,19866.57
PO0003623,SUP0090,2025-08-20,2025-09-12,2025-09-14,Completed,3706.48
PO0003624,SUP0018,2026-04-25,2026-05-16,2026-05-13,Completed,714.9
PO0003625,SUP0023,2025-05-05,2025-05-30,,In Progress,94320.52
PO0003626,SUP0073,2025-12-05,2025-12-13,2025-12-18,Completed,3024.54
PO0003627,SUP0100,2025-03-29,2025-05-09,2025-05-09,Completed,71595.5
PO0003628,SUP0074,2026-01-16,2026-02-21,2026-03-08,Delayed,693.0
PO0003629,SUP0020,2025-09-18,2025-10-11,2025-10-06,Completed,34353.56
PO0003630,SUP0025,2026-05-23,2026-06-20,,Cancelled,8115.03
PO0003631,SUP0075,2025-11-12,2025-11-22,2025-11-21,Completed,12519.06
PO0003632,SUP0093,2026-01-17,2026-01-28,2026-01-28,Completed,17460.63
PO0003633,SUP0049,2025-08-21,2025-09-27,2025-09-27,Completed,10104.75
PO0003634,SUP0072,2025-08-28,2025-09-22,2025-10-05,Delayed,24252.05
PO0003635,SUP0017,2026-03-15,2026-04-05,2026-04-05,Completed,4622.75
PO0003636,SUP0089,2025-11-28,2025-12-27,,Cancelled,31258.6
PO0003637,SUP0013,2025-07-08,2025-07-23,2025-08-01,Delayed,78425.23
PO0003638,SUP0007,2025-05-03,2025-05-22,2025-05-21,Completed,32301.14
PO0003639,SUP0089,2025-02-04,2025-03-12,,In Progress,61750.03
PO0003640,SUP0034,2025-12-27,2026-01-15,2026-01-17,Completed,2451.38
PO0003641,SUP0028,2025-06-23,2025-07-21,2025-07-21,Completed,53300.58
PO0003642,SUP0047,2025-09-10,2025-09-19,2025-09-14,Completed,54351.27
PO0003643,SUP0027,2025-04-21,2025-05-28,,In Progress,2728.17
PO0003644,SUP0066,2026-02-05,2026-02-25,2026-03-17,Delayed,11161.62
PO0003645,SUP0034,2026-05-24,2026-06-30,,In Progress,8542.08
PO0003646,SUP0028,2026-05-06,2026-05-17,2026-05-15,Completed,16075.44
PO0003647,SUP0099,2025-07-07,2025-07-23,,In Progress,8029.56
PO0003648,SUP0063,2025-12-11,2026-01-14,2026-01-16,Completed,33595.73
PO0003649,SUP0071,2025-11-11,2025-12-15,2025-12-18,Completed,12347.61
PO0003650,SUP0032,2025-12-26,2026-01-25,,Cancelled,45086.57
PO0003651,SUP0032,2025-05-18,2025-05-30,2025-06-11,Completed,31132.8
PO0003652,SUP0045,2026-05-07,2026-05-12,2026-05-17,Completed,91361.34
PO0003653,SUP0023,2025-04-21,2025-04-26,2025-04-23,Completed,17240.3
PO0003654,SUP0050,2025-12-19,2026-01-06,2026-01-10,Completed,29553.41
PO0003655,SUP0087,2026-05-01,2026-05-14,,In Progress,3202.76
PO0003656,SUP0023,2026-04-05,2026-04-28,2026-04-30,Completed,79501.34
PO0003657,SUP0052,2025-05-05,2025-06-06,2025-06-04,Completed,5410.65
PO0003658,SUP0090,2026-05-14,2026-05-28,2026-06-05,Delayed,5773.24
PO0003659,SUP0001,2025-07-10,2025-08-10,2025-08-14,Completed,38183.24
PO0003660,SUP0070,2025-04-16,2025-04-28,2025-04-28,Completed,72469.94
PO0003661,SUP0051,2025-06-27,2025-07-16,2025-08-04,Delayed,8308.16
PO0003662,SUP0037,2026-02-05,2026-03-18,,In Progress,9932.61
PO0003663,SUP0005,2026-01-23,2026-02-07,2026-02-02,Completed,3805.65
PO0003664,SUP0045,2026-03-02,2026-03-21,,Cancelled,4104.43
PO0003665,SUP0081,2025-03-15,2025-04-10,2025-04-21,Delayed,258.75
PO0003666,SUP0051,2026-02-09,2026-02-21,2026-02-26,Delayed,4351.5
PO0003667,SUP0007,2025-01-07,2025-02-09,2025-02-04,Completed,62142.88
PO0003668,SUP0099,2025-01-08,2025-02-11,2025-02-11,Completed,41851.02
PO0003669,SUP0094,2025-10-22,2025-11-20,2025-11-22,Completed,1975.44
PO0003670,SUP0032,2025-01-11,2025-02-01,,In Progress,177614.43
PO0003671,SUP0077,2025-08-05,2025-08-31,2025-09-10,Delayed,9959.32
PO0003672,SUP0011,2025-11-16,2025-12-05,2025-12-03,Completed,21706.87
PO0003673,SUP0038,2026-05-26,2026-06-17,2026-06-12,Completed,776.25
PO0003674,SUP0058,2025-02-03,2025-03-10,2025-03-16,Completed,66133.29
PO0003675,SUP0071,2025-02-04,2025-03-10,2025-03-08,Completed,1238.58
PO0003676,SUP0044,2025-12-18,2025-12-30,,In Progress,15305.57
PO0003677,SUP0088,2025-10-16,2025-11-05,2025-11-08,Completed,3792.68
PO0003678,SUP0031,2025-08-16,2025-08-28,,In Progress,6548.42
PO0003679,SUP0099,2026-04-09,2026-05-17,2026-05-15,Completed,5659.93
PO0003680,SUP0014,2025-06-13,2025-07-22,2025-07-19,Completed,10664.44
PO0003681,SUP0086,2025-04-18,2025-05-08,2025-05-06,Completed,40187.41
PO0003682,SUP0039,2026-05-19,2026-06-18,2026-06-21,Completed,5201.04
PO0003683,SUP0044,2025-11-25,2025-12-23,2025-12-22,Completed,919.1
PO0003684,SUP0052,2025-08-29,2025-09-07,2025-09-11,Completed,10196.77
PO0003685,SUP0058,2025-10-14,2025-11-14,2025-11-23,Delayed,2513.56
PO0003686,SUP0067,2025-05-26,2025-07-04,2025-07-04,Completed,21364.72
PO0003687,SUP0083,2025-03-23,2025-04-16,2025-04-21,Completed,7855.7
PO0003688,SUP0051,2025-10-23,2025-12-01,2025-12-18,Delayed,9897.72
PO0003689,SUP0073,2025-11-01,2025-11-22,,In Progress,8629.32
PO0003690,SUP0032,2026-03-22,2026-04-09,,Cancelled,19029.6
PO0003691,SUP0070,2026-05-30,2026-06-30,,Cancelled,47333.98
PO0003692,SUP0048,2026-02-09,2026-02-22,2026-02-22,Completed,1934.49
PO0003693,SUP0047,2025-07-15,2025-08-09,2025-08-09,Completed,94041.0
PO0003694,SUP0059,2025-03-11,2025-03-19,,Pending Approval,686.22
PO0003695,SUP0037,2025-11-01,2025-11-18,2025-11-18,Completed,34558.2
PO0003696,SUP0073,2025-04-15,2025-05-02,,Cancelled,2368.12
PO0003697,SUP0100,2025-09-15,2025-09-25,2025-09-21,Completed,25833.0
PO0003698,SUP0088,2025-09-28,2025-10-30,,In Progress,22596.12
PO0003699,SUP0091,2025-07-01,2025-08-11,,Cancelled,4104.8
PO0003700,SUP0043,2026-03-17,2026-04-16,,Cancelled,5944.08
PO0003701,SUP0098,2025-06-04,2025-06-24,2025-06-24,Completed,26131.48
PO0003702,SUP0050,2025-04-12,2025-05-01,2025-05-01,Completed,20867.82
PO0003703,SUP0083,2025-03-24,2025-05-03,,In Progress,30342.36
PO0003704,SUP0098,2026-03-16,2026-04-09,2026-04-15,Completed,21339.0
PO0003705,SUP0077,2025-02-19,2025-03-26,,In Progress,37283.92
PO0003706,SUP0032,2025-06-04,2025-06-28,2025-06-25,Completed,74593.37
PO0003707,SUP0098,2025-06-06,2025-07-16,2025-07-16,Completed,4259.5
PO0003708,SUP0096,2026-03-10,2026-03-25,2026-04-08,Delayed,12614.74
PO0003709,SUP0005,2025-10-22,2025-11-27,2025-11-25,Completed,16248.06
PO0003710,SUP0007,2026-04-22,2026-05-17,2026-05-17,Completed,64792.76
PO0003711,SUP0077,2025-05-15,2025-06-03,2025-05-29,Completed,55711.8
PO0003712,SUP0015,2025-04-19,2025-05-17,2025-05-12,Completed,4743.96
PO0003713,SUP0043,2025-08-21,2025-09-18,2025-09-13,Completed,765.96
PO0003714,SUP0089,2025-11-06,2025-11-22,,In Progress,3149.28
PO0003715,SUP0085,2025-05-21,2025-06-08,2025-06-05,Completed,11045.83
PO0003716,SUP0001,2025-03-06,2025-03-18,2025-03-28,Delayed,5897.64
PO0003717,SUP0033,2025-03-06,2025-04-15,,Cancelled,24737.35
PO0003718,SUP0089,2025-10-26,2025-11-27,,Cancelled,8322.66
PO0003719,SUP0012,2025-07-28,2025-08-22,,Pending Approval,7138.58
PO0003720,SUP0008,2025-08-28,2025-09-30,2025-09-28,Completed,1496.07
PO0003721,SUP0083,2026-03-17,2026-04-12,,In Progress,862.58
PO0003722,SUP0091,2025-10-06,2025-10-23,2025-10-24,Completed,43889.18
PO0003723,SUP0032,2025-04-27,2025-05-13,2025-05-08,Completed,28871.52
PO0003724,SUP0003,2025-05-17,2025-06-01,2025-06-10,Delayed,12299.42
PO0003725,SUP0087,2025-04-23,2025-05-15,2025-05-20,Delayed,8101.71
PO0003726,SUP0051,2025-01-17,2025-01-22,2025-01-20,Completed,6308.6
PO0003727,SUP0055,2026-01-20,2026-02-09,2026-02-26,Delayed,12195.98
PO0003728,SUP0029,2026-02-23,2026-03-27,,Cancelled,21725.9
PO0003729,SUP0008,2026-05-19,2026-06-04,2026-06-05,Completed,23451.34
PO0003730,SUP0025,2025-07-02,2025-07-18,2025-08-01,Delayed,3156.65
PO0003731,SUP0092,2025-07-31,2025-08-07,2025-08-09,Completed,21037.68
PO0003732,SUP0067,2025-03-27,2025-04-29,2025-04-26,Completed,15760.01
PO0003733,SUP0027,2025-12-22,2026-01-17,2026-01-20,Completed,5566.14
PO0003734,SUP0015,2025-09-16,2025-10-06,2025-10-06,Completed,3484.23
PO0003735,SUP0066,2026-01-13,2026-01-24,2026-01-25,Completed,37140.78
PO0003736,SUP0036,2026-01-01,2026-01-25,2026-02-05,Delayed,15936.4
PO0003737,SUP0100,2026-03-18,2026-04-22,2026-04-30,Delayed,10980.31
PO0003738,SUP0048,2025-01-06,2025-01-31,2025-02-03,Delayed,13619.28
PO0003739,SUP0071,2025-10-05,2025-11-23,2025-11-24,Completed,169550.9
PO0003740,SUP0041,2026-05-22,2026-06-21,,In Progress,25533.12
PO0003741,SUP0091,2025-03-09,2025-04-13,,In Progress,53750.7
PO0003742,SUP0027,2025-03-06,2025-03-24,2025-03-29,Completed,1504.2
PO0003743,SUP0063,2025-10-03,2025-10-19,2025-10-17,Completed,47314.09
PO0003744,SUP0062,2025-08-23,2025-09-26,,In Progress,13578.12
PO0003745,SUP0061,2025-10-05,2025-10-24,2025-11-11,Delayed,8559.09
PO0003746,SUP0046,2025-06-22,2025-07-28,2025-08-04,Delayed,1872.32
PO0003747,SUP0037,2025-04-05,2025-05-06,2025-05-02,Completed,4258.65
PO0003748,SUP0062,2025-10-10,2025-11-11,2025-11-13,Completed,39199.4
PO0003749,SUP0092,2025-05-14,2025-05-30,2025-06-02,Completed,34422.08
PO0003750,SUP0046,2026-04-12,2026-05-02,2026-05-15,Delayed,6151.42
PO0003751,SUP0055,2026-02-24,2026-03-16,2026-03-13,Completed,7422.24
PO0003752,SUP0036,2025-08-01,2025-08-27,2025-08-24,Completed,35708.27
PO0003753,SUP0005,2026-05-17,2026-06-06,2026-06-05,Completed,4532.2
PO0003754,SUP0011,2025-07-28,2025-08-15,2025-08-15,Completed,13534.3
PO0003755,SUP0039,2026-02-01,2026-02-18,2026-03-09,Delayed,7908.76
PO0003756,SUP0051,2026-05-18,2026-06-20,2026-06-22,Completed,17229.83
PO0003757,SUP0074,2026-01-30,2026-03-07,2026-03-04,Completed,25581.6
PO0003758,SUP0027,2025-06-30,2025-07-24,,In Progress,37454.65
PO0003759,SUP0081,2025-06-30,2025-07-21,,In Progress,663.49
PO0003760,SUP0027,2025-01-18,2025-02-12,2025-02-14,Completed,2601.55
PO0003761,SUP0055,2025-09-22,2025-10-24,2025-11-01,Completed,31493.88
PO0003762,SUP0082,2025-03-18,2025-04-18,2025-04-19,Completed,44397.12
PO0003763,SUP0008,2025-01-19,2025-02-02,2025-02-04,Completed,3381.48
PO0003764,SUP0040,2025-01-13,2025-01-19,2025-01-23,Completed,23629.79
PO0003765,SUP0046,2026-02-26,2026-04-14,2026-04-18,Delayed,14595.61
PO0003766,SUP0044,2025-08-31,2025-09-20,,In Progress,9705.19
PO0003767,SUP0011,2026-05-08,2026-05-13,,Pending Approval,7842.02
PO0003768,SUP0052,2026-02-28,2026-03-17,2026-03-13,Completed,656.05
PO0003769,SUP0086,2025-06-05,2025-07-08,,In Progress,49037.95
PO0003770,SUP0019,2025-03-08,2025-04-16,2025-04-18,Completed,16655.21
PO0003771,SUP0098,2026-03-01,2026-03-07,2026-03-08,Completed,4594.05
PO0003772,SUP0061,2025-01-29,2025-03-05,2025-03-11,Delayed,16894.64
PO0003773,SUP0094,2025-08-29,2025-10-14,2025-10-10,Completed,204.6
PO0003774,SUP0074,2026-05-20,2026-06-29,2026-06-30,Delayed,30493.57
PO0003775,SUP0006,2025-08-09,2025-09-09,2025-09-17,Delayed,5626.74
PO0003776,SUP0034,2025-02-03,2025-02-16,,In Progress,13899.3
PO0003777,SUP0096,2026-01-27,2026-02-18,2026-02-17,Completed,7899.73
PO0003778,SUP0042,2026-03-23,2026-03-28,2026-03-24,Completed,268498.12
PO0003779,SUP0042,2025-02-22,2025-03-17,2025-03-18,Completed,46096.16
PO0003780,SUP0005,2026-03-04,2026-04-12,2026-04-12,Completed,17768.19
PO0003781,SUP0029,2026-05-26,2026-06-16,2026-06-21,Completed,11513.88
PO0003782,SUP0012,2025-07-14,2025-07-27,,Cancelled,1826.48
PO0003783,SUP0024,2025-04-09,2025-04-14,,In Progress,16942.86
PO0003784,SUP0092,2026-05-13,2026-05-22,2026-05-17,Completed,4278.91
PO0003785,SUP0004,2026-02-25,2026-03-05,,Pending Approval,17015.81
PO0003786,SUP0033,2026-02-06,2026-03-02,,In Progress,14490.93
PO0003787,SUP0072,2025-10-15,2025-10-30,2025-10-27,Completed,20552.09
PO0003788,SUP0010,2025-01-27,2025-02-10,,In Progress,2809.06
PO0003789,SUP0069,2025-08-06,2025-08-11,,Cancelled,16759.86
PO0003790,SUP0035,2025-09-29,2025-11-09,2025-11-10,Completed,4335.15
PO0003791,SUP0017,2025-11-09,2025-12-01,2025-12-03,Completed,2196.22
PO0003792,SUP0078,2025-08-04,2025-09-06,,Cancelled,18882.73
PO0003793,SUP0098,2025-12-28,2026-01-15,2026-01-17,Completed,41097.0
PO0003794,SUP0091,2025-08-29,2025-09-05,2025-09-08,Completed,10429.41
PO0003795,SUP0009,2026-04-07,2026-05-19,2026-05-20,Completed,34401.46
PO0003796,SUP0060,2025-12-26,2026-01-08,2026-01-14,Completed,2613.78
PO0003797,SUP0016,2026-03-24,2026-04-08,2026-04-25,Delayed,9046.44
PO0003798,SUP0006,2025-07-18,2025-08-16,2025-08-17,Completed,445.96
PO0003799,SUP0039,2026-05-23,2026-06-11,2026-06-13,Completed,124683.51
PO0003800,SUP0025,2026-04-12,2026-05-12,,In Progress,12145.08
PO0003801,SUP0009,2025-03-25,2025-04-18,2025-04-28,Completed,14752.26
PO0003802,SUP0035,2025-02-26,2025-03-18,2025-03-13,Completed,29761.12
PO0003803,SUP0035,2025-03-18,2025-04-02,2025-04-02,Completed,19185.34
PO0003804,SUP0008,2026-01-12,2026-01-23,2026-02-11,Delayed,23824.4
PO0003805,SUP0099,2025-11-26,2025-12-10,2025-12-10,Completed,15180.56
PO0003806,SUP0098,2025-09-02,2025-09-26,,Cancelled,8346.18
PO0003807,SUP0030,2025-03-10,2025-03-30,2025-03-30,Completed,36851.65
PO0003808,SUP0014,2026-05-05,2026-05-23,2026-05-29,Completed,61232.11
PO0003809,SUP0023,2025-07-06,2025-07-29,,In Progress,54192.52
PO0003810,SUP0074,2025-12-16,2026-01-08,2026-01-09,Completed,32857.44
PO0003811,SUP0011,2026-04-13,2026-05-08,2026-05-15,Completed,507.25
PO0003812,SUP0085,2026-03-15,2026-04-17,,In Progress,120824.26
PO0003813,SUP0061,2026-02-27,2026-03-19,2026-03-21,Completed,5447.1
PO0003814,SUP0028,2025-07-13,2025-08-07,2025-08-07,Completed,22918.04
PO0003815,SUP0081,2025-12-04,2025-12-18,,Cancelled,35131.46
PO0003816,SUP0075,2025-12-27,2026-01-10,2026-01-19,Completed,7156.22
PO0003817,SUP0089,2025-09-18,2025-10-03,2025-10-19,Delayed,27346.9
PO0003818,SUP0079,2025-07-19,2025-08-19,2025-08-25,Completed,5773.19
PO0003819,SUP0080,2025-02-25,2025-03-20,2025-03-17,Completed,1796.86
PO0003820,SUP0030,2025-11-25,2026-01-03,2026-01-03,Completed,16035.93
PO0003821,SUP0028,2025-07-19,2025-08-01,,In Progress,4288.08
PO0003822,SUP0001,2025-09-03,2025-09-27,2025-09-26,Completed,23501.92
PO0003823,SUP0048,2026-04-24,2026-05-09,2026-05-04,Completed,15722.15
PO0003824,SUP0089,2025-02-16,2025-03-01,,In Progress,16076.8
PO0003825,SUP0043,2025-10-24,2025-10-29,2025-11-17,Delayed,34455.4
PO0003826,SUP0018,2025-09-30,2025-10-24,,Pending Approval,3415.68
PO0003827,SUP0033,2025-04-24,2025-05-19,2025-06-02,Delayed,2044.98
PO0003828,SUP0066,2025-12-20,2026-01-13,2026-01-08,Completed,38435.66
PO0003829,SUP0094,2026-05-25,2026-06-28,,In Progress,18211.91
PO0003830,SUP0033,2025-12-11,2026-01-19,2026-01-19,Completed,5147.22
PO0003831,SUP0008,2025-12-13,2026-01-01,2026-01-02,Completed,18474.19
PO0003832,SUP0098,2025-06-24,2025-07-13,,Cancelled,1044.89
PO0003833,SUP0049,2025-10-07,2025-11-06,2025-11-05,Completed,426.21
PO0003834,SUP0049,2025-09-27,2025-10-30,2025-10-30,Completed,73515.18
PO0003835,SUP0059,2025-12-19,2026-01-22,2026-02-03,Delayed,14808.43
PO0003836,SUP0063,2026-03-15,2026-04-13,2026-04-13,Completed,7722.13
PO0003837,SUP0010,2025-04-19,2025-04-24,2025-05-09,Delayed,597.6
PO0003838,SUP0089,2025-06-19,2025-06-24,2025-06-21,Completed,19923.8
PO0003839,SUP0043,2025-09-07,2025-09-25,2025-09-20,Completed,16417.16
PO0003840,SUP0020,2025-11-03,2025-11-20,2025-11-18,Completed,9287.51
PO0003841,SUP0070,2025-06-12,2025-07-09,2025-07-04,Completed,10372.86
PO0003842,SUP0054,2026-05-27,2026-06-30,2026-06-30,Delayed,390.9
PO0003843,SUP0094,2025-05-14,2025-06-06,2025-06-25,Delayed,8373.97
PO0003844,SUP0022,2026-05-16,2026-06-03,2026-06-10,Completed,1194.48
PO0003845,SUP0059,2025-09-15,2025-10-22,2025-10-22,Completed,6666.27
PO0003846,SUP0095,2025-01-18,2025-02-17,,In Progress,98760.8
PO0003847,SUP0014,2025-03-24,2025-04-23,2025-04-19,Completed,74669.35
PO0003848,SUP0049,2026-05-16,2026-06-20,2026-06-20,Completed,50531.91
PO0003849,SUP0070,2026-05-12,2026-06-16,2026-06-16,Completed,17701.84
PO0003850,SUP0087,2025-07-15,2025-08-03,,Cancelled,36235.45
PO0003851,SUP0071,2025-07-05,2025-07-29,2025-08-01,Completed,8313.36
PO0003852,SUP0057,2026-04-11,2026-04-30,,In Progress,10208.0
PO0003853,SUP0016,2026-02-15,2026-03-12,2026-03-12,Completed,38274.12
PO0003854,SUP0023,2025-09-12,2025-09-19,2025-09-17,Completed,12761.98
PO0003855,SUP0039,2025-11-09,2025-11-29,,Cancelled,2025.24
PO0003856,SUP0080,2025-11-08,2025-11-25,2025-11-22,Completed,6588.69
PO0003857,SUP0063,2025-04-21,2025-05-21,2025-05-18,Completed,11569.49
PO0003858,SUP0008,2026-01-26,2026-02-14,2026-02-14,Completed,9488.64
PO0003859,SUP0088,2025-09-07,2025-09-23,2025-09-18,Completed,22134.26
PO0003860,SUP0047,2025-11-29,2025-12-27,,Cancelled,99611.82
PO0003861,SUP0017,2025-06-25,2025-07-03,2025-06-30,Completed,14718.79
PO0003862,SUP0013,2026-01-11,2026-01-24,2026-01-26,Completed,50295.66
PO0003863,SUP0054,2025-03-29,2025-04-16,2025-04-22,Completed,2112.08
PO0003864,SUP0007,2025-02-28,2025-03-19,2025-03-14,Completed,4662.0
PO0003865,SUP0049,2025-07-18,2025-08-08,2025-08-06,Completed,9663.92
PO0003866,SUP0060,2025-01-15,2025-02-03,,In Progress,12761.35
PO0003867,SUP0090,2025-08-19,2025-08-26,2025-08-26,Completed,31226.54
PO0003868,SUP0094,2025-01-05,2025-01-31,2025-02-02,Completed,2678.06
PO0003869,SUP0007,2026-05-03,2026-06-01,2026-06-18,Delayed,39713.54
PO0003870,SUP0097,2025-12-20,2026-01-18,2026-01-22,Completed,11089.32
PO0003871,SUP0073,2025-01-18,2025-02-01,2025-01-30,Completed,15947.8
PO0003872,SUP0058,2025-07-31,2025-08-25,,Pending Approval,3418.61
PO0003873,SUP0077,2025-06-22,2025-07-20,2025-07-21,Completed,159835.61
PO0003874,SUP0014,2025-09-20,2025-11-01,2025-11-01,Completed,99106.12
PO0003875,SUP0085,2025-09-15,2025-10-04,2025-09-29,Completed,27625.94
PO0003876,SUP0033,2026-05-27,2026-06-01,,Cancelled,398.45
PO0003877,SUP0090,2025-09-09,2025-10-09,2025-10-09,Completed,3308.46
PO0003878,SUP0049,2025-07-30,2025-08-23,2025-08-22,Completed,75785.13
PO0003879,SUP0014,2026-01-06,2026-01-24,2026-02-01,Delayed,14682.76
PO0003880,SUP0044,2026-01-21,2026-01-26,2026-01-29,Completed,12168.34
PO0003881,SUP0026,2026-04-22,2026-05-24,2026-05-24,Completed,58824.24
PO0003882,SUP0093,2025-11-10,2025-12-19,2025-12-19,Completed,22552.56
PO0003883,SUP0088,2025-01-08,2025-02-10,2025-02-08,Completed,20102.3
PO0003884,SUP0045,2025-10-05,2025-11-16,,Cancelled,48645.9
PO0003885,SUP0071,2025-01-27,2025-03-07,,In Progress,11270.04
PO0003886,SUP0004,2025-01-30,2025-02-24,,Pending Approval,3464.09
PO0003887,SUP0078,2025-02-20,2025-03-26,2025-03-29,Completed,2298.78
PO0003888,SUP0014,2025-09-19,2025-10-09,2025-10-25,Delayed,60899.02
PO0003889,SUP0042,2025-10-18,2025-11-18,2025-11-23,Completed,38894.88
PO0003890,SUP0051,2025-10-25,2025-11-29,2025-11-28,Completed,7338.72
PO0003891,SUP0042,2025-03-11,2025-04-15,2025-05-01,Delayed,1164.16
PO0003892,SUP0089,2025-08-12,2025-09-13,,In Progress,15738.97
PO0003893,SUP0013,2025-12-30,2026-01-19,2026-02-04,Delayed,14170.72
PO0003894,SUP0034,2025-09-19,2025-11-01,2025-11-01,Completed,5205.3
PO0003895,SUP0081,2025-05-24,2025-05-29,2025-05-29,Completed,2519.95
PO0003896,SUP0053,2025-01-26,2025-03-01,,In Progress,33653.68
PO0003897,SUP0011,2026-03-10,2026-04-01,2026-04-01,Completed,3412.48
PO0003898,SUP0099,2025-01-14,2025-02-14,2025-02-14,Completed,15101.0
PO0003899,SUP0084,2025-10-11,2025-10-29,,In Progress,10300.09
PO0003900,SUP0009,2025-09-27,2025-10-14,2025-10-11,Completed,3637.2
PO0003901,SUP0034,2025-04-30,2025-05-31,,Cancelled,12173.85
PO0003902,SUP0080,2025-05-13,2025-06-14,2025-06-15,Completed,14339.68
PO0003903,SUP0058,2025-03-20,2025-04-20,,In Progress,13833.85
PO0003904,SUP0087,2025-02-08,2025-02-16,2025-02-16,Completed,7901.05
PO0003905,SUP0068,2025-03-04,2025-04-21,2025-04-26,Delayed,90167.56
PO0003906,SUP0084,2025-11-05,2025-11-28,2025-11-29,Completed,9298.42
PO0003907,SUP0097,2025-03-11,2025-03-26,2025-03-24,Completed,16911.29
PO0003908,SUP0077,2025-11-24,2025-12-30,2026-01-07,Completed,43054.05
PO0003909,SUP0041,2025-03-25,2025-04-11,2025-04-16,Completed,29512.4
PO0003910,SUP0098,2026-05-06,2026-06-12,2026-06-10,Completed,1949.78
PO0003911,SUP0065,2026-03-20,2026-04-12,2026-04-29,Delayed,20908.5
PO0003912,SUP0027,2026-04-06,2026-05-04,,In Progress,7442.74
PO0003913,SUP0072,2025-10-21,2025-11-18,,In Progress,46392.44
PO0003914,SUP0056,2026-01-09,2026-02-02,,Cancelled,6524.2
PO0003915,SUP0027,2026-05-16,2026-06-21,2026-06-25,Completed,102566.28
PO0003916,SUP0072,2025-06-16,2025-06-27,,In Progress,42845.65
PO0003917,SUP0023,2025-06-24,2025-07-09,,In Progress,450.26
PO0003918,SUP0066,2025-01-08,2025-02-08,2025-02-12,Delayed,81321.9
PO0003919,SUP0083,2025-06-20,2025-07-28,,In Progress,1267.65
PO0003920,SUP0046,2025-08-10,2025-09-09,2025-09-09,Completed,23055.3
PO0003921,SUP0053,2026-03-06,2026-04-04,2026-04-21,Delayed,38432.44
PO0003922,SUP0029,2025-05-19,2025-06-09,2025-06-21,Delayed,5819.16
PO0003923,SUP0056,2025-12-08,2026-01-11,2026-01-12,Completed,10217.87
PO0003924,SUP0100,2026-04-25,2026-05-12,,In Progress,6657.34
PO0003925,SUP0041,2026-04-26,2026-05-20,2026-05-20,Completed,11475.65
PO0003926,SUP0071,2025-08-02,2025-08-27,2025-08-31,Completed,16003.02
PO0003927,SUP0035,2025-07-10,2025-08-03,2025-08-03,Completed,15193.95
PO0003928,SUP0071,2026-02-13,2026-03-05,2026-03-23,Delayed,35951.27
PO0003929,SUP0074,2025-04-16,2025-05-08,2025-05-16,Completed,8106.9
PO0003930,SUP0016,2025-05-06,2025-06-08,2025-06-03,Completed,4904.69
PO0003931,SUP0006,2026-04-09,2026-05-16,2026-05-22,Completed,1371.75
PO0003932,SUP0033,2025-09-22,2025-10-20,2025-10-28,Delayed,26198.31
PO0003933,SUP0048,2025-06-05,2025-06-10,2025-06-10,Completed,15517.99
PO0003934,SUP0027,2025-10-29,2025-11-17,2025-11-24,Completed,30192.32
PO0003935,SUP0010,2026-02-21,2026-03-12,2026-03-11,Completed,7265.28
PO0003936,SUP0084,2026-01-30,2026-02-22,2026-03-02,Completed,1235.64
PO0003937,SUP0081,2026-05-24,2026-06-12,2026-06-21,Completed,9563.13
PO0003938,SUP0021,2025-06-25,2025-08-06,2025-08-08,Completed,21180.28
PO0003939,SUP0045,2025-11-17,2025-12-13,2025-12-08,Completed,6520.14
PO0003940,SUP0025,2025-11-07,2025-11-17,2025-11-18,Completed,7288.75
PO0003941,SUP0027,2026-03-31,2026-04-28,,In Progress,37563.3
PO0003942,SUP0059,2025-01-24,2025-02-21,,Cancelled,5272.39
PO0003943,SUP0040,2026-02-25,2026-03-22,2026-03-29,Completed,15621.12
PO0003944,SUP0047,2025-04-14,2025-05-02,,In Progress,31500.3
PO0003945,SUP0023,2025-11-03,2025-12-16,,In Progress,124512.91
PO0003946,SUP0050,2025-06-15,2025-07-03,2025-06-28,Completed,2522.19
PO0003947,SUP0019,2026-02-26,2026-03-16,,In Progress,82403.04
PO0003948,SUP0054,2025-07-14,2025-08-01,2025-08-05,Completed,47194.99
PO0003949,SUP0071,2026-02-23,2026-03-24,2026-03-29,Completed,41685.2
PO0003950,SUP0021,2026-05-19,2026-06-22,2026-06-30,Delayed,1861.09
PO0003951,SUP0031,2025-10-23,2025-12-04,2025-12-23,Delayed,13397.25
PO0003952,SUP0003,2025-09-01,2025-10-13,,In Progress,6484.96
PO0003953,SUP0085,2026-01-10,2026-02-03,2026-02-02,Completed,9723.26
PO0003954,SUP0066,2026-01-31,2026-03-12,2026-03-31,Delayed,58815.38
PO0003955,SUP0065,2025-01-30,2025-02-14,2025-02-09,Completed,25895.44
PO0003956,SUP0100,2025-03-06,2025-03-25,2025-04-07,Delayed,12890.8
PO0003957,SUP0017,2025-06-16,2025-07-11,2025-07-06,Completed,7075.74
PO0003958,SUP0077,2025-04-21,2025-05-24,,In Progress,46470.07
PO0003959,SUP0055,2026-05-10,2026-05-28,2026-05-25,Completed,16261.72
PO0003960,SUP0096,2026-01-17,2026-02-13,2026-02-20,Completed,5529.65
PO0003961,SUP0025,2025-10-06,2025-11-07,,Cancelled,22788.62
PO0003962,SUP0092,2025-06-01,2025-07-16,2025-07-13,Completed,919.98
PO0003963,SUP0022,2025-05-18,2025-06-11,,In Progress,12276.66
PO0003964,SUP0036,2025-06-29,2025-07-13,2025-07-08,Completed,10830.93
PO0003965,SUP0017,2025-05-18,2025-06-10,,In Progress,6968.66
PO0003966,SUP0092,2025-09-15,2025-10-18,2025-10-29,Delayed,3219.7
PO0003967,SUP0026,2025-09-25,2025-09-30,,In Progress,15024.72
PO0003968,SUP0091,2026-02-07,2026-03-02,2026-02-28,Completed,96651.44
PO0003969,SUP0021,2025-02-27,2025-03-30,2025-04-01,Completed,21884.62
PO0003970,SUP0055,2026-05-13,2026-06-09,,In Progress,33994.24
PO0003971,SUP0031,2025-12-13,2026-01-06,2026-01-08,Completed,12943.8
PO0003972,SUP0048,2025-09-20,2025-09-28,2025-10-04,Completed,7600.96
PO0003973,SUP0081,2025-07-09,2025-07-31,2025-08-14,Delayed,30.88
PO0003974,SUP0047,2026-02-23,2026-03-12,2026-03-11,Completed,48075.58
PO0003975,SUP0026,2025-04-01,2025-04-14,2025-05-04,Delayed,43864.84
PO0003976,SUP0050,2026-03-15,2026-03-30,,In Progress,46101.65
PO0003977,SUP0053,2026-04-15,2026-05-01,2026-05-21,Delayed,29552.56
PO0003978,SUP0016,2026-04-20,2026-05-10,2026-05-05,Completed,944.64
PO0003979,SUP0088,2025-05-13,2025-06-22,2025-06-22,Completed,12142.26
PO0003980,SUP0076,2025-01-25,2025-03-09,2025-03-19,Delayed,4427.48
PO0003981,SUP0032,2025-11-19,2025-12-15,2025-12-15,Completed,82153.57
PO0003982,SUP0001,2025-12-15,2026-01-08,2026-01-06,Completed,8863.36
PO0003983,SUP0077,2025-04-19,2025-04-24,2025-04-20,Completed,16522.66
PO0003984,SUP0073,2025-08-17,2025-09-06,2025-09-10,Completed,11275.66
PO0003985,SUP0049,2025-09-12,2025-09-21,2025-09-19,Completed,61956.05
PO0003986,SUP0016,2025-02-12,2025-03-06,2025-03-06,Completed,8186.3
PO0003987,SUP0021,2025-10-31,2025-11-30,2025-11-29,Completed,17070.6
PO0003988,SUP0013,2026-01-04,2026-01-27,,In Progress,33052.1
PO0003989,SUP0078,2025-02-12,2025-03-10,,In Progress,13033.82
PO0003990,SUP0036,2025-08-08,2025-09-04,2025-09-07,Completed,11410.56
PO0003991,SUP0086,2025-04-02,2025-04-19,2025-04-14,Completed,1880.81
PO0003992,SUP0009,2026-03-23,2026-04-17,2026-04-12,Completed,580.72
PO0003993,SUP0070,2026-05-28,2026-06-17,2026-06-16,Completed,39996.82
PO0003994,SUP0055,2025-10-29,2025-12-03,2025-12-04,Completed,45461.69
PO0003995,SUP0050,2025-07-23,2025-07-28,,In Progress,1525.0
PO0003996,SUP0054,2026-02-26,2026-04-08,,In Progress,441.14
PO0003997,SUP0028,2026-05-08,2026-05-23,2026-05-27,Completed,32770.51
PO0003998,SUP0036,2025-08-24,2025-10-01,,In Progress,25403.52
PO0003999,SUP0052,2025-08-10,2025-09-09,2025-09-25,Delayed,3540.16
PO0004000,SUP0017,2025-05-06,2025-06-11,2025-06-13,Completed,2144.26
PO0004001,SUP0067,2025-01-07,2025-02-01,2025-02-07,Completed,46982.13
PO0004002,SUP0084,2026-05-30,2026-06-20,2026-06-20,Completed,278.72
PO0004003,SUP0076,2026-04-20,2026-05-14,2026-05-17,Completed,60599.57
PO0004004,SUP0059,2025-07-24,2025-08-07,2025-08-08,Completed,12990.12
PO0004005,SUP0056,2026-04-09,2026-04-24,2026-04-22,Completed,89963.21
PO0004006,SUP0078,2025-04-15,2025-04-29,,In Progress,42410.72
PO0004007,SUP0031,2025-10-01,2025-10-08,2025-10-11,Delayed,11063.52
PO0004008,SUP0061,2026-02-13,2026-03-09,2026-03-08,Completed,9627.4
PO0004009,SUP0043,2026-03-24,2026-04-14,2026-04-15,Completed,2202.2
PO0004010,SUP0033,2025-06-19,2025-07-16,2025-07-13,Completed,5377.95
PO0004011,SUP0014,2025-03-26,2025-04-08,2025-04-09,Completed,22149.0
PO0004012,SUP0083,2025-06-10,2025-07-12,2025-07-30,Delayed,19534.83
PO0004013,SUP0027,2025-01-20,2025-02-06,,Pending Approval,1186.8
PO0004014,SUP0045,2026-03-31,2026-04-11,,Cancelled,5722.16
PO0004015,SUP0099,2025-01-30,2025-03-06,,In Progress,18313.37
PO0004016,SUP0041,2026-02-07,2026-02-26,,Cancelled,237.18
PO0004017,SUP0072,2026-05-07,2026-06-09,2026-06-11,Completed,5468.2
PO0004018,SUP0017,2025-06-28,2025-08-08,2025-08-14,Completed,5376.28
PO0004019,SUP0066,2025-11-01,2025-11-08,2025-11-10,Completed,8805.3
PO0004020,SUP0049,2025-01-12,2025-02-12,2025-02-10,Completed,62678.53
PO0004021,SUP0016,2026-05-25,2026-06-06,,Cancelled,90917.91
PO0004022,SUP0024,2026-01-29,2026-03-08,2026-03-07,Completed,13729.78
PO0004023,SUP0026,2025-10-07,2025-11-03,2025-11-03,Completed,1901.35
PO0004024,SUP0052,2025-08-02,2025-08-29,,In Progress,16819.98
PO0004025,SUP0032,2026-02-16,2026-02-22,2026-02-27,Delayed,53456.69
PO0004026,SUP0057,2025-03-05,2025-03-28,2025-03-31,Completed,14262.47
PO0004027,SUP0027,2025-10-03,2025-11-02,2025-11-07,Completed,1732.44
PO0004028,SUP0025,2025-02-26,2025-03-16,2025-03-16,Completed,897.72
PO0004029,SUP0088,2025-03-20,2025-04-15,2025-04-12,Completed,25593.14
PO0004030,SUP0094,2025-04-08,2025-04-28,2025-04-28,Completed,1296.07
PO0004031,SUP0093,2026-03-07,2026-03-28,2026-03-27,Completed,8969.64
PO0004032,SUP0071,2025-11-01,2025-12-01,,In Progress,112974.95
PO0004033,SUP0042,2026-02-05,2026-02-19,,In Progress,21280.16
PO0004034,SUP0079,2026-01-05,2026-01-15,2026-01-17,Completed,8171.96
PO0004035,SUP0075,2025-12-16,2026-01-22,,In Progress,9329.92
PO0004036,SUP0023,2026-02-10,2026-02-28,,In Progress,75554.31
PO0004037,SUP0030,2026-04-18,2026-05-27,2026-06-06,Delayed,10064.1
PO0004038,SUP0094,2025-09-06,2025-10-05,2025-10-03,Completed,11512.86
PO0004039,SUP0041,2025-09-24,2025-10-04,2025-10-04,Completed,114708.52
PO0004040,SUP0066,2025-02-16,2025-02-28,,In Progress,7317.97
PO0004041,SUP0063,2026-04-17,2026-05-10,2026-05-08,Completed,4237.66
PO0004042,SUP0023,2025-08-15,2025-09-02,2025-09-03,Completed,108256.64
PO0004043,SUP0064,2025-09-03,2025-09-25,2025-09-25,Completed,9006.49
PO0004044,SUP0052,2026-03-14,2026-04-22,,In Progress,16994.1
PO0004045,SUP0068,2025-03-01,2025-03-25,2025-03-22,Completed,283185.0
PO0004046,SUP0057,2025-06-05,2025-07-07,2025-07-06,Completed,9415.64
PO0004047,SUP0083,2026-04-20,2026-05-26,2026-05-30,Delayed,5240.34
PO0004048,SUP0046,2025-05-17,2025-05-31,2025-05-31,Completed,8558.42
PO0004049,SUP0100,2025-10-06,2025-11-05,,In Progress,13356.18
PO0004050,SUP0021,2026-05-28,2026-06-15,2026-06-24,Delayed,11649.92
PO0004051,SUP0013,2025-04-30,2025-06-01,,In Progress,46905.65
PO0004052,SUP0021,2025-04-19,2025-05-14,2025-05-11,Completed,1154.28
PO0004053,SUP0081,2025-05-14,2025-05-27,2025-05-30,Completed,52635.45
PO0004054,SUP0048,2025-07-24,2025-09-02,2025-08-31,Completed,1179.29
PO0004055,SUP0014,2025-01-13,2025-02-25,2025-02-28,Completed,106249.44
PO0004056,SUP0052,2025-05-13,2025-06-05,,Cancelled,8549.28
PO0004057,SUP0020,2026-02-27,2026-04-13,,Pending Approval,14967.79
PO0004058,SUP0012,2025-04-17,2025-05-07,2025-05-08,Completed,14469.98
PO0004059,SUP0085,2025-04-30,2025-06-10,,Cancelled,27149.37
PO0004060,SUP0045,2026-03-03,2026-03-26,2026-03-26,Completed,8579.76
PO0004061,SUP0079,2025-01-13,2025-02-06,2025-02-16,Delayed,787.08
PO0004062,SUP0019,2025-06-24,2025-07-11,2025-07-19,Delayed,30713.18
PO0004063,SUP0025,2026-02-27,2026-03-29,2026-03-28,Completed,3539.28
PO0004064,SUP0017,2025-12-15,2026-01-01,,In Progress,1968.6
PO0004065,SUP0023,2026-04-20,2026-05-18,2026-05-18,Completed,118941.04
PO0004066,SUP0022,2025-02-23,2025-03-08,2025-03-08,Completed,5748.49
PO0004067,SUP0028,2025-01-09,2025-01-28,2025-02-09,Delayed,42657.87
PO0004068,SUP0035,2025-06-22,2025-07-30,2025-07-29,Completed,6820.96
PO0004069,SUP0075,2025-01-29,2025-02-20,2025-02-21,Completed,61855.67
PO0004070,SUP0008,2026-02-08,2026-03-12,2026-03-31,Delayed,38573.22
PO0004071,SUP0026,2025-12-11,2026-01-12,2026-01-07,Completed,19326.01
PO0004072,SUP0100,2025-01-27,2025-02-11,2025-02-12,Completed,33002.01
PO0004073,SUP0021,2025-05-01,2025-05-23,2025-05-22,Completed,14947.57
PO0004074,SUP0011,2026-03-16,2026-04-21,2026-04-20,Completed,755.04
PO0004075,SUP0050,2025-10-13,2025-11-15,2025-11-18,Completed,11394.6
PO0004076,SUP0001,2026-01-16,2026-03-02,,Cancelled,32896.44
PO0004077,SUP0053,2025-10-11,2025-10-24,2025-10-20,Completed,33439.93
PO0004078,SUP0011,2025-08-05,2025-08-31,2025-09-02,Completed,15866.55
PO0004079,SUP0038,2026-04-09,2026-04-26,2026-05-01,Delayed,2162.58
PO0004080,SUP0039,2025-12-19,2026-01-19,,Cancelled,26672.19
PO0004081,SUP0025,2025-08-30,2025-10-01,2025-10-04,Delayed,8426.38
PO0004082,SUP0053,2025-12-02,2025-12-09,,In Progress,15471.06
PO0004083,SUP0087,2025-11-11,2025-11-29,2025-12-08,Delayed,5297.96
PO0004084,SUP0060,2025-08-26,2025-09-11,2025-09-23,Delayed,8114.4
PO0004085,SUP0032,2025-11-15,2025-12-10,2025-12-16,Delayed,60062.06
PO0004086,SUP0030,2026-03-28,2026-04-24,,Cancelled,2888.16
PO0004087,SUP0086,2025-11-23,2025-12-17,2025-12-18,Completed,14821.32
PO0004088,SUP0056,2025-07-18,2025-08-13,,In Progress,1557.76
PO0004089,SUP0021,2026-01-23,2026-02-04,2026-01-30,Completed,5199.32
PO0004090,SUP0052,2025-08-29,2025-09-20,2025-09-15,Completed,12641.16
PO0004091,SUP0051,2025-06-30,2025-07-05,2025-07-23,Delayed,17503.29
PO0004092,SUP0097,2025-12-08,2025-12-31,2025-12-31,Completed,16104.96
PO0004093,SUP0022,2026-05-31,2026-06-19,2026-06-14,Completed,38640.29
PO0004094,SUP0012,2025-10-06,2025-10-31,2025-10-28,Completed,1076.57
PO0004095,SUP0083,2025-04-21,2025-04-30,2025-04-25,Completed,11962.77
PO0004096,SUP0014,2025-09-17,2025-10-01,2025-10-01,Completed,15240.08
PO0004097,SUP0014,2025-10-16,2025-11-23,2025-11-27,Completed,3403.7
PO0004098,SUP0079,2025-10-07,2025-11-02,2025-11-01,Completed,4528.92
PO0004099,SUP0084,2026-01-18,2026-02-14,2026-02-13,Completed,24239.48
PO0004100,SUP0082,2025-10-19,2025-10-24,2025-10-23,Completed,76896.82
PO0004101,SUP0024,2026-03-12,2026-03-25,2026-03-20,Completed,65514.27
PO0004102,SUP0056,2025-11-17,2025-12-05,2025-12-05,Completed,2040.64
PO0004103,SUP0005,2025-08-13,2025-09-19,,Cancelled,768.39
PO0004104,SUP0086,2025-08-04,2025-08-29,,In Progress,23108.78
PO0004105,SUP0001,2025-07-04,2025-07-23,2025-07-24,Completed,10601.06
PO0004106,SUP0075,2025-12-28,2026-01-02,2026-01-04,Completed,42636.79
PO0004107,SUP0019,2025-01-13,2025-02-15,,In Progress,238346.88
PO0004108,SUP0063,2025-04-01,2025-04-23,2025-04-18,Completed,21738.77
PO0004109,SUP0014,2025-05-28,2025-06-24,2025-06-19,Completed,26413.7
PO0004110,SUP0023,2026-04-29,2026-06-05,,Cancelled,103565.25
PO0004111,SUP0002,2025-12-30,2026-01-21,,Pending Approval,2887.0
PO0004112,SUP0038,2026-05-25,2026-06-13,,In Progress,10591.55
PO0004113,SUP0005,2026-03-20,2026-04-23,2026-04-30,Delayed,9339.98
PO0004114,SUP0066,2025-04-27,2025-05-09,,In Progress,70.16
PO0004115,SUP0047,2025-01-17,2025-02-09,2025-02-13,Completed,12489.58
PO0004116,SUP0034,2025-06-03,2025-06-23,2025-06-24,Completed,1436.16
PO0004117,SUP0082,2025-12-16,2026-01-04,,Cancelled,23889.14
PO0004118,SUP0095,2026-05-10,2026-06-17,2026-06-20,Completed,40383.42
PO0004119,SUP0092,2026-01-10,2026-02-11,2026-02-13,Completed,3624.4
PO0004120,SUP0046,2025-05-13,2025-05-31,2025-05-31,Completed,16177.46
PO0004121,SUP0026,2026-01-21,2026-02-08,2026-02-27,Delayed,4324.11
PO0004122,SUP0048,2025-07-16,2025-08-13,2025-08-12,Completed,21573.81
PO0004123,SUP0078,2025-10-12,2025-11-15,2025-11-18,Delayed,5234.47
PO0004124,SUP0034,2026-04-13,2026-05-05,2026-05-01,Completed,14235.51
PO0004125,SUP0030,2025-12-24,2026-01-20,2026-01-21,Completed,83544.63
PO0004126,SUP0088,2025-09-19,2025-10-09,2025-10-10,Completed,12151.99
PO0004127,SUP0085,2026-05-08,2026-06-02,,Pending Approval,17609.32
PO0004128,SUP0017,2025-08-31,2025-09-20,2025-09-20,Completed,1972.08
PO0004129,SUP0010,2026-01-05,2026-02-04,2026-02-09,Completed,5859.26
PO0004130,SUP0099,2026-01-05,2026-02-06,2026-02-22,Delayed,81624.68
PO0004131,SUP0094,2026-04-07,2026-04-22,2026-04-19,Completed,13406.21
PO0004132,SUP0064,2025-03-31,2025-05-15,2025-05-17,Completed,8959.16
PO0004133,SUP0096,2025-02-17,2025-02-25,2025-02-24,Completed,663.1
PO0004134,SUP0100,2025-01-07,2025-01-25,2025-01-29,Completed,5449.14
PO0004135,SUP0040,2025-07-10,2025-08-02,2025-08-06,Completed,1648.8
PO0004136,SUP0082,2025-06-03,2025-06-30,2025-07-05,Completed,28339.67
PO0004137,SUP0069,2026-01-04,2026-01-22,2026-01-21,Completed,20159.98
PO0004138,SUP0023,2026-01-04,2026-02-07,,Pending Approval,38148.03
PO0004139,SUP0023,2025-01-12,2025-01-25,2025-02-09,Delayed,11268.5
PO0004140,SUP0009,2026-04-10,2026-05-02,2026-05-15,Delayed,8327.08
PO0004141,SUP0050,2026-01-08,2026-02-07,,In Progress,10500.7
PO0004142,SUP0082,2025-07-27,2025-08-17,2025-09-05,Delayed,14316.73
PO0004143,SUP0086,2025-10-22,2025-11-20,2025-11-20,Completed,17107.68
PO0004144,SUP0077,2025-05-28,2025-07-08,2025-07-04,Completed,122556.37
PO0004145,SUP0039,2025-12-17,2026-01-09,2026-01-08,Completed,10336.35
PO0004146,SUP0024,2026-02-07,2026-03-03,2026-03-08,Completed,221178.98
PO0004147,SUP0080,2026-02-15,2026-03-26,2026-03-27,Completed,16281.01
PO0004148,SUP0060,2025-06-12,2025-07-13,2025-07-15,Completed,13788.3
PO0004149,SUP0072,2025-02-07,2025-03-08,2025-03-25,Delayed,54258.98
PO0004150,SUP0068,2025-05-07,2025-06-05,2025-06-07,Completed,19184.4
PO0004151,SUP0016,2025-12-02,2025-12-27,2025-12-27,Completed,87071.43
PO0004152,SUP0047,2026-02-10,2026-02-15,,In Progress,84487.34
PO0004153,SUP0068,2025-12-13,2026-01-09,,In Progress,58973.31
PO0004154,SUP0017,2026-02-14,2026-03-01,2026-02-24,Completed,19312.08
PO0004155,SUP0083,2025-03-28,2025-04-24,2025-05-11,Delayed,3490.5
PO0004156,SUP0008,2025-03-20,2025-04-14,2025-04-14,Completed,49415.37
PO0004157,SUP0005,2026-04-11,2026-05-05,2026-04-30,Completed,20022.72
PO0004158,SUP0051,2026-04-09,2026-05-13,,In Progress,11191.7
PO0004159,SUP0061,2026-02-19,2026-03-03,2026-02-26,Completed,3324.23
PO0004160,SUP0076,2025-08-01,2025-08-22,2025-08-21,Completed,2505.9
PO0004161,SUP0075,2025-08-15,2025-09-04,2025-09-07,Completed,14044.41
PO0004162,SUP0084,2025-07-21,2025-08-25,2025-09-03,Completed,7352.52
PO0004163,SUP0039,2025-02-07,2025-02-26,2025-02-21,Completed,18890.06
PO0004164,SUP0067,2026-01-31,2026-02-22,2026-02-17,Completed,81937.02
PO0004165,SUP0022,2025-01-01,2025-01-26,2025-01-27,Completed,7019.72
PO0004166,SUP0041,2025-02-14,2025-03-13,2025-03-13,Completed,14462.12
PO0004167,SUP0085,2025-10-11,2025-11-15,2025-11-17,Completed,29821.55
PO0004168,SUP0008,2026-02-04,2026-03-04,2026-03-24,Delayed,2331.26
PO0004169,SUP0036,2025-06-20,2025-07-06,2025-07-05,Completed,5329.98
PO0004170,SUP0088,2025-10-21,2025-11-02,,In Progress,32455.44
PO0004171,SUP0045,2025-07-07,2025-07-27,,Cancelled,1732.7
PO0004172,SUP0086,2025-07-07,2025-07-12,2025-07-12,Completed,9026.64
PO0004173,SUP0030,2025-08-28,2025-09-27,2025-10-15,Delayed,76601.15
PO0004174,SUP0065,2025-05-25,2025-06-30,,In Progress,10658.9
PO0004175,SUP0019,2025-02-26,2025-03-20,,In Progress,63699.62
PO0004176,SUP0083,2025-07-13,2025-07-18,2025-07-16,Completed,5674.04
PO0004177,SUP0055,2025-09-07,2025-09-18,2025-09-15,Completed,2078.6
PO0004178,SUP0054,2025-06-10,2025-07-05,2025-07-08,Completed,47001.91
PO0004179,SUP0021,2026-02-27,2026-03-18,2026-03-18,Completed,8776.2
PO0004180,SUP0076,2026-01-27,2026-02-10,2026-02-07,Completed,2176.9
PO0004181,SUP0036,2026-02-18,2026-03-13,2026-03-18,Completed,3051.12
PO0004182,SUP0028,2025-09-20,2025-10-15,2025-10-19,Completed,24057.89
PO0004183,SUP0068,2025-12-13,2026-01-11,2026-01-15,Delayed,27301.1
PO0004184,SUP0062,2025-07-20,2025-08-02,2025-08-08,Completed,10640.16
PO0004185,SUP0019,2025-09-18,2025-10-03,2025-10-13,Delayed,19242.49
PO0004186,SUP0093,2026-02-05,2026-02-22,2026-02-26,Completed,27343.03
PO0004187,SUP0051,2025-03-27,2025-04-22,2025-04-21,Completed,3679.62
PO0004188,SUP0027,2026-03-28,2026-04-28,,In Progress,30914.16
PO0004189,SUP0083,2026-03-04,2026-04-09,2026-04-21,Delayed,12673.49
PO0004190,SUP0018,2026-05-02,2026-05-23,,In Progress,8289.12
PO0004191,SUP0061,2025-06-06,2025-07-02,,In Progress,11842.75
PO0004192,SUP0012,2026-04-14,2026-05-04,2026-05-04,Completed,83516.98
PO0004193,SUP0019,2025-03-24,2025-04-20,,In Progress,133187.43
PO0004194,SUP0018,2025-06-23,2025-07-09,2025-07-16,Delayed,6806.21
PO0004195,SUP0002,2026-01-09,2026-02-02,,In Progress,12095.88
PO0004196,SUP0026,2025-08-02,2025-09-16,2025-09-19,Completed,14279.1
PO0004197,SUP0013,2025-03-05,2025-04-01,2025-03-30,Completed,12470.72
PO0004198,SUP0084,2025-01-03,2025-01-12,2025-01-12,Completed,5033.64
PO0004199,SUP0074,2025-05-11,2025-06-20,2025-06-17,Completed,29521.96
PO0004200,SUP0068,2025-12-11,2026-01-10,2026-01-17,Completed,16310.7
PO0004201,SUP0027,2026-02-26,2026-03-26,2026-03-30,Completed,13514.16
PO0004202,SUP0059,2025-09-07,2025-10-01,2025-09-30,Completed,26730.06
PO0004203,SUP0028,2025-08-12,2025-09-28,2025-10-15,Delayed,16610.65
PO0004204,SUP0067,2026-01-12,2026-01-19,2026-01-19,Completed,2951.56
PO0004205,SUP0028,2025-01-16,2025-02-11,,Pending Approval,69667.4
PO0004206,SUP0094,2025-01-16,2025-02-03,2025-02-08,Completed,10415.41
PO0004207,SUP0068,2025-08-31,2025-09-10,,In Progress,124682.49
PO0004208,SUP0028,2025-09-08,2025-10-07,2025-10-02,Completed,57795.04
PO0004209,SUP0087,2025-03-04,2025-03-24,2025-03-20,Completed,3356.8
PO0004210,SUP0018,2025-09-29,2025-10-31,,Cancelled,8580.68
PO0004211,SUP0083,2025-08-14,2025-08-21,2025-09-04,Delayed,598.29
PO0004212,SUP0048,2025-05-05,2025-05-23,2025-05-20,Completed,8903.68
PO0004213,SUP0071,2025-01-08,2025-01-29,2025-01-30,Completed,21275.61
PO0004214,SUP0036,2025-06-19,2025-07-15,2025-07-15,Completed,27611.96
PO0004215,SUP0060,2025-08-08,2025-09-06,2025-09-06,Completed,9907.68
PO0004216,SUP0094,2026-03-22,2026-04-06,2026-04-04,Completed,56057.76
PO0004217,SUP0009,2025-04-11,2025-05-06,2025-05-11,Completed,8832.52
PO0004218,SUP0027,2025-09-02,2025-09-22,2025-10-10,Delayed,12834.22
PO0004219,SUP0023,2026-03-09,2026-04-04,2026-04-04,Completed,77976.39
PO0004220,SUP0044,2025-04-18,2025-06-05,,Pending Approval,336.4
PO0004221,SUP0095,2025-05-12,2025-05-24,2025-06-07,Delayed,40874.28
PO0004222,SUP0088,2025-12-13,2025-12-18,2025-12-18,Completed,3018.89
PO0004223,SUP0089,2026-01-04,2026-02-08,2026-02-05,Completed,20837.57
PO0004224,SUP0035,2025-10-08,2025-11-15,,Pending Approval,16751.51
PO0004225,SUP0061,2026-02-24,2026-03-07,2026-03-08,Completed,4094.22
PO0004226,SUP0098,2025-09-18,2025-10-08,2025-10-07,Completed,913.68
PO0004227,SUP0006,2025-10-08,2025-11-08,2025-11-08,Completed,37747.32
PO0004228,SUP0019,2025-12-15,2026-01-11,2026-01-30,Delayed,76744.72
PO0004229,SUP0037,2025-08-28,2025-09-24,,Pending Approval,8927.95
PO0004230,SUP0062,2025-03-17,2025-04-28,2025-05-02,Delayed,26665.38
PO0004231,SUP0031,2025-04-11,2025-05-03,,In Progress,115607.74
PO0004232,SUP0042,2026-05-04,2026-05-23,2026-06-01,Delayed,29768.61
PO0004233,SUP0006,2025-07-03,2025-07-30,2025-07-28,Completed,5660.94
PO0004234,SUP0045,2025-08-20,2025-09-23,2025-09-18,Completed,1633.92
PO0004235,SUP0057,2025-05-19,2025-06-13,2025-06-09,Completed,11561.55
PO0004236,SUP0097,2025-07-04,2025-07-29,2025-08-01,Completed,5070.5
PO0004237,SUP0088,2025-03-04,2025-03-30,2025-03-31,Completed,11425.96
PO0004238,SUP0081,2026-04-26,2026-05-01,2026-05-10,Delayed,69347.2
PO0004239,SUP0068,2025-08-29,2025-10-06,,In Progress,2521.42
PO0004240,SUP0078,2025-10-01,2025-10-16,2025-10-20,Completed,12582.49
PO0004241,SUP0066,2025-07-18,2025-08-16,2025-08-14,Completed,88285.47
PO0004242,SUP0061,2025-09-16,2025-10-08,2025-10-07,Completed,11225.25
PO0004243,SUP0032,2025-09-01,2025-09-27,2025-10-09,Delayed,196616.65
PO0004244,SUP0093,2025-04-01,2025-04-22,2025-04-28,Completed,134250.1
PO0004245,SUP0030,2025-11-25,2025-12-19,2025-12-21,Completed,2875.04
PO0004246,SUP0067,2025-03-07,2025-03-25,2025-03-21,Completed,26828.31
PO0004247,SUP0029,2025-01-06,2025-01-11,,In Progress,17928.84
PO0004248,SUP0002,2025-02-22,2025-03-19,2025-03-14,Completed,108661.63
PO0004249,SUP0025,2026-01-31,2026-02-26,2026-02-26,Completed,394.92
PO0004250,SUP0005,2025-01-09,2025-02-14,,In Progress,3072.3
PO0004251,SUP0028,2025-09-24,2025-10-18,2025-11-04,Delayed,8960.02
PO0004252,SUP0007,2025-05-07,2025-05-30,2025-06-01,Completed,8271.68
PO0004253,SUP0093,2025-06-04,2025-06-29,2025-07-13,Delayed,15681.1
PO0004254,SUP0042,2025-02-24,2025-04-04,,Cancelled,8304.92
PO0004255,SUP0071,2025-08-27,2025-09-02,2025-08-30,Completed,5297.64
PO0004256,SUP0066,2026-05-07,2026-05-25,2026-05-25,Completed,10234.35
PO0004257,SUP0052,2025-01-01,2025-01-28,,In Progress,2951.7
PO0004258,SUP0027,2025-05-06,2025-06-03,2025-06-10,Completed,3759.64
PO0004259,SUP0100,2026-05-01,2026-05-16,,In Progress,150936.38
PO0004260,SUP0083,2025-01-06,2025-01-30,,In Progress,5886.4
PO0004261,SUP0024,2025-01-27,2025-02-16,2025-02-20,Completed,5059.08
PO0004262,SUP0090,2025-02-19,2025-02-24,2025-02-22,Completed,21101.21
PO0004263,SUP0010,2025-07-31,2025-08-19,2025-08-19,Completed,139310.6
PO0004264,SUP0028,2026-04-13,2026-04-21,,Cancelled,22694.62
PO0004265,SUP0088,2025-12-09,2026-01-09,2026-01-14,Delayed,58386.25
PO0004266,SUP0071,2026-02-24,2026-04-10,2026-04-05,Completed,2923.2
PO0004267,SUP0036,2025-09-23,2025-11-10,2025-11-05,Completed,40237.77
PO0004268,SUP0095,2025-02-26,2025-03-13,2025-03-13,Completed,75106.44
PO0004269,SUP0065,2026-01-28,2026-02-20,2026-02-20,Completed,21992.94
PO0004270,SUP0032,2026-01-04,2026-01-28,2026-01-30,Completed,2153.84
PO0004271,SUP0057,2025-11-19,2025-12-14,2025-12-19,Completed,4569.9
PO0004272,SUP0085,2025-05-11,2025-05-31,2025-06-17,Delayed,78729.53
PO0004273,SUP0007,2025-09-30,2025-11-01,2025-11-06,Completed,30236.36
PO0004274,SUP0029,2026-03-07,2026-04-12,2026-04-17,Delayed,5314.56
PO0004275,SUP0001,2025-10-22,2025-11-22,2025-11-22,Completed,35815.6
PO0004276,SUP0045,2025-04-18,2025-05-13,2025-05-13,Completed,34687.03
PO0004277,SUP0096,2026-03-16,2026-04-14,2026-04-18,Completed,28219.62
PO0004278,SUP0019,2025-04-13,2025-04-30,2025-04-27,Completed,8351.74
PO0004279,SUP0060,2026-01-29,2026-02-08,,In Progress,43829.44
PO0004280,SUP0072,2026-03-30,2026-04-04,2026-04-01,Completed,9756.9
PO0004281,SUP0049,2025-10-29,2025-11-13,2025-11-08,Completed,9034.88
PO0004282,SUP0087,2026-05-15,2026-05-28,2026-05-28,Completed,2964.56
PO0004283,SUP0023,2026-01-01,2026-01-31,2026-02-06,Completed,9161.81
PO0004284,SUP0076,2026-02-08,2026-03-24,,In Progress,7218.39
PO0004285,SUP0075,2025-05-24,2025-06-07,2025-06-18,Delayed,16749.18
PO0004286,SUP0072,2025-10-28,2025-11-22,2025-11-23,Completed,12476.79
PO0004287,SUP0066,2026-03-23,2026-04-07,2026-04-11,Completed,19651.7
PO0004288,SUP0013,2025-09-08,2025-10-08,2025-10-03,Completed,146876.93
PO0004289,SUP0081,2026-02-09,2026-03-04,2026-03-02,Completed,13092.47
PO0004290,SUP0078,2025-06-23,2025-07-26,2025-07-30,Completed,18072.43
PO0004291,SUP0039,2026-02-28,2026-03-15,2026-03-21,Completed,1214.6
PO0004292,SUP0050,2025-06-23,2025-07-16,2025-07-26,Delayed,352.68
PO0004293,SUP0076,2026-03-05,2026-03-25,,In Progress,10648.56
PO0004294,SUP0008,2025-07-01,2025-07-09,2025-07-12,Completed,12808.26
PO0004295,SUP0054,2025-02-05,2025-03-03,2025-03-02,Completed,7755.14
PO0004296,SUP0081,2025-01-13,2025-02-12,2025-02-14,Completed,9564.22
PO0004297,SUP0089,2025-10-14,2025-11-02,2025-11-03,Completed,186423.05
PO0004298,SUP0046,2025-04-13,2025-05-19,2025-05-19,Completed,39285.54
PO0004299,SUP0075,2025-02-20,2025-03-21,2025-03-21,Completed,15510.08
PO0004300,SUP0047,2025-11-12,2025-12-03,2025-11-28,Completed,9299.98
PO0004301,SUP0051,2025-04-02,2025-05-02,,In Progress,15045.6
PO0004302,SUP0079,2025-05-19,2025-06-01,,In Progress,5322.1
PO0004303,SUP0058,2026-01-24,2026-02-12,2026-02-11,Completed,102912.44
PO0004304,SUP0056,2025-12-03,2025-12-22,,In Progress,61948.2
PO0004305,SUP0057,2025-04-30,2025-05-28,2025-05-27,Completed,2251.34
PO0004306,SUP0082,2025-04-23,2025-05-28,2025-06-08,Delayed,5069.1
PO0004307,SUP0023,2026-05-11,2026-05-24,,In Progress,28735.31
PO0004308,SUP0071,2026-03-22,2026-04-17,,Cancelled,18507.8
PO0004309,SUP0074,2025-07-01,2025-07-23,2025-07-18,Completed,432.42
PO0004310,SUP0030,2025-10-06,2025-10-22,2025-10-25,Completed,139365.65
PO0004311,SUP0082,2026-01-26,2026-02-10,2026-02-10,Completed,14134.94
PO0004312,SUP0006,2026-04-28,2026-06-02,2026-06-03,Completed,31682.8
PO0004313,SUP0002,2025-11-01,2025-12-10,2025-12-13,Completed,29436.7
PO0004314,SUP0026,2026-05-13,2026-06-22,2026-06-27,Delayed,3652.0
PO0004315,SUP0099,2026-01-03,2026-01-22,2026-01-22,Completed,21757.12
PO0004316,SUP0040,2026-04-19,2026-05-06,2026-05-06,Completed,7010.4
PO0004317,SUP0013,2025-08-10,2025-08-21,2025-08-29,Delayed,81126.53
PO0004318,SUP0047,2025-10-22,2025-11-22,2025-11-23,Completed,6332.04
PO0004319,SUP0032,2026-02-23,2026-03-30,2026-04-08,Completed,34735.31
PO0004320,SUP0023,2026-04-28,2026-06-05,2026-06-06,Completed,3986.16
PO0004321,SUP0027,2025-02-10,2025-03-01,2025-03-06,Completed,2291.57
PO0004322,SUP0035,2025-07-10,2025-08-24,,In Progress,4020.3
PO0004323,SUP0017,2025-05-11,2025-06-02,2025-05-30,Completed,4068.15
PO0004324,SUP0078,2025-02-16,2025-03-11,2025-03-10,Completed,25727.1
PO0004325,SUP0061,2025-07-06,2025-08-11,2025-08-17,Completed,9302.7
PO0004326,SUP0003,2025-05-11,2025-06-14,,Cancelled,9240.48
PO0004327,SUP0001,2025-03-17,2025-04-17,2025-04-19,Completed,69715.44
PO0004328,SUP0043,2025-02-18,2025-03-19,,Pending Approval,216.88
PO0004329,SUP0040,2025-03-10,2025-03-25,2025-03-30,Delayed,27600.82
PO0004330,SUP0017,2025-03-08,2025-03-13,,In Progress,147.66
PO0004331,SUP0021,2026-02-28,2026-03-28,,Pending Approval,5672.11
PO0004332,SUP0051,2026-03-24,2026-04-16,2026-04-20,Completed,2528.1
PO0004333,SUP0045,2026-05-18,2026-05-23,2026-06-05,Delayed,23461.76
PO0004334,SUP0070,2026-05-15,2026-06-26,2026-06-26,Completed,7290.61
PO0004335,SUP0023,2026-04-21,2026-04-26,2026-05-01,Completed,53328.43
PO0004336,SUP0058,2025-07-05,2025-07-31,,Pending Approval,56650.7
PO0004337,SUP0077,2025-10-20,2025-11-09,,In Progress,146833.98
PO0004338,SUP0089,2025-04-15,2025-05-06,,Cancelled,2124.92
PO0004339,SUP0059,2025-02-05,2025-02-24,2025-03-10,Delayed,37504.44
PO0004340,SUP0023,2026-04-05,2026-05-15,2026-05-12,Completed,5899.8
PO0004341,SUP0095,2025-05-22,2025-06-18,2025-06-22,Completed,2587.55
PO0004342,SUP0091,2025-08-26,2025-09-11,,In Progress,1285.8
PO0004343,SUP0007,2025-12-19,2026-01-02,,In Progress,54125.2
PO0004344,SUP0016,2026-03-31,2026-04-18,2026-04-13,Completed,55568.92
PO0004345,SUP0078,2025-08-31,2025-09-30,2025-09-30,Completed,13361.5
PO0004346,SUP0060,2025-03-25,2025-04-06,,Pending Approval,31507.57
PO0004347,SUP0024,2026-01-31,2026-03-06,2026-03-06,Completed,179474.98
PO0004348,SUP0015,2025-03-25,2025-05-08,2025-05-07,Completed,53097.7
PO0004349,SUP0092,2025-11-29,2025-12-17,2025-12-16,Completed,10658.33
PO0004350,SUP0032,2025-07-23,2025-08-18,2025-08-27,Completed,36085.51
PO0004351,SUP0099,2025-11-28,2026-01-01,2025-12-30,Completed,85662.58
PO0004352,SUP0058,2025-04-26,2025-05-13,2025-05-10,Completed,2106.72
PO0004353,SUP0080,2025-01-08,2025-01-30,2025-01-25,Completed,385.04
PO0004354,SUP0036,2025-10-22,2025-11-12,2025-11-14,Completed,38957.12
PO0004355,SUP0015,2025-10-04,2025-10-22,2025-10-23,Completed,12502.42
PO0004356,SUP0034,2025-02-09,2025-03-12,2025-03-15,Completed,17959.88
PO0004357,SUP0003,2026-01-06,2026-01-26,2026-02-10,Delayed,2231.56
PO0004358,SUP0082,2025-05-02,2025-05-18,2025-05-21,Completed,21879.24
PO0004359,SUP0018,2026-03-17,2026-04-17,,In Progress,29473.68
PO0004360,SUP0026,2026-01-25,2026-02-11,2026-02-13,Completed,4184.52
PO0004361,SUP0087,2025-03-04,2025-03-31,2025-03-29,Completed,5557.51
PO0004362,SUP0034,2025-04-24,2025-05-06,2025-05-11,Completed,1454.55
PO0004363,SUP0061,2025-08-05,2025-09-02,2025-09-02,Completed,412.44
PO0004364,SUP0051,2025-08-08,2025-08-26,,In Progress,2861.32
PO0004365,SUP0025,2025-09-10,2025-10-09,2025-10-04,Completed,30880.57
PO0004366,SUP0006,2025-08-31,2025-09-25,,Cancelled,4403.12
PO0004367,SUP0045,2025-04-03,2025-04-28,,Pending Approval,7230.54
PO0004368,SUP0088,2025-08-21,2025-09-13,2025-09-16,Completed,5688.73
PO0004369,SUP0011,2025-05-26,2025-07-08,2025-07-04,Completed,6545.55
PO0004370,SUP0047,2025-09-26,2025-10-03,2025-10-07,Delayed,36495.98
PO0004371,SUP0092,2025-07-16,2025-07-27,2025-07-31,Completed,596.62
PO0004372,SUP0065,2025-02-20,2025-03-07,2025-03-08,Completed,1184.17
PO0004373,SUP0049,2025-07-26,2025-08-14,2025-08-19,Delayed,62829.73
PO0004374,SUP0004,2025-10-02,2025-10-24,2025-10-23,Completed,1322.46
PO0004375,SUP0080,2026-05-18,2026-06-09,2026-06-09,Completed,2342.45
PO0004376,SUP0075,2025-11-03,2025-11-10,2025-11-07,Completed,25873.22
PO0004377,SUP0014,2025-04-18,2025-05-17,2025-05-23,Completed,6861.4
PO0004378,SUP0033,2025-10-19,2025-11-12,,In Progress,17037.25
PO0004379,SUP0053,2026-03-11,2026-04-04,2026-04-01,Completed,3240.7
PO0004380,SUP0018,2025-07-01,2025-07-08,2025-07-08,Completed,51411.66
PO0004381,SUP0032,2026-03-06,2026-04-01,,In Progress,16288.98
PO0004382,SUP0075,2025-12-14,2026-01-23,2026-01-22,Completed,11410.3
PO0004383,SUP0034,2026-02-25,2026-03-30,,In Progress,4301.72
PO0004384,SUP0097,2026-05-02,2026-05-28,2026-05-30,Completed,5888.76
PO0004385,SUP0022,2025-04-07,2025-05-08,2025-05-09,Completed,4970.21
PO0004386,SUP0006,2026-03-11,2026-04-06,,In Progress,1586.59
PO0004387,SUP0030,2025-04-23,2025-05-19,2025-05-14,Completed,1404.62
PO0004388,SUP0045,2025-03-29,2025-04-26,,In Progress,9387.12
PO0004389,SUP0071,2025-04-29,2025-05-09,2025-05-14,Completed,10923.9
PO0004390,SUP0051,2026-05-14,2026-06-07,2026-06-21,Delayed,30938.35
PO0004391,SUP0018,2025-07-13,2025-08-11,,In Progress,95082.86
PO0004392,SUP0022,2025-09-09,2025-10-23,2025-10-18,Completed,686.85
PO0004393,SUP0077,2025-07-24,2025-08-17,2025-08-13,Completed,109393.36
PO0004394,SUP0039,2026-04-29,2026-05-16,2026-05-18,Completed,9029.95
PO0004395,SUP0011,2026-02-01,2026-03-24,2026-03-19,Completed,23223.71
PO0004396,SUP0017,2026-02-15,2026-03-13,2026-03-14,Completed,21216.04
PO0004397,SUP0048,2026-02-11,2026-02-27,2026-03-03,Delayed,7766.2
PO0004398,SUP0061,2025-03-11,2025-04-12,2025-04-12,Completed,7931.33
PO0004399,SUP0012,2025-02-02,2025-03-03,2025-03-07,Completed,75627.93
PO0004400,SUP0100,2025-07-22,2025-08-08,2025-08-04,Completed,44182.95
PO0004401,SUP0042,2026-04-02,2026-04-22,2026-04-21,Completed,467.44
PO0004402,SUP0069,2026-04-13,2026-05-04,,Pending Approval,5853.25
PO0004403,SUP0065,2025-08-16,2025-09-19,2025-09-21,Completed,46505.76
PO0004404,SUP0061,2026-05-10,2026-05-27,2026-05-23,Completed,49043.78
PO0004405,SUP0058,2025-10-31,2025-11-16,2025-11-19,Completed,40734.59
PO0004406,SUP0024,2025-06-30,2025-08-06,,Cancelled,140603.17
PO0004407,SUP0078,2025-07-03,2025-07-31,2025-08-01,Completed,1783.32
PO0004408,SUP0075,2025-09-18,2025-10-26,2025-10-27,Completed,3370.65
PO0004409,SUP0054,2025-05-10,2025-06-05,,Pending Approval,3555.12
PO0004410,SUP0086,2026-05-29,2026-06-29,2026-06-30,Completed,32121.8
PO0004411,SUP0070,2025-01-04,2025-02-08,2025-02-10,Completed,32225.83
PO0004412,SUP0094,2025-07-06,2025-08-11,2025-08-06,Completed,3520.77
PO0004413,SUP0022,2025-09-30,2025-10-24,,In Progress,31230.67
PO0004414,SUP0075,2026-05-27,2026-06-30,2026-06-27,Completed,4732.5
PO0004415,SUP0052,2025-07-25,2025-08-16,,Cancelled,6502.0
PO0004416,SUP0024,2025-07-29,2025-08-21,,Cancelled,129173.11
PO0004417,SUP0016,2025-01-23,2025-02-10,2025-02-05,Completed,20099.18
PO0004418,SUP0014,2025-05-29,2025-06-12,2025-06-09,Completed,7821.5
PO0004419,SUP0082,2025-01-02,2025-01-19,,Cancelled,103443.03
PO0004420,SUP0084,2025-09-19,2025-09-29,2025-09-30,Completed,3794.2
PO0004421,SUP0025,2025-04-07,2025-05-02,,In Progress,15804.01
PO0004422,SUP0090,2025-11-15,2025-12-10,2025-12-10,Completed,12160.5
PO0004423,SUP0082,2026-03-24,2026-03-29,2026-03-27,Completed,41891.57
PO0004424,SUP0053,2025-12-03,2026-01-04,2026-01-01,Completed,31838.46
PO0004425,SUP0081,2025-11-25,2025-12-16,,In Progress,17036.51
PO0004426,SUP0026,2025-04-15,2025-05-10,2025-05-12,Completed,30084.89
PO0004427,SUP0053,2025-02-27,2025-03-26,2025-04-02,Completed,10111.43
PO0004428,SUP0013,2025-05-07,2025-06-05,,In Progress,72659.7
PO0004429,SUP0022,2026-05-25,2026-06-20,,In Progress,4220.55
PO0004430,SUP0060,2025-12-29,2026-01-09,,In Progress,12013.32
PO0004431,SUP0013,2025-08-09,2025-09-01,2025-09-18,Delayed,21212.32
PO0004432,SUP0006,2025-01-31,2025-02-28,2025-02-28,Completed,25429.62
PO0004433,SUP0052,2025-04-16,2025-05-09,2025-05-09,Completed,3122.27
PO0004434,SUP0031,2026-02-27,2026-04-07,2026-04-08,Completed,77928.6
PO0004435,SUP0009,2025-07-08,2025-08-04,2025-08-08,Completed,59125.8
PO0004436,SUP0067,2025-04-27,2025-05-20,,In Progress,11363.48
PO0004437,SUP0027,2026-02-14,2026-03-22,2026-04-10,Delayed,39785.71
PO0004438,SUP0100,2026-01-29,2026-02-05,2026-02-06,Completed,19126.41
PO0004439,SUP0008,2025-07-04,2025-08-01,2025-07-30,Completed,20117.55
PO0004440,SUP0052,2025-03-25,2025-04-09,2025-04-12,Completed,2696.29
PO0004441,SUP0033,2025-03-21,2025-03-26,2025-03-21,Completed,92758.43
PO0004442,SUP0037,2025-01-15,2025-02-14,2025-02-12,Completed,9895.04
PO0004443,SUP0081,2025-07-01,2025-07-23,2025-07-24,Completed,3308.4
PO0004444,SUP0068,2025-06-30,2025-08-08,,In Progress,6806.97
PO0004445,SUP0098,2025-08-31,2025-10-01,2025-09-30,Completed,27134.49
PO0004446,SUP0070,2026-03-04,2026-03-24,,Pending Approval,33337.85
PO0004447,SUP0100,2025-03-29,2025-04-15,2025-04-23,Delayed,106643.7
PO0004448,SUP0002,2025-08-17,2025-09-16,2025-09-16,Completed,2559.32
PO0004449,SUP0099,2025-06-27,2025-07-26,2025-08-02,Completed,8855.55
PO0004450,SUP0081,2025-07-08,2025-08-07,,In Progress,20084.04
PO0004451,SUP0062,2025-07-23,2025-08-19,2025-08-24,Completed,194251.95
PO0004452,SUP0061,2025-12-23,2026-01-12,2026-01-11,Completed,746.42
PO0004453,SUP0057,2025-07-25,2025-08-13,2025-08-18,Completed,81376.15
PO0004454,SUP0014,2025-02-22,2025-03-24,2025-03-21,Completed,14599.2
PO0004455,SUP0042,2026-01-05,2026-01-18,2026-01-24,Delayed,6848.39
PO0004456,SUP0097,2025-08-08,2025-09-04,2025-09-07,Completed,2508.85
PO0004457,SUP0053,2026-05-25,2026-06-21,2026-06-28,Completed,7265.61
PO0004458,SUP0046,2025-04-02,2025-04-26,2025-04-26,Completed,7867.98
PO0004459,SUP0027,2026-02-02,2026-02-25,,Pending Approval,3095.42
PO0004460,SUP0018,2025-05-04,2025-05-23,2025-05-20,Completed,40886.93
PO0004461,SUP0054,2025-05-24,2025-06-29,2025-07-09,Delayed,3474.28
PO0004462,SUP0037,2025-04-20,2025-05-09,2025-05-12,Completed,12921.61
PO0004463,SUP0015,2025-02-16,2025-03-02,2025-02-25,Completed,4278.33
PO0004464,SUP0018,2025-05-17,2025-06-12,2025-06-22,Completed,98444.07
PO0004465,SUP0022,2026-03-24,2026-04-20,,In Progress,24801.13
PO0004466,SUP0075,2025-08-08,2025-08-29,,Cancelled,6455.54
PO0004467,SUP0003,2025-11-26,2025-12-22,,In Progress,5693.92
PO0004468,SUP0011,2025-08-19,2025-09-22,2025-09-24,Completed,8838.28
PO0004469,SUP0063,2025-01-25,2025-02-22,2025-02-21,Completed,129144.78
PO0004470,SUP0014,2025-06-16,2025-07-22,2025-07-19,Completed,20466.88
PO0004471,SUP0072,2025-03-09,2025-04-04,,In Progress,8318.39
PO0004472,SUP0042,2025-04-20,2025-05-05,2025-05-13,Delayed,3712.2
PO0004473,SUP0079,2025-05-29,2025-07-19,2025-07-19,Completed,8526.08
PO0004474,SUP0013,2025-02-17,2025-02-22,2025-02-20,Completed,19499.32
PO0004475,SUP0072,2026-04-27,2026-05-24,2026-05-24,Completed,31073.44
PO0004476,SUP0044,2026-03-07,2026-03-29,2026-04-01,Completed,1578.0
PO0004477,SUP0087,2025-07-22,2025-08-13,2025-08-22,Completed,30467.97
PO0004478,SUP0067,2026-02-23,2026-03-14,2026-03-09,Completed,50315.06
PO0004479,SUP0027,2025-01-28,2025-02-26,2025-02-26,Completed,31684.2
PO0004480,SUP0083,2025-05-21,2025-06-07,2025-06-22,Delayed,15187.29
PO0004481,SUP0007,2025-04-18,2025-06-01,,In Progress,36076.15
PO0004482,SUP0096,2026-04-14,2026-05-07,2026-05-07,Completed,11053.61
PO0004483,SUP0049,2025-11-30,2025-12-22,2025-12-17,Completed,55830.88
PO0004484,SUP0099,2025-02-25,2025-03-12,2025-03-20,Delayed,31847.2
PO0004485,SUP0018,2025-06-03,2025-07-07,,Pending Approval,31262.9
PO0004486,SUP0050,2025-02-02,2025-02-25,2025-02-28,Completed,19818.0
PO0004487,SUP0084,2025-01-11,2025-02-01,2025-02-05,Delayed,7951.11
PO0004488,SUP0016,2025-08-30,2025-10-01,2025-10-03,Completed,192166.47
PO0004489,SUP0052,2026-03-16,2026-03-22,2026-04-08,Delayed,18568.11
PO0004490,SUP0053,2025-02-15,2025-02-27,2025-02-27,Completed,5329.32
PO0004491,SUP0040,2025-01-24,2025-02-04,,In Progress,6800.29
PO0004492,SUP0096,2025-06-02,2025-06-20,2025-06-17,Completed,26516.28
PO0004493,SUP0070,2025-10-01,2025-10-20,2025-10-21,Completed,21705.52
PO0004494,SUP0100,2025-11-30,2026-01-01,2026-01-01,Completed,54940.92
PO0004495,SUP0007,2026-02-04,2026-03-06,2026-03-04,Completed,36345.52
PO0004496,SUP0023,2025-10-19,2025-10-24,2025-10-29,Completed,38697.7
PO0004497,SUP0045,2025-11-20,2025-12-25,2026-01-02,Delayed,26237.04
PO0004498,SUP0034,2026-03-10,2026-03-17,2026-04-04,Delayed,18254.9
PO0004499,SUP0063,2026-03-06,2026-04-08,2026-04-11,Completed,16527.48
PO0004500,SUP0078,2025-03-11,2025-03-29,,Cancelled,111072.2
PO0004501,SUP0059,2025-07-19,2025-08-16,2025-08-25,Delayed,4182.45
PO0004502,SUP0033,2025-12-01,2025-12-20,2026-01-07,Delayed,1283.4
PO0004503,SUP0091,2025-12-08,2026-01-01,,In Progress,64331.86
PO0004504,SUP0061,2026-05-11,2026-05-18,2026-05-22,Completed,1238.6
PO0004505,SUP0080,2025-11-14,2025-11-27,2025-12-03,Completed,6247.06
PO0004506,SUP0056,2025-09-10,2025-10-10,2025-10-05,Completed,8775.78
PO0004507,SUP0039,2025-02-26,2025-03-14,2025-03-19,Completed,78500.15
PO0004508,SUP0042,2025-11-11,2025-12-19,,In Progress,32732.2
PO0004509,SUP0075,2025-07-16,2025-08-04,2025-07-30,Completed,39394.05
PO0004510,SUP0026,2025-02-21,2025-03-26,2025-04-01,Completed,32036.02
PO0004511,SUP0026,2025-07-07,2025-07-24,2025-08-08,Delayed,478.88
PO0004512,SUP0099,2025-08-22,2025-10-01,2025-10-01,Completed,11768.6
PO0004513,SUP0055,2025-03-03,2025-03-19,2025-03-19,Completed,273057.6
PO0004514,SUP0078,2025-08-02,2025-09-14,2025-09-26,Delayed,8890.5
PO0004515,SUP0005,2026-05-09,2026-05-29,2026-05-26,Completed,5838.82
PO0004516,SUP0008,2025-11-05,2025-12-02,,In Progress,7208.3
PO0004517,SUP0026,2025-05-16,2025-06-06,2025-06-25,Delayed,11087.24
PO0004518,SUP0067,2026-05-07,2026-05-27,2026-05-25,Completed,32513.82
PO0004519,SUP0094,2025-09-08,2025-09-28,2025-09-26,Completed,10143.12
PO0004520,SUP0093,2025-12-01,2025-12-28,2026-01-02,Completed,2032.0
PO0004521,SUP0007,2025-12-25,2026-01-15,2026-01-12,Completed,5581.53
PO0004522,SUP0023,2025-09-30,2025-11-15,2025-11-17,Completed,70531.5
PO0004523,SUP0021,2025-02-10,2025-02-23,2025-03-15,Delayed,889.68
PO0004524,SUP0039,2025-08-25,2025-09-29,2025-09-24,Completed,1831.95
PO0004525,SUP0019,2026-01-23,2026-02-08,2026-02-04,Completed,1658.72
PO0004526,SUP0060,2025-03-05,2025-04-17,2025-04-17,Completed,54040.14
PO0004527,SUP0070,2025-09-21,2025-10-19,,In Progress,3883.56
PO0004528,SUP0049,2025-09-14,2025-10-04,2025-10-09,Completed,1299.69
PO0004529,SUP0028,2025-09-14,2025-10-04,,Pending Approval,40893.69
PO0004530,SUP0006,2025-05-27,2025-07-01,2025-06-29,Completed,6552.0
PO0004531,SUP0037,2025-04-03,2025-05-09,2025-05-10,Completed,13071.99
PO0004532,SUP0045,2025-02-14,2025-03-26,2025-03-30,Completed,114695.76
PO0004533,SUP0002,2025-10-05,2025-11-05,2025-11-07,Completed,25633.98
PO0004534,SUP0057,2025-01-28,2025-03-05,2025-03-02,Completed,22279.8
PO0004535,SUP0046,2025-09-13,2025-10-14,2025-11-02,Delayed,9215.84
PO0004536,SUP0066,2025-04-17,2025-04-27,2025-05-15,Delayed,8982.6
PO0004537,SUP0043,2026-05-13,2026-06-05,2026-06-09,Delayed,22127.28
PO0004538,SUP0057,2026-04-23,2026-05-26,2026-05-21,Completed,38547.32
PO0004539,SUP0034,2026-02-22,2026-02-27,2026-03-03,Completed,13943.4
PO0004540,SUP0090,2025-03-09,2025-03-14,2025-03-11,Completed,28334.4
PO0004541,SUP0022,2025-04-22,2025-05-27,2025-05-28,Completed,10902.91
PO0004542,SUP0056,2026-05-19,2026-06-17,,In Progress,15979.75
PO0004543,SUP0069,2025-12-26,2025-12-31,2026-01-04,Completed,9547.1
PO0004544,SUP0097,2025-12-08,2026-01-05,,In Progress,8970.56
PO0004545,SUP0083,2025-01-13,2025-02-24,2025-02-19,Completed,1721.52
PO0004546,SUP0079,2025-02-04,2025-03-04,2025-03-05,Completed,4152.06
PO0004547,SUP0058,2025-05-25,2025-06-26,2025-07-02,Completed,11477.7
PO0004548,SUP0054,2025-11-28,2026-01-02,2026-01-02,Completed,16950.07
PO0004549,SUP0075,2026-03-17,2026-04-11,2026-04-27,Delayed,1266.79
PO0004550,SUP0085,2025-02-07,2025-03-08,2025-03-10,Completed,10179.95
PO0004551,SUP0047,2026-05-01,2026-05-30,2026-05-25,Completed,25599.16
PO0004552,SUP0017,2025-09-03,2025-10-11,2025-10-17,Delayed,1582.57
PO0004553,SUP0051,2025-08-09,2025-08-28,2025-08-26,Completed,37642.87
PO0004554,SUP0051,2026-05-22,2026-06-23,2026-06-21,Completed,8982.43
PO0004555,SUP0091,2025-06-23,2025-07-21,2025-07-23,Completed,4470.89
PO0004556,SUP0031,2025-07-03,2025-07-26,,In Progress,29164.36
PO0004557,SUP0049,2026-03-01,2026-04-05,,Pending Approval,73081.03
PO0004558,SUP0076,2026-04-09,2026-05-09,2026-05-07,Completed,8319.52
PO0004559,SUP0099,2025-05-29,2025-06-18,2025-06-23,Delayed,32633.18
PO0004560,SUP0011,2025-07-31,2025-08-10,2025-08-15,Completed,16019.48
PO0004561,SUP0029,2026-05-23,2026-06-17,,In Progress,3961.98
PO0004562,SUP0036,2025-08-27,2025-09-18,,Pending Approval,9796.85
PO0004563,SUP0098,2025-12-27,2026-01-16,2026-01-17,Completed,303.68
PO0004564,SUP0078,2025-08-26,2025-09-04,2025-09-19,Delayed,15727.8
PO0004565,SUP0027,2025-10-01,2025-10-06,2025-10-01,Completed,15044.4
PO0004566,SUP0007,2026-04-04,2026-04-30,2026-05-07,Completed,3803.74
PO0004567,SUP0003,2025-03-06,2025-04-18,,In Progress,2817.49
PO0004568,SUP0028,2025-06-28,2025-08-08,2025-08-10,Completed,5987.52
PO0004569,SUP0013,2025-05-30,2025-07-03,,In Progress,12671.49
PO0004570,SUP0023,2025-05-30,2025-07-07,2025-07-06,Completed,14485.44
PO0004571,SUP0035,2026-01-24,2026-02-17,2026-02-20,Completed,2775.3
PO0004572,SUP0047,2025-11-28,2025-12-15,2025-12-17,Completed,39563.33
PO0004573,SUP0069,2025-06-24,2025-07-18,2025-07-13,Completed,8376.16
PO0004574,SUP0085,2025-04-15,2025-05-15,2025-05-13,Completed,8791.4
PO0004575,SUP0059,2026-05-12,2026-06-23,2026-06-22,Completed,3616.45
PO0004576,SUP0073,2025-06-25,2025-07-20,,Pending Approval,3788.1
PO0004577,SUP0040,2025-02-10,2025-03-05,2025-03-01,Completed,71261.48
PO0004578,SUP0017,2025-08-29,2025-09-15,,In Progress,5131.01
PO0004579,SUP0093,2026-04-24,2026-05-17,2026-05-27,Completed,2783.65
PO0004580,SUP0045,2025-08-14,2025-09-04,2025-09-03,Completed,2296.7
PO0004581,SUP0026,2026-04-08,2026-04-24,,In Progress,37872.4
PO0004582,SUP0046,2025-02-07,2025-02-26,2025-03-01,Completed,2745.98
PO0004583,SUP0081,2026-03-15,2026-04-14,,In Progress,27851.99
PO0004584,SUP0026,2025-03-14,2025-03-26,2025-04-05,Delayed,21326.54
PO0004585,SUP0005,2025-06-15,2025-07-15,2025-08-03,Delayed,35321.45
PO0004586,SUP0085,2026-02-12,2026-02-26,2026-03-09,Delayed,3166.85
PO0004587,SUP0072,2025-12-01,2025-12-06,2025-12-10,Delayed,14602.52
PO0004588,SUP0019,2025-04-03,2025-04-08,2025-04-12,Completed,538.6
PO0004589,SUP0050,2025-12-17,2026-01-15,2026-01-19,Completed,20941.26
PO0004590,SUP0099,2025-07-07,2025-07-21,2025-07-19,Completed,61388.91
PO0004591,SUP0089,2025-02-18,2025-03-09,,Cancelled,40682.47
PO0004592,SUP0049,2025-08-02,2025-09-08,2025-09-11,Completed,55919.03
PO0004593,SUP0063,2025-07-12,2025-07-31,2025-07-26,Completed,12466.2
PO0004594,SUP0026,2025-02-27,2025-03-30,2025-04-02,Completed,12486.61
PO0004595,SUP0039,2026-03-19,2026-04-10,,In Progress,21045.83
PO0004596,SUP0014,2025-11-10,2025-12-21,2025-12-21,Completed,129039.33
PO0004597,SUP0088,2025-08-25,2025-10-06,2025-10-05,Completed,4380.18
PO0004598,SUP0100,2025-06-22,2025-07-16,2025-07-11,Completed,14252.56
PO0004599,SUP0039,2025-07-24,2025-08-07,2025-08-12,Completed,24577.15
PO0004600,SUP0090,2025-02-25,2025-03-16,2025-03-19,Completed,45822.29
PO0004601,SUP0091,2025-10-31,2025-12-06,2025-12-15,Delayed,15551.46
PO0004602,SUP0015,2026-05-04,2026-05-25,,In Progress,11014.68
PO0004603,SUP0028,2025-02-04,2025-03-16,2025-03-15,Completed,61756.4
PO0004604,SUP0078,2025-10-11,2025-10-31,,In Progress,13056.99
PO0004605,SUP0073,2025-10-16,2025-11-03,2025-11-08,Completed,7691.25
PO0004606,SUP0050,2025-10-19,2025-10-27,,In Progress,84537.84
PO0004607,SUP0095,2025-07-14,2025-08-17,,In Progress,22949.39
PO0004608,SUP0019,2026-05-13,2026-05-29,2026-05-26,Completed,5139.36
PO0004609,SUP0093,2026-02-21,2026-03-11,2026-03-11,Completed,2423.46
PO0004610,SUP0032,2025-01-14,2025-02-02,2025-02-03,Completed,8920.93
PO0004611,SUP0010,2025-06-26,2025-07-05,2025-07-05,Completed,37234.89
PO0004612,SUP0099,2025-09-13,2025-10-20,2025-10-27,Completed,22849.84
PO0004613,SUP0086,2026-03-15,2026-04-10,2026-04-10,Completed,10904.9
PO0004614,SUP0095,2025-09-14,2025-10-01,2025-10-04,Completed,87842.49
PO0004615,SUP0007,2026-05-05,2026-06-09,,In Progress,7002.11
PO0004616,SUP0030,2025-09-27,2025-10-30,2025-10-30,Completed,43052.08
PO0004617,SUP0025,2025-05-10,2025-06-11,2025-06-10,Completed,3161.28
PO0004618,SUP0001,2025-12-10,2026-01-13,2026-01-13,Completed,2112.95
PO0004619,SUP0078,2026-05-18,2026-06-15,,Cancelled,16837.76
PO0004620,SUP0012,2025-01-04,2025-01-26,2025-01-27,Completed,21522.61
PO0004621,SUP0035,2025-04-03,2025-05-07,2025-05-07,Completed,11787.33
PO0004622,SUP0059,2025-09-25,2025-10-17,2025-10-16,Completed,3519.04
PO0004623,SUP0031,2026-04-10,2026-05-08,,In Progress,4926.55
PO0004624,SUP0015,2026-03-12,2026-04-03,2026-04-02,Completed,11675.4
PO0004625,SUP0046,2025-02-26,2025-03-08,2025-03-07,Completed,66924.13
PO0004626,SUP0047,2025-08-26,2025-09-10,,Pending Approval,42344.03
PO0004627,SUP0015,2025-06-20,2025-07-14,2025-07-15,Completed,33307.48
PO0004628,SUP0098,2026-03-19,2026-03-24,,Pending Approval,18669.8
PO0004629,SUP0084,2026-04-26,2026-05-19,2026-05-20,Completed,3292.11
PO0004630,SUP0013,2025-01-25,2025-02-05,,In Progress,30162.51
PO0004631,SUP0087,2025-01-13,2025-02-02,,In Progress,2909.5
PO0004632,SUP0033,2026-01-09,2026-02-13,2026-02-15,Completed,2334.96
PO0004633,SUP0082,2026-01-26,2026-02-20,2026-02-28,Delayed,4206.9
PO0004634,SUP0092,2026-02-26,2026-03-26,2026-03-29,Completed,9885.01
PO0004635,SUP0080,2025-02-22,2025-03-18,2025-03-13,Completed,3789.66
PO0004636,SUP0019,2025-06-16,2025-07-06,,Pending Approval,100082.04
PO0004637,SUP0034,2025-07-04,2025-07-25,2025-07-28,Delayed,6064.56
PO0004638,SUP0069,2025-04-12,2025-05-05,2025-05-04,Completed,2309.01
PO0004639,SUP0043,2026-02-11,2026-03-08,,Pending Approval,4897.12
PO0004640,SUP0064,2026-05-21,2026-06-15,,Pending Approval,9137.03
PO0004641,SUP0046,2026-04-24,2026-05-26,2026-05-30,Delayed,50528.97
PO0004642,SUP0014,2025-04-29,2025-05-13,,Cancelled,122163.16
PO0004643,SUP0096,2025-11-06,2025-11-27,2025-12-11,Delayed,6130.53
PO0004644,SUP0022,2025-09-24,2025-10-06,2025-10-03,Completed,12181.23
PO0004645,SUP0081,2025-06-04,2025-06-22,2025-07-09,Delayed,14532.84
PO0004646,SUP0026,2025-10-17,2025-11-04,2025-11-06,Completed,46135.11
PO0004647,SUP0057,2025-10-28,2025-11-28,,Pending Approval,18020.28
PO0004648,SUP0096,2026-05-24,2026-06-14,2026-06-16,Completed,1926.18
PO0004649,SUP0083,2026-04-18,2026-05-07,,Cancelled,530.86
PO0004650,SUP0089,2026-03-14,2026-04-11,,Cancelled,3466.0
PO0004651,SUP0070,2025-01-25,2025-02-23,2025-02-25,Completed,41973.07
PO0004652,SUP0003,2025-06-14,2025-06-19,2025-06-20,Completed,3211.22
PO0004653,SUP0019,2025-03-02,2025-03-26,2025-03-28,Completed,13461.02
PO0004654,SUP0072,2025-06-27,2025-07-13,2025-08-01,Delayed,24908.4
PO0004655,SUP0088,2026-01-17,2026-02-24,2026-02-28,Completed,13930.69
PO0004656,SUP0077,2025-09-22,2025-10-10,2025-10-16,Completed,77585.47
PO0004657,SUP0031,2025-04-13,2025-05-19,2025-05-16,Completed,150814.17
PO0004658,SUP0095,2025-12-11,2026-01-18,,Cancelled,3341.12
PO0004659,SUP0097,2025-10-18,2025-11-28,,In Progress,11634.48
PO0004660,SUP0080,2025-04-05,2025-05-13,2025-05-14,Completed,11648.56
PO0004661,SUP0019,2025-04-07,2025-05-18,,In Progress,27015.07
PO0004662,SUP0049,2026-05-07,2026-06-04,2026-06-06,Completed,7217.49
PO0004663,SUP0075,2025-05-16,2025-05-26,2025-05-30,Completed,8800.12
PO0004664,SUP0049,2026-05-22,2026-06-25,2026-06-20,Completed,24424.52
PO0004665,SUP0078,2026-04-23,2026-05-15,2026-05-30,Delayed,1599.66
PO0004666,SUP0015,2025-03-09,2025-04-01,2025-04-08,Delayed,22887.6
PO0004667,SUP0075,2025-12-31,2026-01-10,2026-01-20,Delayed,10853.44
PO0004668,SUP0041,2025-12-06,2025-12-23,2025-12-23,Completed,15955.8
PO0004669,SUP0062,2025-01-18,2025-02-07,,In Progress,10230.0
PO0004670,SUP0028,2025-07-20,2025-08-13,2025-08-17,Completed,30816.38
PO0004671,SUP0021,2025-12-05,2026-01-07,2026-01-07,Completed,921.81
PO0004672,SUP0097,2025-02-25,2025-03-10,2025-03-18,Delayed,21377.32
PO0004673,SUP0055,2025-01-09,2025-01-14,2025-01-16,Completed,89696.25
PO0004674,SUP0011,2026-02-19,2026-03-13,2026-03-11,Completed,68916.64
PO0004675,SUP0072,2025-06-09,2025-07-08,2025-07-20,Delayed,27010.92
PO0004676,SUP0031,2025-05-07,2025-06-22,,In Progress,17734.24
PO0004677,SUP0092,2025-05-07,2025-05-29,2025-06-18,Delayed,5673.02
PO0004678,SUP0089,2025-01-15,2025-02-06,2025-02-06,Completed,6344.66
PO0004679,SUP0024,2025-05-30,2025-06-19,2025-06-20,Completed,81833.56
PO0004680,SUP0003,2026-01-26,2026-01-31,2026-01-30,Completed,4863.04
PO0004681,SUP0039,2026-03-23,2026-03-28,2026-03-29,Completed,9380.12
PO0004682,SUP0059,2026-02-22,2026-02-28,2026-02-25,Completed,1836.87
PO0004683,SUP0025,2025-08-15,2025-09-13,2025-09-08,Completed,6619.5
PO0004684,SUP0014,2025-08-15,2025-09-18,,In Progress,31421.25
PO0004685,SUP0088,2025-02-24,2025-03-27,,Pending Approval,11969.62
PO0004686,SUP0100,2025-01-06,2025-01-20,2025-01-25,Completed,4279.95
PO0004687,SUP0067,2025-12-24,2026-02-02,2026-02-03,Completed,8611.02
PO0004688,SUP0034,2026-01-10,2026-01-25,,In Progress,1300.88
PO0004689,SUP0094,2025-02-02,2025-02-23,2025-03-01,Completed,20045.75
PO0004690,SUP0007,2026-03-19,2026-04-03,,Cancelled,9493.16
PO0004691,SUP0007,2025-01-08,2025-02-13,2025-02-13,Completed,7051.52
PO0004692,SUP0084,2025-03-16,2025-04-15,2025-04-15,Completed,6253.92
PO0004693,SUP0086,2026-05-08,2026-05-30,2026-06-16,Delayed,702.45
PO0004694,SUP0091,2025-01-22,2025-02-05,2025-02-06,Completed,9157.2
PO0004695,SUP0085,2026-04-11,2026-05-06,2026-05-06,Completed,17213.44
PO0004696,SUP0096,2026-05-14,2026-06-15,,In Progress,739.95
PO0004697,SUP0082,2025-10-31,2025-12-01,2025-12-04,Completed,6597.56
PO0004698,SUP0073,2026-02-15,2026-03-10,2026-03-11,Completed,112483.42
PO0004699,SUP0051,2025-11-15,2025-12-23,2025-12-24,Completed,9609.69
PO0004700,SUP0097,2026-04-06,2026-05-01,2026-05-18,Delayed,471.27
PO0004701,SUP0006,2026-01-07,2026-01-29,2026-01-29,Completed,1225.68
PO0004702,SUP0092,2025-01-24,2025-02-13,,Pending Approval,2908.8
PO0004703,SUP0084,2026-02-07,2026-03-12,2026-03-12,Completed,3082.8
PO0004704,SUP0021,2025-07-15,2025-08-16,2025-09-04,Delayed,3806.88
PO0004705,SUP0018,2026-03-16,2026-04-09,,In Progress,5480.8
PO0004706,SUP0083,2025-10-01,2025-10-24,2025-11-04,Delayed,1217.9
PO0004707,SUP0057,2025-01-04,2025-01-22,2025-01-21,Completed,1875.7
PO0004708,SUP0003,2025-04-16,2025-05-13,2025-05-20,Completed,308.2
PO0004709,SUP0017,2026-05-24,2026-06-11,,In Progress,420.3
PO0004710,SUP0065,2025-09-03,2025-10-07,2025-10-09,Completed,4440.87
PO0004711,SUP0089,2026-04-23,2026-05-12,2026-05-12,Completed,542.35
PO0004712,SUP0096,2026-05-26,2026-06-30,2026-06-28,Completed,4066.92
PO0004713,SUP0051,2026-05-11,2026-06-03,,Pending Approval,2041.76
PO0004714,SUP0082,2026-04-30,2026-05-15,2026-05-12,Completed,5242.44
PO0004715,SUP0054,2025-02-21,2025-03-26,2025-03-27,Completed,298256.84
PO0004716,SUP0057,2026-03-28,2026-04-28,2026-04-24,Completed,9578.99
PO0004717,SUP0087,2026-05-20,2026-06-14,2026-06-17,Completed,10725.84
PO0004718,SUP0051,2026-02-17,2026-03-17,2026-04-06,Delayed,2740.5
PO0004719,SUP0089,2026-01-24,2026-02-12,,Cancelled,1615.32
PO0004720,SUP0003,2025-05-05,2025-05-26,2025-05-29,Completed,4107.95
PO0004721,SUP0002,2025-12-23,2026-02-06,2026-02-07,Completed,228.48
PO0004722,SUP0087,2025-01-29,2025-02-21,2025-03-07,Delayed,17556.33
PO0004723,SUP0040,2025-04-23,2025-05-28,2025-06-01,Completed,3040.52
PO0004724,SUP0050,2026-02-10,2026-03-07,2026-03-08,Completed,128459.54
PO0004725,SUP0093,2026-02-23,2026-03-22,2026-03-25,Completed,1010.31
PO0004726,SUP0040,2025-08-01,2025-09-08,2025-09-04,Completed,12496.12
PO0004727,SUP0028,2025-01-19,2025-02-18,2025-02-16,Completed,24174.04
PO0004728,SUP0002,2025-11-26,2025-12-29,2025-12-30,Completed,752.96
PO0004729,SUP0080,2026-02-01,2026-03-03,2026-03-17,Delayed,4317.36
PO0004730,SUP0014,2025-06-12,2025-07-07,2025-07-09,Completed,31325.18
PO0004731,SUP0063,2025-08-13,2025-09-04,2025-09-06,Completed,1054.13
PO0004732,SUP0002,2026-05-26,2026-06-20,2026-06-30,Delayed,3227.28
PO0004733,SUP0009,2025-05-06,2025-05-22,2025-06-03,Delayed,34803.44
PO0004734,SUP0044,2025-06-27,2025-07-04,2025-07-05,Completed,2503.62
PO0004735,SUP0087,2025-10-18,2025-11-11,2025-11-10,Completed,5777.14
PO0004736,SUP0020,2025-02-25,2025-03-04,2025-03-05,Completed,17380.5
PO0004737,SUP0069,2025-03-20,2025-04-14,2025-04-17,Completed,7095.55
PO0004738,SUP0071,2025-10-11,2025-10-30,2025-10-31,Completed,2196.48
PO0004739,SUP0076,2026-01-15,2026-02-03,2026-01-31,Completed,2239.92
PO0004740,SUP0094,2025-05-24,2025-06-24,,Pending Approval,6970.53
PO0004741,SUP0047,2026-01-31,2026-02-24,,In Progress,50577.74
PO0004742,SUP0057,2025-01-24,2025-02-05,2025-02-04,Completed,4134.39
PO0004743,SUP0011,2026-04-09,2026-04-14,,Pending Approval,11281.0
PO0004744,SUP0037,2025-08-10,2025-08-23,2025-09-03,Completed,4471.51
PO0004745,SUP0038,2025-10-26,2025-11-07,2025-11-04,Completed,1465.2
PO0004746,SUP0063,2026-04-24,2026-05-07,,In Progress,654.54
PO0004747,SUP0032,2025-08-18,2025-09-02,2025-09-06,Completed,77017.08
PO0004748,SUP0036,2025-07-27,2025-08-29,,Cancelled,11846.67
PO0004749,SUP0013,2025-10-05,2025-10-21,2025-10-16,Completed,11413.08
PO0004750,SUP0063,2025-04-10,2025-04-30,2025-04-28,Completed,4110.6
PO0004751,SUP0010,2026-05-24,2026-06-06,2026-06-10,Completed,1532.75
PO0004752,SUP0086,2025-10-17,2025-11-23,2025-11-22,Completed,3040.8
PO0004753,SUP0019,2025-09-23,2025-10-18,2025-10-19,Completed,15374.32
PO0004754,SUP0012,2025-03-31,2025-05-02,2025-05-01,Completed,484.08
PO0004755,SUP0065,2026-04-07,2026-05-16,2026-05-13,Completed,65711.93
PO0004756,SUP0023,2025-01-18,2025-02-12,2025-02-11,Completed,19749.76
PO0004757,SUP0088,2026-03-04,2026-03-27,2026-03-23,Completed,1571.82
PO0004758,SUP0026,2025-03-22,2025-04-30,2025-04-25,Completed,71788.45
PO0004759,SUP0022,2025-05-03,2025-05-23,2025-05-24,Completed,3819.9
PO0004760,SUP0050,2026-05-11,2026-05-22,2026-05-31,Delayed,24100.02
PO0004761,SUP0018,2025-05-01,2025-06-01,2025-05-28,Completed,2776.74
PO0004762,SUP0029,2025-08-03,2025-08-26,2025-08-24,Completed,4097.54
PO0004763,SUP0068,2025-02-02,2025-03-03,2025-03-02,Completed,29551.47
PO0004764,SUP0004,2025-06-20,2025-07-19,2025-07-14,Completed,5065.56
PO0004765,SUP0029,2025-03-27,2025-04-26,,In Progress,13291.26
PO0004766,SUP0058,2025-09-15,2025-10-23,2025-10-21,Completed,13713.0
PO0004767,SUP0061,2025-09-08,2025-10-04,2025-10-12,Delayed,13213.5
PO0004768,SUP0072,2025-01-14,2025-02-25,2025-02-28,Completed,14346.04
PO0004769,SUP0092,2025-03-09,2025-03-27,2025-04-08,Delayed,2702.32
PO0004770,SUP0050,2025-06-03,2025-06-20,2025-06-22,Completed,8374.4
PO0004771,SUP0090,2025-10-07,2025-10-26,,In Progress,27119.7
PO0004772,SUP0022,2026-05-27,2026-06-20,2026-06-30,Delayed,8095.36
PO0004773,SUP0014,2026-01-26,2026-02-20,2026-02-15,Completed,3595.9
PO0004774,SUP0065,2025-03-11,2025-04-30,2025-04-25,Completed,32898.87
PO0004775,SUP0033,2026-05-13,2026-06-05,2026-06-07,Completed,147.93
PO0004776,SUP0072,2025-12-13,2026-01-06,2026-01-08,Completed,27733.44
PO0004777,SUP0003,2026-01-13,2026-02-04,2026-02-04,Completed,202.2
PO0004778,SUP0002,2025-10-11,2025-11-08,2025-11-28,Delayed,9126.62
PO0004779,SUP0100,2026-01-04,2026-01-26,2026-01-22,Completed,5039.28
PO0004780,SUP0070,2026-03-17,2026-03-25,2026-04-04,Delayed,22205.4
PO0004781,SUP0097,2026-01-10,2026-01-22,,In Progress,8183.36
PO0004782,SUP0087,2025-12-09,2025-12-22,,Pending Approval,324.03
PO0004783,SUP0081,2026-05-20,2026-05-31,2026-06-07,Completed,205.26
PO0004784,SUP0057,2025-01-26,2025-02-19,2025-02-26,Delayed,11039.35
PO0004785,SUP0062,2025-06-05,2025-07-06,2025-07-11,Completed,9505.8
PO0004786,SUP0052,2025-10-16,2025-11-16,2025-11-17,Completed,2533.68
PO0004787,SUP0012,2025-04-05,2025-05-07,2025-05-12,Completed,269.91
PO0004788,SUP0017,2025-01-01,2025-01-26,2025-02-07,Delayed,2585.7
PO0004789,SUP0029,2025-04-26,2025-05-22,,Cancelled,1263.45
PO0004790,SUP0042,2025-05-24,2025-06-22,,Pending Approval,17947.5
PO0004791,SUP0069,2025-10-16,2025-11-09,,Pending Approval,4304.35
PO0004792,SUP0083,2026-05-04,2026-06-09,,In Progress,554.52
PO0004793,SUP0057,2025-06-10,2025-07-05,,Cancelled,5929.2
PO0004794,SUP0079,2025-12-03,2025-12-28,,In Progress,789.42
PO0004795,SUP0021,2025-08-20,2025-09-25,2025-09-25,Completed,2963.64
PO0004796,SUP0097,2025-07-27,2025-08-25,2025-08-20,Completed,12634.65
PO0004797,SUP0051,2025-03-10,2025-03-29,2025-04-10,Delayed,2737.14
PO0004798,SUP0036,2026-02-07,2026-02-21,2026-02-21,Completed,4565.88
PO0004799,SUP0032,2025-05-22,2025-07-02,2025-07-02,Completed,7197.48
PO0004800,SUP0041,2025-07-30,2025-08-28,2025-09-16,Delayed,3108.44
PO0004801,SUP0052,2025-07-21,2025-08-14,2025-08-11,Completed,2427.7
PO0004802,SUP0093,2025-08-06,2025-09-07,2025-09-04,Completed,53432.37
PO0004803,SUP0018,2025-04-07,2025-05-09,2025-05-11,Completed,1712.58
PO0004804,SUP0006,2026-04-30,2026-05-26,2026-05-21,Completed,1315.8
PO0004805,SUP0062,2025-08-30,2025-09-30,2025-09-30,Completed,7546.55
PO0004806,SUP0099,2026-04-01,2026-04-22,2026-05-06,Delayed,51946.44
PO0004807,SUP0031,2026-05-09,2026-05-14,2026-05-15,Completed,1739.14
PO0004808,SUP0094,2025-10-08,2025-11-09,2025-11-04,Completed,3272.85
PO0004809,SUP0021,2026-03-19,2026-04-09,,In Progress,361.3
PO0004810,SUP0088,2026-05-22,2026-06-17,2026-06-18,Completed,2063.67
PO0004811,SUP0092,2026-04-19,2026-05-19,2026-05-14,Completed,166.14
PO0004812,SUP0070,2026-02-03,2026-03-08,2026-03-26,Delayed,78312.81
PO0004813,SUP0030,2025-08-07,2025-08-20,2025-08-17,Completed,1370.33
PO0004814,SUP0085,2025-10-22,2025-11-16,2025-11-28,Delayed,6070.05
PO0004815,SUP0013,2025-04-19,2025-05-06,,In Progress,122204.28
PO0004816,SUP0004,2025-07-16,2025-08-28,2025-08-30,Completed,12274.5
PO0004817,SUP0072,2026-02-17,2026-02-24,2026-02-28,Delayed,84287.49
PO0004818,SUP0067,2025-03-26,2025-05-05,2025-05-06,Completed,105288.48
PO0004819,SUP0065,2026-03-24,2026-04-18,2026-04-20,Completed,34807.24
PO0004820,SUP0066,2026-05-23,2026-06-15,2026-06-12,Completed,1587.26
PO0004821,SUP0097,2025-04-08,2025-05-03,2025-05-02,Completed,3138.0
PO0004822,SUP0075,2025-12-23,2026-01-08,,In Progress,4994.28
PO0004823,SUP0018,2026-04-28,2026-06-02,,Cancelled,355.36
PO0004824,SUP0047,2025-08-31,2025-09-05,2025-09-14,Completed,6003.12
PO0004825,SUP0037,2025-11-22,2025-12-07,2025-12-02,Completed,1158.56
PO0004826,SUP0100,2025-12-08,2025-12-26,2025-12-25,Completed,15469.2
PO0004827,SUP0012,2025-10-26,2025-11-25,,Pending Approval,861.56
PO0004828,SUP0013,2026-03-04,2026-03-31,2026-04-02,Completed,16484.6
PO0004829,SUP0012,2025-05-07,2025-06-22,,Cancelled,5222.74
PO0004830,SUP0006,2025-09-03,2025-09-15,,Pending Approval,1175.05
PO0004831,SUP0009,2026-01-02,2026-01-23,2026-01-29,Delayed,10906.4
PO0004832,SUP0032,2025-12-03,2025-12-23,2025-12-29,Delayed,15271.74
PO0004833,SUP0034,2025-03-18,2025-03-31,2025-03-27,Completed,6170.85
PO0004834,SUP0051,2026-02-23,2026-02-28,2026-02-24,Completed,9434.88
PO0004835,SUP0037,2026-02-16,2026-03-26,2026-03-30,Delayed,450.4
PO0004836,SUP0060,2025-11-29,2025-12-20,,In Progress,2687.0
PO0004837,SUP0092,2026-05-12,2026-06-11,,Cancelled,6981.24
PO0004838,SUP0040,2025-02-25,2025-04-10,,In Progress,1959.6
PO0004839,SUP0095,2025-09-07,2025-10-01,2025-10-04,Completed,17680.95
PO0004840,SUP0092,2025-05-06,2025-06-03,2025-06-03,Completed,6667.2
PO0004841,SUP0004,2025-06-21,2025-07-20,2025-07-22,Completed,38503.44
PO0004842,SUP0072,2025-07-06,2025-07-30,2025-07-26,Completed,1549.08
PO0004843,SUP0063,2025-07-14,2025-08-11,2025-08-21,Delayed,5494.74
PO0004844,SUP0057,2026-01-30,2026-02-23,2026-02-25,Completed,8669.0
PO0004845,SUP0034,2026-02-18,2026-03-21,2026-03-17,Completed,3348.8
PO0004846,SUP0016,2025-01-21,2025-02-25,2025-02-25,Completed,9699.78
PO0004847,SUP0001,2025-01-26,2025-02-07,2025-02-02,Completed,7681.0
PO0004848,SUP0014,2025-05-17,2025-06-03,2025-06-01,Completed,1193895.16
PO0004849,SUP0027,2026-01-23,2026-02-26,2026-03-01,Completed,11540.0
PO0004850,SUP0061,2026-05-13,2026-06-19,2026-06-27,Delayed,2458.8
PO0004851,SUP0040,2026-03-30,2026-04-11,,In Progress,7142.89
PO0004852,SUP0018,2026-02-11,2026-02-24,,In Progress,745.22
PO0004853,SUP0084,2025-09-15,2025-10-10,2025-10-09,Completed,5429.52
PO0004854,SUP0017,2025-02-13,2025-02-20,2025-02-26,Delayed,1397.06
PO0004855,SUP0026,2025-11-20,2025-12-23,2025-12-27,Completed,9203.26
PO0004856,SUP0054,2025-09-23,2025-10-09,,Pending Approval,751.32
PO0004857,SUP0008,2025-03-26,2025-04-01,2025-04-01,Completed,388.01
PO0004858,SUP0094,2025-03-24,2025-04-18,2025-04-15,Completed,609.18
PO0004859,SUP0009,2025-04-22,2025-05-20,2025-05-20,Completed,5999.7
PO0004860,SUP0087,2025-05-21,2025-06-25,2025-06-25,Completed,1750.21
PO0004861,SUP0098,2025-06-05,2025-06-19,2025-06-27,Delayed,1654.2
PO0004862,SUP0008,2025-01-06,2025-02-01,2025-02-04,Completed,4131.12
PO0004863,SUP0071,2026-02-01,2026-03-08,2026-03-08,Completed,1232.91
PO0004864,SUP0088,2025-03-31,2025-05-02,2025-05-07,Delayed,278.72
PO0004865,SUP0060,2025-06-24,2025-07-06,,In Progress,16437.0
PO0004866,SUP0092,2026-01-08,2026-01-29,2026-01-31,Completed,834.99
PO0004867,SUP0001,2025-05-28,2025-06-24,2025-06-30,Delayed,6497.6
PO0004868,SUP0015,2025-04-23,2025-05-21,2025-05-27,Completed,4977.28
PO0004869,SUP0069,2025-07-10,2025-07-26,,Pending Approval,5080.96
PO0004870,SUP0095,2025-11-15,2025-12-15,2026-01-02,Delayed,7177.5
PO0004871,SUP0004,2025-09-19,2025-10-19,2025-10-19,Completed,5212.98
PO0004872,SUP0053,2025-08-14,2025-09-19,2025-10-07,Delayed,2688.75
PO0004873,SUP0096,2025-11-27,2025-12-24,,In Progress,138.63
PO0004874,SUP0086,2026-03-15,2026-04-06,2026-04-05,Completed,1592.28
PO0004875,SUP0061,2025-12-11,2026-01-02,2026-01-03,Completed,1356.2
PO0004876,SUP0038,2025-01-06,2025-01-20,2025-01-20,Completed,1850.04
PO0004877,SUP0037,2026-01-22,2026-01-29,,Cancelled,5887.35
PO0004878,SUP0053,2025-07-02,2025-07-13,,In Progress,2004.88
PO0004879,SUP0040,2025-12-15,2026-01-24,2026-02-04,Delayed,8992.08
PO0004880,SUP0023,2025-12-14,2025-12-28,2025-12-29,Completed,8057.35
PO0004881,SUP0023,2025-08-08,2025-08-21,2025-08-24,Completed,10661.2
PO0004882,SUP0061,2025-05-06,2025-05-17,2025-05-19,Completed,2861.35
PO0004883,SUP0034,2025-12-07,2026-01-04,2026-01-02,Completed,2368.35
PO0004884,SUP0035,2025-10-11,2025-11-07,2025-11-07,Completed,14811.93
PO0004885,SUP0066,2025-01-27,2025-02-19,2025-02-23,Completed,14810.46
PO0004886,SUP0029,2026-04-07,2026-04-26,2026-05-08,Delayed,6220.24
PO0004887,SUP0013,2025-12-05,2025-12-18,2026-01-02,Delayed,17990.72
PO0004888,SUP0032,2025-10-02,2025-11-09,2025-11-09,Completed,8126.56
PO0004889,SUP0062,2026-02-21,2026-03-20,2026-03-20,Completed,3278.76
PO0004890,SUP0047,2025-03-17,2025-04-05,,In Progress,22503.42
PO0004891,SUP0047,2025-10-29,2025-11-28,2025-11-26,Completed,63811.68
PO0004892,SUP0075,2025-11-18,2025-12-16,2025-12-17,Completed,780.1
PO0004893,SUP0017,2025-03-20,2025-04-18,2025-04-21,Completed,1035.0
PO0004894,SUP0066,2025-12-24,2026-01-14,2026-01-09,Completed,5134.0
PO0004895,SUP0009,2025-11-05,2025-12-07,2025-12-09,Completed,2249.68
PO0004896,SUP0070,2025-03-29,2025-04-20,,In Progress,9564.48
PO0004897,SUP0019,2025-02-14,2025-03-13,,In Progress,524.25
PO0004898,SUP0012,2025-02-24,2025-03-28,2025-03-27,Completed,4939.95
PO0004899,SUP0040,2025-04-01,2025-04-26,,Cancelled,2278.45
PO0004900,SUP0043,2025-07-30,2025-08-31,,Cancelled,10127.7
PO0004901,SUP0094,2026-01-19,2026-02-03,,In Progress,2034.35
PO0004902,SUP0092,2025-03-01,2025-03-25,2025-03-25,Completed,1885.2
PO0004903,SUP0074,2025-05-23,2025-06-13,2025-06-09,Completed,22111.92
PO0004904,SUP0018,2025-11-14,2025-12-26,2025-12-26,Completed,42919.5
PO0004905,SUP0004,2025-03-07,2025-03-20,2025-04-02,Delayed,7369.2
PO0004906,SUP0092,2025-05-23,2025-06-13,2025-06-11,Completed,10277.82
PO0004907,SUP0083,2025-07-27,2025-08-24,2025-08-27,Completed,8226.12
PO0004908,SUP0037,2025-08-31,2025-09-27,2025-09-23,Completed,14826.24
PO0004909,SUP0029,2025-04-29,2025-05-26,2025-05-21,Completed,4615.38
PO0004910,SUP0030,2025-11-09,2025-12-03,2025-12-04,Completed,1470.78
PO0004911,SUP0077,2025-08-17,2025-09-11,,Cancelled,6779.85
PO0004912,SUP0029,2025-11-17,2025-12-05,2025-12-06,Completed,3289.91
PO0004913,SUP0036,2026-02-05,2026-03-08,2026-03-28,Delayed,576.7
PO0004914,SUP0072,2025-07-21,2025-08-07,2025-08-04,Completed,31610.3
PO0004915,SUP0070,2026-02-03,2026-03-07,,In Progress,1122.04
PO0004916,SUP0016,2026-01-09,2026-02-28,2026-03-10,Delayed,6692.4
PO0004917,SUP0034,2025-05-06,2025-06-03,2025-06-08,Completed,7311.87
PO0004918,SUP0045,2025-01-18,2025-03-09,2025-03-28,Delayed,72.88
PO0004919,SUP0073,2025-03-07,2025-04-11,2025-04-18,Delayed,21399.0
PO0004920,SUP0070,2026-01-15,2026-02-21,2026-02-22,Completed,13982.32
PO0004921,SUP0027,2025-04-29,2025-05-21,2025-05-16,Completed,7339.6
PO0004922,SUP0059,2025-01-27,2025-03-06,,Pending Approval,6589.76
PO0004923,SUP0069,2025-04-13,2025-04-21,2025-04-20,Completed,2644.0
PO0004924,SUP0082,2025-03-23,2025-04-09,,In Progress,1304.49
PO0004925,SUP0029,2025-05-25,2025-06-20,2025-06-21,Completed,7877.41
PO0004926,SUP0019,2026-03-21,2026-04-08,2026-04-20,Delayed,623.15
PO0004927,SUP0050,2026-01-21,2026-02-17,2026-02-21,Completed,1516.06
PO0004928,SUP0073,2025-10-17,2025-11-16,2025-11-25,Delayed,1359.18
PO0004929,SUP0005,2025-08-18,2025-09-09,2025-09-14,Completed,3704.8
PO0004930,SUP0019,2025-04-14,2025-05-07,,In Progress,4981.92
PO0004931,SUP0015,2026-03-02,2026-03-28,,Cancelled,3036.58
PO0004932,SUP0080,2025-05-05,2025-06-02,2025-06-01,Completed,1410.66
PO0004933,SUP0039,2026-04-30,2026-05-30,,In Progress,57792.0
PO0004934,SUP0022,2025-03-24,2025-04-26,2025-05-07,Completed,30705.72
PO0004935,SUP0021,2025-04-29,2025-05-20,2025-05-24,Completed,5093.37
PO0004936,SUP0067,2025-04-08,2025-05-10,2025-05-21,Delayed,4287.72
PO0004937,SUP0040,2025-09-20,2025-10-17,2025-10-23,Completed,2331.35
PO0004938,SUP0056,2025-11-18,2025-12-09,2025-12-05,Completed,2701.23
PO0004939,SUP0003,2025-12-07,2025-12-30,,In Progress,1382.94
PO0004940,SUP0088,2025-03-18,2025-04-22,2025-05-05,Delayed,6720.6
PO0004941,SUP0031,2026-04-11,2026-05-04,2026-05-05,Completed,2983.4
PO0004942,SUP0047,2025-09-24,2025-11-05,2025-11-06,Completed,4931.0
PO0004943,SUP0009,2025-11-13,2025-12-18,2025-12-17,Completed,8702.05
PO0004944,SUP0053,2026-02-19,2026-02-24,2026-02-25,Completed,1462.77
PO0004945,SUP0077,2025-11-20,2025-12-19,2025-12-20,Completed,51197.16
PO0004946,SUP0056,2025-03-21,2025-04-12,2025-04-11,Completed,10855.36
PO0004947,SUP0068,2025-03-25,2025-04-09,2025-04-09,Completed,5696.5
PO0004948,SUP0005,2026-04-29,2026-06-04,2026-06-10,Delayed,1618.29
PO0004949,SUP0010,2025-09-28,2025-10-18,2025-10-24,Delayed,15626.88
PO0004950,SUP0029,2025-09-10,2025-09-15,,In Progress,2025.6
PO0004951,SUP0059,2025-07-24,2025-08-13,2025-08-14,Completed,2105.0
PO0004952,SUP0041,2026-05-06,2026-05-11,2026-05-25,Delayed,6787.6
PO0004953,SUP0083,2025-04-01,2025-05-01,2025-05-02,Completed,4136.4
PO0004954,SUP0088,2025-01-09,2025-01-22,2025-01-23,Completed,11238.5
PO0004955,SUP0042,2026-04-24,2026-05-25,2026-05-25,Completed,20845.35
PO0004956,SUP0017,2025-06-18,2025-07-14,2025-07-09,Completed,1213.46
PO0004957,SUP0063,2025-04-15,2025-04-29,,In Progress,3375.28
PO0004958,SUP0015,2025-04-09,2025-05-10,2025-05-09,Completed,2240.25
PO0004959,SUP0040,2025-10-02,2025-11-01,,In Progress,5279.88
PO0004960,SUP0025,2025-09-05,2025-09-29,2025-10-03,Completed,1654.77
PO0004961,SUP0069,2025-10-01,2025-10-25,2025-10-20,Completed,6700.38
PO0004962,SUP0088,2026-04-10,2026-05-09,,Cancelled,5918.77
PO0004963,SUP0065,2025-09-28,2025-10-18,2025-10-20,Completed,16413.6
PO0004964,SUP0083,2025-09-21,2025-10-07,,In Progress,5113.59
PO0004965,SUP0031,2025-05-25,2025-06-21,,Cancelled,53287.92
PO0004966,SUP0092,2025-07-28,2025-08-23,2025-08-31,Delayed,3514.86
PO0004967,SUP0075,2026-02-02,2026-03-05,2026-03-10,Completed,25407.54
PO0004968,SUP0025,2026-02-17,2026-03-26,2026-04-05,Delayed,152.24
PO0004969,SUP0091,2025-08-31,2025-09-05,2025-09-02,Completed,20961.5
PO0004970,SUP0033,2025-04-07,2025-04-22,2025-04-23,Completed,1816.29
PO0004971,SUP0012,2025-06-17,2025-07-14,,In Progress,10310.44
PO0004972,SUP0079,2025-05-06,2025-06-03,2025-06-03,Completed,1717.69
PO0004973,SUP0061,2025-01-27,2025-02-12,,In Progress,5540.85
PO0004974,SUP0081,2025-10-12,2025-11-01,2025-10-27,Completed,15782.76
PO0004975,SUP0069,2025-09-10,2025-10-12,2025-10-19,Completed,7592.25
PO0004976,SUP0030,2025-05-12,2025-06-03,2025-06-17,Delayed,715059.59
PO0004977,SUP0020,2025-12-11,2026-01-18,2026-01-15,Completed,313.36
PO0004978,SUP0060,2025-06-29,2025-07-17,2025-07-22,Completed,7053.9
PO0004979,SUP0051,2025-07-05,2025-07-30,2025-07-30,Completed,6294.06
PO0004980,SUP0001,2026-03-07,2026-04-25,2026-04-28,Delayed,2532.96
PO0004981,SUP0100,2025-08-09,2025-09-03,2025-09-07,Delayed,8075.98
PO0004982,SUP0055,2025-03-07,2025-04-14,,In Progress,4559.1
PO0004983,SUP0006,2025-07-15,2025-08-20,2025-08-16,Completed,26421.22
PO0004984,SUP0026,2026-05-05,2026-05-26,2026-06-08,Delayed,340.73
PO0004985,SUP0005,2026-01-05,2026-02-01,2026-02-02,Completed,23419.88
PO0004986,SUP0093,2025-05-10,2025-05-22,,In Progress,327.32
PO0004987,SUP0015,2025-07-22,2025-08-18,2025-08-19,Completed,2165.85
PO0004988,SUP0089,2025-02-22,2025-03-16,2025-03-16,Completed,20142.09
PO0004989,SUP0067,2025-02-05,2025-02-17,2025-02-22,Completed,107551.18
PO0004990,SUP0067,2025-06-26,2025-07-21,2025-07-19,Completed,2913.56
PO0004991,SUP0077,2025-10-10,2025-11-09,,Cancelled,15096.72
PO0004992,SUP0079,2025-03-26,2025-04-16,2025-04-20,Completed,2051.62
PO0004993,SUP0063,2026-01-27,2026-02-24,2026-02-21,Completed,2499.66
PO0004994,SUP0070,2026-01-23,2026-02-16,2026-02-11,Completed,8163.68
PO0004995,SUP0068,2026-04-20,2026-05-25,,In Progress,60193.92
PO0004996,SUP0041,2025-09-11,2025-10-03,2025-10-04,Completed,46619.16
PO0004997,SUP0075,2025-04-07,2025-05-08,2025-05-17,Delayed,1236.0
PO0004998,SUP0087,2025-04-29,2025-05-15,,Cancelled,3802.9
PO0004999,SUP0099,2026-03-17,2026-04-28,2026-04-27,Completed,18299.52
PO0005000,SUP0080,2025-09-30,2025-10-23,2025-10-18,Completed,2240.92
